"calBP","PrDens"
55000,3.9723625404718e-05
54999,3.97324208143931e-05
54998,3.97412174272511e-05
54997,3.97500152430036e-05
54996,3.9758814261362e-05
54995,3.97676144820375e-05
54994,3.97764159047409e-05
54993,3.97852185291826e-05
54992,3.9794022355073e-05
54991,3.98028273821221e-05
54990,3.98116336100396e-05
54989,3.98204410385351e-05
54988,3.98292496673175e-05
54987,3.98380594960959e-05
54986,3.9846870524579e-05
54985,3.98556827524751e-05
54984,3.98644961794922e-05
54983,3.98733108053382e-05
54982,3.98821266297205e-05
54981,3.98909436523466e-05
54980,3.98997618729234e-05
54979,3.99086337022163e-05
54978,3.99175066606533e-05
54977,3.99263807479389e-05
54976,3.99352559637778e-05
54975,3.9944132307874e-05
54974,3.99530097799314e-05
54973,3.99618883796538e-05
54972,3.99707681067444e-05
54971,3.99796489609067e-05
54970,3.99885309418434e-05
54969,3.99974140492574e-05
54968,4.0006298282851e-05
54967,4.00151836423264e-05
54966,4.00240701273858e-05
54965,4.00329577377309e-05
54964,4.0041846473063e-05
54963,4.00507363330835e-05
54962,4.00596273174934e-05
54961,4.00685194259935e-05
54960,4.00774126582843e-05
54959,4.00862552655743e-05
54958,4.00950990643049e-05
54957,4.01039440541769e-05
54956,4.01127902348912e-05
54955,4.01216376061478e-05
54954,4.01304861676469e-05
54953,4.01393359190881e-05
54952,4.0148186860171e-05
54951,4.01570389905947e-05
54950,4.01658923100582e-05
54949,4.01747468182601e-05
54948,4.01836025148988e-05
54947,4.01924593996723e-05
54946,4.02013174722786e-05
54945,4.02101767324151e-05
54944,4.0219037179779e-05
54943,4.02278988140674e-05
54942,4.0236761634977e-05
54941,4.02456256422042e-05
54940,4.02544908354452e-05
54939,4.02634082607516e-05
54938,4.02723268032163e-05
54937,4.02812464625342e-05
54936,4.02901672384e-05
54935,4.02990891305078e-05
54934,4.03080121385517e-05
54933,4.03169362622256e-05
54932,4.0325861501223e-05
54931,4.03347878552373e-05
54930,4.03437153239617e-05
54929,4.03526439070888e-05
54928,4.03615736043115e-05
54927,4.03705044153218e-05
54926,4.03794363398122e-05
54925,4.03883693774744e-05
54924,4.03973035280001e-05
54923,4.04062387910806e-05
54922,4.04151751664071e-05
54921,4.04241126536705e-05
54920,4.04330512525615e-05
54919,4.04414802869812e-05
54918,4.0449910329957e-05
54917,4.04583413812281e-05
54916,4.04667734405333e-05
54915,4.04752065076115e-05
54914,4.04836405822012e-05
54913,4.04920756640408e-05
54912,4.05005117528686e-05
54911,4.05089488484223e-05
54910,4.05173869504399e-05
54909,4.05258260586588e-05
54908,4.05342661728164e-05
54907,4.05427072926501e-05
54906,4.05511494178965e-05
54905,4.05595925482925e-05
54904,4.05680366835746e-05
54903,4.05764818234793e-05
54902,4.05849279677427e-05
54901,4.05933751161006e-05
54900,4.06018232682889e-05
54899,4.06102724240432e-05
54898,4.06187225830986e-05
54897,4.06271737451905e-05
54896,4.06356259100537e-05
54895,4.0644079077423e-05
54894,4.06525332470328e-05
54893,4.06609884186176e-05
54892,4.06694445919115e-05
54891,4.06779017666484e-05
54890,4.06863599425619e-05
54889,4.06948191193857e-05
54888,4.07032792968531e-05
54887,4.07117404746973e-05
54886,4.07202026526509e-05
54885,4.07286658304469e-05
54884,4.07371300078177e-05
54883,4.07455951844957e-05
54882,4.0754061360213e-05
54881,4.07625285347014e-05
54880,4.07709967076926e-05
54879,4.07794167687327e-05
54878,4.0787837893381e-05
54877,4.07962600813666e-05
54876,4.08046833324182e-05
54875,4.08131076462646e-05
54874,4.08215330226342e-05
54873,4.08299594612551e-05
54872,4.08383869618553e-05
54871,4.08468155241625e-05
54870,4.08552451479041e-05
54869,4.08636758328075e-05
54868,4.08721075785995e-05
54867,4.08805403850071e-05
54866,4.08889742517566e-05
54865,4.08974091785744e-05
54864,4.09058451651867e-05
54863,4.09142822113192e-05
54862,4.09227203166975e-05
54861,4.09311594810471e-05
54860,4.09395997040929e-05
54859,4.09475757515533e-05
54858,4.09555526960347e-05
54857,4.09635305373093e-05
54856,4.09715092751488e-05
54855,4.09794889093251e-05
54854,4.09874694396096e-05
54853,4.09954508657737e-05
54852,4.10034331875886e-05
54851,4.10114164048253e-05
54850,4.10194005172547e-05
54849,4.10273855246476e-05
54848,4.10353714267743e-05
54847,4.10433582234054e-05
54846,4.1051345914311e-05
54845,4.10593344992611e-05
54844,4.10673239780257e-05
54843,4.10753143503743e-05
54842,4.10833056160766e-05
54841,4.10912977749019e-05
54840,4.10992908266194e-05
54839,4.1107236945425e-05
54838,4.11151840195991e-05
54837,4.11231320489069e-05
54836,4.1131081033113e-05
54835,4.11390309719823e-05
54834,4.11469818652789e-05
54833,4.1154933712767e-05
54832,4.11628865142107e-05
54831,4.11708402693738e-05
54830,4.11787949780199e-05
54829,4.11867506399124e-05
54828,4.11947072548145e-05
54827,4.12026648224893e-05
54826,4.12106233426994e-05
54825,4.12185828152078e-05
54824,4.12265432397767e-05
54823,4.12345046161682e-05
54822,4.12424669441447e-05
54821,4.12504302234678e-05
54820,4.12583944538993e-05
54819,4.12659384513721e-05
54818,4.12734831906909e-05
54817,4.12810286716629e-05
54816,4.1288574894095e-05
54815,4.12961218577941e-05
54814,4.13036695625669e-05
54813,4.131121800822e-05
54812,4.13187671945601e-05
54811,4.13263171213934e-05
54810,4.13338677885263e-05
54809,4.1341419195765e-05
54808,4.13489713429154e-05
54807,4.13565242297835e-05
54806,4.13640778561752e-05
54805,4.13716322218961e-05
54804,4.13791873267519e-05
54803,4.13867431705479e-05
54802,4.13942997530896e-05
54801,4.14018570741821e-05
54800,4.14094151336306e-05
54799,4.14168806633986e-05
54798,4.14243470478041e-05
54797,4.14318142866449e-05
54796,4.14392823797192e-05
54795,4.14467513268245e-05
54794,4.14542211277584e-05
54793,4.14616917823183e-05
54792,4.14691632903014e-05
54791,4.14766356515048e-05
54790,4.14841088657254e-05
54789,4.149158293276e-05
54788,4.1499057852405e-05
54787,4.1506533624457e-05
54786,4.15140102487122e-05
54785,4.15214877249667e-05
54784,4.15289660530164e-05
54783,4.15364452326571e-05
54782,4.15439252636845e-05
54781,4.15514061458938e-05
54780,4.15588878790806e-05
54779,4.15664624902543e-05
54778,4.15740378354672e-05
54777,4.15816139145216e-05
54776,4.15891907272196e-05
54775,4.15967682733631e-05
54774,4.16043465527542e-05
54773,4.16119255651947e-05
54772,4.16195053104861e-05
54771,4.16270857884301e-05
54770,4.1634666998828e-05
54769,4.16422489414813e-05
54768,4.16498316161911e-05
54767,4.16574150227585e-05
54766,4.16649991609846e-05
54765,4.167258403067e-05
54764,4.16801696316157e-05
54763,4.16877559636222e-05
54762,4.169534302649e-05
54761,4.17029308200195e-05
54760,4.1710519344011e-05
54759,4.17179721965553e-05
54758,4.17254259594029e-05
54757,4.17328806323367e-05
54756,4.17403362151394e-05
54755,4.17477927075936e-05
54754,4.17552501094816e-05
54753,4.17627084205856e-05
54752,4.17701676406875e-05
54751,4.1777627769569e-05
54750,4.17850888070117e-05
54749,4.17925507527971e-05
54748,4.18000136067063e-05
54747,4.18074773685202e-05
54746,4.18149420380196e-05
54745,4.18224076149853e-05
54744,4.18298740991974e-05
54743,4.18373414904364e-05
54742,4.1844809788482e-05
54741,4.18522789931143e-05
54740,4.18597491041128e-05
54739,4.18667907378404e-05
54738,4.18738330713561e-05
54737,4.18808761044913e-05
54736,4.18879198370777e-05
54735,4.18949642689465e-05
54734,4.1902009399929e-05
54733,4.19090552298564e-05
54732,4.19161017585597e-05
54731,4.192314898587e-05
54730,4.19301969116178e-05
54729,4.19372455356339e-05
54728,4.19442948577491e-05
54727,4.19513448777937e-05
54726,4.19583955955982e-05
54725,4.19654470109926e-05
54724,4.19724991238073e-05
54723,4.19795519338723e-05
54722,4.19866054410175e-05
54721,4.19936596450727e-05
54720,4.20007145458676e-05
54719,4.20077701432318e-05
54718,4.20148264369948e-05
54717,4.2021883426986e-05
54716,4.20289411130347e-05
54715,4.20359994949699e-05
54714,4.20430585726207e-05
54713,4.20501183458161e-05
54712,4.20571788143848e-05
54711,4.20642399781557e-05
54710,4.20713018369572e-05
54709,4.20783643906178e-05
54708,4.2085427638966e-05
54707,4.20924915818299e-05
54706,4.20995562190379e-05
54705,4.21066215504177e-05
54704,4.21136875757974e-05
54703,4.2120754295005e-05
54702,4.21278217078679e-05
54701,4.21348898142138e-05
54700,4.21419586138703e-05
54699,4.21489844018273e-05
54698,4.21560109399011e-05
54697,4.21630382279115e-05
54696,4.21700662656783e-05
54695,4.2177095053021e-05
54694,4.21841245897593e-05
54693,4.21911548757126e-05
54692,4.21981859107001e-05
54691,4.2205217694541e-05
54690,4.22122502270541e-05
54689,4.22192835080583e-05
54688,4.22263175373725e-05
54687,4.22333523148152e-05
54686,4.22403878402048e-05
54685,4.22474241133596e-05
54684,4.22544611340978e-05
54683,4.22614989022375e-05
54682,4.22685374175965e-05
54681,4.22755766799927e-05
54680,4.22826166892437e-05
54679,4.22891360307553e-05
54678,4.2295656039686e-05
54677,4.23021767158859e-05
54676,4.2308698059205e-05
54675,4.23152200694932e-05
54674,4.23217427466003e-05
54673,4.23282660903758e-05
54672,4.23347901006692e-05
54671,4.23413147773302e-05
54670,4.23478401202079e-05
54669,4.23543661291515e-05
54668,4.23608928040102e-05
54667,4.23674201446329e-05
54666,4.23739481508686e-05
54665,4.23804768225659e-05
54664,4.23870061595737e-05
54663,4.23935361617403e-05
54662,4.24000668289142e-05
54661,4.24065981609439e-05
54660,4.24131301576776e-05
54659,4.2419183198509e-05
54658,4.24252367781174e-05
54657,4.24312908963872e-05
54656,4.24373455532023e-05
54655,4.24434007484471e-05
54654,4.24494564820056e-05
54653,4.24555127537617e-05
54652,4.24615695635996e-05
54651,4.24676269114028e-05
54650,4.24736847970554e-05
54649,4.24797432204409e-05
54648,4.24858021814431e-05
54647,4.24918616799456e-05
54646,4.24979217158318e-05
54645,4.25039822889851e-05
54644,4.25100433992889e-05
54643,4.25161050466266e-05
54642,4.25221672308814e-05
54641,4.25282299519364e-05
54640,4.25342932096747e-05
54639,4.25408378108365e-05
54638,4.2547383073607e-05
54637,4.2553928997832e-05
54636,4.25604755833575e-05
54635,4.25670228300291e-05
54634,4.25735707376925e-05
54633,4.25801193061931e-05
54632,4.25866685353762e-05
54631,4.25932184250873e-05
54630,4.25997689751715e-05
54629,4.26063201854737e-05
54628,4.26128720558391e-05
54627,4.26194245861122e-05
54626,4.2625977776138e-05
54625,4.2632531625761e-05
54624,4.26390861348258e-05
54623,4.26456413031767e-05
54622,4.26521971306579e-05
54621,4.26587536171138e-05
54620,4.26653107623883e-05
54619,4.26708628230334e-05
54618,4.26764153515469e-05
54617,4.26819683478348e-05
54616,4.26875218118028e-05
54615,4.26930757433568e-05
54614,4.26986301424025e-05
54613,4.27041850088455e-05
54612,4.27097403425915e-05
54611,4.27152961435459e-05
54610,4.27208524116144e-05
54609,4.27264091467024e-05
54608,4.2731966348715e-05
54607,4.2737524017558e-05
54606,4.27430821531362e-05
54605,4.27486407553552e-05
54604,4.275419982412e-05
54603,4.27597593593357e-05
54602,4.27653193609074e-05
54601,4.27708798287401e-05
54600,4.27764407627387e-05
54599,4.27825264183713e-05
54598,4.27886126056642e-05
54597,4.27946993244974e-05
54596,4.28007865747507e-05
54595,4.2806874356304e-05
54594,4.28129626690369e-05
54593,4.28190515128292e-05
54592,4.28251408875605e-05
54591,4.28312307931102e-05
54590,4.28373212293579e-05
54589,4.2843412196183e-05
54588,4.28495036934647e-05
54587,4.28555957210824e-05
54586,4.28616882789151e-05
54585,4.2867781366842e-05
54584,4.2873874984742e-05
54583,4.28799691324943e-05
54582,4.28860638099777e-05
54581,4.2892159017071e-05
54580,4.28982547536528e-05
54579,4.29032606161381e-05
54578,4.29082669276164e-05
54577,4.29132736880043e-05
54576,4.29182808972187e-05
54575,4.29232885551762e-05
54574,4.29282966617933e-05
54573,4.29333052169866e-05
54572,4.29383142206725e-05
54571,4.29433236727676e-05
54570,4.29483335731882e-05
54569,4.29533439218506e-05
54568,4.2958354718671e-05
54567,4.29633659635656e-05
54566,4.29683776564507e-05
54565,4.29733897972422e-05
54564,4.29784023858563e-05
54563,4.29834154222088e-05
54562,4.29884289062158e-05
54561,4.2993442837793e-05
54560,4.29984572168564e-05
54559,4.30045231320386e-05
54558,4.30105896254074e-05
54557,4.30166566968309e-05
54556,4.30227243461769e-05
54555,4.30287925733135e-05
54554,4.30348613781085e-05
54553,4.30409307604296e-05
54552,4.30470007201447e-05
54551,4.30530712571211e-05
54550,4.30591423712263e-05
54549,4.30652140623279e-05
54548,4.3071286330293e-05
54547,4.30773591749891e-05
54546,4.3083432596283e-05
54545,4.30895065940418e-05
54544,4.30955811681326e-05
54543,4.31016563184222e-05
54542,4.31077320447774e-05
54541,4.31138083470648e-05
54540,4.3119885225151e-05
54539,4.31249101949018e-05
54538,4.31299356100027e-05
54537,4.31349614703681e-05
54536,4.31399877759124e-05
54535,4.31450145265498e-05
54534,4.31500417221944e-05
54533,4.31550693627605e-05
54532,4.31600974481622e-05
54531,4.31651259783134e-05
54530,4.31701549531282e-05
54529,4.31751843725205e-05
54528,4.31802142364041e-05
54527,4.31852445446929e-05
54526,4.31902752973006e-05
54525,4.31953064941409e-05
54524,4.32003381351274e-05
54523,4.32053702201738e-05
54522,4.32104027491935e-05
54521,4.32154357221001e-05
54520,4.3220469138807e-05
54519,4.32255029992274e-05
54518,4.32305373032747e-05
54517,4.32355720508622e-05
54516,4.3240607241903e-05
54515,4.32456428763103e-05
54514,4.32506789539972e-05
54513,4.32557154748766e-05
54512,4.32607524388615e-05
54511,4.32657898458649e-05
54510,4.32708276957995e-05
54509,4.32758659885782e-05
54508,4.32809047241136e-05
54507,4.32859439023186e-05
54506,4.32909835231056e-05
54505,4.32960235863873e-05
54504,4.33010640920762e-05
54503,4.33061050400847e-05
54502,4.33111464303252e-05
54501,4.33161882627101e-05
54500,4.33212305371516e-05
54499,4.33257843984662e-05
54498,4.33303386010115e-05
54497,4.33348931447259e-05
54496,4.33394480295487e-05
54495,4.33440032554186e-05
54494,4.33485588222743e-05
54493,4.33531147300548e-05
54492,4.33576709786986e-05
54491,4.33622275681446e-05
54490,4.33667844983314e-05
54489,4.33713417691977e-05
54488,4.33758993806821e-05
54487,4.33804573327231e-05
54486,4.33850156252594e-05
54485,4.33895742582294e-05
54484,4.33941332315716e-05
54483,4.33986925452245e-05
54482,4.34032521991264e-05
54481,4.34078121932158e-05
54480,4.34123725274309e-05
54479,4.34174229959841e-05
54478,4.34224739048535e-05
54477,4.34275252539504e-05
54476,4.34325770431857e-05
54475,4.34376292724704e-05
54474,4.34426819417156e-05
54473,4.34477350508321e-05
54472,4.34527885997308e-05
54471,4.34578425883223e-05
54470,4.34628970165175e-05
54469,4.3467951884227e-05
54468,4.34730071913613e-05
54467,4.34780629378311e-05
54466,4.34831191235469e-05
54465,4.3488175748419e-05
54464,4.34932328123578e-05
54463,4.34982903152737e-05
54462,4.35033482570769e-05
54461,4.35084066376776e-05
54460,4.35134654569861e-05
54459,4.3517467573773e-05
54458,4.35214700187665e-05
54457,4.35254727919118e-05
54456,4.35294758931545e-05
54455,4.35334793224399e-05
54454,4.35374830797133e-05
54453,4.35414871649201e-05
54452,4.35454915780055e-05
54451,4.35494963189147e-05
54450,4.3553501387593e-05
54449,4.35575067839855e-05
54448,4.35615125080373e-05
54447,4.35655185596935e-05
54446,4.35695249388992e-05
54445,4.35735316455995e-05
54444,4.35775386797392e-05
54443,4.35815460412634e-05
54442,4.35855537301169e-05
54441,4.35895617462447e-05
54440,4.35935700895917e-05
54439,4.35975787601026e-05
54438,4.36015877577221e-05
54437,4.36055970823951e-05
54436,4.36096067340663e-05
54435,4.36136167126804e-05
54434,4.36176270181819e-05
54433,4.36216376505155e-05
54432,4.36256486096258e-05
54431,4.36296598954573e-05
54430,4.36336715079545e-05
54429,4.36376834470619e-05
54428,4.36416957127239e-05
54427,4.36457083048849e-05
54426,4.36497212234893e-05
54425,4.36537344684814e-05
54424,4.36577480398055e-05
54423,4.36617619374059e-05
54422,4.36657761612267e-05
54421,4.36697907112122e-05
54420,4.36738055873066e-05
54419,4.3678313493547e-05
54418,4.36828218241434e-05
54417,4.36873305790136e-05
54416,4.36918397580754e-05
54415,4.36963493612462e-05
54414,4.37008593884438e-05
54413,4.37053698395858e-05
54412,4.37098807145895e-05
54411,4.37143920133724e-05
54410,4.37189037358519e-05
54409,4.37234158819453e-05
54408,4.37279284515698e-05
54407,4.37324414446426e-05
54406,4.37369548610808e-05
54405,4.37414687008015e-05
54404,4.37459829637216e-05
54403,4.37504976497582e-05
54402,4.37550127588281e-05
54401,4.37595282908481e-05
54400,4.3764044245735e-05
54399,4.37670065728429e-05
54398,4.37699691330227e-05
54397,4.37729319262431e-05
54396,4.37758949524727e-05
54395,4.37788582116802e-05
54394,4.37818217038344e-05
54393,4.37847854289037e-05
54392,4.37877493868569e-05
54391,4.37907135776624e-05
54390,4.3793678001289e-05
54389,4.37966426577052e-05
54388,4.37996075468793e-05
54387,4.38025726687802e-05
54386,4.3805538023376e-05
54385,4.38085036106354e-05
54384,4.38114694305268e-05
54383,4.38144354830186e-05
54382,4.38174017680793e-05
54381,4.38203682856771e-05
54380,4.38233350357806e-05
54379,4.38267965380536e-05
54378,4.38302583566992e-05
54377,4.38337204916671e-05
54376,4.38371829429068e-05
54375,4.38406457103679e-05
54374,4.3844108794e-05
54373,4.38475721937526e-05
54372,4.38510359095753e-05
54371,4.38544999414173e-05
54370,4.38579642892281e-05
54369,4.38614289529572e-05
54368,4.38648939325537e-05
54367,4.38683592279671e-05
54366,4.38718248391464e-05
54365,4.38752907660411e-05
54364,4.38787570086001e-05
54363,4.38822235667727e-05
54362,4.38856904405081e-05
54361,4.38891576297551e-05
54360,4.38926251344628e-05
54359,4.389556190873e-05
54358,4.38984989524609e-05
54357,4.39014362656183e-05
54356,4.39043738481645e-05
54355,4.39073117000622e-05
54354,4.39102498212739e-05
54353,4.39131882117619e-05
54352,4.39161268714889e-05
54351,4.39190658004171e-05
54350,4.3922004998509e-05
54349,4.39249444657269e-05
54348,4.3927884202033e-05
54347,4.39308242073898e-05
54346,4.39337644817595e-05
54345,4.39367050251043e-05
54344,4.39396458373864e-05
54343,4.39425869185679e-05
54342,4.39455282686111e-05
54341,4.39484698874779e-05
54340,4.39514117751307e-05
54339,4.39543891606272e-05
54338,4.39573667771377e-05
54337,4.39603446246297e-05
54336,4.39633227030704e-05
54335,4.39663010124273e-05
54334,4.39692795526676e-05
54333,4.39722583237585e-05
54332,4.39752373256676e-05
54331,4.39782165583618e-05
54330,4.39811960218086e-05
54329,4.39841757159751e-05
54328,4.39871556408285e-05
54327,4.3990135796336e-05
54326,4.39931161824647e-05
54325,4.39960967991819e-05
54324,4.39990776464546e-05
54323,4.40020587242498e-05
54322,4.40050400325347e-05
54321,4.40080215712763e-05
54320,4.40110033404417e-05
54319,4.40134185803512e-05
54318,4.40158340469652e-05
54317,4.40182497402572e-05
54316,4.40206656602009e-05
54315,4.40230818067699e-05
54314,4.40254981799377e-05
54313,4.40279147796778e-05
54312,4.40303316059637e-05
54311,4.40327486587691e-05
54310,4.40351659380672e-05
54309,4.40375834438316e-05
54308,4.40400011760356e-05
54307,4.40424191346528e-05
54306,4.40448373196563e-05
54305,4.40472557310197e-05
54304,4.40496743687162e-05
54303,4.40520932327191e-05
54302,4.40545123230017e-05
54301,4.40569316395372e-05
54300,4.4059351182299e-05
54299,4.40623377336004e-05
54298,4.40653245146308e-05
54297,4.4068311525357e-05
54296,4.40712987657454e-05
54295,4.40742862357625e-05
54294,4.40772739353748e-05
54293,4.40802618645488e-05
54292,4.40832500232509e-05
54291,4.40862384114474e-05
54290,4.4089227029105e-05
54289,4.40922158761899e-05
54288,4.40952049526684e-05
54287,4.40981942585071e-05
54286,4.41011837936719e-05
54285,4.41041735581295e-05
54284,4.41071635518461e-05
54283,4.41101537747877e-05
54282,4.41131442269209e-05
54281,4.41161349082116e-05
54280,4.41191258186262e-05
54279,4.4120450613241e-05
54278,4.41217755977046e-05
54277,4.41231007720135e-05
54276,4.41244261361647e-05
54275,4.41257516901546e-05
54274,4.41270774339798e-05
54273,4.4128403367637e-05
54272,4.41297294911226e-05
54271,4.41310558044333e-05
54270,4.41323823075656e-05
54269,4.41337090005158e-05
54268,4.41350358832806e-05
54267,4.41363629558562e-05
54266,4.41376902182393e-05
54265,4.41390176704262e-05
54264,4.41403453124132e-05
54263,4.41416731441967e-05
54262,4.4143001165773e-05
54261,4.41443293771386e-05
54260,4.41456577782896e-05
54259,4.41475531736643e-05
54258,4.41494487576458e-05
54257,4.41513445302174e-05
54256,4.41532404913627e-05
54255,4.41551366410647e-05
54254,4.41570329793071e-05
54253,4.41589295060731e-05
54252,4.4160826221346e-05
54251,4.41627231251091e-05
54250,4.41646202173457e-05
54249,4.41665174980391e-05
54248,4.41684149671725e-05
54247,4.41703126247291e-05
54246,4.41722104706922e-05
54245,4.41741085050448e-05
54244,4.41760067277702e-05
54243,4.41779051388517e-05
54242,4.41798037382721e-05
54241,4.41817025260149e-05
54240,4.41836015020628e-05
54239,4.41855006663991e-05
54238,4.41874000190069e-05
54237,4.41892995598691e-05
54236,4.41911992889688e-05
54235,4.4193099206289e-05
54234,4.41949993118126e-05
54233,4.41968996055228e-05
54232,4.41988000874023e-05
54231,4.42007007574343e-05
54230,4.42026016156013e-05
54229,4.42045026618866e-05
54228,4.42064038962729e-05
54227,4.4208305318743e-05
54226,4.42102069292799e-05
54225,4.42121087278663e-05
54224,4.42140107144849e-05
54223,4.42159128891188e-05
54222,4.42178152517506e-05
54221,4.4219717802363e-05
54220,4.42216205409387e-05
54219,4.4222422966205e-05
54218,4.4223225550647e-05
54217,4.42240282942732e-05
54216,4.4224831197092e-05
54215,4.42256342591118e-05
54214,4.4226437480341e-05
54213,4.42272408607882e-05
54212,4.42280444004617e-05
54211,4.42288480993697e-05
54210,4.42296519575207e-05
54209,4.4230455974923e-05
54208,4.42312601515849e-05
54207,4.42320644875148e-05
54206,4.42328689827209e-05
54205,4.42336736372113e-05
54204,4.42344784509945e-05
54203,4.42352834240785e-05
54202,4.42360885564717e-05
54201,4.42368938481822e-05
54200,4.4237699299218e-05
54199,4.42385376927528e-05
54198,4.42393762145229e-05
54197,4.42402148645313e-05
54196,4.42410536427806e-05
54195,4.4241892549274e-05
54194,4.42427315840142e-05
54193,4.42435707470041e-05
54192,4.42444100382467e-05
54191,4.42452494577446e-05
54190,4.42460890055008e-05
54189,4.42469286815181e-05
54188,4.42477684857993e-05
54187,4.42486084183473e-05
54186,4.42494484791647e-05
54185,4.42502886682543e-05
54184,4.4251128985619e-05
54183,4.42519694312615e-05
54182,4.42528100051846e-05
54181,4.42536507073909e-05
54180,4.42544915378831e-05
54179,4.42552675197323e-05
54178,4.42560436957226e-05
54177,4.42568200658694e-05
54176,4.42575966301877e-05
54175,4.42583733886928e-05
54174,4.42591503413999e-05
54173,4.42599274883241e-05
54172,4.42607048294808e-05
54171,4.42614823648846e-05
54170,4.42622600945509e-05
54169,4.42630380184947e-05
54168,4.42638161367309e-05
54167,4.42645944492747e-05
54166,4.42653729561407e-05
54165,4.4266151657344e-05
54164,4.42669305528995e-05
54163,4.42677096428221e-05
54162,4.42684889271267e-05
54161,4.42692684058278e-05
54160,4.42700480789404e-05
54159,4.42708921935239e-05
54158,4.42717364365028e-05
54157,4.42725808078796e-05
54156,4.42734253076565e-05
54155,4.4274269935836e-05
54154,4.42751146924203e-05
54153,4.42759595774119e-05
54152,4.42768045908132e-05
54151,4.42776497326264e-05
54150,4.42784950028537e-05
54149,4.42793404014976e-05
54148,4.42801859285603e-05
54147,4.42810315840443e-05
54146,4.42818773679515e-05
54145,4.42827232802843e-05
54144,4.4283569321045e-05
54143,4.42844154902358e-05
54142,4.4285261787859e-05
54141,4.42861082139167e-05
54140,4.42869547684111e-05
54139,4.42867000657969e-05
54138,4.42864454766234e-05
54137,4.42861910009253e-05
54136,4.42859366387374e-05
54135,4.42856823900941e-05
54134,4.42854282550302e-05
54133,4.42851742335804e-05
54132,4.42849203257792e-05
54131,4.42846665316612e-05
54130,4.4284412851261e-05
54129,4.42841592846132e-05
54128,4.42839058317524e-05
54127,4.42836524927131e-05
54126,4.42833992675298e-05
54125,4.4283146156237e-05
54124,4.42828931588693e-05
54123,4.42826402754611e-05
54122,4.42823875060469e-05
54121,4.42821348506611e-05
54120,4.42818823093382e-05
54119,4.42816298821127e-05
54118,4.42813775690189e-05
54117,4.42811253700912e-05
54116,4.4280873285364e-05
54115,4.42806213148718e-05
54114,4.42803694586487e-05
54113,4.42801177167293e-05
54112,4.42798660891477e-05
54111,4.42796145759384e-05
54110,4.42793631771356e-05
54109,4.42791118927735e-05
54108,4.42788607228865e-05
54107,4.42786096675089e-05
54106,4.42783587266747e-05
54105,4.42781079004184e-05
54104,4.4277857188774e-05
54103,4.42776065917758e-05
54102,4.4277356109458e-05
54101,4.42771057418546e-05
54100,4.4276855489e-05
54099,4.4276038941347e-05
54098,4.42752225203226e-05
54097,4.42744062259947e-05
54096,4.4273590058431e-05
54095,4.42727740176993e-05
54094,4.42719581038675e-05
54093,4.42711423170033e-05
54092,4.42703266571743e-05
54091,4.42695111244483e-05
54090,4.4268695718893e-05
54089,4.4267880440576e-05
54088,4.42670652895651e-05
54087,4.42662502659276e-05
54086,4.42654353697315e-05
54085,4.42646206010439e-05
54084,4.42638059599327e-05
54083,4.42629914464654e-05
54082,4.42621770607092e-05
54081,4.4261362802732e-05
54080,4.42605486726009e-05
54079,4.42602699850885e-05
54078,4.42599914439872e-05
54077,4.42597130493453e-05
54076,4.42594348012107e-05
54075,4.42591566996314e-05
54074,4.42588787446556e-05
54073,4.42586009363312e-05
54072,4.42583232747061e-05
54071,4.42580457598284e-05
54070,4.42577683917458e-05
54069,4.42574911705065e-05
54068,4.42572140961581e-05
54067,4.42569371687486e-05
54066,4.42566603883258e-05
54065,4.42563837549375e-05
54064,4.42561072686314e-05
54063,4.42558309294555e-05
54062,4.42555547374572e-05
54061,4.42552786926845e-05
54060,4.42550027951849e-05
54059,4.4253656008703e-05
54058,4.42523093375217e-05
54057,4.42509627817289e-05
54056,4.42496163414126e-05
54055,4.42482700166607e-05
54054,4.4246923807561e-05
54053,4.42455777142014e-05
54052,4.42442317366696e-05
54051,4.42428858750534e-05
54050,4.42415401294407e-05
54049,4.42401944999191e-05
54048,4.42388489865764e-05
54047,4.42375035895001e-05
54046,4.42361583087782e-05
54045,4.42348131444981e-05
54044,4.42334680967475e-05
54043,4.4232123165614e-05
54042,4.42307783511851e-05
54041,4.42294336535484e-05
54040,4.42280890727915e-05
54039,4.42267749589337e-05
54038,4.42254609353996e-05
54037,4.42241470022542e-05
54036,4.42228331595631e-05
54035,4.42215194073915e-05
54034,4.42202057458047e-05
54033,4.4218892174868e-05
54032,4.42175786946466e-05
54031,4.42162653052058e-05
54030,4.42149520066108e-05
54029,4.42136387989268e-05
54028,4.4212325682219e-05
54027,4.42110126565526e-05
54026,4.42096997219927e-05
54025,4.42083868786046e-05
54024,4.42070741264533e-05
54023,4.4205761465604e-05
54022,4.42044488961217e-05
54021,4.42031364180717e-05
54020,4.42018240315188e-05
54019,4.4199945914715e-05
54018,4.41980679075193e-05
54017,4.41961900100419e-05
54016,4.41943122223927e-05
54015,4.41924345446821e-05
54014,4.41905569770199e-05
54013,4.41886795195163e-05
54012,4.41868021722814e-05
54011,4.4184924935425e-05
54010,4.41830478090572e-05
54009,4.41811707932878e-05
54008,4.41792938882269e-05
54007,4.41774170939843e-05
54006,4.41755404106699e-05
54005,4.41736638383934e-05
54004,4.41717873772648e-05
54003,4.41699110273937e-05
54002,4.41680347888901e-05
54001,4.41661586618635e-05
54000,4.41642826464237e-05
53999,4.41624067426803e-05
53998,4.41605309507431e-05
53997,4.41586552707217e-05
53996,4.41567797027255e-05
53995,4.41549042468643e-05
53994,4.41530289032475e-05
53993,4.41511536719847e-05
53992,4.41492785531854e-05
53991,4.4147403546959e-05
53990,4.4145528653415e-05
53989,4.41436538726627e-05
53988,4.41417792048116e-05
53987,4.41399046499711e-05
53986,4.41380302082504e-05
53985,4.41361558797589e-05
53984,4.41342816646057e-05
53983,4.41324075629003e-05
53982,4.41305335747519e-05
53981,4.41286597002695e-05
53980,4.41267859395624e-05
53979,4.41238110323301e-05
53978,4.41208362603702e-05
53977,4.41178616238866e-05
53976,4.41148871230833e-05
53975,4.41119127581641e-05
53974,4.41089385293328e-05
53973,4.41059644367931e-05
53972,4.41029904807488e-05
53971,4.41000166614035e-05
53970,4.40970429789608e-05
53969,4.40940694336243e-05
53968,4.40910960255974e-05
53967,4.40881227550837e-05
53966,4.40851496222864e-05
53965,4.4082176627409e-05
53964,4.40792037706548e-05
53963,4.4076231052227e-05
53962,4.40732584723287e-05
53961,4.40702860311633e-05
53960,4.40673137289337e-05
53959,4.40643708545351e-05
53958,4.40614280938985e-05
53957,4.40584854471866e-05
53956,4.40555429145621e-05
53955,4.40526004961875e-05
53954,4.40496581922255e-05
53953,4.40467160028385e-05
53952,4.40437739281891e-05
53951,4.40408319684397e-05
53950,4.40378901237528e-05
53949,4.40349483942907e-05
53948,4.40320067802158e-05
53947,4.40290652816903e-05
53946,4.40261238988767e-05
53945,4.40231826319371e-05
53944,4.40202414810337e-05
53943,4.40173004463287e-05
53942,4.40143595279843e-05
53941,4.40114187261624e-05
53940,4.40084780410253e-05
53939,4.40055084231944e-05
53938,4.4002538948468e-05
53937,4.39995696170482e-05
53936,4.39966004291369e-05
53935,4.39936313849361e-05
53934,4.39906624846475e-05
53933,4.39876937284731e-05
53932,4.39847251166145e-05
53931,4.39817566492735e-05
53930,4.39787883266516e-05
53929,4.39758201489506e-05
53928,4.3972852116372e-05
53927,4.39698842291171e-05
53926,4.39669164873876e-05
53925,4.39639488913848e-05
53924,4.396098144131e-05
53923,4.39580141373644e-05
53922,4.39550469797495e-05
53921,4.39520799686662e-05
53920,4.39491131043159e-05
53919,4.39456393583067e-05
53918,4.39421657387522e-05
53917,4.39386922458452e-05
53916,4.3935218879779e-05
53915,4.39317456407465e-05
53914,4.39282725289405e-05
53913,4.39247995445543e-05
53912,4.39213266877804e-05
53911,4.39178539588118e-05
53910,4.39143813578413e-05
53909,4.39109088850615e-05
53908,4.39074365406653e-05
53907,4.39039643248451e-05
53906,4.39004922377937e-05
53905,4.38970202797036e-05
53904,4.38935484507673e-05
53903,4.38900767511773e-05
53902,4.3886605181126e-05
53901,4.38831337408058e-05
53900,4.3879662430409e-05
53899,4.3875627001681e-05
53898,4.38715917372983e-05
53897,4.38675566375387e-05
53896,4.38635217026799e-05
53895,4.38594869329995e-05
53894,4.38554523287751e-05
53893,4.38514178902842e-05
53892,4.3847383617804e-05
53891,4.38433495116121e-05
53890,4.38393155719856e-05
53889,4.38352817992018e-05
53888,4.38312481935377e-05
53887,4.38272147552703e-05
53886,4.38231814846767e-05
53885,4.38191483820337e-05
53884,4.38151154476183e-05
53883,4.3811082681707e-05
53882,4.38070500845766e-05
53881,4.38030176565038e-05
53880,4.3798985397765e-05
53879,4.37944459998011e-05
53878,4.37899067637176e-05
53877,4.37853676897813e-05
53876,4.3780828778259e-05
53875,4.37762900294172e-05
53874,4.37717514435225e-05
53873,4.37672130208416e-05
53872,4.37626747616408e-05
53871,4.37581366661866e-05
53870,4.37535987347452e-05
53869,4.37490609675829e-05
53868,4.3744523364966e-05
53867,4.37399859271606e-05
53866,4.37354486544326e-05
53865,4.37309115470481e-05
53864,4.37263746052731e-05
53863,4.37218378293734e-05
53862,4.37173012196148e-05
53861,4.3712764776263e-05
53860,4.37082284995836e-05
53859,4.37036643066873e-05
53858,4.36991003035973e-05
53857,4.36945364906338e-05
53856,4.36899728681163e-05
53855,4.36854094363647e-05
53854,4.36808461956988e-05
53853,4.36762831464381e-05
53852,4.36717202889022e-05
53851,4.36671576234103e-05
53850,4.36625951502819e-05
53849,4.36580328698363e-05
53848,4.36534707823925e-05
53847,4.36489088882697e-05
53846,4.36443471877868e-05
53845,4.36397856812628e-05
53844,4.36352243690163e-05
53843,4.36306632513662e-05
53842,4.36261023286311e-05
53841,4.36215416011295e-05
53840,4.36169810691798e-05
53839,4.36118854949682e-05
53838,4.36067901365797e-05
53837,4.36016949943824e-05
53836,4.35966000687439e-05
53835,4.35915053600322e-05
53834,4.35864108686148e-05
53833,4.35813165948592e-05
53832,4.35762225391329e-05
53831,4.35711287018031e-05
53830,4.35660350832372e-05
53829,4.35609416838022e-05
53828,4.3555848503865e-05
53827,4.35507555437926e-05
53826,4.35456628039517e-05
53825,4.35405702847092e-05
53824,4.35354779864315e-05
53823,4.3530385909485e-05
53822,4.35252940542362e-05
53821,4.35202024210513e-05
53820,4.35151110102965e-05
53819,4.35094848088823e-05
53818,4.3503858855527e-05
53817,4.34982331506513e-05
53816,4.34926076946757e-05
53815,4.34869824880207e-05
53814,4.34813575311066e-05
53813,4.34757328243536e-05
53812,4.34701083681818e-05
53811,4.34644841630109e-05
53810,4.3458860209261e-05
53809,4.34532365073516e-05
53808,4.34476130577022e-05
53807,4.34419898607324e-05
53806,4.34363669168613e-05
53805,4.34307442265083e-05
53804,4.34251217900922e-05
53803,4.3419499608032e-05
53802,4.34138776807466e-05
53801,4.34082560086545e-05
53800,4.34026345921743e-05
53799,4.33965060645106e-05
53798,4.33903778040915e-05
53797,4.33842498113257e-05
53796,4.33781220866218e-05
53795,4.33719946303884e-05
53794,4.33658674430339e-05
53793,4.33597405249668e-05
53792,4.3353613876595e-05
53791,4.33474874983267e-05
53790,4.33413613905698e-05
53789,4.33352355537322e-05
53788,4.33291099882215e-05
53787,4.33229846944453e-05
53786,4.33168596728111e-05
53785,4.33107349237261e-05
53784,4.33046104475976e-05
53783,4.32984862448328e-05
53782,4.32923623158384e-05
53781,4.32862386610215e-05
53780,4.32801152807885e-05
53779,4.32744993731413e-05
53778,4.32688837302106e-05
53777,4.32632683524119e-05
53776,4.32576532401608e-05
53775,4.32520383938727e-05
53774,4.32464238139627e-05
53773,4.3240809500846e-05
53772,4.32351954549374e-05
53771,4.32295816766519e-05
53770,4.32239681664042e-05
53769,4.32183549246088e-05
53768,4.32127419516802e-05
53767,4.32071292480327e-05
53766,4.32015168140804e-05
53765,4.31959046502375e-05
53764,4.31902927569178e-05
53763,4.31846811345352e-05
53762,4.31790697835033e-05
53761,4.31734587042357e-05
53760,4.31678478971456e-05
53759,4.31606350782442e-05
53758,4.31534226419385e-05
53757,4.31462105888394e-05
53756,4.31389989195575e-05
53755,4.31317876347032e-05
53754,4.31245767348869e-05
53753,4.31173662207184e-05
53752,4.31101560928077e-05
53751,4.31029463517642e-05
53750,4.30957369981974e-05
53749,4.30885280327163e-05
53748,4.30813194559299e-05
53747,4.3074111268447e-05
53746,4.30669034708759e-05
53745,4.3059696063825e-05
53744,4.30524890479023e-05
53743,4.30452824237158e-05
53742,4.3038076191873e-05
53741,4.30308703529814e-05
53740,4.3023664907648e-05
53739,4.30159529485238e-05
53738,4.30082414139699e-05
53737,4.30005303045867e-05
53736,4.29928196209742e-05
53735,4.29851093637323e-05
53734,4.29773995334607e-05
53733,4.29696901307586e-05
53732,4.29619811562255e-05
53731,4.29542726104602e-05
53730,4.29465644940617e-05
53729,4.29388568076284e-05
53728,4.29311495517586e-05
53727,4.29234427270507e-05
53726,4.29157363341024e-05
53725,4.29080303735116e-05
53724,4.29003248458758e-05
53723,4.28926197517921e-05
53722,4.28849150918578e-05
53721,4.28772108666696e-05
53720,4.28695070768244e-05
53719,4.2862843407112e-05
53718,4.28561801010021e-05
53717,4.28495171590256e-05
53716,4.28428545817131e-05
53715,4.2836192369595e-05
53714,4.28295305232014e-05
53713,4.28228690430625e-05
53712,4.2816207929708e-05
53711,4.28095471836678e-05
53710,4.28028868054711e-05
53709,4.27962267956473e-05
53708,4.27895671547254e-05
53707,4.27829078832344e-05
53706,4.27762489817031e-05
53705,4.27695904506599e-05
53704,4.27629322906331e-05
53703,4.2756274502151e-05
53702,4.27496170857413e-05
53701,4.27429600419321e-05
53700,4.27363033712508e-05
53699,4.27286079717182e-05
53698,4.27209130201193e-05
53697,4.27132185170463e-05
53696,4.27055244630907e-05
53695,4.26978308588441e-05
53694,4.26901377048975e-05
53693,4.2682445001842e-05
53692,4.26747527502684e-05
53691,4.26670609507671e-05
53690,4.26593696039287e-05
53689,4.26516787103431e-05
53688,4.26439882706003e-05
53687,4.26362982852901e-05
53686,4.26286087550017e-05
53685,4.26209196803247e-05
53684,4.26132310618479e-05
53683,4.260554290016e-05
53682,4.259785519585e-05
53681,4.25901679495059e-05
53680,4.25824811617161e-05
53679,4.25747686659892e-05
53678,4.25670566504256e-05
53677,4.25593451156963e-05
53676,4.25516340624718e-05
53675,4.25439234914225e-05
53674,4.25362134032184e-05
53673,4.25285037985292e-05
53672,4.25207946780247e-05
53671,4.25130860423738e-05
53670,4.25053778922458e-05
53669,4.24976702283093e-05
53668,4.24899630512328e-05
53667,4.24822563616845e-05
53666,4.24745501603323e-05
53665,4.2466844447844e-05
53664,4.24591392248869e-05
53663,4.24514344921281e-05
53662,4.24437302502347e-05
53661,4.24360264998731e-05
53660,4.24283232417098e-05
53659,4.24201666347961e-05
53658,4.24120105310741e-05
53657,4.24038549310558e-05
53656,4.23956998352536e-05
53655,4.23875452441793e-05
53654,4.23793911583446e-05
53653,4.23712375782612e-05
53652,4.23630845044404e-05
53651,4.23549319373934e-05
53650,4.23467798776314e-05
53649,4.23386283256649e-05
53648,4.23304772820049e-05
53647,4.23223267471616e-05
53646,4.23141767216454e-05
53645,4.23060272059664e-05
53644,4.22978782006345e-05
53643,4.22897297061595e-05
53642,4.22815817230508e-05
53641,4.22734342518178e-05
53640,4.22652872929697e-05
53639,4.22565839820563e-05
53638,4.22478812613567e-05
53637,4.22391791315289e-05
53636,4.22304775932308e-05
53635,4.22217766471197e-05
53634,4.22130762938529e-05
53633,4.22043765340876e-05
53632,4.21956773684803e-05
53631,4.21869787976876e-05
53630,4.21782808223655e-05
53629,4.21695834431701e-05
53628,4.21608866607571e-05
53627,4.21521904757818e-05
53626,4.21434948888995e-05
53625,4.21347999007649e-05
53624,4.21261055120327e-05
53623,4.21174117233573e-05
53622,4.21087185353927e-05
53621,4.21000259487929e-05
53620,4.20913339642113e-05
53619,4.20826683025915e-05
53618,4.20740032330404e-05
53617,4.20653387561368e-05
53616,4.20566748724598e-05
53615,4.20480115825878e-05
53614,4.20393488870995e-05
53613,4.2030686786573e-05
53612,4.20220252815862e-05
53611,4.20133643727169e-05
53610,4.20047040605426e-05
53609,4.19960443456406e-05
53608,4.19873852285881e-05
53607,4.19787267099617e-05
53606,4.19700687903383e-05
53605,4.19614114702941e-05
53604,4.19527547504053e-05
53603,4.1944098631248e-05
53602,4.19354431133978e-05
53601,4.19267881974302e-05
53600,4.19181338839205e-05
53599,4.19100098005104e-05
53598,4.19018862520671e-05
53597,4.18937632390914e-05
53596,4.18856407620835e-05
53595,4.18775188215439e-05
53594,4.18693974179725e-05
53593,4.18612765518694e-05
53592,4.18531562237342e-05
53591,4.18450364340664e-05
53590,4.18369171833654e-05
53589,4.18287984721302e-05
53588,4.18206803008599e-05
53587,4.18125626700533e-05
53586,4.18044455802088e-05
53585,4.1796329031825e-05
53584,4.17882130253999e-05
53583,4.17800975614317e-05
53582,4.17719826404181e-05
53581,4.17638682628567e-05
53580,4.17557544292451e-05
53579,4.17466342476743e-05
53578,4.17375147464589e-05
53577,4.17283959261231e-05
53576,4.1719277787191e-05
53575,4.17101603301864e-05
53574,4.17010435556329e-05
53573,4.1691927464054e-05
53572,4.16828120559729e-05
53571,4.16736973319126e-05
53570,4.16645832923961e-05
53569,4.16554699379458e-05
53568,4.16463572690841e-05
53567,4.16372452863334e-05
53566,4.16281339902156e-05
53565,4.16190233812526e-05
53564,4.16099134599659e-05
53563,4.16008042268769e-05
53562,4.15916956825068e-05
53561,4.15825878273767e-05
53560,4.15734806620074e-05
53559,4.15643741869194e-05
53558,4.1555268402633e-05
53557,4.15461633096685e-05
53556,4.15370589085459e-05
53555,4.15279551997849e-05
53554,4.15188521839052e-05
53553,4.1509749861426e-05
53552,4.15006482328664e-05
53551,4.14915472987456e-05
53550,4.14824470595823e-05
53549,4.14733475158949e-05
53548,4.14642486682019e-05
53547,4.14551505170213e-05
53546,4.14460530628712e-05
53545,4.14369563062692e-05
53544,4.14278602477329e-05
53543,4.14187648877796e-05
53542,4.14096702269263e-05
53541,4.14005762656902e-05
53540,4.13914830045878e-05
53539,4.13823904441356e-05
53538,4.137329858485e-05
53537,4.1364207427247e-05
53536,4.13551169718426e-05
53535,4.13460272191525e-05
53534,4.1336938169692e-05
53533,4.13278498239766e-05
53532,4.13187621825211e-05
53531,4.13096752458407e-05
53530,4.13005890144498e-05
53529,4.12915034888631e-05
53528,4.12824186695946e-05
53527,4.12733345571584e-05
53526,4.12642511520685e-05
53525,4.12551684548384e-05
53524,4.12460864659816e-05
53523,4.12370051860113e-05
53522,4.12279246154405e-05
53521,4.1218844754782e-05
53520,4.12097656045485e-05
53519,4.12007126615556e-05
53518,4.11916604306935e-05
53517,4.11826089124251e-05
53516,4.11735581072133e-05
53515,4.11645080155205e-05
53514,4.11554586378091e-05
53513,4.11464099745413e-05
53512,4.11373620261789e-05
53511,4.11283147931839e-05
53510,4.11192682760179e-05
53509,4.11102224751423e-05
53508,4.11011773910184e-05
53507,4.10921330241071e-05
53506,4.10830893748696e-05
53505,4.10740464437664e-05
53504,4.10650042312582e-05
53503,4.10559627378052e-05
53502,4.10469219638676e-05
53501,4.10378819099055e-05
53500,4.10288425763786e-05
53499,4.10203551477786e-05
53498,4.10118683614695e-05
53497,4.10033822178062e-05
53496,4.09948967171435e-05
53495,4.0986411859836e-05
53494,4.09779276462384e-05
53493,4.09694440767051e-05
53492,4.09609611515903e-05
53491,4.09524788712482e-05
53490,4.09439972360328e-05
53489,4.0935516246298e-05
53488,4.09270359023977e-05
53487,4.09185562046853e-05
53486,4.09100771535146e-05
53485,4.09015987492387e-05
53484,4.0893120992211e-05
53483,4.08846438827845e-05
53482,4.08761674213123e-05
53481,4.08676916081473e-05
53480,4.08592164436421e-05
53479,4.08502426814006e-05
53478,4.08412696632011e-05
53477,4.08322973894269e-05
53476,4.08233258604611e-05
53475,4.08143550766866e-05
53474,4.08053850384863e-05
53473,4.07964157462427e-05
53472,4.07874472003384e-05
53471,4.07784794011558e-05
53470,4.0769512349077e-05
53469,4.07605460444841e-05
53468,4.0751580487759e-05
53467,4.07426156792833e-05
53466,4.07336516194388e-05
53465,4.0724688308607e-05
53464,4.07157257471689e-05
53463,4.07067639355059e-05
53462,4.06978028739989e-05
53461,4.06888425630288e-05
53460,4.06798830029762e-05
53459,4.06704259686489e-05
53458,4.06609697942999e-05
53457,4.06515144803503e-05
53456,4.06420600272201e-05
53455,4.063260643533e-05
53454,4.06231537050999e-05
53453,4.06137018369499e-05
53452,4.06042508312998e-05
53451,4.0594800688569e-05
53450,4.05853514091771e-05
53449,4.05759029935433e-05
53448,4.05664554420867e-05
53447,4.05570087552261e-05
53446,4.05475629333803e-05
53445,4.05381179769676e-05
53444,4.05286738864066e-05
53443,4.05192306621153e-05
53442,4.05097883045118e-05
53441,4.05003468140137e-05
53440,4.04909061910389e-05
53439,4.04820153034855e-05
53438,4.0473125208828e-05
53437,4.04642359074014e-05
53436,4.04553473995409e-05
53435,4.04464596855812e-05
53434,4.04375727658571e-05
53433,4.0428686640703e-05
53432,4.04198013104534e-05
53431,4.04109167754427e-05
53430,4.04020330360049e-05
53429,4.0393150092474e-05
53428,4.03842679451839e-05
53427,4.03753865944682e-05
53426,4.03665060406606e-05
53425,4.03576262840946e-05
53424,4.03487473251033e-05
53423,4.03398691640199e-05
53422,4.03309918011773e-05
53421,4.03221152369086e-05
53420,4.03132394715463e-05
53419,4.03038424734892e-05
53418,4.02944463718595e-05
53417,4.02850511670516e-05
53416,4.02756568594596e-05
53415,4.02662634494777e-05
53414,4.02568709374999e-05
53413,4.02474793239197e-05
53412,4.02380886091309e-05
53411,4.02286987935266e-05
53410,4.02193098775001e-05
53409,4.02099218614444e-05
53408,4.02005347457524e-05
53407,4.01911485308167e-05
53406,4.01817632170298e-05
53405,4.01723788047838e-05
53404,4.01629952944711e-05
53403,4.01536126864834e-05
53402,4.01442309812127e-05
53401,4.01348501790503e-05
53400,4.01254702803878e-05
53399,4.01171333514977e-05
53398,4.01087971370679e-05
53397,4.01004616373727e-05
53396,4.00921268526868e-05
53395,4.00837927832842e-05
53394,4.00754594294393e-05
53393,4.00671267914262e-05
53392,4.00587948695188e-05
53391,4.00504636639911e-05
53390,4.00421331751166e-05
53389,4.00338034031692e-05
53388,4.00254743484223e-05
53387,4.00171460111494e-05
53386,4.00088183916238e-05
53385,4.00004914901186e-05
53384,3.9992165306907e-05
53383,3.9983839842262e-05
53382,3.99755150964564e-05
53381,3.99671910697629e-05
53380,3.99588677624542e-05
53379,3.99506248290053e-05
53378,3.99423826996971e-05
53377,3.99341413747919e-05
53376,3.99259008545525e-05
53375,3.99176611392409e-05
53374,3.99094222291193e-05
53373,3.99011841244497e-05
53372,3.9892946825494e-05
53371,3.9884710332514e-05
53370,3.98764746457711e-05
53369,3.98682397655269e-05
53368,3.98600056920428e-05
53367,3.98517724255797e-05
53366,3.9843539966399e-05
53365,3.98353083147613e-05
53364,3.98270774709275e-05
53363,3.98188474351583e-05
53362,3.98106182077141e-05
53361,3.98023897888554e-05
53360,3.97941621788423e-05
53359,3.9786427661587e-05
53358,3.97786938299242e-05
53357,3.97709606840662e-05
53356,3.97632282242248e-05
53355,3.97554964506122e-05
53354,3.974776536344e-05
53353,3.974003496292e-05
53352,3.97323052492638e-05
53351,3.9724576222683e-05
53350,3.9716847883389e-05
53349,3.97091202315932e-05
53348,3.97013932675068e-05
53347,3.96936669913409e-05
53346,3.96859414033067e-05
53345,3.96782165036151e-05
53344,3.96704922924769e-05
53343,3.9662768770103e-05
53342,3.96550459367039e-05
53341,3.96473237924903e-05
53340,3.96396023376727e-05
53339,3.96319087819663e-05
53338,3.96242159482918e-05
53337,3.96165238368623e-05
53336,3.96088324478906e-05
53335,3.96011417815894e-05
53334,3.95934518381713e-05
53333,3.95857626178488e-05
53332,3.95780741208343e-05
53331,3.95703863473402e-05
53330,3.95626992975787e-05
53329,3.95550129717617e-05
53328,3.95473273701014e-05
53327,3.95396424928095e-05
53326,3.95319583400979e-05
53325,3.95242749121781e-05
53324,3.95165922092618e-05
53323,3.95089102315603e-05
53322,3.9501228979285e-05
53321,3.94935484526472e-05
53320,3.94858686518578e-05
53319,3.94787345657858e-05
53318,3.94716011554524e-05
53317,3.94644684210377e-05
53316,3.94573363627213e-05
53315,3.94502049806832e-05
53314,3.94430742751029e-05
53313,3.943594424616e-05
53312,3.94288148940339e-05
53311,3.94216862189039e-05
53310,3.94145582209495e-05
53309,3.94074309003496e-05
53308,3.94003042572832e-05
53307,3.93931782919295e-05
53306,3.93860530044672e-05
53305,3.93789283950751e-05
53304,3.93718044639319e-05
53303,3.9364681211216e-05
53302,3.93575586371061e-05
53301,3.93504367417802e-05
53300,3.9343315525417e-05
53299,3.93361949881943e-05
53298,3.93290751302903e-05
53297,3.93219559518831e-05
53296,3.93148374531503e-05
53295,3.93077196342698e-05
53294,3.93006024954193e-05
53293,3.92934860367763e-05
53292,3.92863702585184e-05
53291,3.92792551608227e-05
53290,3.92721407438668e-05
53289,3.92650270078277e-05
53288,3.92579139528824e-05
53287,3.9250801579208e-05
53286,3.92436898869813e-05
53285,3.92365788763793e-05
53284,3.92294685475783e-05
53283,3.92223589007552e-05
53282,3.92152499360863e-05
53281,3.9208141653748e-05
53280,3.92010340539168e-05
53279,3.91944711991872e-05
53278,3.91879089848305e-05
53277,3.91813474110011e-05
53276,3.91747864778529e-05
53275,3.91682261855401e-05
53274,3.91616665342167e-05
53273,3.91551075240364e-05
53272,3.91485491551534e-05
53271,3.91419914277209e-05
53270,3.91354343418928e-05
53269,3.91288778978224e-05
53268,3.91223220956634e-05
53267,3.91157669355689e-05
53266,3.91092124176921e-05
53265,3.91026585421861e-05
53264,3.90961053092041e-05
53263,3.90895527188989e-05
53262,3.90830007714235e-05
53261,3.90764494669304e-05
53260,3.90698988055724e-05
53259,3.90638348983004e-05
53258,3.90577715154266e-05
53257,3.90517086570647e-05
53256,3.90456463233289e-05
53255,3.90395845143328e-05
53254,3.90335232301903e-05
53253,3.90274624710151e-05
53252,3.90214022369207e-05
53251,3.90153425280209e-05
53250,3.90092833444292e-05
53249,3.9003224686259e-05
53248,3.89971665536238e-05
53247,3.89911089466368e-05
53246,3.89850518654115e-05
53245,3.8978995310061e-05
53244,3.89729392806985e-05
53243,3.89668837774372e-05
53242,3.89608288003899e-05
53241,3.89547743496699e-05
53240,3.89487204253901e-05
53239,3.89426961844254e-05
53238,3.89366725100635e-05
53237,3.89306494024272e-05
53236,3.89246268616392e-05
53235,3.89186048878221e-05
53234,3.89125834810984e-05
53233,3.89065626415905e-05
53232,3.89005423694207e-05
53231,3.88945226647115e-05
53230,3.8888503527585e-05
53229,3.88824849581634e-05
53228,3.88764669565687e-05
53227,3.88704495229229e-05
53226,3.8864432657348e-05
53225,3.88584163599658e-05
53224,3.88524006308981e-05
53223,3.88463854702667e-05
53222,3.8840370878193e-05
53221,3.88343568547987e-05
53220,3.88283434002052e-05
53219,3.88233868615364e-05
53218,3.88184307928149e-05
53217,3.88134751941292e-05
53216,3.88085200655677e-05
53215,3.88035654072187e-05
53214,3.87986112191704e-05
53213,3.87936575015111e-05
53212,3.87887042543288e-05
53211,3.87837514777117e-05
53210,3.87787991717478e-05
53209,3.8773847336525e-05
53208,3.87688959721312e-05
53207,3.87639450786544e-05
53206,3.87589946561821e-05
53205,3.87540447048023e-05
53204,3.87490952246026e-05
53203,3.87441462156705e-05
53202,3.87391976780936e-05
53201,3.87342496119595e-05
53200,3.87293020173554e-05
53199,3.87238121327496e-05
53198,3.87183227450054e-05
53197,3.87128338542191e-05
53196,3.87073454604872e-05
53195,3.8701857563906e-05
53194,3.86963701645717e-05
53193,3.86908832625806e-05
53192,3.86853968580287e-05
53191,3.86799109510122e-05
53190,3.86744255416271e-05
53189,3.86689406299693e-05
53188,3.86634562161349e-05
53187,3.86579723002195e-05
53186,3.86524888823191e-05
53185,3.86470059625292e-05
53184,3.86415235409458e-05
53183,3.86360416176643e-05
53182,3.86305601927803e-05
53181,3.86250792663894e-05
53180,3.86195988385868e-05
53179,3.86161669311708e-05
53178,3.86127352833996e-05
53177,3.86093038953074e-05
53176,3.86058727669288e-05
53175,3.86024418982981e-05
53174,3.85990112894497e-05
53173,3.85955809404178e-05
53172,3.85921508512368e-05
53171,3.85887210219409e-05
53170,3.85852914525645e-05
53169,3.85818621431418e-05
53168,3.8578433093707e-05
53167,3.85750043042943e-05
53166,3.85715757749379e-05
53165,3.85681475056721e-05
53164,3.85647194965309e-05
53163,3.85612917475485e-05
53162,3.85578642587589e-05
53161,3.85544370301964e-05
53160,3.85510100618949e-05
53159,3.85475525265829e-05
53158,3.8544095217515e-05
53157,3.85406381347193e-05
53156,3.8537181278224e-05
53155,3.85337246480572e-05
53154,3.85302682442471e-05
53153,3.85268120668217e-05
53152,3.8523356115809e-05
53151,3.85199003912373e-05
53150,3.85164448931346e-05
53149,3.85129896215288e-05
53148,3.85095345764482e-05
53147,3.85060797579205e-05
53146,3.8502625165974e-05
53145,3.84991708006365e-05
53144,3.84957166619362e-05
53143,3.84922627499009e-05
53142,3.84888090645585e-05
53141,3.84853556059371e-05
53140,3.84819023740647e-05
53139,3.84795026423298e-05
53138,3.84771030871484e-05
53137,3.84747037085381e-05
53136,3.84723045065162e-05
53135,3.84699054811003e-05
53134,3.84675066323077e-05
53133,3.8465107960156e-05
53132,3.84627094646625e-05
53131,3.84603111458446e-05
53130,3.84579130037198e-05
53129,3.84555150383054e-05
53128,3.84531172496189e-05
53127,3.84507196376775e-05
53126,3.84483222024986e-05
53125,3.84459249440997e-05
53124,3.8443527862498e-05
53123,3.84411309577109e-05
53122,3.84387342297556e-05
53121,3.84363376786496e-05
53120,3.84339413044101e-05
53119,3.84315451070543e-05
53118,3.84291490865997e-05
53117,3.84267532430633e-05
53116,3.84243575764626e-05
53115,3.84219620868147e-05
53114,3.84195667741369e-05
53113,3.84171716384464e-05
53112,3.84147766797605e-05
53111,3.84123818980963e-05
53110,3.84099872934711e-05
53109,3.8407592865902e-05
53108,3.84051986154062e-05
53107,3.84028045420009e-05
53106,3.84004106457032e-05
53105,3.83980169265303e-05
53104,3.83956233844993e-05
53103,3.83932300196274e-05
53102,3.83908368319317e-05
53101,3.83884438214292e-05
53100,3.83860509881372e-05
53099,3.838461537323e-05
53098,3.83831798221284e-05
53097,3.83817443348362e-05
53096,3.83803089113568e-05
53095,3.83788735516941e-05
53094,3.83774382558516e-05
53093,3.83760030238332e-05
53092,3.83745678556426e-05
53091,3.83731327512833e-05
53090,3.83716977107589e-05
53089,3.83702627340733e-05
53088,3.83688278212301e-05
53087,3.83673929722331e-05
53086,3.83659581870857e-05
53085,3.83645234657918e-05
53084,3.83630888083549e-05
53083,3.83616542147788e-05
53082,3.83602196850672e-05
53081,3.83587852192236e-05
53080,3.83573508172518e-05
53079,3.83569687777513e-05
53078,3.83565867912358e-05
53077,3.83562048577047e-05
53076,3.83558229771572e-05
53075,3.83554411495928e-05
53074,3.83550593750106e-05
53073,3.83546776534102e-05
53072,3.83542959847908e-05
53071,3.83539143691517e-05
53070,3.83535328064923e-05
53069,3.83531512968119e-05
53068,3.83527698401098e-05
53067,3.83523884363854e-05
53066,3.8352007085638e-05
53065,3.83516257878668e-05
53064,3.83512445430712e-05
53063,3.83508633512507e-05
53062,3.83504822124043e-05
53061,3.83501011265317e-05
53060,3.83497200936318e-05
53059,3.83498168740142e-05
53058,3.83499136795478e-05
53057,3.83500105102313e-05
53056,3.83501073660631e-05
53055,3.83502042470419e-05
53054,3.83503011531661e-05
53053,3.83503980844342e-05
53052,3.8350495040845e-05
53051,3.83505920223967e-05
53050,3.83506890290882e-05
53049,3.83507860609177e-05
53048,3.8350883117884e-05
53047,3.83509801999855e-05
53046,3.83510773072208e-05
53045,3.83511744395884e-05
53044,3.83512715970869e-05
53043,3.83513687797148e-05
53042,3.83514659874707e-05
53041,3.8351563220353e-05
53040,3.83516604783603e-05
53039,3.83532228864498e-05
53038,3.83547853202779e-05
53037,3.83563477798419e-05
53036,3.83579102651392e-05
53035,3.8359472776167e-05
53034,3.83610353129224e-05
53033,3.83625978754029e-05
53032,3.83641604636055e-05
53031,3.83657230775277e-05
53030,3.83672857171665e-05
53029,3.83688483825193e-05
53028,3.83704110735834e-05
53027,3.83719737903559e-05
53026,3.83735365328341e-05
53025,3.83750993010153e-05
53024,3.83766620948968e-05
53023,3.83782249144757e-05
53022,3.83797877597493e-05
53021,3.83813506307149e-05
53020,3.83829135273698e-05
53019,3.83849866161553e-05
53018,3.83870597502032e-05
53017,3.83891329295079e-05
53016,3.83912061540638e-05
53015,3.83932794238653e-05
53014,3.83953527389068e-05
53013,3.83974260991829e-05
53012,3.83994995046878e-05
53011,3.8401572955416e-05
53010,3.84036464513618e-05
53009,3.84057199925197e-05
53008,3.84077935788842e-05
53007,3.84098672104495e-05
53006,3.84119408872103e-05
53005,3.84140146091607e-05
53004,3.84160883762952e-05
53003,3.84181621886084e-05
53002,3.84202360460944e-05
53001,3.84223099487479e-05
53000,3.8424383896563e-05
52999,3.84274786822214e-05
52998,3.84305735699887e-05
52997,3.84336685598488e-05
52996,3.84367636517852e-05
52995,3.84398588457815e-05
52994,3.84429541418213e-05
52993,3.84460495398881e-05
52992,3.84491450399657e-05
52991,3.84522406420375e-05
52990,3.84553363460873e-05
52989,3.84584321520986e-05
52988,3.84615280600549e-05
52987,3.84646240699399e-05
52986,3.84677201817371e-05
52985,3.84708163954302e-05
52984,3.84739127110027e-05
52983,3.84770091284381e-05
52982,3.84801056477201e-05
52981,3.84832022688322e-05
52980,3.8486298991758e-05
52979,3.84903524850504e-05
52978,3.8494406182148e-05
52977,3.84984600830213e-05
52976,3.8502514187641e-05
52975,3.85065684959779e-05
52974,3.85106230080024e-05
52973,3.85146777236852e-05
52972,3.85187326429969e-05
52971,3.85227877659082e-05
52970,3.85268430923895e-05
52969,3.85308986224116e-05
52968,3.8534954355945e-05
52967,3.85390102929601e-05
52966,3.85430664334277e-05
52965,3.85471227773183e-05
52964,3.85511793246024e-05
52963,3.85552360752506e-05
52962,3.85592930292333e-05
52961,3.85633501865212e-05
52960,3.85674075470847e-05
52959,3.85724875947915e-05
52958,3.85775679550986e-05
52957,3.85826486279479e-05
52956,3.85877296132815e-05
52955,3.85928109110412e-05
52954,3.8597892521169e-05
52953,3.86029744436067e-05
52952,3.86080566782963e-05
52951,3.86131392251797e-05
52950,3.86182220841985e-05
52949,3.86233052552948e-05
52948,3.86283887384103e-05
52947,3.86334725334867e-05
52946,3.8638556640466e-05
52945,3.86436410592897e-05
52944,3.86487257898997e-05
52943,3.86538108322377e-05
52942,3.86588961862453e-05
52941,3.86639818518642e-05
52940,3.86690678290363e-05
52939,3.86751457709549e-05
52938,3.86812241813189e-05
52937,3.86873030600282e-05
52936,3.8693382406983e-05
52935,3.86994622220832e-05
52934,3.87055425052287e-05
52933,3.87116232563197e-05
52932,3.8717704475256e-05
52931,3.87237861619373e-05
52930,3.87298683162635e-05
52929,3.87359509381343e-05
52928,3.87420340274496e-05
52927,3.87481175841091e-05
52926,3.87542016080122e-05
52925,3.87602860990587e-05
52924,3.8766371057148e-05
52923,3.87724564821798e-05
52922,3.87785423740536e-05
52921,3.87846287326687e-05
52920,3.87907155579245e-05
52919,3.87973154414941e-05
52918,3.88039158676395e-05
52917,3.88105168362325e-05
52916,3.88171183471452e-05
52915,3.88237204002493e-05
52914,3.88303229954166e-05
52913,3.88369261325188e-05
52912,3.88435298114275e-05
52911,3.88501340320146e-05
52910,3.88567387941514e-05
52909,3.88633440977095e-05
52908,3.88699499425604e-05
52907,3.88765563285753e-05
52906,3.88831632556257e-05
52905,3.88897707235829e-05
52904,3.88963787323181e-05
52903,3.89029872817025e-05
52902,3.8909596371607e-05
52901,3.8916206001903e-05
52900,3.89228161724613e-05
52899,3.89303906749122e-05
52898,3.89379659598126e-05
52897,3.89455420269574e-05
52896,3.89531188761416e-05
52895,3.89606965071602e-05
52894,3.89682749198079e-05
52893,3.89758541138792e-05
52892,3.89834340891687e-05
52891,3.89910148454708e-05
52890,3.89985963825796e-05
52889,3.90061787002893e-05
52888,3.9013761798394e-05
52887,3.90213456766874e-05
52886,3.90289303349634e-05
52885,3.90365157730156e-05
52884,3.90441019906375e-05
52883,3.90516889876224e-05
52882,3.90592767637637e-05
52881,3.90668653188544e-05
52880,3.90744546526876e-05
52879,3.90835877307369e-05
52878,3.90927218908874e-05
52877,3.9101857132788e-05
52876,3.91109934560877e-05
52875,3.9120130860435e-05
52874,3.91292693454783e-05
52873,3.91384089108657e-05
52872,3.9147549556245e-05
52871,3.9156691281264e-05
52870,3.916583408557e-05
52869,3.91749779688104e-05
52868,3.91841229306319e-05
52867,3.91932689706814e-05
52866,3.92024160886054e-05
52865,3.92115642840501e-05
52864,3.92207135566616e-05
52863,3.92298639060856e-05
52862,3.92390153319677e-05
52861,3.92481678339533e-05
52860,3.92573214116875e-05
52859,3.92669302901486e-05
52858,3.92765404612612e-05
52857,3.92861519245829e-05
52856,3.92957646796714e-05
52855,3.93053787260835e-05
52854,3.93149940633761e-05
52853,3.93246106911055e-05
52852,3.93342286088278e-05
52851,3.93438478160986e-05
52850,3.93534683124731e-05
52849,3.93630900975063e-05
52848,3.93727131707529e-05
52847,3.93823375317669e-05
52846,3.93919631801023e-05
52845,3.94015901153125e-05
52844,3.94112183369507e-05
52843,3.94208478445697e-05
52842,3.94304786377218e-05
52841,3.94401107159592e-05
52840,3.94497440788335e-05
52839,3.94599253434946e-05
52838,3.94701079549946e-05
52837,3.94802919128322e-05
52836,3.94904772165057e-05
52835,3.95006638655128e-05
52834,3.95108518593511e-05
52833,3.95210411975177e-05
52832,3.95312318795094e-05
52831,3.95414239048226e-05
52830,3.95516172729531e-05
52829,3.95618119833967e-05
52828,3.95720080356485e-05
52827,3.95822054292035e-05
52826,3.95924041635561e-05
52825,3.96026042382004e-05
52824,3.96128056526301e-05
52823,3.96230084063387e-05
52822,3.96332124988189e-05
52821,3.96434179295636e-05
52820,3.96536246980647e-05
52819,3.96653862426839e-05
52818,3.9677149510192e-05
52817,3.96889144998267e-05
52816,3.97006812108251e-05
52815,3.97124496424238e-05
52814,3.97242197938585e-05
52813,3.97359916643646e-05
52812,3.97477652531766e-05
52811,3.97595405595287e-05
52810,3.97713175826542e-05
52809,3.9783096321786e-05
52808,3.97948767761562e-05
52807,3.98066589449963e-05
52806,3.98184428275374e-05
52805,3.98302284230097e-05
52804,3.98420157306431e-05
52803,3.98538047496665e-05
52802,3.98655954793085e-05
52801,3.98773879187969e-05
52800,3.98891820673591e-05
52799,3.99009490248702e-05
52798,3.99127177501641e-05
52797,3.99244882424487e-05
52796,3.99362605009311e-05
52795,3.99480345248178e-05
52794,3.99598103133145e-05
52793,3.99715878656263e-05
52792,3.99833671809575e-05
52791,3.9995148258512e-05
52790,4.00069310974928e-05
52789,4.00187156971023e-05
52788,4.00305020565421e-05
52787,4.00422901750131e-05
52786,4.0054080051716e-05
52785,4.00658716858501e-05
52784,4.00776650766147e-05
52783,4.00894602232078e-05
52782,4.01012571248271e-05
52781,4.01130557806696e-05
52780,4.01248561899316e-05
52779,4.01371506350912e-05
52778,4.01494470373602e-05
52777,4.0161745395803e-05
52776,4.01740457094834e-05
52775,4.01863479774636e-05
52774,4.01986521988057e-05
52773,4.02109583725707e-05
52772,4.02232664978185e-05
52771,4.02355765736083e-05
52770,4.02478885989985e-05
52769,4.02602025730464e-05
52768,4.02725184948089e-05
52767,4.02848363633415e-05
52766,4.02971561776991e-05
52765,4.03094779369357e-05
52764,4.03218016401043e-05
52763,4.03341272862575e-05
52762,4.03464548744462e-05
52761,4.03587844037214e-05
52760,4.03711158731324e-05
52759,4.03855923623174e-05
52758,4.0400071261285e-05
52757,4.04145525686101e-05
52756,4.04290362828665e-05
52755,4.04435224026267e-05
52754,4.04580109264618e-05
52753,4.04725018529418e-05
52752,4.04869951806352e-05
52751,4.05014909081096e-05
52750,4.05159890339312e-05
52749,4.05304895566647e-05
52748,4.05449924748739e-05
52747,4.0559497787121e-05
52746,4.05740054919675e-05
52745,4.0588515587973e-05
52744,4.06030280736962e-05
52743,4.06175429476944e-05
52742,4.06320602085238e-05
52741,4.06465798547392e-05
52740,4.06611018848943e-05
52739,4.06750757748784e-05
52738,4.06890519548573e-05
52737,4.07030304235089e-05
52736,4.07170111795094e-05
52735,4.07309942215342e-05
52734,4.07449795482574e-05
52733,4.07589671583518e-05
52732,4.07729570504893e-05
52731,4.07869492233403e-05
52730,4.08009436755742e-05
52729,4.08149404058591e-05
52728,4.0828939412862e-05
52727,4.08429406952487e-05
52726,4.08569442516838e-05
52725,4.08709500808307e-05
52724,4.08849581813516e-05
52723,4.08989685519075e-05
52722,4.09129811911584e-05
52721,4.09269960977628e-05
52720,4.09410132703782e-05
52719,4.0956082948087e-05
52718,4.09711552051958e-05
52717,4.09862300400486e-05
52716,4.1001307450988e-05
52715,4.10163874363549e-05
52714,4.10314699944891e-05
52713,4.10465551237284e-05
52712,4.10616428224092e-05
52711,4.10767330888666e-05
52710,4.10918259214338e-05
52709,4.11069213184428e-05
52708,4.1122019278224e-05
52707,4.1137119799106e-05
52706,4.11522228794162e-05
52705,4.11673285174802e-05
52704,4.11824367116223e-05
52703,4.11975474601653e-05
52702,4.12126607614301e-05
52701,4.12277766137366e-05
52700,4.12428950154025e-05
52699,4.1258542712216e-05
52698,4.12741931188048e-05
52697,4.12898462333076e-05
52696,4.13055020538612e-05
52695,4.13211605786007e-05
52694,4.13368218056594e-05
52693,4.1352485733169e-05
52692,4.13681523592594e-05
52691,4.13838216820587e-05
52690,4.13994936996935e-05
52689,4.14151684102884e-05
52688,4.14308458119665e-05
52687,4.14465259028489e-05
52686,4.14622086810553e-05
52685,4.14778941447035e-05
52684,4.14935822919094e-05
52683,4.15092731207875e-05
52682,4.15249666294504e-05
52681,4.15406628160089e-05
52680,4.15563616785723e-05
52679,4.15720880781983e-05
52678,4.15878170819853e-05
52677,4.16035486880598e-05
52676,4.16192828945468e-05
52675,4.16350196995695e-05
52674,4.16507591012497e-05
52673,4.16665010977074e-05
52672,4.16822456870611e-05
52671,4.16979928674277e-05
52670,4.17137426369223e-05
52669,4.17294949936585e-05
52668,4.17452499357484e-05
52667,4.17610074613022e-05
52666,4.17767675684287e-05
52665,4.1792530255235e-05
52664,4.18082955198265e-05
52663,4.18240633603072e-05
52662,4.18398337747793e-05
52661,4.18556067613433e-05
52660,4.18713823180983e-05
52659,4.18876662523541e-05
52658,4.19039529848382e-05
52657,4.19202425134274e-05
52656,4.19365348359961e-05
52655,4.1952829950417e-05
52654,4.19691278545608e-05
52653,4.19854285462961e-05
52652,4.20017320234898e-05
52651,4.20180382840066e-05
52650,4.20343473257096e-05
52649,4.20506591464596e-05
52648,4.20669737441155e-05
52647,4.20832911165346e-05
52646,4.20996112615718e-05
52645,4.21159341770805e-05
52644,4.21322598609117e-05
52643,4.21485883109147e-05
52642,4.21649195249369e-05
52641,4.21812535008236e-05
52640,4.21975902364183e-05
52639,4.22150165702096e-05
52638,4.22324459257108e-05
52637,4.224987830035e-05
52636,4.22673136915536e-05
52635,4.22847520967451e-05
52634,4.23021935133459e-05
52633,4.23196379387751e-05
52632,4.23370853704495e-05
52631,4.23545358057836e-05
52630,4.23719892421896e-05
52629,4.23894456770773e-05
52628,4.24069051078543e-05
52627,4.24243675319258e-05
52626,4.24418329466947e-05
52625,4.24593013495618e-05
52624,4.24767727379253e-05
52623,4.24942471091812e-05
52622,4.25117244607231e-05
52621,4.25292047899426e-05
52620,4.25466880942288e-05
52619,4.25641971745833e-05
52618,4.25817091581429e-05
52617,4.25992240423024e-05
52616,4.26167418244548e-05
52615,4.26342625019906e-05
52614,4.26517860722981e-05
52613,4.26693125327637e-05
52612,4.26868418807711e-05
52611,4.27043741137024e-05
52610,4.27219092289371e-05
52609,4.27394472238525e-05
52608,4.2756988095824e-05
52607,4.27745318422244e-05
52606,4.27920784604246e-05
52605,4.28096279477933e-05
52604,4.28271803016969e-05
52603,4.28447355194996e-05
52602,4.28622935985633e-05
52601,4.28798545362481e-05
52600,4.28974183299115e-05
52599,4.29150071400662e-05
52598,4.29325987389519e-05
52597,4.29501931239202e-05
52596,4.29677902923206e-05
52595,4.29853902415006e-05
52594,4.30029929688054e-05
52593,4.30205984715783e-05
52592,4.30382067471603e-05
52591,4.30558177928904e-05
52590,4.30734316061055e-05
52589,4.30910481841404e-05
52588,4.31086675243278e-05
52587,4.31262896239981e-05
52586,4.314391448048e-05
52585,4.31615420910996e-05
52584,4.31791724531814e-05
52583,4.31968055640474e-05
52582,4.32144414210176e-05
52581,4.323208002141e-05
52580,4.32497213625405e-05
52579,4.32684172242563e-05
52578,4.32871162161085e-05
52577,4.33058183348868e-05
52576,4.3324523577378e-05
52575,4.33432319403665e-05
52574,4.33619434206336e-05
52573,4.33806580149581e-05
52572,4.33993757201159e-05
52571,4.34180965328803e-05
52570,4.34368204500217e-05
52569,4.34555474683079e-05
52568,4.34742775845039e-05
52567,4.3493010795372e-05
52566,4.35117470976716e-05
52565,4.35304864881595e-05
52564,4.35492289635899e-05
52563,4.3567974520714e-05
52562,4.35867231562803e-05
52561,4.36054748670348e-05
52560,4.36242296497204e-05
52559,4.36430292926581e-05
52558,4.36618318758374e-05
52557,4.36806373959785e-05
52556,4.36994458497992e-05
52555,4.37182572340145e-05
52554,4.3737071545337e-05
52553,4.37558887804767e-05
52552,4.3774708936141e-05
52551,4.37935320090347e-05
52550,4.38123579958603e-05
52549,4.38311868933175e-05
52548,4.38500186981034e-05
52547,4.38688534069128e-05
52546,4.38876910164376e-05
52545,4.39065315233675e-05
52544,4.39253749243894e-05
52543,4.39442212161877e-05
52542,4.39630703954443e-05
52541,4.39819224588386e-05
52540,4.40007774030472e-05
52539,4.4020175222662e-05
52538,4.40395760794866e-05
52537,4.40589799698949e-05
52536,4.40783868902578e-05
52535,4.40977968369437e-05
52534,4.41172098063179e-05
52533,4.41366257947427e-05
52532,4.4156044798578e-05
52531,4.41754668141803e-05
52530,4.41948918379038e-05
52529,4.42143198660995e-05
52528,4.42337508951156e-05
52527,4.42531849212975e-05
52526,4.42726219409878e-05
52525,4.42920619505262e-05
52524,4.43115049462496e-05
52523,4.43309509244918e-05
52522,4.43503998815843e-05
52521,4.43698518138552e-05
52520,4.43893067176301e-05
52519,4.44087645892316e-05
52518,4.44282254249794e-05
52517,4.44476892211907e-05
52516,4.44671559741794e-05
52515,4.4486625680257e-05
52514,4.45060983357318e-05
52513,4.45255739369093e-05
52512,4.45450524800925e-05
52511,4.45645339615811e-05
52510,4.45840183776725e-05
52509,4.46035057246607e-05
52508,4.46229959988371e-05
52507,4.46424891964906e-05
52506,4.46619853139065e-05
52505,4.46814843473682e-05
52504,4.47009862931554e-05
52503,4.47204911475456e-05
52502,4.47399989068131e-05
52501,4.47595095672295e-05
52500,4.47790231250636e-05
52499,4.47985777964355e-05
52498,4.4818135244609e-05
52497,4.48376954657664e-05
52496,4.48572584560865e-05
52495,4.48768242117459e-05
52494,4.48963927289183e-05
52493,4.49159640037744e-05
52492,4.49355380324827e-05
52491,4.49551148112084e-05
52490,4.49746943361144e-05
52489,4.49942766033608e-05
52488,4.50138616091047e-05
52487,4.50334493495007e-05
52486,4.50530398207006e-05
52485,4.50726330188536e-05
52484,4.5092228940106e-05
52483,4.51118275806014e-05
52482,4.51314289364808e-05
52481,4.51510330038822e-05
52480,4.51706397789414e-05
52479,4.51907940040951e-05
52478,4.52109510811344e-05
52477,4.52311110058548e-05
52476,4.52512737740485e-05
52475,4.52714393815049e-05
52474,4.52916078240104e-05
52473,4.53117790973481e-05
52472,4.53319531972984e-05
52471,4.53521301196384e-05
52470,4.53723098601423e-05
52469,4.53924924145812e-05
52468,4.54126777787232e-05
52467,4.54328659483336e-05
52466,4.54530569191742e-05
52465,4.54732506870042e-05
52464,4.54934472475795e-05
52463,4.55136465966531e-05
52462,4.55338487299752e-05
52461,4.55540536432924e-05
52460,4.55742613323488e-05
52459,4.55939435598937e-05
52458,4.56136283550179e-05
52457,4.56333157137283e-05
52456,4.56530056320287e-05
52455,4.56726981059207e-05
52454,4.56923931314027e-05
52453,4.57120907044707e-05
52452,4.57317908211179e-05
52451,4.57514934773349e-05
52450,4.57711986691097e-05
52449,4.57909063924273e-05
52448,4.58106166432702e-05
52447,4.58303294176183e-05
52446,4.58500447114487e-05
52445,4.58697625207359e-05
52444,4.58894828414517e-05
52443,4.59092056695651e-05
52442,4.59289310010426e-05
52441,4.59486588318478e-05
52440,4.5968389157942e-05
52439,4.59886696578274e-05
52438,4.60089527863597e-05
52437,4.60292385391476e-05
52436,4.60495269117962e-05
52435,4.60698178999081e-05
52434,4.60901114990825e-05
52433,4.61104077049161e-05
52432,4.61307065130024e-05
52431,4.61510079189317e-05
52430,4.61713119182916e-05
52429,4.61916185066667e-05
52428,4.62119276796385e-05
52427,4.62322394327858e-05
52426,4.62525537616841e-05
52425,4.62728706619059e-05
52424,4.62931901290212e-05
52423,4.63135121585965e-05
52422,4.63338367461958e-05
52421,4.63541638873797e-05
52420,4.6374493577706e-05
52419,4.63942937118363e-05
52418,4.64140961989253e-05
52417,4.6433901034788e-05
52416,4.64537082152368e-05
52415,4.64735177360814e-05
52414,4.6493329593129e-05
52413,4.65131437821838e-05
52412,4.65329602990478e-05
52411,4.65527791395198e-05
52410,4.65726002993965e-05
52409,4.65924237744716e-05
52408,4.66122495605361e-05
52407,4.66320776533788e-05
52406,4.66519080487852e-05
52405,4.66717407425387e-05
52404,4.66915757304198e-05
52403,4.67114130082062e-05
52402,4.67312525716735e-05
52401,4.67510944165941e-05
52400,4.6770938538738e-05
52399,4.67918857447249e-05
52398,4.68128354841779e-05
52397,4.6833787752124e-05
52396,4.68547425435868e-05
52395,4.68756998535866e-05
52394,4.68966596771404e-05
52393,4.69176220092622e-05
52392,4.69385868449622e-05
52391,4.69595541792479e-05
52390,4.69805240071233e-05
52389,4.70014963235891e-05
52388,4.70224711236427e-05
52387,4.70434484022783e-05
52386,4.70644281544871e-05
52385,4.70854103752566e-05
52384,4.71063950595713e-05
52383,4.71273822024125e-05
52382,4.71483717987578e-05
52381,4.71693638435823e-05
52380,4.71903583318573e-05
52379,4.72102677398153e-05
52378,4.72301792768962e-05
52377,4.72500929387039e-05
52376,4.72700087208392e-05
52375,4.72899266189006e-05
52374,4.73098466284836e-05
52373,4.73297687451814e-05
52372,4.73496929645844e-05
52371,4.73696192822804e-05
52370,4.73895476938546e-05
52369,4.74094781948895e-05
52368,4.74294107809648e-05
52367,4.74493454476581e-05
52366,4.74692821905438e-05
52365,4.74892210051941e-05
52364,4.75091618871782e-05
52363,4.7529104832063e-05
52362,4.75490498354127e-05
52361,4.75689968927886e-05
52360,4.75889459997498e-05
52359,4.76094500900381e-05
52358,4.76299563400928e-05
52357,4.76504647450937e-05
52356,4.76709753002173e-05
52355,4.76914880006376e-05
52354,4.77120028415257e-05
52353,4.77325198180495e-05
52352,4.77530389253743e-05
52351,4.77735601586621e-05
52350,4.77940835130725e-05
52349,4.78146089837619e-05
52348,4.78351365658837e-05
52347,4.78556662545888e-05
52346,4.78761980450247e-05
52345,4.78967319323363e-05
52344,4.79172679116656e-05
52343,4.79378059781516e-05
52342,4.79583461269307e-05
52341,4.79788883531359e-05
52340,4.79994326518977e-05
52339,4.80199640629469e-05
52338,4.80404975910704e-05
52337,4.80610332314981e-05
52336,4.80815709794571e-05
52335,4.81021108301719e-05
52334,4.81226527788639e-05
52333,4.81431968207518e-05
52332,4.81637429510513e-05
52331,4.81842911649754e-05
52330,4.82048414577342e-05
52329,4.82253938245348e-05
52328,4.82459482605817e-05
52327,4.82665047610766e-05
52326,4.82870633212178e-05
52325,4.83076239362015e-05
52324,4.83281866012206e-05
52323,4.83487513114653e-05
52322,4.83693180621231e-05
52321,4.83898868483782e-05
52320,4.84104576654126e-05
52319,4.84310448999342e-05
52318,4.84516340999473e-05
52317,4.84722252605166e-05
52316,4.84928183767037e-05
52315,4.85134134435674e-05
52314,4.8534010456164e-05
52313,4.85546094095466e-05
52312,4.85752102987656e-05
52311,4.85958131188684e-05
52310,4.86164178648998e-05
52309,4.86370245319016e-05
52308,4.86576331149128e-05
52307,4.86782436089698e-05
52306,4.86988560091056e-05
52305,4.87194703103509e-05
52304,4.87400865077335e-05
52303,4.8760704596278e-05
52302,4.87813245710067e-05
52301,4.88019464269386e-05
52300,4.88225701590902e-05
52299,4.88426394116096e-05
52298,4.88627104265926e-05
52297,4.88827831994321e-05
52296,4.89028577255181e-05
52295,4.89229340002384e-05
52294,4.89430120189782e-05
52293,4.896309177712e-05
52292,4.89831732700441e-05
52291,4.90032564931279e-05
52290,4.90233414417466e-05
52289,4.90434281112727e-05
52288,4.90635164970763e-05
52287,4.9083606594525e-05
52286,4.91036983989836e-05
52285,4.9123791905815e-05
52284,4.91438871103789e-05
52283,4.91639840080329e-05
52282,4.91840825941321e-05
52281,4.92041828640289e-05
52280,4.92242848130734e-05
52279,4.92444017326779e-05
52278,4.92645202678062e-05
52277,4.92846404136754e-05
52276,4.93047621654997e-05
52275,4.93248855184909e-05
52274,4.93450104678584e-05
52273,4.93651370088089e-05
52272,4.93852651365466e-05
52271,4.94053948462733e-05
52270,4.94255261331882e-05
52269,4.9445658992488e-05
52268,4.94657934193666e-05
52267,4.9485929409016e-05
52266,4.9506066956625e-05
52265,4.95262060573805e-05
52264,4.95463467064665e-05
52263,4.95664888990644e-05
52262,4.95866326303535e-05
52261,4.96067778955103e-05
52260,4.96269246897089e-05
52259,4.96465019716017e-05
52258,4.96660807381239e-05
52257,4.96856609849407e-05
52256,4.9705242707715e-05
52255,4.97248259021078e-05
52254,4.97444105637774e-05
52253,4.97639966883803e-05
52252,4.97835842715708e-05
52251,4.98031733090007e-05
52250,4.982276379632e-05
52249,4.98423557291762e-05
52248,4.98619491032147e-05
52247,4.98815439140788e-05
52246,4.99011401574095e-05
52245,4.99207378288457e-05
52244,4.9940336924024e-05
52243,4.99599374385789e-05
52242,4.99795393681428e-05
52241,4.99991427083458e-05
52240,5.00187474548158e-05
52239,5.00383536031786e-05
52238,5.00579611490578e-05
52237,5.00775700880748e-05
52236,5.00971804158489e-05
52235,5.01167921279972e-05
52234,5.01364052201345e-05
52233,5.01560196878736e-05
52232,5.01756355268251e-05
52231,5.01952527325973e-05
52230,5.02148713007966e-05
52229,5.0234491227027e-05
52228,5.02541125068904e-05
52227,5.02737351359866e-05
52226,5.02933591099132e-05
52225,5.03129844242657e-05
52224,5.03326110746372e-05
52223,5.0352239056619e-05
52222,5.03718683658001e-05
52221,5.03914989977672e-05
52220,5.04111309481051e-05
52219,5.04307642123963e-05
52218,5.04503987862212e-05
52217,5.0470034665158e-05
52216,5.04896718447828e-05
52215,5.05093103206697e-05
52214,5.05289500883903e-05
52213,5.05485911435144e-05
52212,5.05682334816095e-05
52211,5.05878770982411e-05
52210,5.06075219889724e-05
52209,5.06271681493645e-05
52208,5.06468155749764e-05
52207,5.06664642613651e-05
52206,5.06861142040853e-05
52205,5.07057653986895e-05
52204,5.07254178407284e-05
52203,5.07450715257502e-05
52202,5.07647264493012e-05
52201,5.07843826069256e-05
52200,5.08040399941653e-05
52199,5.08231268326352e-05
52198,5.08422148772502e-05
52197,5.08613041240061e-05
52196,5.08803945688968e-05
52195,5.08994862079142e-05
52194,5.09185790370486e-05
52193,5.09376730522883e-05
52192,5.09567682496196e-05
52191,5.09758646250271e-05
52190,5.09949621744935e-05
52189,5.10140608939997e-05
52188,5.10331607795246e-05
52187,5.10522618270452e-05
52186,5.10713640325368e-05
52185,5.10904673919728e-05
52184,5.11095719013247e-05
52183,5.11286775565622e-05
52182,5.11477843536529e-05
52181,5.11668922885631e-05
52180,5.11860013572565e-05
52179,5.12051115556956e-05
52178,5.12242228798407e-05
52177,5.12433353256503e-05
52176,5.12624488890812e-05
52175,5.12815635660882e-05
52174,5.13006793526241e-05
52173,5.13197962446404e-05
52172,5.13389142380861e-05
52171,5.13580333289088e-05
52170,5.13771535130541e-05
52169,5.13962747864657e-05
52168,5.14153971450857e-05
52167,5.14345205848541e-05
52166,5.14536451017092e-05
52165,5.14727706915874e-05
52164,5.14918973504233e-05
52163,5.15110250741497e-05
52162,5.15301538586975e-05
52161,5.15492836999958e-05
52160,5.15684145939719e-05
52159,5.15864222526877e-05
52158,5.16044308299737e-05
52157,5.16224403224208e-05
52156,5.16404507266182e-05
52155,5.16584620391542e-05
52154,5.16764742566152e-05
52153,5.16944873755865e-05
52152,5.17125013926518e-05
52151,5.17305163043934e-05
52150,5.17485321073922e-05
52149,5.17665487982277e-05
52148,5.17845663734778e-05
52147,5.18025848297194e-05
52146,5.18206041635275e-05
52145,5.18386243714758e-05
52144,5.18566454501369e-05
52143,5.18746673960816e-05
52142,5.18926902058794e-05
52141,5.19107138760985e-05
52140,5.19287384033054e-05
52139,5.19461918391308e-05
52138,5.19636461277045e-05
52137,5.19811012659631e-05
52136,5.19985572508419e-05
52135,5.20160140792749e-05
52134,5.20334717481948e-05
52133,5.20509302545331e-05
52132,5.20683895952203e-05
52131,5.20858497671852e-05
52130,5.21033107673556e-05
52129,5.21207725926583e-05
52128,5.21382352400182e-05
52127,5.21556987063596e-05
52126,5.21731629886052e-05
52125,5.21906280836767e-05
52124,5.22080939884943e-05
52123,5.2225560699977e-05
52122,5.22430282150429e-05
52121,5.22604965306084e-05
52120,5.22779656435889e-05
52119,5.2295426932955e-05
52118,5.2312889074325e-05
52117,5.23303520646582e-05
52116,5.23478159009123e-05
52115,5.2365280580044e-05
52114,5.23827460990088e-05
52113,5.24002124547604e-05
52112,5.24176796442521e-05
52111,5.24351476644351e-05
52110,5.24526165122601e-05
52109,5.2470086184676e-05
52108,5.24875566786306e-05
52107,5.25050279910706e-05
52106,5.25225001189412e-05
52105,5.25399730591867e-05
52104,5.25574468087497e-05
52103,5.25749213645719e-05
52102,5.25923967235936e-05
52101,5.26098728827539e-05
52100,5.26273498389908e-05
52099,5.26442637784833e-05
52098,5.26611784588111e-05
52097,5.26780938771954e-05
52096,5.26950100308565e-05
52095,5.27119269170138e-05
52094,5.27288445328853e-05
52093,5.2745762875688e-05
52092,5.2762681942638e-05
52091,5.277960173095e-05
52090,5.2796522237838e-05
52089,5.28134434605145e-05
52088,5.28303653961912e-05
52087,5.28472880420786e-05
52086,5.28642113953862e-05
52085,5.28811354533223e-05
52084,5.28980602130942e-05
52083,5.29149856719082e-05
52082,5.29319118269692e-05
52081,5.29488386754814e-05
52080,5.29657662146477e-05
52079,5.29826870433735e-05
52078,5.29996086182714e-05
52077,5.30165309365672e-05
52076,5.30334539954852e-05
52075,5.30503777922487e-05
52074,5.30673023240799e-05
52073,5.30842275882001e-05
52072,5.3101153581829e-05
52071,5.31180803021858e-05
52070,5.3135007746488e-05
52069,5.31519359119524e-05
52068,5.31688647957945e-05
52067,5.31857943952289e-05
52066,5.32027247074688e-05
52065,5.32196557297265e-05
52064,5.32365874592131e-05
52063,5.32535198931386e-05
52062,5.32704530287121e-05
52061,5.32873868631413e-05
52060,5.33043213936329e-05
52059,5.33201271288613e-05
52058,5.33359334695886e-05
52057,5.33517404135418e-05
52056,5.33675479584476e-05
52055,5.33833561020314e-05
52054,5.33991648420181e-05
52053,5.34149741761316e-05
52052,5.34307841020949e-05
52051,5.34465946176303e-05
52050,5.34624057204593e-05
52049,5.34782174083024e-05
52048,5.34940296788794e-05
52047,5.35098425299092e-05
52046,5.35256559591099e-05
52045,5.35414699641987e-05
52044,5.35572845428922e-05
52043,5.35730996929058e-05
52042,5.35889154119543e-05
52041,5.36047316977517e-05
52040,5.36205485480111e-05
52039,5.36357884174682e-05
52038,5.36510289237453e-05
52037,5.36662700647798e-05
52036,5.36815118385076e-05
52035,5.36967542428645e-05
52034,5.3711997275785e-05
52033,5.3727240935203e-05
52032,5.37424852190518e-05
52031,5.37577301252633e-05
52030,5.37729756517693e-05
52029,5.37882217965003e-05
52028,5.38034685573863e-05
52027,5.38187159323563e-05
52026,5.38339639193386e-05
52025,5.38492125162606e-05
52024,5.3864461721049e-05
52023,5.38797115316298e-05
52022,5.3894961945928e-05
52021,5.39102129618677e-05
52020,5.39254645773726e-05
52019,5.39401512581738e-05
52018,5.39548384973588e-05
52017,5.39695262930693e-05
52016,5.39842146434455e-05
52015,5.39989035466276e-05
52014,5.40135930007546e-05
52013,5.40282830039651e-05
52012,5.40429735543969e-05
52011,5.40576646501871e-05
52010,5.40723562894723e-05
52009,5.40870484703881e-05
52008,5.41017411910695e-05
52007,5.41164344496512e-05
52006,5.41311282442665e-05
52005,5.41458225730487e-05
52004,5.41605174341301e-05
52003,5.41752128256421e-05
52002,5.41899087457159e-05
52001,5.42046051924816e-05
52000,5.42193021640689e-05
51999,5.42339996586066e-05
51998,5.42486976742229e-05
51997,5.42633962090455e-05
51996,5.42780952612009e-05
51995,5.42927948288155e-05
51994,5.43074949100148e-05
51993,5.43221955029234e-05
51992,5.43368966056656e-05
51991,5.43515982163646e-05
51990,5.43663003331433e-05
51989,5.43810029541237e-05
51988,5.43957060774272e-05
51987,5.44104097011745e-05
51986,5.44251138234855e-05
51985,5.44398184424796e-05
51984,5.44545235562756e-05
51983,5.44692291629912e-05
51982,5.44839352607439e-05
51981,5.44986418476501e-05
51980,5.4513348921826e-05
51979,5.45274857616746e-05
51978,5.45416231082064e-05
51977,5.45557609597104e-05
51976,5.45698993144755e-05
51975,5.45840381707896e-05
51974,5.45981775269402e-05
51973,5.46123173812141e-05
51972,5.46264577318974e-05
51971,5.46405985772756e-05
51970,5.46547399156337e-05
51969,5.46688817452557e-05
51968,5.46830240644253e-05
51967,5.46971668714256e-05
51966,5.47113101645388e-05
51965,5.47254539420467e-05
51964,5.47395982022302e-05
51963,5.47537429433699e-05
51962,5.47678881637456e-05
51961,5.47820338616363e-05
51960,5.47961800353208e-05
51959,5.48097601713611e-05
51958,5.48233407509774e-05
51957,5.48369217726388e-05
51956,5.48505032348143e-05
51955,5.48640851359718e-05
51954,5.48776674745791e-05
51953,5.48912502491034e-05
51952,5.49048334580111e-05
51951,5.49184170997684e-05
51950,5.49320011728407e-05
51949,5.49455856756928e-05
51948,5.49591706067894e-05
51947,5.49727559645941e-05
51946,5.49863417475704e-05
51945,5.4999927954181e-05
51944,5.5013514582888e-05
51943,5.50271016321534e-05
51942,5.5040689100438e-05
51941,5.50542769862027e-05
51940,5.50678652879074e-05
51939,5.50797501835427e-05
51938,5.50916354626221e-05
51937,5.51035211240536e-05
51936,5.51154071667445e-05
51935,5.51272935896017e-05
51934,5.5139180391532e-05
51933,5.51510675714414e-05
51932,5.5162955128236e-05
51931,5.5174843060821e-05
51930,5.51867313681018e-05
51929,5.5198620048983e-05
51928,5.52105091023689e-05
51927,5.52223985271635e-05
51926,5.52342883222704e-05
51925,5.52461784865929e-05
51924,5.52580690190338e-05
51923,5.52699599184955e-05
51922,5.52818511838802e-05
51921,5.52937428140895e-05
51920,5.53056348080248e-05
51919,5.53186642488201e-05
51918,5.53316940516423e-05
51917,5.53447242151198e-05
51916,5.53577547378804e-05
51915,5.53707856185515e-05
51914,5.538381685576e-05
51913,5.53968484481322e-05
51912,5.54098803942941e-05
51911,5.54229126928713e-05
51910,5.54359453424888e-05
51909,5.54489783417713e-05
51908,5.54620116893428e-05
51907,5.5475045383827e-05
51906,5.54880794238473e-05
51905,5.55011138080263e-05
51904,5.55141485349864e-05
51903,5.55271836033494e-05
51902,5.55402190117367e-05
51901,5.55532547587693e-05
51900,5.55662908430677e-05
51899,5.55776229677573e-05
51898,5.55889554089037e-05
51897,5.56002881655388e-05
51896,5.56116212366944e-05
51895,5.56229546214017e-05
51894,5.56342883186919e-05
51893,5.56456223275956e-05
51892,5.56569566471432e-05
51891,5.56682912763648e-05
51890,5.56796262142902e-05
51889,5.56909614599489e-05
51888,5.570229701237e-05
51887,5.57136328705822e-05
51886,5.57249690336141e-05
51885,5.5736305500494e-05
51884,5.57476422702496e-05
51883,5.57589793419086e-05
51882,5.57703167144983e-05
51881,5.57816543870454e-05
51880,5.57929923585768e-05
51879,5.58043284987257e-05
51878,5.581566497731e-05
51877,5.58270017932999e-05
51876,5.58383389456657e-05
51875,5.5849676433377e-05
51874,5.58610142554032e-05
51873,5.58723524107133e-05
51872,5.58836908982761e-05
51871,5.58950297170597e-05
51870,5.59063688660322e-05
51869,5.5917708344161e-05
51868,5.59290481504135e-05
51867,5.59403882837564e-05
51866,5.59517287431563e-05
51865,5.59630695275793e-05
51864,5.59744106359913e-05
51863,5.59857520673575e-05
51862,5.59970938206431e-05
51861,5.60084358948128e-05
51860,5.60197782888309e-05
51859,5.60305567807454e-05
51858,5.60413354940175e-05
51857,5.60521144278367e-05
51856,5.60628935813927e-05
51855,5.60736729538746e-05
51854,5.60844525444714e-05
51853,5.6095232352372e-05
51852,5.61060123767648e-05
51851,5.61167926168384e-05
51850,5.61275730717806e-05
51849,5.61383537407794e-05
51848,5.61491346230227e-05
51847,5.61599157176975e-05
51846,5.61706970239914e-05
51845,5.6181478541091e-05
51844,5.61922602681832e-05
51843,5.62030422044547e-05
51842,5.62138243490915e-05
51841,5.62246067012799e-05
51840,5.62353892602056e-05
51839,5.62461706872783e-05
51838,5.62569523573847e-05
51837,5.6267734269667e-05
51836,5.62785164232677e-05
51835,5.62892988173284e-05
51834,5.6300081450991e-05
51833,5.63108643233969e-05
51832,5.63216474336871e-05
51831,5.63324307810027e-05
51830,5.63432143644842e-05
51829,5.6353998183272e-05
51828,5.63647822365063e-05
51827,5.63755665233268e-05
51826,5.63863510428733e-05
51825,5.63971357942849e-05
51824,5.64079207767008e-05
51823,5.64187059892598e-05
51822,5.64294914311005e-05
51821,5.64402771013612e-05
51820,5.64510629991799e-05
51819,5.64612811741356e-05
51818,5.64714995611277e-05
51817,5.64817181594108e-05
51816,5.64919369682393e-05
51815,5.65021559868671e-05
51814,5.65123752145481e-05
51813,5.65225946505359e-05
51812,5.65328142940839e-05
51811,5.65430341444454e-05
51810,5.65532542008733e-05
51809,5.65634744626204e-05
51808,5.65736949289392e-05
51807,5.65839155990821e-05
51806,5.65941364723012e-05
51805,5.66043575478483e-05
51804,5.66145788249753e-05
51803,5.66248003029335e-05
51802,5.6635021980974e-05
51801,5.66452438583483e-05
51800,5.66554659343068e-05
51799,5.66645520495278e-05
51798,5.66736383376937e-05
51797,5.66827247982556e-05
51796,5.66918114306645e-05
51795,5.67008982343712e-05
51794,5.67099852088264e-05
51793,5.67190723534804e-05
51792,5.67281596677838e-05
51791,5.67372471511867e-05
51790,5.67463348031392e-05
51789,5.67554226230912e-05
51788,5.67645106104924e-05
51787,5.67735987647925e-05
51786,5.67826870854409e-05
51785,5.6791775571887e-05
51784,5.680086422358e-05
51783,5.68099530399688e-05
51782,5.68190420205024e-05
51781,5.68281311646295e-05
51780,5.68372204717986e-05
51779,5.68463102485559e-05
51778,5.68554001569019e-05
51777,5.68644901963233e-05
51776,5.68735803663063e-05
51775,5.68826706663372e-05
51774,5.68917610959023e-05
51773,5.69008516544872e-05
51772,5.69099423415781e-05
51771,5.69190331566606e-05
51770,5.69281240992205e-05
51769,5.69372151687431e-05
51768,5.69463063647137e-05
51767,5.69553976866179e-05
51766,5.69644891339405e-05
51765,5.69735807061667e-05
51764,5.69826724027814e-05
51763,5.69917642232692e-05
51762,5.70008561671148e-05
51761,5.70099482338028e-05
51760,5.70190404228176e-05
51759,5.70275644591228e-05
51758,5.70360886090789e-05
51757,5.70446128722531e-05
51756,5.70531372482122e-05
51755,5.70616617365235e-05
51754,5.70701863367535e-05
51753,5.70787110484693e-05
51752,5.70872358712373e-05
51751,5.70957608046241e-05
51750,5.71042858481963e-05
51749,5.71128110015202e-05
51748,5.7121336264162e-05
51747,5.71298616356879e-05
51746,5.71383871156639e-05
51745,5.71469127036561e-05
51744,5.71554383992303e-05
51743,5.71639642019522e-05
51742,5.71724901113876e-05
51741,5.7181016127102e-05
51740,5.71895422486609e-05
51739,5.71980682033453e-05
51738,5.7206594235278e-05
51737,5.72151203440516e-05
51736,5.72236465292589e-05
51735,5.72321727904924e-05
51734,5.72406991273447e-05
51733,5.72492255394081e-05
51732,5.7257752026275e-05
51731,5.72662785875377e-05
51730,5.72748052227884e-05
51729,5.72833319316191e-05
51728,5.72918587136218e-05
51727,5.73003855683885e-05
51726,5.73089124955111e-05
51725,5.73174394945812e-05
51724,5.73259665651906e-05
51723,5.7334493706931e-05
51722,5.73430209193937e-05
51721,5.73515482021702e-05
51720,5.7360075554852e-05
51719,5.73680345897377e-05
51718,5.73759936899645e-05
51717,5.73839528551958e-05
51716,5.73919120850949e-05
51715,5.73998713793249e-05
51714,5.74078307375491e-05
51713,5.74157901594306e-05
51712,5.74237496446324e-05
51711,5.74317091928177e-05
51710,5.7439668803649e-05
51709,5.74476284767895e-05
51708,5.74555882119019e-05
51707,5.74635480086489e-05
51706,5.74715078666932e-05
51705,5.74794677856973e-05
51704,5.74874277653238e-05
51703,5.74953878052352e-05
51702,5.75033479050938e-05
51701,5.75113080645621e-05
51700,5.75192682833022e-05
51699,5.75266593371919e-05
51698,5.75340504230227e-05
51697,5.75414415405363e-05
51696,5.75488326894748e-05
51695,5.75562238695798e-05
51694,5.7563615080593e-05
51693,5.75710063222561e-05
51692,5.75783975943106e-05
51691,5.75857888964982e-05
51690,5.75931802285605e-05
51689,5.76005715902389e-05
51688,5.76079629812749e-05
51687,5.76153544014099e-05
51686,5.76227458503853e-05
51685,5.76301373279425e-05
51684,5.76375288338227e-05
51683,5.76449203677673e-05
51682,5.76523119295172e-05
51681,5.76597035188139e-05
51680,5.76670951353985e-05
51679,5.7674485738935e-05
51678,5.76818763453905e-05
51677,5.76892669545143e-05
51676,5.76966575660558e-05
51675,5.77040481797644e-05
51674,5.77114387953894e-05
51673,5.77188294126798e-05
51672,5.77262200313849e-05
51671,5.77336106512539e-05
51670,5.7741001272036e-05
51669,5.77483918934802e-05
51668,5.77557825153356e-05
51667,5.77631731373512e-05
51666,5.7770563759276e-05
51665,5.7777954380859e-05
51664,5.77853450018491e-05
51663,5.77927356219952e-05
51662,5.78001262410461e-05
51661,5.78075168587507e-05
51660,5.78149074748577e-05
51659,5.7821729678823e-05
51658,5.78285518827181e-05
51657,5.78353740863451e-05
51656,5.78421962895058e-05
51655,5.78490184920023e-05
51654,5.78558406936365e-05
51653,5.78626628942105e-05
51652,5.78694850935261e-05
51651,5.78763072913852e-05
51650,5.78831294875897e-05
51649,5.78899516819413e-05
51648,5.7896773874242e-05
51647,5.79035960642936e-05
51646,5.79104182518976e-05
51645,5.7917240436856e-05
51644,5.79240626189704e-05
51643,5.79308847980424e-05
51642,5.79377069738739e-05
51641,5.79445291462664e-05
51640,5.79513513150214e-05
51639,5.79581734799406e-05
51638,5.79649956408256e-05
51637,5.79718177974779e-05
51636,5.7978639949699e-05
51635,5.79854620972903e-05
51634,5.79922842400534e-05
51633,5.79991063777897e-05
51632,5.80059285103007e-05
51631,5.80127506373875e-05
51630,5.80195727588517e-05
51629,5.80263948744945e-05
51628,5.80332169841173e-05
51627,5.80400390875215e-05
51626,5.80468611845081e-05
51625,5.80536832748785e-05
51624,5.80605053584338e-05
51623,5.80673274349753e-05
51622,5.80741495043042e-05
51621,5.80809715662215e-05
51620,5.80877936205283e-05
51619,5.80940438665532e-05
51618,5.81002940661584e-05
51617,5.8106544219184e-05
51616,5.81127943254698e-05
51615,5.81190443848562e-05
51614,5.8125294397183e-05
51613,5.81315443622902e-05
51612,5.81377942800179e-05
51611,5.81440441502059e-05
51610,5.81502939726944e-05
51609,5.81565437473233e-05
51608,5.81627934739323e-05
51607,5.81690431523616e-05
51606,5.81752927824509e-05
51605,5.81815423640403e-05
51604,5.81877918969695e-05
51603,5.81940413810784e-05
51602,5.8200290816207e-05
51601,5.82065402021948e-05
51600,5.8212789538882e-05
51599,5.8218472467999e-05
51598,5.82241553735499e-05
51597,5.82298382554197e-05
51596,5.8235521113493e-05
51595,5.82412039476548e-05
51594,5.82468867577897e-05
51593,5.82525695437825e-05
51592,5.82582523055179e-05
51591,5.82639350428806e-05
51590,5.82696177557555e-05
51589,5.82753004440272e-05
51588,5.82809831075803e-05
51587,5.82866657462997e-05
51586,5.82923483600699e-05
51585,5.82980309487756e-05
51584,5.83037135123016e-05
51583,5.83093960505324e-05
51582,5.83150785633526e-05
51581,5.8320761050647e-05
51580,5.83264435123001e-05
51579,5.83315534639837e-05
51578,5.83366633593259e-05
51577,5.83417731982258e-05
51576,5.83468829805829e-05
51575,5.83519927062962e-05
51574,5.83571023752651e-05
51573,5.8362211987389e-05
51572,5.8367321542567e-05
51571,5.83724310406983e-05
51570,5.83775404816822e-05
51569,5.83826498654179e-05
51568,5.83877591918047e-05
51567,5.83928684607416e-05
51566,5.83979776721281e-05
51565,5.84030868258632e-05
51564,5.84081959218461e-05
51563,5.84133049599762e-05
51562,5.84184139401524e-05
51561,5.8423522862274e-05
51560,5.84286317262402e-05
51559,5.84337428375166e-05
51558,5.84388539086376e-05
51557,5.84439649395137e-05
51556,5.84490759300555e-05
51555,5.84541868801735e-05
51554,5.84592977897783e-05
51553,5.84644086587805e-05
51552,5.84695194870904e-05
51551,5.84746302746189e-05
51550,5.84797410212763e-05
51549,5.84848517269731e-05
51548,5.84899623916199e-05
51547,5.84950730151271e-05
51546,5.85001835974054e-05
51545,5.85052941383651e-05
51544,5.85104046379168e-05
51543,5.8515515095971e-05
51542,5.8520625512438e-05
51541,5.85257358872285e-05
51540,5.85308462202528e-05
51539,5.85353859437888e-05
51538,5.85399256159933e-05
51537,5.85444652367928e-05
51536,5.85490048061137e-05
51535,5.85535443238822e-05
51534,5.85580837900247e-05
51533,5.85626232044677e-05
51532,5.85671625671372e-05
51531,5.857170187796e-05
51530,5.85762411368621e-05
51529,5.858078034377e-05
51528,5.85853194986099e-05
51527,5.85898586013082e-05
51526,5.85943976517912e-05
51525,5.85989366499853e-05
51524,5.86034755958167e-05
51523,5.86080144892118e-05
51522,5.86125533300967e-05
51521,5.86170921183979e-05
51520,5.86216308540417e-05
51519,5.86267348782858e-05
51518,5.86318388211522e-05
51517,5.86369426825218e-05
51516,5.86420464622759e-05
51515,5.86471501602952e-05
51514,5.86522537764608e-05
51513,5.86573573106539e-05
51512,5.86624607627552e-05
51511,5.86675641326459e-05
51510,5.86726674202069e-05
51509,5.86777706253191e-05
51508,5.86828737478636e-05
51507,5.86879767877212e-05
51506,5.8693079744773e-05
51505,5.86981826188998e-05
51504,5.87032854099826e-05
51503,5.87083881179023e-05
51502,5.87134907425399e-05
51501,5.87185932837762e-05
51500,5.87236957414921e-05
51499,5.87276623619561e-05
51498,5.87316289212382e-05
51497,5.87355954192727e-05
51496,5.87395618559937e-05
51495,5.87435282313357e-05
51494,5.87474945452328e-05
51493,5.87514607976193e-05
51492,5.87554269884296e-05
51491,5.87593931175977e-05
51490,5.87633591850581e-05
51489,5.87673251907449e-05
51488,5.87712911345924e-05
51487,5.87752570165349e-05
51486,5.87792228365065e-05
51485,5.87831885944416e-05
51484,5.87871542902743e-05
51483,5.87911199239389e-05
51482,5.87950854953698e-05
51481,5.87990510045009e-05
51480,5.88030164512665e-05
51479,5.88075496051965e-05
51478,5.88120826853843e-05
51477,5.88166156917403e-05
51476,5.88211486241748e-05
51475,5.88256814825982e-05
51474,5.88302142669208e-05
51473,5.88347469770529e-05
51472,5.88392796129048e-05
51471,5.88438121743869e-05
51470,5.88483446614095e-05
51469,5.8852877073883e-05
51468,5.88574094117175e-05
51467,5.88619416748234e-05
51466,5.8866473863111e-05
51465,5.88710059764907e-05
51464,5.88755380148726e-05
51463,5.88800699781671e-05
51462,5.88846018662844e-05
51461,5.88891336791348e-05
51460,5.88936654166286e-05
51459,5.88970617745546e-05
51458,5.89004580793499e-05
51457,5.89038543309676e-05
51456,5.89072505293606e-05
51455,5.8910646674482e-05
51454,5.89140427662848e-05
51453,5.89174388047217e-05
51452,5.8920834789746e-05
51451,5.89242307213105e-05
51450,5.89276265993683e-05
51449,5.89310224238723e-05
51448,5.89344181947754e-05
51447,5.89378139120308e-05
51446,5.89412095755912e-05
51445,5.89446051854098e-05
51444,5.89480007414394e-05
51443,5.8951396243633e-05
51442,5.89547916919437e-05
51441,5.89581870863242e-05
51440,5.89615824267277e-05
51439,5.89649777131071e-05
51438,5.89683729454152e-05
51437,5.89717681236052e-05
51436,5.89751632476298e-05
51435,5.89785583174422e-05
51434,5.89819533329951e-05
51433,5.89853482942416e-05
51432,5.89887432011346e-05
51431,5.8992138053627e-05
51430,5.89955328516718e-05
51429,5.8998927595222e-05
51428,5.90023222842303e-05
51427,5.90057169186499e-05
51426,5.90091114984336e-05
51425,5.90125060235343e-05
51424,5.90159004939051e-05
51423,5.90192949094986e-05
51422,5.90226892702681e-05
51421,5.90260835761662e-05
51420,5.90294778271461e-05
51419,5.90323045837536e-05
51418,5.90351312958301e-05
51417,5.90379579633428e-05
51416,5.90407845862594e-05
51415,5.90436111645471e-05
51414,5.90464376981735e-05
51413,5.9049264187106e-05
51412,5.90520906313121e-05
51411,5.90549170307591e-05
51410,5.90577433854145e-05
51409,5.90605696952458e-05
51408,5.90633959602204e-05
51407,5.90662221803057e-05
51406,5.90690483554692e-05
51405,5.90718744856782e-05
51404,5.90747005709003e-05
51403,5.90775266111028e-05
51402,5.90803526062531e-05
51401,5.90831785563188e-05
51400,5.90860044612673e-05
51399,5.90893976589229e-05
51398,5.90927908007346e-05
51397,5.90961838866553e-05
51396,5.90995769166378e-05
51395,5.91029698906351e-05
51394,5.91063628086e-05
51393,5.91097556704854e-05
51392,5.91131484762442e-05
51391,5.91165412258291e-05
51390,5.91199339191932e-05
51389,5.91233265562893e-05
51388,5.91267191370701e-05
51387,5.91301116614887e-05
51386,5.91335041294977e-05
51385,5.91368965410503e-05
51384,5.91402888960991e-05
51383,5.91436811945969e-05
51382,5.91470734364968e-05
51381,5.91504656217515e-05
51380,5.91538577503139e-05
51379,5.91572535923193e-05
51378,5.91606493922983e-05
51377,5.91640451502157e-05
51376,5.91674408660357e-05
51375,5.91708365397231e-05
51374,5.91742321712422e-05
51373,5.91776277605576e-05
51372,5.91810233076338e-05
51371,5.91844188124353e-05
51370,5.91878142749266e-05
51369,5.91912096950722e-05
51368,5.91946050728366e-05
51367,5.91980004081843e-05
51366,5.92013957010797e-05
51365,5.92047909514875e-05
51364,5.92081861593721e-05
51363,5.92115813246979e-05
51362,5.92149764474295e-05
51361,5.92183715275313e-05
51360,5.9221766564968e-05
51359,5.92240272923266e-05
51358,5.92262879940757e-05
51357,5.92285486702012e-05
51356,5.92308093206892e-05
51355,5.92330699455256e-05
51354,5.92353305446966e-05
51353,5.92375911181882e-05
51352,5.92398516659862e-05
51351,5.92421121880769e-05
51350,5.92443726844461e-05
51349,5.92466331550799e-05
51348,5.92488935999643e-05
51347,5.92511540190853e-05
51346,5.9253414412429e-05
51345,5.92556747799813e-05
51344,5.92579351217282e-05
51343,5.92601954376559e-05
51342,5.92624557277501e-05
51341,5.92647159919972e-05
51340,5.92669762303829e-05
51339,5.92698034996498e-05
51338,5.92726307348036e-05
51337,5.92754579358211e-05
51336,5.92782851026795e-05
51335,5.92811122353559e-05
51334,5.92839393338272e-05
51333,5.92867663980705e-05
51332,5.92895934280628e-05
51331,5.92924204237812e-05
51330,5.92952473852028e-05
51329,5.92980743123044e-05
51328,5.93009012050633e-05
51327,5.93037280634564e-05
51326,5.93065548874608e-05
51325,5.93093816770535e-05
51324,5.93122084322115e-05
51323,5.93150351529118e-05
51322,5.93178618391316e-05
51321,5.93206884908479e-05
51320,5.93235151080375e-05
51319,5.93263499694374e-05
51318,5.93291848191324e-05
51317,5.93320196571079e-05
51316,5.93348544833494e-05
51315,5.93376892978421e-05
51314,5.93405241005714e-05
51313,5.93433588915228e-05
51312,5.93461936706816e-05
51311,5.93490284380331e-05
51310,5.93518631935628e-05
51309,5.9354697937256e-05
51308,5.93575326690981e-05
51307,5.93603673890744e-05
51306,5.93632020971704e-05
51305,5.93660367933713e-05
51304,5.93688714776626e-05
51303,5.93717061500296e-05
51302,5.93745408104578e-05
51301,5.93773754589323e-05
51300,5.93802100954387e-05
51299,5.93830404773873e-05
51298,5.93858708364304e-05
51297,5.93887011725511e-05
51296,5.93915314857324e-05
51295,5.93943617759571e-05
51294,5.93971920432084e-05
51293,5.94000222874692e-05
51292,5.94028525087224e-05
51291,5.9405682706951e-05
51290,5.9408512882138e-05
51289,5.94113430342664e-05
51288,5.94141731633192e-05
51287,5.94170032692793e-05
51286,5.94198333521297e-05
51285,5.94226634118533e-05
51284,5.94254934484332e-05
51283,5.94283234618524e-05
51282,5.94311534520937e-05
51281,5.94339834191402e-05
51280,5.94368133629747e-05
51279,5.94385139313033e-05
51278,5.94402144952079e-05
51277,5.94419150546852e-05
51276,5.94436156097325e-05
51275,5.94453161603462e-05
51274,5.94470167065234e-05
51273,5.94487172482608e-05
51272,5.94504177855552e-05
51271,5.94521183184037e-05
51270,5.94538188468028e-05
51269,5.94555193707496e-05
51268,5.94572198902407e-05
51267,5.9458920405273e-05
51266,5.94606209158435e-05
51265,5.94623214219489e-05
51264,5.94640219235861e-05
51263,5.94657224207519e-05
51262,5.9467422913443e-05
51261,5.94691234016565e-05
51260,5.9470823885389e-05
51259,5.9473095608238e-05
51258,5.9475367330842e-05
51257,5.94776390531924e-05
51256,5.9479910775281e-05
51255,5.94821824970991e-05
51254,5.94844542186384e-05
51253,5.94867259398905e-05
51252,5.94889976608468e-05
51251,5.9491269381499e-05
51250,5.94935411018386e-05
51249,5.94958128218572e-05
51248,5.94980845415464e-05
51247,5.95003562608976e-05
51246,5.95026279799026e-05
51245,5.95048996985526e-05
51244,5.95071714168395e-05
51243,5.95094431347547e-05
51242,5.95117148522898e-05
51241,5.95139865694363e-05
51240,5.95162582861858e-05
51239,5.95191012990577e-05
51238,5.9521944317633e-05
51237,5.95247873418919e-05
51236,5.95276303718141e-05
51235,5.95304734073796e-05
51234,5.95333164485685e-05
51233,5.95361594953605e-05
51232,5.95390025477358e-05
51231,5.95418456056741e-05
51230,5.95446886691555e-05
51229,5.95475317381599e-05
51228,5.95503748126673e-05
51227,5.95532178926575e-05
51226,5.95560609781104e-05
51225,5.95589040690061e-05
51224,5.95617471653245e-05
51223,5.95645902670454e-05
51222,5.95674333741489e-05
51221,5.95702764866148e-05
51220,5.9573119604423e-05
51219,5.95754004984477e-05
51218,5.95776814036127e-05
51217,5.95799623198998e-05
51216,5.95822432472913e-05
51215,5.95845241857688e-05
51214,5.95868051353145e-05
51213,5.95890860959105e-05
51212,5.95913670675387e-05
51211,5.95936480501811e-05
51210,5.95959290438196e-05
51209,5.95982100484363e-05
51208,5.96004910640132e-05
51207,5.96027720905322e-05
51206,5.96050531279754e-05
51205,5.96073341763246e-05
51204,5.96096152355619e-05
51203,5.96118963056693e-05
51202,5.96141773866287e-05
51201,5.96164584784223e-05
51200,5.96187395810317e-05
51199,5.96210253087922e-05
51198,5.9623311051334e-05
51197,5.96255968086306e-05
51196,5.96278825806557e-05
51195,5.96301683673828e-05
51194,5.96324541687856e-05
51193,5.96347399848379e-05
51192,5.96370258155131e-05
51191,5.96393116607851e-05
51190,5.96415975206271e-05
51189,5.96438833950131e-05
51188,5.96461692839166e-05
51187,5.96484551873111e-05
51186,5.96507411051704e-05
51185,5.96530270374678e-05
51184,5.96553129841772e-05
51183,5.96575989452722e-05
51182,5.96598849207261e-05
51181,5.96621709105128e-05
51180,5.96644569146057e-05
51179,5.96667475801197e-05
51178,5.9669038262551e-05
51177,5.96713289618625e-05
51176,5.96736196780175e-05
51175,5.96759104109788e-05
51174,5.96782011607095e-05
51173,5.96804919271728e-05
51172,5.96827827103314e-05
51171,5.96850735101486e-05
51170,5.96873643265873e-05
51169,5.96896551596105e-05
51168,5.96919460091812e-05
51167,5.96942368752624e-05
51166,5.96965277578172e-05
51165,5.96988186568083e-05
51164,5.97011095721989e-05
51163,5.9703400503952e-05
51162,5.97056914520303e-05
51161,5.97079824163971e-05
51160,5.9710273397015e-05
51159,5.9711997475654e-05
51158,5.97137215642196e-05
51157,5.97154456626869e-05
51156,5.97171697710311e-05
51155,5.97188938892271e-05
51154,5.972061801725e-05
51153,5.97223421550749e-05
51152,5.97240663026766e-05
51151,5.97257904600303e-05
51150,5.97275146271111e-05
51149,5.97292388038938e-05
51148,5.97309629903536e-05
51147,5.97326871864653e-05
51146,5.97344113922042e-05
51145,5.9736135607545e-05
51144,5.97378598324629e-05
51143,5.97395840669328e-05
51142,5.97413083109296e-05
51141,5.97430325644285e-05
51140,5.97447568274043e-05
51139,5.97464857635131e-05
51138,5.97482147082051e-05
51137,5.97499436614459e-05
51136,5.97516726232019e-05
51135,5.97534015934387e-05
51134,5.97551305721223e-05
51133,5.97568595592186e-05
51132,5.97585885546934e-05
51131,5.97603175585128e-05
51130,5.97620465706425e-05
51129,5.97637755910485e-05
51128,5.97655046196967e-05
51127,5.97672336565526e-05
51126,5.97689627015825e-05
51125,5.97706917547521e-05
51124,5.97724208160271e-05
51123,5.97741498853735e-05
51122,5.97758789627569e-05
51121,5.97776080481434e-05
51120,5.97793371414986e-05
51119,5.97810708905946e-05
51118,5.97828046453733e-05
51117,5.97845384057904e-05
51116,5.97862721718013e-05
51115,5.97880059433615e-05
51114,5.97897397204263e-05
51113,5.97914735029512e-05
51112,5.97932072908914e-05
51111,5.97949410842027e-05
51110,5.97966748828401e-05
51109,5.97984086867592e-05
51108,5.98001424959153e-05
51107,5.98018763102635e-05
51106,5.98036101297595e-05
51105,5.98053439543584e-05
51104,5.98070777840155e-05
51103,5.98088116186862e-05
51102,5.98105454583256e-05
51101,5.98122793028892e-05
51100,5.9814013152332e-05
51099,5.98163141823208e-05
51098,5.9818615226684e-05
51097,5.98209162853565e-05
51096,5.98232173582735e-05
51095,5.98255184453697e-05
51094,5.98278195465803e-05
51093,5.98301206618402e-05
51092,5.98324217910842e-05
51091,5.98347229342474e-05
51090,5.98370240912646e-05
51089,5.98393252620707e-05
51088,5.98416264466007e-05
51087,5.98439276447892e-05
51086,5.98462288565712e-05
51085,5.98485300818815e-05
51084,5.98508313206549e-05
51083,5.98531325728262e-05
51082,5.98554338383301e-05
51081,5.98577351171015e-05
51080,5.98600364090749e-05
51079,5.9861765842464e-05
51078,5.98634952821483e-05
51077,5.98652247280932e-05
51076,5.98669541802644e-05
51075,5.98686836386271e-05
51074,5.98704131031468e-05
51073,5.98721425737888e-05
51072,5.98738720505184e-05
51071,5.98756015333012e-05
51070,5.98773310221025e-05
51069,5.98790605168876e-05
51068,5.98807900176219e-05
51067,5.98825195242706e-05
51066,5.98842490367993e-05
51065,5.98859785551733e-05
51064,5.98877080793577e-05
51063,5.9889437609318e-05
51062,5.98911671450193e-05
51061,5.98928966864272e-05
51060,5.98946262335069e-05
51059,5.98969323050424e-05
51058,5.9899238386517e-05
51057,5.99015444778484e-05
51056,5.99038505789542e-05
51055,5.9906156689752e-05
51054,5.99084628101594e-05
51053,5.99107689400941e-05
51052,5.99130750794734e-05
51051,5.99153812282151e-05
51050,5.99176873862365e-05
51049,5.99199935534551e-05
51048,5.99222997297885e-05
51047,5.99246059151539e-05
51046,5.9926912109469e-05
51045,5.99292183126509e-05
51044,5.9931524524617e-05
51043,5.99338307452849e-05
51042,5.99361369745715e-05
51041,5.99384432123945e-05
51040,5.99407494586708e-05
51039,5.99424837082296e-05
51038,5.99442179596113e-05
51037,5.99459522127701e-05
51036,5.99476864676608e-05
51035,5.99494207242375e-05
51034,5.99511549824548e-05
51033,5.9952889242267e-05
51032,5.99546235036284e-05
51031,5.99563577664936e-05
51030,5.99580920308167e-05
51029,5.99598262965522e-05
51028,5.99615605636543e-05
51027,5.99632948320773e-05
51026,5.99650291017756e-05
51025,5.99667633727035e-05
51024,5.99684976448152e-05
51023,5.9970231918065e-05
51022,5.9971966192407e-05
51021,5.99737004677957e-05
51020,5.99754347441852e-05
51019,5.99777320347074e-05
51018,5.99800293358338e-05
51017,5.9982326647513e-05
51016,5.9984623969694e-05
51015,5.99869213023257e-05
51014,5.99892186453568e-05
51013,5.99915159987363e-05
51012,5.99938133624128e-05
51011,5.99961107363353e-05
51010,5.99984081204524e-05
51009,6.00007055147131e-05
51008,6.00030029190661e-05
51007,6.00053003334601e-05
51006,6.0007597757844e-05
51005,6.00098951921663e-05
51004,6.00121926363759e-05
51003,6.00144900904217e-05
51002,6.0016787554252e-05
51001,6.00190850278159e-05
51000,6.00213825110618e-05
50999,6.00231078890804e-05
50998,6.00248332720579e-05
50997,6.00265586599683e-05
50996,6.0028284052786e-05
50995,6.00300094504851e-05
50994,6.00317348530398e-05
50993,6.00334602604241e-05
50992,6.00351856726122e-05
50991,6.00369110895784e-05
50990,6.00386365112967e-05
50989,6.00403619377412e-05
50988,6.00420873688862e-05
50987,6.00438128047056e-05
50986,6.00455382451737e-05
50985,6.00472636902646e-05
50984,6.00489891399523e-05
50983,6.00507145942111e-05
50982,6.00524400530148e-05
50981,6.00541655163379e-05
50980,6.00558909841542e-05
50979,6.00581795976415e-05
50978,6.00604682190102e-05
50977,6.00627568482329e-05
50976,6.00650454852824e-05
50975,6.00673341301313e-05
50974,6.00696227827523e-05
50973,6.00719114431182e-05
50972,6.00742001112014e-05
50971,6.00764887869748e-05
50970,6.00787774704109e-05
50969,6.00810661614824e-05
50968,6.0083354860162e-05
50967,6.00856435664223e-05
50966,6.00879322802361e-05
50965,6.00902210015757e-05
50964,6.0092509730414e-05
50963,6.00947984667237e-05
50962,6.00970872104772e-05
50961,6.00993759616473e-05
50960,6.01016647202065e-05
50959,6.01039534861275e-05
50958,6.0106242259383e-05
50957,6.01085310399454e-05
50956,6.01108198277876e-05
50955,6.01131086228819e-05
50954,6.01153974252011e-05
50953,6.01176862347178e-05
50952,6.01199750514044e-05
50951,6.01222638752338e-05
50950,6.01245527061783e-05
50949,6.01268415442106e-05
50948,6.01291303893035e-05
50947,6.01314192414292e-05
50946,6.01337081005606e-05
50945,6.013599696667e-05
50944,6.01382858397301e-05
50943,6.01405747197136e-05
50942,6.01428636065929e-05
50941,6.01451525003406e-05
50940,6.01474414009292e-05
50939,6.0149721227045e-05
50938,6.01520010542514e-05
50937,6.01542808825359e-05
50936,6.01565607118863e-05
50935,6.01588405422899e-05
50934,6.01611203737344e-05
50933,6.01634002062076e-05
50932,6.01656800396967e-05
50931,6.01679598741897e-05
50930,6.01702397096739e-05
50929,6.01725195461371e-05
50928,6.01747993835667e-05
50927,6.01770792219504e-05
50926,6.01793590612758e-05
50925,6.01816389015304e-05
50924,6.01839187427019e-05
50923,6.01861985847778e-05
50922,6.01884784277457e-05
50921,6.01907582715932e-05
50920,6.01930381163079e-05
50919,6.01958810473706e-05
50918,6.01987239704589e-05
50917,6.02015668855567e-05
50916,6.02044097926478e-05
50915,6.02072526917163e-05
50914,6.02100955827459e-05
50913,6.02129384657207e-05
50912,6.02157813406244e-05
50911,6.02186242074411e-05
50910,6.02214670661545e-05
50909,6.02243099167486e-05
50908,6.02271527592073e-05
50907,6.02299955935144e-05
50906,6.02328384196539e-05
50905,6.02356812376097e-05
50904,6.02385240473656e-05
50903,6.02413668489056e-05
50902,6.02442096422135e-05
50901,6.02470524272733e-05
50900,6.02498952040687e-05
50899,6.02521610379695e-05
50898,6.02544268539709e-05
50897,6.02566926520632e-05
50896,6.02589584322372e-05
50895,6.02612241944836e-05
50894,6.02634899387929e-05
50893,6.02657556651558e-05
50892,6.0268021373563e-05
50891,6.02702870640051e-05
50890,6.02725527364726e-05
50889,6.02748183909563e-05
50888,6.02770840274468e-05
50887,6.02793496459346e-05
50886,6.02816152464106e-05
50885,6.02838808288652e-05
50884,6.02861463932891e-05
50883,6.0288411939673e-05
50882,6.02906774680074e-05
50881,6.02929429782831e-05
50880,6.02952084704906e-05
50879,6.02980462357432e-05
50878,6.03008839845833e-05
50877,6.03037217169963e-05
50876,6.0306559432967e-05
50875,6.03093971324808e-05
50874,6.03122348155226e-05
50873,6.03150724820776e-05
50872,6.03179101321309e-05
50871,6.03207477656676e-05
50870,6.03235853826728e-05
50869,6.03264229831316e-05
50868,6.03292605670292e-05
50867,6.03320981343506e-05
50866,6.03349356850809e-05
50865,6.03377732192053e-05
50864,6.03406107367088e-05
50863,6.03434482375766e-05
50862,6.03462857217937e-05
50861,6.03491231893453e-05
50860,6.03519606402164e-05
50859,6.03547884211267e-05
50858,6.03576161652444e-05
50857,6.03604438725463e-05
50856,6.03632715430094e-05
50855,6.03660991766107e-05
50854,6.03689267733269e-05
50853,6.03717543331351e-05
50852,6.03745818560122e-05
50851,6.0377409341935e-05
50850,6.03802367908804e-05
50849,6.03830642028255e-05
50848,6.0385891577747e-05
50847,6.03887189156219e-05
50846,6.03915462164271e-05
50845,6.03943734801395e-05
50844,6.03972007067361e-05
50843,6.04000278961936e-05
50842,6.04028550484891e-05
50841,6.04056821635994e-05
50840,6.04085092415015e-05
50839,6.0411903663284e-05
50838,6.04152980368556e-05
50837,6.04186923621808e-05
50836,6.04220866392235e-05
50835,6.04254808679481e-05
50834,6.04288750483187e-05
50833,6.04322691802994e-05
50832,6.04356632638547e-05
50831,6.04390572989484e-05
50830,6.0442451285545e-05
50829,6.04458452236086e-05
50828,6.04492391131033e-05
50827,6.04526329539934e-05
50826,6.04560267462429e-05
50825,6.04594204898163e-05
50824,6.04628141846776e-05
50823,6.04662078307908e-05
50822,6.04696014281204e-05
50821,6.04729949766304e-05
50820,6.04763884762851e-05
50819,6.04797819270486e-05
50818,6.04831753288849e-05
50817,6.04865686817585e-05
50816,6.04899619856333e-05
50815,6.04933552404737e-05
50814,6.04967484462438e-05
50813,6.05001416029076e-05
50812,6.05035347104295e-05
50811,6.05069277687734e-05
50810,6.05103207779038e-05
50809,6.05137137377846e-05
50808,6.051710664838e-05
50807,6.05204995096543e-05
50806,6.05238923215715e-05
50805,6.05272850840959e-05
50804,6.05306777971916e-05
50803,6.05340704608226e-05
50802,6.05374630749533e-05
50801,6.05408556395476e-05
50800,6.054424815457e-05
50799,6.05482129764766e-05
50798,6.05521777505545e-05
50797,6.05561424767593e-05
50796,6.05601071550462e-05
50795,6.05640717853711e-05
50794,6.05680363676893e-05
50793,6.05720009019566e-05
50792,6.05759653881284e-05
50791,6.05799298261602e-05
50790,6.05838942160076e-05
50789,6.05878585576262e-05
50788,6.05918228509714e-05
50787,6.0595787095999e-05
50786,6.05997512926642e-05
50785,6.06037154409228e-05
50784,6.06076795407301e-05
50783,6.06116435920418e-05
50782,6.06156075948134e-05
50781,6.06195715490004e-05
50780,6.06235354545583e-05
50779,6.06269269347328e-05
50778,6.06303183645101e-05
50777,6.06337097438546e-05
50776,6.06371010727301e-05
50775,6.06404923511011e-05
50774,6.06438835789314e-05
50773,6.06472747561853e-05
50772,6.06506658828268e-05
50771,6.065405695882e-05
50770,6.06574479841291e-05
50769,6.06608389587183e-05
50768,6.06642298825514e-05
50767,6.06676207555927e-05
50766,6.06710115778063e-05
50765,6.06744023491564e-05
50764,6.0677793069607e-05
50763,6.06811837391221e-05
50762,6.06845743576659e-05
50761,6.06879649252025e-05
50760,6.06913554416961e-05
50759,6.06953237852661e-05
50758,6.06992920925022e-05
50757,6.07032603633633e-05
50756,6.07072285978082e-05
50755,6.0711196795796e-05
50754,6.07151649572855e-05
50753,6.07191330822358e-05
50752,6.07231011706059e-05
50751,6.07270692223544e-05
50750,6.07310372374405e-05
50749,6.0735005215823e-05
50748,6.07389731574609e-05
50747,6.07429410623132e-05
50746,6.07469089303386e-05
50745,6.07508767614962e-05
50744,6.07548445557448e-05
50743,6.07588123130434e-05
50742,6.0762780033351e-05
50741,6.07667477166263e-05
50740,6.07707153628283e-05
50739,6.07758165676898e-05
50738,6.07809177111115e-05
50737,6.07860187930062e-05
50736,6.07911198132866e-05
50735,6.07962207718651e-05
50734,6.08013216686546e-05
50733,6.08064225035676e-05
50732,6.08115232765166e-05
50731,6.08166239874145e-05
50730,6.08217246361736e-05
50729,6.08268252227068e-05
50728,6.08319257469265e-05
50727,6.08370262087454e-05
50726,6.0842126608076e-05
50725,6.08472269448309e-05
50724,6.08523272189227e-05
50723,6.0857427430264e-05
50722,6.08625275787673e-05
50721,6.08676276643453e-05
50720,6.08727276869103e-05
50719,6.08778391901381e-05
50718,6.08829506588185e-05
50717,6.08880620928543e-05
50716,6.08931734921491e-05
50715,6.08982848566056e-05
50714,6.09033961861272e-05
50713,6.09085074806169e-05
50712,6.09136187399777e-05
50711,6.09187299641128e-05
50710,6.09238411529252e-05
50709,6.09289523063181e-05
50708,6.09340634241945e-05
50707,6.09391745064573e-05
50706,6.09442855530098e-05
50705,6.09493965637548e-05
50704,6.09545075385953e-05
50703,6.09596184774346e-05
50702,6.09647293801754e-05
50701,6.09698402467209e-05
50700,6.09749510769739e-05
50699,6.09800559734611e-05
50698,6.09851608200975e-05
50697,6.09902656167939e-05
50696,6.09953703634612e-05
50695,6.100047506001e-05
50694,6.10055797063511e-05
50693,6.10106843023956e-05
50692,6.10157888480539e-05
50691,6.10208933432369e-05
50690,6.10259977878554e-05
50689,6.10311021818201e-05
50688,6.10362065250419e-05
50687,6.10413108174313e-05
50686,6.10464150588993e-05
50685,6.10515192493564e-05
50684,6.10566233887133e-05
50683,6.1061727476881e-05
50682,6.10668315137699e-05
50681,6.10719354992909e-05
50680,6.10770394333546e-05
50679,6.10827278572715e-05
50678,6.10884162555731e-05
50677,6.10941046280911e-05
50676,6.10997929746574e-05
50675,6.11054812951038e-05
50674,6.1111169589262e-05
50673,6.11168578569637e-05
50672,6.11225460980407e-05
50671,6.11282343123245e-05
50670,6.11339224996469e-05
50669,6.11396106598395e-05
50668,6.11452987927338e-05
50667,6.11509868981615e-05
50666,6.11566749759541e-05
50665,6.11623630259432e-05
50664,6.11680510479602e-05
50663,6.11737390418367e-05
50662,6.1179427007404e-05
50661,6.11851149444937e-05
50660,6.11908028529372e-05
50659,6.11964907325657e-05
50658,6.12021785832108e-05
50657,6.12078664047037e-05
50656,6.12135541968757e-05
50655,6.12192419595582e-05
50654,6.12249296925824e-05
50653,6.12306173957795e-05
50652,6.12363050689808e-05
50651,6.12419927120175e-05
50650,6.12476803247207e-05
50649,6.12533679069216e-05
50648,6.12590554584513e-05
50647,6.12647429791409e-05
50646,6.12704304688215e-05
50645,6.12761179273242e-05
50644,6.12818053544799e-05
50643,6.12874927501197e-05
50642,6.12931801140745e-05
50641,6.12988674461754e-05
50640,6.13045547462532e-05
50639,6.13113744667803e-05
50638,6.13181941304761e-05
50637,6.13250137370755e-05
50636,6.13318332863131e-05
50635,6.13386527779237e-05
50634,6.13454722116421e-05
50633,6.13522915872028e-05
50632,6.13591109043408e-05
50631,6.13659301627903e-05
50630,6.13727493622859e-05
50629,6.13795685025623e-05
50628,6.13863875833538e-05
50627,6.1393206604395e-05
50626,6.140002556542e-05
50625,6.14068444661634e-05
50624,6.14136633063594e-05
50623,6.14204820857424e-05
50622,6.14273008040465e-05
50621,6.14341194610058e-05
50620,6.14409380563547e-05
50619,6.1447756589827e-05
50618,6.14545750611571e-05
50617,6.14613934700788e-05
50616,6.14682118163262e-05
50615,6.14750300996331e-05
50614,6.14818483197336e-05
50613,6.14886664763614e-05
50612,6.14954845692506e-05
50611,6.15023025981346e-05
50610,6.15091205627475e-05
50609,6.15159384628227e-05
50608,6.15227562980941e-05
50607,6.15295740682954e-05
50606,6.153639177316e-05
50605,6.15432094124214e-05
50604,6.15500269858133e-05
50603,6.15568444930691e-05
50602,6.15636619339223e-05
50601,6.15704793081062e-05
50600,6.15772966153541e-05
50599,6.15846862944494e-05
50598,6.15920759030313e-05
50597,6.15994654407342e-05
50596,6.1606854907193e-05
50595,6.1614244302042e-05
50594,6.16216336249157e-05
50593,6.16290228754485e-05
50592,6.16364120532747e-05
50591,6.16438011580286e-05
50590,6.16511901893444e-05
50589,6.16585791468563e-05
50588,6.16659680301982e-05
50587,6.16733568390042e-05
50586,6.16807455729083e-05
50585,6.16881342315444e-05
50584,6.16955228145462e-05
50583,6.17029113215475e-05
50582,6.1710299752182e-05
50581,6.17176881060834e-05
50580,6.17250763828852e-05
50579,6.17324446904796e-05
50578,6.17398128757382e-05
50577,6.17471809383814e-05
50576,6.17545488781298e-05
50575,6.1761916694704e-05
50574,6.17692843878243e-05
50573,6.17766519572113e-05
50572,6.17840194025851e-05
50571,6.17913867236665e-05
50570,6.17987539201756e-05
50569,6.18061209918327e-05
50568,6.18134879383582e-05
50567,6.18208547594721e-05
50566,6.18282214548948e-05
50565,6.18355880243466e-05
50564,6.18429544675474e-05
50563,6.18503207842174e-05
50562,6.18576869740767e-05
50561,6.18650530368454e-05
50560,6.18724189722434e-05
50559,6.18803435167405e-05
50558,6.18882678895635e-05
50557,6.18961920903766e-05
50556,6.19041161188446e-05
50555,6.19120399746316e-05
50554,6.19199636574023e-05
50553,6.19278871668211e-05
50552,6.19358105025522e-05
50551,6.19437336642601e-05
50550,6.19516566516088e-05
50549,6.19595794642628e-05
50548,6.19675021018863e-05
50547,6.19754245641433e-05
50546,6.19833468506982e-05
50545,6.19912689612148e-05
50544,6.19991908953574e-05
50543,6.200711265279e-05
50542,6.20150342331766e-05
50541,6.20229556361811e-05
50540,6.20308768614675e-05
50539,6.20387908835888e-05
50538,6.20467047049777e-05
50537,6.20546183252994e-05
50536,6.20625317442198e-05
50535,6.20704449614042e-05
50534,6.20783579765182e-05
50533,6.20862707892274e-05
50532,6.20941833991971e-05
50531,6.21020958060928e-05
50530,6.21100080095798e-05
50529,6.21179200093235e-05
50528,6.21258318049893e-05
50527,6.21337433962424e-05
50526,6.21416547827481e-05
50525,6.21495659641717e-05
50524,6.21574769401783e-05
50523,6.21653877104332e-05
50522,6.21732982746014e-05
50521,6.21812086323482e-05
50520,6.21891187833384e-05
50519,6.21964637381195e-05
50518,6.2203808514069e-05
50517,6.22111531109184e-05
50516,6.22184975283998e-05
50515,6.22258417662447e-05
50514,6.2233185824185e-05
50513,6.22405297019522e-05
50512,6.22478733992779e-05
50511,6.22552169158941e-05
50510,6.22625602515321e-05
50509,6.22699034059236e-05
50508,6.22772463788002e-05
50507,6.22845891698933e-05
50506,6.22919317789346e-05
50505,6.22992742056556e-05
50504,6.23066164497877e-05
50503,6.23139585110625e-05
50502,6.23213003892111e-05
50501,6.23286420839653e-05
50500,6.23359835950564e-05
50499,6.23438896320632e-05
50498,6.23517954554172e-05
50497,6.23597010647827e-05
50496,6.23676064598243e-05
50495,6.2375511640206e-05
50494,6.23834166055925e-05
50493,6.2391321355648e-05
50492,6.23992258900367e-05
50491,6.2407130208423e-05
50490,6.24150343104709e-05
50489,6.24229381958447e-05
50488,6.24308418642087e-05
50487,6.24387453152269e-05
50486,6.24466485485634e-05
50485,6.24545515638822e-05
50484,6.24624543608474e-05
50483,6.24703569391232e-05
50482,6.24782592983733e-05
50481,6.24861614382619e-05
50480,6.24940633584527e-05
50479,6.25019573450814e-05
50478,6.25098510866446e-05
50477,6.25177445827978e-05
50476,6.25256378331969e-05
50475,6.25335308374971e-05
50474,6.25414235953543e-05
50473,6.2549316106424e-05
50472,6.25572083703616e-05
50471,6.25651003868227e-05
50470,6.25729921554626e-05
50469,6.25808836759368e-05
50468,6.25887749479009e-05
50467,6.259666597101e-05
50466,6.26045567449196e-05
50465,6.26124472692849e-05
50464,6.26203375437614e-05
50463,6.26282275680042e-05
50462,6.26361173416686e-05
50461,6.26440068644099e-05
50460,6.26518961358831e-05
50459,6.26586729708236e-05
50458,6.26654496580018e-05
50457,6.26722261972036e-05
50456,6.26790025882146e-05
50455,6.26857788308209e-05
50454,6.26925549248081e-05
50453,6.26993308699621e-05
50452,6.27061066660688e-05
50451,6.27128823129137e-05
50450,6.27196578102827e-05
50449,6.27264331579616e-05
50448,6.27332083557359e-05
50447,6.27399834033915e-05
50446,6.27467583007138e-05
50445,6.27535330474887e-05
50444,6.27603076435018e-05
50443,6.27670820885385e-05
50442,6.27738563823848e-05
50441,6.27806305248258e-05
50440,6.27874045156474e-05
50439,6.27947503032866e-05
50438,6.28020959290873e-05
50437,6.28094413927656e-05
50436,6.28167866940382e-05
50435,6.28241318326215e-05
50434,6.28314768082316e-05
50433,6.2838821620585e-05
50432,6.28461662693979e-05
50431,6.28535107543868e-05
50430,6.28608550752676e-05
50429,6.28681992317568e-05
50428,6.28755432235703e-05
50427,6.28828870504244e-05
50426,6.28902307120352e-05
50425,6.28975742081188e-05
50424,6.29049175383913e-05
50423,6.29122607025686e-05
50422,6.29196037003667e-05
50421,6.29269465315018e-05
50420,6.29342891956896e-05
50419,6.29416400085174e-05
50418,6.29489906693732e-05
50417,6.2956341177952e-05
50416,6.29636915339489e-05
50415,6.29710417370589e-05
50414,6.2978391786977e-05
50413,6.29857416833979e-05
50412,6.29930914260165e-05
50411,6.30004410145278e-05
50410,6.30077904486266e-05
50409,6.30151397280076e-05
50408,6.30224888523655e-05
50407,6.30298378213949e-05
50406,6.30371866347907e-05
50405,6.30445352922474e-05
50404,6.30518837934596e-05
50403,6.30592321381218e-05
50402,6.30665803259285e-05
50401,6.30739283565742e-05
50400,6.30812762297535e-05
50399,6.30891871958371e-05
50398,6.30970979750265e-05
50397,6.31050085669464e-05
50396,6.31129189712216e-05
50395,6.31208291874768e-05
50394,6.31287392153365e-05
50393,6.31366490544256e-05
50392,6.31445587043684e-05
50391,6.31524681647895e-05
50390,6.31603774353134e-05
50389,6.31682865155644e-05
50388,6.3176195405167e-05
50387,6.31841041037455e-05
50386,6.31920126109243e-05
50385,6.31999209263273e-05
50384,6.3207829049579e-05
50383,6.32157369803035e-05
50382,6.32236447181248e-05
50381,6.3231552262667e-05
50380,6.32394596135541e-05
50379,6.32473581580331e-05
50378,6.32552564915367e-05
50377,6.32631546137109e-05
50376,6.32710525242022e-05
50375,6.32789502226567e-05
50374,6.32868477087207e-05
50373,6.32947449820405e-05
50372,6.33026420422621e-05
50371,6.33105388890317e-05
50370,6.33184355219953e-05
50369,6.33263319407988e-05
50368,6.33342281450885e-05
50367,6.33421241345101e-05
50366,6.33500199087097e-05
50365,6.3357915467333e-05
50364,6.3365810810026e-05
50363,6.33737059364345e-05
50362,6.33816008462041e-05
50361,6.33894955389808e-05
50360,6.339739001441e-05
50359,6.34047304488678e-05
50358,6.34120707122993e-05
50357,6.34194108043972e-05
50356,6.34267507248546e-05
50355,6.34340904733641e-05
50354,6.34414300496185e-05
50353,6.34487694533106e-05
50352,6.34561086841329e-05
50351,6.34634477417782e-05
50350,6.34707866259392e-05
50349,6.34781253363082e-05
50348,6.3485463872578e-05
50347,6.34928022344409e-05
50346,6.35001404215895e-05
50345,6.35074784337162e-05
50344,6.35148162705135e-05
50343,6.35221539316736e-05
50342,6.35294914168889e-05
50341,6.35368287258518e-05
50340,6.35441658582544e-05
50339,6.35526095968442e-05
50338,6.35610530543003e-05
50337,6.35694962302019e-05
50336,6.35779391241283e-05
50335,6.35863817356586e-05
50334,6.35948240643721e-05
50333,6.36032661098479e-05
50332,6.3611707871665e-05
50331,6.36201493494025e-05
50330,6.36285905426395e-05
50329,6.36370314509549e-05
50328,6.36454720739275e-05
50327,6.36539124111364e-05
50326,6.36623524621603e-05
50325,6.36707922265782e-05
50324,6.36792317039686e-05
50323,6.36876708939104e-05
50322,6.36961097959823e-05
50321,6.37045484097629e-05
50320,6.37129867348308e-05
50319,6.37214247707647e-05
50318,6.3729862517143e-05
50317,6.37382999735442e-05
50316,6.37467371395469e-05
50315,6.37551740147293e-05
50314,6.37636105986699e-05
50313,6.37720468909471e-05
50312,6.37804828911392e-05
50311,6.37889185988243e-05
50310,6.37973540135807e-05
50309,6.38057891349866e-05
50308,6.38142239626202e-05
50307,6.38226584960596e-05
50306,6.38310927348828e-05
50305,6.38395266786678e-05
50304,6.38479603269927e-05
50303,6.38563936794353e-05
50302,6.38648267355737e-05
50301,6.38732594949857e-05
50300,6.3881691957249e-05
50299,6.38906856317635e-05
50298,6.38996789656566e-05
50297,6.39086719584167e-05
50296,6.39176646095315e-05
50295,6.39266569184893e-05
50294,6.39356488847778e-05
50293,6.3944640507885e-05
50292,6.39536317872988e-05
50291,6.39626227225068e-05
50290,6.39716133129969e-05
50289,6.39806035582568e-05
50288,6.39895934577741e-05
50287,6.39985830110363e-05
50286,6.40075722175311e-05
50285,6.4016561076746e-05
50284,6.40255495881683e-05
50283,6.40345377512854e-05
50282,6.40435255655849e-05
50281,6.40525130305538e-05
50280,6.40615001456796e-05
50279,6.40716090324559e-05
50278,6.40817174718144e-05
50277,6.4091825463026e-05
50276,6.41019330053616e-05
50275,6.4112040098092e-05
50274,6.4122146740488e-05
50273,6.41322529318201e-05
50272,6.41423586713589e-05
50271,6.4152463958375e-05
50270,6.41625687921388e-05
50269,6.41726731719206e-05
50268,6.41827770969907e-05
50267,6.41928805666191e-05
50266,6.42029835800763e-05
50265,6.42130861366321e-05
50264,6.42231882355564e-05
50263,6.42332898761193e-05
50262,6.42433910575904e-05
50261,6.42534917792396e-05
50260,6.42635920403365e-05
50259,6.42742622334334e-05
50258,6.42849319364651e-05
50257,6.42956011485563e-05
50256,6.4306269868832e-05
50255,6.43169380964166e-05
50254,6.43276058304349e-05
50253,6.43382730700113e-05
50252,6.43489398142701e-05
50251,6.43596060623357e-05
50250,6.4370271813332e-05
50249,6.43809370663833e-05
50248,6.43916018206135e-05
50247,6.44022660751464e-05
50246,6.44129298291058e-05
50245,6.44235930816152e-05
50244,6.44342558317982e-05
50243,6.44449180787783e-05
50242,6.44555798216787e-05
50241,6.44662410596228e-05
50240,6.44769017917336e-05
50239,6.44875519167375e-05
50238,6.44982015081254e-05
50237,6.45088505650366e-05
50236,6.45194990866106e-05
50235,6.45301470719866e-05
50234,6.45407945203039e-05
50233,6.45514414307015e-05
50232,6.45620878023184e-05
50231,6.45727336342937e-05
50230,6.45833789257659e-05
50229,6.4594023675874e-05
50228,6.46046678837566e-05
50227,6.46153115485522e-05
50226,6.46259546693994e-05
50225,6.46365972454364e-05
50224,6.46472392758016e-05
50223,6.46578807596333e-05
50222,6.46685216960694e-05
50221,6.46791620842482e-05
50220,6.46898019233074e-05
50219,6.47015600130707e-05
50218,6.47133174265924e-05
50217,6.47250741627094e-05
50216,6.47368302202584e-05
50215,6.47485855980761e-05
50214,6.47603402949989e-05
50213,6.4772094309863e-05
50212,6.47838476415048e-05
50211,6.47956002887602e-05
50210,6.48073522504655e-05
50209,6.48191035254561e-05
50208,6.48308541125679e-05
50207,6.48426040106366e-05
50206,6.48543532184974e-05
50205,6.48661017349857e-05
50204,6.48778495589368e-05
50203,6.48895966891856e-05
50202,6.49013431245671e-05
50201,6.49130888639161e-05
50200,6.49248339060673e-05
50199,6.49365675640404e-05
50198,6.49483004902098e-05
50197,6.49600326834126e-05
50196,6.49717641424858e-05
50195,6.49834948662664e-05
50194,6.49952248535911e-05
50193,6.50069541032965e-05
50192,6.50186826142192e-05
50191,6.50304103851956e-05
50190,6.50421374150621e-05
50189,6.50538637026549e-05
50188,6.506558924681e-05
50187,6.50773140463635e-05
50186,6.50890381001512e-05
50185,6.51007614070089e-05
50184,6.51124839657722e-05
50183,6.51242057752767e-05
50182,6.51359268343578e-05
50181,6.51476471418508e-05
50180,6.5159366696591e-05
50179,6.51721794743961e-05
50178,6.5184991264804e-05
50177,6.5197802066238e-05
50176,6.52106118771215e-05
50175,6.52234206958777e-05
50174,6.52362285209296e-05
50173,6.52490353507e-05
50172,6.52618411836116e-05
50171,6.52746460180871e-05
50170,6.52874498525491e-05
50169,6.53002526854197e-05
50168,6.53130545151212e-05
50167,6.53258553400756e-05
50166,6.53386551587051e-05
50165,6.53514539694313e-05
50164,6.53642517706759e-05
50163,6.53770485608605e-05
50162,6.53898443384063e-05
50161,6.5402639101735e-05
50160,6.54154328492675e-05
50159,6.54282255794248e-05
50158,6.54410172906279e-05
50157,6.54538079812974e-05
50156,6.54665976498542e-05
50155,6.54793862947186e-05
50154,6.5492173914311e-05
50153,6.55049605070518e-05
50152,6.55177460713609e-05
50151,6.55305306056585e-05
50150,6.55433141083644e-05
50149,6.55560965778982e-05
50148,6.55688780126798e-05
50147,6.55816584111283e-05
50146,6.55944377716635e-05
50145,6.56072160927043e-05
50144,6.56199933726701e-05
50143,6.56327696099796e-05
50142,6.56455448030517e-05
50141,6.56583189503054e-05
50140,6.56710920501591e-05
50139,6.56849648096568e-05
50138,6.56988362858293e-05
50137,6.57127064765999e-05
50136,6.57265753798918e-05
50135,6.5740442993628e-05
50134,6.57543093157314e-05
50133,6.57681743441247e-05
50132,6.57820380767305e-05
50131,6.57959005114713e-05
50130,6.58097616462692e-05
50129,6.58236214790463e-05
50128,6.58374800077245e-05
50127,6.58513372302257e-05
50126,6.58651931444715e-05
50125,6.58790477483832e-05
50124,6.58929010398823e-05
50123,6.59067530168897e-05
50122,6.59206036773267e-05
50121,6.59344530191139e-05
50120,6.59483010401721e-05
50119,6.59621601949207e-05
50118,6.59760180760099e-05
50117,6.5989874681413e-05
50116,6.60037300091031e-05
50115,6.6017584057053e-05
50114,6.60314368232357e-05
50113,6.60452883056237e-05
50112,6.60591385021895e-05
50111,6.60729874109053e-05
50110,6.60868350297434e-05
50109,6.61006813566756e-05
50108,6.61145263896739e-05
50107,6.61283701267098e-05
50106,6.61422125657548e-05
50105,6.61560537047804e-05
50104,6.61698935417576e-05
50103,6.61837320746576e-05
50102,6.61975693014511e-05
50101,6.6211405220109e-05
50100,6.62252398286017e-05
50099,6.62402077065467e-05
50098,6.62551741585247e-05
50097,6.62701391820407e-05
50096,6.62851027745993e-05
50095,6.6300064933705e-05
50094,6.63150256568622e-05
50093,6.63299849415746e-05
50092,6.63449427853462e-05
50091,6.63598991856803e-05
50090,6.63748541400802e-05
50089,6.63898076460488e-05
50088,6.64047597010889e-05
50087,6.64197103027031e-05
50086,6.64346594483933e-05
50085,6.64496071356618e-05
50084,6.64645533620103e-05
50083,6.64794981249402e-05
50082,6.64944414219529e-05
50081,6.65093832505493e-05
50080,6.65243236082302e-05
50079,6.6539842559133e-05
50078,6.65553600086351e-05
50077,6.65708759539204e-05
50076,6.65863903921728e-05
50075,6.66019033205753e-05
50074,6.66174147363109e-05
50073,6.66329246365623e-05
50072,6.66484330185115e-05
50071,6.66639398793406e-05
50070,6.66794452162312e-05
50069,6.66949490263645e-05
50068,6.67104513069214e-05
50067,6.67259520550824e-05
50066,6.6741451268028e-05
50065,6.67569489429379e-05
50064,6.67724450769918e-05
50063,6.6787939667369e-05
50062,6.68034327112482e-05
50061,6.68189242058082e-05
50060,6.68344141482273e-05
50059,6.68493503904565e-05
50058,6.68642851869124e-05
50057,6.68792185350618e-05
50056,6.68941504323709e-05
50055,6.69090808763058e-05
50054,6.69240098643325e-05
50053,6.69389373939164e-05
50052,6.6953863462523e-05
50051,6.69687880676171e-05
50050,6.69837112066634e-05
50049,6.69986328771264e-05
50048,6.70135530764702e-05
50047,6.70284718021589e-05
50046,6.70433890516558e-05
50045,6.70583048224245e-05
50044,6.70732191119279e-05
50043,6.70881319176289e-05
50042,6.710304323699e-05
50041,6.71179530674733e-05
50040,6.7132861406541e-05
50039,6.71483334301803e-05
50038,6.71638038772773e-05
50037,6.71792727449567e-05
50036,6.71947400303429e-05
50035,6.72102057305601e-05
50034,6.7225669842732e-05
50033,6.7241132363982e-05
50032,6.72565932914329e-05
50031,6.72720526222078e-05
50030,6.72875103534289e-05
50029,6.73029664822182e-05
50028,6.73184210056974e-05
50027,6.73338739209878e-05
50026,6.73493252252107e-05
50025,6.73647749154864e-05
50024,6.73802229889355e-05
50023,6.7395669442678e-05
50022,6.74111142738334e-05
50021,6.74265574795212e-05
50020,6.74419990568604e-05
50019,6.74579888477937e-05
50018,6.74739768820327e-05
50017,6.74899631563818e-05
50016,6.75059476676454e-05
50015,6.7521930412627e-05
50014,6.75379113881304e-05
50013,6.75538905909584e-05
50012,6.75698680179139e-05
50011,6.75858436657991e-05
50010,6.76018175314159e-05
50009,6.76177896115661e-05
50008,6.76337599030509e-05
50007,6.7649728402671e-05
50006,6.76656951072271e-05
50005,6.76816600135193e-05
50004,6.76976231183474e-05
50003,6.77135844185108e-05
50002,6.77295439108086e-05
50001,6.77455015920396e-05
50000,6.7761457459002e-05
49999,6.77763143541033e-05
49998,6.77911696775759e-05
49997,6.7806023426824e-05
49996,6.78208755992512e-05
49995,6.78357261922613e-05
49994,6.78505752032576e-05
49993,6.7865422629643e-05
49992,6.78802684688205e-05
49991,6.78951127181923e-05
49990,6.79099553751607e-05
49989,6.79247964371278e-05
49988,6.79396359014952e-05
49987,6.79544737656645e-05
49986,6.79693100270366e-05
49985,6.79841446830126e-05
49984,6.7998977730993e-05
49983,6.80138091683784e-05
49982,6.80286389925687e-05
49981,6.80434672009639e-05
49980,6.80582937909635e-05
49979,6.80741983566176e-05
49978,6.80901010065415e-05
49977,6.81060017375755e-05
49976,6.81219005465601e-05
49975,6.81377974303352e-05
49974,6.81536923857404e-05
49973,6.81695854096154e-05
49972,6.8185476498799e-05
49971,6.82013656501304e-05
49970,6.82172528604478e-05
49969,6.82331381265896e-05
49968,6.82490214453939e-05
49967,6.82649028136982e-05
49966,6.82807822283401e-05
49965,6.82966596861566e-05
49964,6.83125351839846e-05
49963,6.83284087186608e-05
49962,6.83442802870213e-05
49961,6.83601498859023e-05
49960,6.83760175121394e-05
49959,6.8391852158442e-05
49958,6.8407684741563e-05
49957,6.84235152583719e-05
49956,6.84393437057383e-05
49955,6.84551700805311e-05
49954,6.84709943796196e-05
49953,6.84868165998725e-05
49952,6.85026367381584e-05
49951,6.85184547913458e-05
49950,6.85342707563028e-05
49949,6.85500846298974e-05
49948,6.85658964089976e-05
49947,6.85817060904707e-05
49946,6.85975136711845e-05
49945,6.86133191480059e-05
49944,6.8629122517802e-05
49943,6.86449237774399e-05
49942,6.86607229237859e-05
49941,6.86765199537067e-05
49940,6.86923148640685e-05
49939,6.87075471324663e-05
49938,6.87227773711908e-05
49937,6.87380055774061e-05
49936,6.87532317482766e-05
49935,6.87684558809664e-05
49934,6.87836779726395e-05
49933,6.87988980204596e-05
49932,6.88141160215905e-05
49931,6.88293319731959e-05
49930,6.88445458724391e-05
49929,6.88597577164835e-05
49928,6.88749675024922e-05
49927,6.88901752276283e-05
49926,6.89053808890547e-05
49925,6.89205844839344e-05
49924,6.893578600943e-05
49923,6.8950985462704e-05
49922,6.89661828409188e-05
49921,6.8981378141237e-05
49920,6.89965713608205e-05
49919,6.90112358856996e-05
49918,6.90258985155326e-05
49917,6.90405592477876e-05
49916,6.90552180799322e-05
49915,6.9069875009434e-05
49914,6.90845300337606e-05
49913,6.90991831503794e-05
49912,6.91138343567576e-05
49911,6.91284836503624e-05
49910,6.91431310286608e-05
49909,6.91577764891197e-05
49908,6.9172420029206e-05
49907,6.91870616463863e-05
49906,6.92017013381271e-05
49905,6.92163391018948e-05
49904,6.92309749351559e-05
49903,6.92456088353765e-05
49902,6.92602408000227e-05
49901,6.92748708265605e-05
49900,6.92894989124557e-05
49899,6.93040912067228e-05
49898,6.93186814563741e-05
49897,6.93332696588285e-05
49896,6.93478558115042e-05
49895,6.936243991182e-05
49894,6.93770219571943e-05
49893,6.93916019450456e-05
49892,6.94061798727923e-05
49891,6.94207557378526e-05
49890,6.94353295376447e-05
49889,6.94499012695868e-05
49888,6.94644709310972e-05
49887,6.94790385195939e-05
49886,6.94936040324947e-05
49885,6.95081674672178e-05
49884,6.95227288211811e-05
49883,6.95372880918024e-05
49882,6.95518452764995e-05
49881,6.95664003726901e-05
49880,6.9580953377792e-05
49879,6.95955217657413e-05
49878,6.96100881100895e-05
49877,6.96246524082877e-05
49876,6.96392146577864e-05
49875,6.96537748560366e-05
49874,6.9668333000489e-05
49873,6.96828890885941e-05
49872,6.96974431178027e-05
49871,6.97119950855651e-05
49870,6.97265449893317e-05
49869,6.9741092826553e-05
49868,6.97556385946792e-05
49867,6.97701822911606e-05
49866,6.97847239134474e-05
49865,6.97992634589896e-05
49864,6.98138009252372e-05
49863,6.98283363096404e-05
49862,6.9842869609649e-05
49861,6.98574008227128e-05
49860,6.98719299462817e-05
49859,6.98859362845697e-05
49858,6.98999407245699e-05
49857,6.9913943264016e-05
49856,6.99279439006417e-05
49855,6.99419426321807e-05
49854,6.99559394563664e-05
49853,6.99699343709321e-05
49852,6.99839273736116e-05
49851,6.99979184621378e-05
49850,7.00119076342443e-05
49849,7.00258948876641e-05
49848,7.00398802201303e-05
49847,7.00538636293762e-05
49846,7.00678451131345e-05
49845,7.00818246691383e-05
49844,7.00958022951205e-05
49843,7.01097779888137e-05
49842,7.01237517479509e-05
49841,7.01377235702646e-05
49840,7.01516934534876e-05
49839,7.01651242027444e-05
49838,7.01785531550906e-05
49837,7.01919803085103e-05
49836,7.02054056609877e-05
49835,7.02188292105068e-05
49834,7.02322509550517e-05
49833,7.02456708926062e-05
49832,7.02590890211543e-05
49831,7.02725053386799e-05
49830,7.02859198431667e-05
49829,7.02993325325987e-05
49828,7.03127434049593e-05
49827,7.03261524582325e-05
49826,7.03395596904017e-05
49825,7.03529650994507e-05
49824,7.03663686833628e-05
49823,7.03797704401217e-05
49822,7.03931703677108e-05
49821,7.04065684641135e-05
49820,7.04199647273133e-05
49819,7.0432861032497e-05
49818,7.04457557120605e-05
49817,7.04586487641851e-05
49816,7.04715401870523e-05
49815,7.04844299788432e-05
49814,7.04973181377391e-05
49813,7.05102046619212e-05
49812,7.05230895495703e-05
49811,7.05359727988677e-05
49810,7.05488544079941e-05
49809,7.05617343751305e-05
49808,7.05746126984577e-05
49807,7.05874893761562e-05
49806,7.06003644064069e-05
49805,7.06132377873902e-05
49804,7.06261095172867e-05
49803,7.0638979594277e-05
49802,7.06518480165412e-05
49801,7.06647147822598e-05
49800,7.06775798896129e-05
49799,7.06904433367809e-05
49798,7.07033051219438e-05
49797,7.07161652432816e-05
49796,7.07290236989745e-05
49795,7.07418804872023e-05
49794,7.07547356061448e-05
49793,7.0767589053982e-05
49792,7.07804408288935e-05
49791,7.07932909290591e-05
49790,7.08061393526583e-05
49789,7.08189860978707e-05
49788,7.0831831162876e-05
49787,7.08446745458534e-05
49786,7.08575162449824e-05
49785,7.08703562584423e-05
49784,7.08831945844124e-05
49783,7.08960312210719e-05
49782,7.09088661666e-05
49781,7.09216994191758e-05
49780,7.09345309769782e-05
49779,7.09462756191667e-05
49778,7.09580188116592e-05
49777,7.09697605530723e-05
49776,7.09815008420226e-05
49775,7.09932396771268e-05
49774,7.10049770570014e-05
49773,7.10167129802631e-05
49772,7.10284474455284e-05
49771,7.10401804514137e-05
49770,7.10519119965356e-05
49769,7.10636420795106e-05
49768,7.1075370698955e-05
49767,7.10870978534854e-05
49766,7.10988235417181e-05
49765,7.11105477622694e-05
49764,7.11222705137557e-05
49763,7.11339917947934e-05
49762,7.11457116039989e-05
49761,7.11574299399881e-05
49760,7.11691468013776e-05
49759,7.11803502447384e-05
49758,7.11915523681253e-05
49757,7.12027531703106e-05
49756,7.12139526500661e-05
49755,7.12251508061638e-05
49754,7.12363476373754e-05
49753,7.12475431424729e-05
49752,7.12587373202282e-05
49751,7.12699301694129e-05
49750,7.1281121688799e-05
49749,7.12923118771581e-05
49748,7.13035007332618e-05
49747,7.1314688255882e-05
49746,7.13258744437902e-05
49745,7.13370592957581e-05
49744,7.13482428105573e-05
49743,7.13594249869593e-05
49742,7.13706058237357e-05
49741,7.1381785319658e-05
49740,7.13929634734977e-05
49739,7.14035901129494e-05
49738,7.1414215511998e-05
49737,7.14248396696021e-05
49736,7.14354625847204e-05
49735,7.14460842563115e-05
49734,7.14567046833341e-05
49733,7.14673238647468e-05
49732,7.14779417995082e-05
49731,7.14885584865771e-05
49730,7.14991739249119e-05
49729,7.15097881134712e-05
49728,7.15204010512137e-05
49727,7.15310127370979e-05
49726,7.15416231700823e-05
49725,7.15522323491256e-05
49724,7.15628402731863e-05
49723,7.15734469412229e-05
49722,7.15840523521938e-05
49721,7.15946565050577e-05
49720,7.1605259398773e-05
49719,7.1614802938016e-05
49718,7.16243454580351e-05
49717,7.16338869580697e-05
49716,7.16434274373592e-05
49715,7.16529668951431e-05
49714,7.16625053306607e-05
49713,7.16720427431515e-05
49712,7.16815791318546e-05
49711,7.16911144960098e-05
49710,7.17006488348562e-05
49709,7.17101821476332e-05
49708,7.17197144335803e-05
49707,7.17292456919366e-05
49706,7.17387759219417e-05
49705,7.17483051228349e-05
49704,7.17578332938555e-05
49703,7.17673604342428e-05
49702,7.17768865432361e-05
49701,7.17864116200749e-05
49700,7.17959356639983e-05
49699,7.18054383246248e-05
49698,7.18149399251537e-05
49697,7.18244404648312e-05
49696,7.1833939942904e-05
49695,7.18434383586182e-05
49694,7.18529357112202e-05
49693,7.18624319999564e-05
49692,7.18719272240731e-05
49691,7.18814213828167e-05
49690,7.18909144754337e-05
49689,7.19004065011704e-05
49688,7.19098974592731e-05
49687,7.19193873489882e-05
49686,7.19288761695623e-05
49685,7.19383639202415e-05
49684,7.19478506002724e-05
49683,7.19573362089014e-05
49682,7.19668207453747e-05
49681,7.19763042089389e-05
49680,7.19857865988404e-05
49679,7.19941732032764e-05
49678,7.20025588935427e-05
49677,7.20109436690861e-05
49676,7.20193275293535e-05
49675,7.20277104737915e-05
49674,7.20360925018472e-05
49673,7.20444736129671e-05
49672,7.20528538065983e-05
49671,7.20612330821875e-05
49670,7.20696114391818e-05
49669,7.20779888770279e-05
49668,7.20863653951727e-05
49667,7.20947409930633e-05
49666,7.21031156701465e-05
49665,7.21114894258693e-05
49664,7.21198622596788e-05
49663,7.21282341710217e-05
49662,7.21366051593452e-05
49661,7.21449752240963e-05
49660,7.21533443647221e-05
49659,7.21617125806695e-05
49658,7.21700798713856e-05
49657,7.21784462363175e-05
49656,7.21868116749123e-05
49655,7.21951761866172e-05
49654,7.22035397708793e-05
49653,7.22119024271456e-05
49652,7.22202641548633e-05
49651,7.22286249534797e-05
49650,7.2236984822442e-05
49649,7.22453437611973e-05
49648,7.22537017691928e-05
49647,7.22620588458759e-05
49646,7.22704149906936e-05
49645,7.22787702030935e-05
49644,7.22871244825227e-05
49643,7.22954778284284e-05
49642,7.23038302402582e-05
49641,7.23121817174593e-05
49640,7.23205322594791e-05
49639,7.2327811426724e-05
49638,7.23350898285075e-05
49637,7.2342367464428e-05
49636,7.23496443340841e-05
49635,7.23569204370743e-05
49634,7.23641957729973e-05
49633,7.23714703414516e-05
49632,7.23787441420357e-05
49631,7.23860171743484e-05
49630,7.23932894379883e-05
49629,7.24005609325539e-05
49628,7.24078316576441e-05
49627,7.24151016128574e-05
49626,7.24223707977927e-05
49625,7.24296392120485e-05
49624,7.24369068552237e-05
49623,7.2444173726917e-05
49622,7.24514398267272e-05
49621,7.24587051542531e-05
49620,7.24659697090934e-05
49619,7.24732116215733e-05
49618,7.248045271352e-05
49617,7.24876929844954e-05
49616,7.24949324340615e-05
49615,7.25021710617801e-05
49614,7.25094088672134e-05
49613,7.25166458499236e-05
49612,7.25238820094724e-05
49611,7.25311173454223e-05
49610,7.2538351857335e-05
49609,7.25455855447729e-05
49608,7.25528184072982e-05
49607,7.25600504444729e-05
49606,7.25672816558594e-05
49605,7.25745120410199e-05
49604,7.25817415995165e-05
49603,7.25889703309118e-05
49602,7.25961982347678e-05
49601,7.2603425310647e-05
49600,7.26106515581118e-05
49599,7.26168320386419e-05
49598,7.26230118838123e-05
49597,7.26291910933283e-05
49596,7.26353696668951e-05
49595,7.26415476042182e-05
49594,7.26477249050027e-05
49593,7.26539015689542e-05
49592,7.2660077595778e-05
49591,7.26662529851794e-05
49590,7.26724277368638e-05
49589,7.26786018505367e-05
49588,7.26847753259035e-05
49587,7.26909481626697e-05
49586,7.26971203605406e-05
49585,7.27032919192219e-05
49584,7.2709462838419e-05
49583,7.27156331178374e-05
49582,7.27218027571827e-05
49581,7.27279717561604e-05
49580,7.27341401144761e-05
49579,7.27402849738455e-05
49578,7.27464291402679e-05
49577,7.27525726134084e-05
49576,7.2758715392932e-05
49575,7.27648574785038e-05
49574,7.27709988697889e-05
49573,7.27771395664525e-05
49572,7.27832795681599e-05
49571,7.2789418874576e-05
49570,7.27955574853662e-05
49569,7.28016954001957e-05
49568,7.28078326187297e-05
49567,7.28139691406337e-05
49566,7.28201049655727e-05
49565,7.28262400932122e-05
49564,7.28323745232175e-05
49563,7.2838508255254e-05
49562,7.28446412889873e-05
49561,7.28507736240825e-05
49560,7.28569052602053e-05
49559,7.28620183243998e-05
49558,7.28671309104214e-05
49557,7.28722430180818e-05
49556,7.28773546471925e-05
49555,7.28824657975649e-05
49554,7.28875764690108e-05
49553,7.28926866613417e-05
49552,7.28977963743691e-05
49551,7.29029056079047e-05
49550,7.29080143617601e-05
49549,7.29131226357469e-05
49548,7.29182304296768e-05
49547,7.29233377433614e-05
49546,7.29284445766124e-05
49545,7.29335509292414e-05
49544,7.29386568010602e-05
49543,7.29437621918804e-05
49542,7.29488671015137e-05
49541,7.29539715297719e-05
49540,7.29590754764667e-05
49539,7.29631391979841e-05
49538,7.29672025795553e-05
49537,7.29712656210665e-05
49536,7.29753283224044e-05
49535,7.29793906834552e-05
49534,7.29834527041053e-05
49533,7.29875143842412e-05
49532,7.29915757237491e-05
49531,7.29956367225156e-05
49530,7.29996973804271e-05
49529,7.300375769737e-05
49528,7.30078176732308e-05
49527,7.30118773078957e-05
49526,7.30159366012515e-05
49525,7.30199955531844e-05
49524,7.3024054163581e-05
49523,7.30281124323278e-05
49522,7.3032170359311e-05
49521,7.30362279444174e-05
49520,7.30402851875334e-05
49519,7.30438471362147e-05
49518,7.3047408840628e-05
49517,7.30509703007056e-05
49516,7.305453151638e-05
49515,7.30580924875836e-05
49514,7.3061653214249e-05
49513,7.30652136963087e-05
49512,7.30687739336952e-05
49511,7.30723339263408e-05
49510,7.30758936741781e-05
49509,7.30794531771396e-05
49508,7.30830124351579e-05
49507,7.30865714481654e-05
49506,7.30901302160946e-05
49505,7.30936887388779e-05
49504,7.3097247016448e-05
49503,7.31008050487374e-05
49502,7.31043628356786e-05
49501,7.3107920377204e-05
49500,7.31114776732462e-05
49499,7.31145406553164e-05
49498,7.31176034723619e-05
49497,7.31206661243462e-05
49496,7.31237286112325e-05
49495,7.31267909329843e-05
49494,7.31298530895648e-05
49493,7.31329150809375e-05
49492,7.31359769070658e-05
49491,7.31390385679128e-05
49490,7.31421000634422e-05
49489,7.31451613936171e-05
49488,7.31482225584009e-05
49487,7.31512835577572e-05
49486,7.3154344391649e-05
49485,7.315740506004e-05
49484,7.31604655628935e-05
49483,7.31635259001726e-05
49482,7.3166586071841e-05
49481,7.31696460778619e-05
49480,7.31727059181988e-05
49479,7.31748037195902e-05
49478,7.31769014666561e-05
49477,7.31789991593863e-05
49476,7.31810967977712e-05
49475,7.31831943818009e-05
49474,7.31852919114656e-05
49473,7.31873893867557e-05
49472,7.3189486807661e-05
49471,7.3191584174172e-05
49470,7.31936814862786e-05
49469,7.31957787439713e-05
49468,7.31978759472401e-05
49467,7.31999730960752e-05
49466,7.32020701904669e-05
49465,7.32041672304052e-05
49464,7.32062642158804e-05
49463,7.32083611468827e-05
49462,7.32104580234022e-05
49461,7.32125548454293e-05
49460,7.32146516129538e-05
49459,7.32167234727202e-05
49458,7.32187952745156e-05
49457,7.32208670183317e-05
49456,7.32229387041605e-05
49455,7.32250103319935e-05
49454,7.32270819018225e-05
49453,7.32291534136395e-05
49452,7.3231224867436e-05
49451,7.32332962632039e-05
49450,7.32353676009349e-05
49449,7.32374388806208e-05
49448,7.32395101022533e-05
49447,7.32415812658242e-05
49446,7.32436523713253e-05
49445,7.32457234187483e-05
49444,7.3247794408085e-05
49443,7.32498653393271e-05
49442,7.32519362124664e-05
49441,7.32540070274948e-05
49440,7.32560777844038e-05
49439,7.32571380631836e-05
49438,7.32581983273372e-05
49437,7.32592585768629e-05
49436,7.32603188117587e-05
49435,7.32613790320229e-05
49434,7.32624392376536e-05
49433,7.32634994286491e-05
49432,7.32645596050077e-05
49431,7.32656197667273e-05
49430,7.32666799138063e-05
49429,7.32677400462428e-05
49428,7.32688001640351e-05
49427,7.32698602671813e-05
49426,7.32709203556797e-05
49425,7.32719804295283e-05
49424,7.32730404887255e-05
49423,7.32741005332694e-05
49422,7.32751605631582e-05
49421,7.32762205783901e-05
49420,7.32772805789633e-05
49419,7.32783654460856e-05
49418,7.32794502911755e-05
49417,7.32805351142292e-05
49416,7.32816199152423e-05
49415,7.32827046942107e-05
49414,7.32837894511304e-05
49413,7.32848741859972e-05
49412,7.32859588988071e-05
49411,7.32870435895558e-05
49410,7.32881282582393e-05
49409,7.32892129048534e-05
49408,7.3290297529394e-05
49407,7.32913821318571e-05
49406,7.32924667122385e-05
49405,7.3293551270534e-05
49404,7.32946358067396e-05
49403,7.3295720320851e-05
49402,7.32968048128644e-05
49401,7.32978892827754e-05
49400,7.329897373058e-05
49399,7.329897373058e-05
49398,7.329897373058e-05
49397,7.329897373058e-05
49396,7.329897373058e-05
49395,7.329897373058e-05
49394,7.329897373058e-05
49393,7.329897373058e-05
49392,7.329897373058e-05
49391,7.329897373058e-05
49390,7.329897373058e-05
49389,7.329897373058e-05
49388,7.329897373058e-05
49387,7.329897373058e-05
49386,7.329897373058e-05
49385,7.329897373058e-05
49384,7.329897373058e-05
49383,7.329897373058e-05
49382,7.329897373058e-05
49381,7.329897373058e-05
49380,7.329897373058e-05
49379,7.329897373058e-05
49378,7.329897373058e-05
49377,7.329897373058e-05
49376,7.329897373058e-05
49375,7.329897373058e-05
49374,7.329897373058e-05
49373,7.329897373058e-05
49372,7.329897373058e-05
49371,7.329897373058e-05
49370,7.329897373058e-05
49369,7.329897373058e-05
49368,7.329897373058e-05
49367,7.329897373058e-05
49366,7.329897373058e-05
49365,7.329897373058e-05
49364,7.329897373058e-05
49363,7.329897373058e-05
49362,7.329897373058e-05
49361,7.329897373058e-05
49360,7.329897373058e-05
49359,7.329897373058e-05
49358,7.329897373058e-05
49357,7.329897373058e-05
49356,7.329897373058e-05
49355,7.329897373058e-05
49354,7.329897373058e-05
49353,7.329897373058e-05
49352,7.329897373058e-05
49351,7.329897373058e-05
49350,7.329897373058e-05
49349,7.329897373058e-05
49348,7.329897373058e-05
49347,7.329897373058e-05
49346,7.329897373058e-05
49345,7.329897373058e-05
49344,7.329897373058e-05
49343,7.329897373058e-05
49342,7.329897373058e-05
49341,7.329897373058e-05
49340,7.329897373058e-05
49339,7.32994416139739e-05
49338,7.32999094756809e-05
49337,7.33003773156998e-05
49336,7.33008451340288e-05
49335,7.33013129306663e-05
49334,7.33017807056107e-05
49333,7.33022484588604e-05
49332,7.33027161904138e-05
49331,7.33031839002691e-05
49330,7.33036515884251e-05
49329,7.33041192548799e-05
49328,7.33045868996319e-05
49327,7.33050545226796e-05
49326,7.33055221240213e-05
49325,7.33059897036555e-05
49324,7.33064572615806e-05
49323,7.33069247977948e-05
49322,7.33073923122966e-05
49321,7.33078598050845e-05
49320,7.33083272761568e-05
49319,7.33082524466276e-05
49318,7.33081775843616e-05
49317,7.33081026893589e-05
49316,7.33080277616198e-05
49315,7.33079528011442e-05
49314,7.33078778079322e-05
49313,7.3307802781984e-05
49312,7.33077277232996e-05
49311,7.33076526318792e-05
49310,7.33075775077229e-05
49309,7.33075023508307e-05
49308,7.33074271612029e-05
49307,7.33073519388394e-05
49306,7.33072766837403e-05
49305,7.33072013959059e-05
49304,7.33071260753361e-05
49303,7.33070507220311e-05
49302,7.3306975335991e-05
49301,7.33068999172159e-05
49300,7.33068244657059e-05
49299,7.33067489814611e-05
49298,7.33066734644816e-05
49297,7.33065979147675e-05
49296,7.3306522332319e-05
49295,7.3306446717136e-05
49294,7.33063710692187e-05
49293,7.33062953885673e-05
49292,7.33062196751818e-05
49291,7.33061439290623e-05
49290,7.3306068150209e-05
49289,7.33059923386219e-05
49288,7.33059164943011e-05
49287,7.33058406172468e-05
49286,7.3305764707459e-05
49285,7.33056887649379e-05
49284,7.33056127896835e-05
49283,7.3305536781696e-05
49282,7.33054607409755e-05
49281,7.3305384667522e-05
49280,7.33053085613357e-05
49279,7.33062922530134e-05
49278,7.33072759083919e-05
49277,7.33082595274675e-05
49276,7.33092431102358e-05
49275,7.33102266566931e-05
49274,7.33112101668352e-05
49273,7.33121936406583e-05
49272,7.33131770781583e-05
49271,7.33141604793312e-05
49270,7.3315143844173e-05
49269,7.33161271726798e-05
49268,7.33171104648475e-05
49267,7.33180937206722e-05
49266,7.33190769401497e-05
49265,7.33200601232763e-05
49264,7.33210432700477e-05
49263,7.33220263804602e-05
49262,7.33230094545097e-05
49261,7.33239924921921e-05
49260,7.33249754935035e-05
49259,7.33264499272662e-05
49258,7.33279242791717e-05
49257,7.33293985492064e-05
49256,7.33308727373571e-05
49255,7.333234684361e-05
49254,7.33338208679518e-05
49253,7.3335294810369e-05
49252,7.33367686708481e-05
49251,7.33382424493757e-05
49250,7.33397161459382e-05
49249,7.33411897605223e-05
49248,7.33426632931144e-05
49247,7.33441367437011e-05
49246,7.33456101122688e-05
49245,7.33470833988043e-05
49244,7.33485566032939e-05
49243,7.33500297257242e-05
49242,7.33515027660817e-05
49241,7.3352975724353e-05
49240,7.33544486005247e-05
49239,7.33565156660952e-05
49238,7.33585826731223e-05
49237,7.33606496215977e-05
49236,7.33627165115132e-05
49235,7.33647833428605e-05
49234,7.33668501156313e-05
49233,7.33689168298177e-05
49232,7.33709834854111e-05
49231,7.33730500824035e-05
49230,7.33751166207865e-05
49229,7.3377183100552e-05
49228,7.33792495216918e-05
49227,7.33813158841975e-05
49226,7.33833821880611e-05
49225,7.33854484332741e-05
49224,7.33875146198284e-05
49223,7.33895807477158e-05
49222,7.33916468169281e-05
49221,7.3393712827457e-05
49220,7.33957787792942e-05
49219,7.33983870405613e-05
49218,7.34009952155119e-05
49217,7.34036033041276e-05
49216,7.34062113063906e-05
49215,7.34088192222828e-05
49214,7.3411427051786e-05
49213,7.34140347948822e-05
49212,7.34166424515533e-05
49211,7.34192500217813e-05
49210,7.34218575055481e-05
49209,7.34244649028356e-05
49208,7.34270722136257e-05
49207,7.34296794379005e-05
49206,7.34322865756417e-05
49205,7.34348936268314e-05
49204,7.34375005914514e-05
49203,7.34401074694837e-05
49202,7.34427142609103e-05
49201,7.3445320965713e-05
49200,7.34479275838738e-05
49199,7.34515404123159e-05
49198,7.34551530603141e-05
49197,7.34587655278245e-05
49196,7.34623778148027e-05
49195,7.34659899212047e-05
49194,7.34696018469865e-05
49193,7.3473213592104e-05
49192,7.34768251565131e-05
49191,7.34804365401695e-05
49190,7.34840477430292e-05
49189,7.34876587650482e-05
49188,7.34912696061823e-05
49187,7.34948802663875e-05
49186,7.34984907456195e-05
49185,7.35021010438344e-05
49184,7.35057111609881e-05
49183,7.35093210970363e-05
49182,7.35129308519352e-05
49181,7.35165404256404e-05
49180,7.3520149818108e-05
49179,7.35243006668649e-05
49178,7.35284512895681e-05
49177,7.35326016861483e-05
49176,7.35367518565364e-05
49175,7.35409018006635e-05
49174,7.35450515184602e-05
49173,7.35492010098575e-05
49172,7.35533502747862e-05
49171,7.35574993131774e-05
49170,7.35616481249617e-05
49169,7.35657967100701e-05
49168,7.35699450684335e-05
49167,7.35740931999827e-05
49166,7.35782411046486e-05
49165,7.35823887823622e-05
49164,7.35865362330542e-05
49163,7.35906834566556e-05
49162,7.35948304530971e-05
49161,7.35989772223099e-05
49160,7.36031237642246e-05
49159,7.36082739685255e-05
49158,7.36134238006754e-05
49157,7.36185732605457e-05
49156,7.36237223480081e-05
49155,7.36288710629339e-05
49154,7.36340194051945e-05
49153,7.36391673746616e-05
49152,7.36443149712065e-05
49151,7.36494621947007e-05
49150,7.36546090450158e-05
49149,7.36597555220232e-05
49148,7.36649016255944e-05
49147,7.36700473556008e-05
49146,7.36751927119141e-05
49145,7.36803376944056e-05
49144,7.36854823029469e-05
49143,7.36906265374094e-05
49142,7.36957703976647e-05
49141,7.37009138835843e-05
49140,7.37060569950397e-05
49139,7.37112260354631e-05
49138,7.37163947154662e-05
49137,7.37215630349164e-05
49136,7.37267309936809e-05
49135,7.3731898591627e-05
49134,7.37370658286219e-05
49133,7.37422327045329e-05
49132,7.37473992192272e-05
49131,7.37525653725722e-05
49130,7.3757731164435e-05
49129,7.3762896594683e-05
49128,7.37680616631835e-05
49127,7.37732263698036e-05
49126,7.37783907144107e-05
49125,7.3783554696872e-05
49124,7.37887183170548e-05
49123,7.37938815748264e-05
49122,7.37990444700541e-05
49121,7.38042070026051e-05
49120,7.38093691723468e-05
49119,7.38155316048118e-05
49118,7.38216934939368e-05
49117,7.38278548394999e-05
49116,7.38340156412788e-05
49115,7.38401758990518e-05
49114,7.38463356125969e-05
49113,7.38524947816922e-05
49112,7.38586534061157e-05
49111,7.38648114856455e-05
49110,7.38709690200597e-05
49109,7.38771260091363e-05
49108,7.38832824526535e-05
49107,7.38894383503893e-05
49106,7.38955937021217e-05
49105,7.3901748507629e-05
49104,7.39079027666892e-05
49103,7.39140564790804e-05
49102,7.39202096445809e-05
49101,7.39263622629685e-05
49100,7.39325143340215e-05
49099,7.39396644263753e-05
49098,7.39468137441313e-05
49097,7.39539622869326e-05
49096,7.39611100544228e-05
49095,7.39682570462453e-05
49094,7.39754032620437e-05
49093,7.39825487014614e-05
49092,7.39896933641418e-05
49091,7.39968372497286e-05
49090,7.40039803578651e-05
49089,7.40111226881951e-05
49088,7.4018264240362e-05
49087,7.40254050140094e-05
49086,7.40325450087809e-05
49085,7.403968422432e-05
49084,7.40468226602705e-05
49083,7.40539603162759e-05
49082,7.40610971919798e-05
49081,7.40682332870261e-05
49080,7.40753686010581e-05
49079,7.40824761699369e-05
49078,7.40895829203752e-05
49077,7.40966888520021e-05
49076,7.41037939644465e-05
49075,7.41108982573374e-05
49074,7.4118001730304e-05
49073,7.41251043829754e-05
49072,7.41322062149804e-05
49071,7.41393072259485e-05
49070,7.41464074155085e-05
49069,7.41535067832897e-05
49068,7.41606053289214e-05
49067,7.41677030520325e-05
49066,7.41747999522525e-05
49065,7.41818960292105e-05
49064,7.41889912825357e-05
49063,7.41960857118575e-05
49062,7.42031793168051e-05
49061,7.42102720970079e-05
49060,7.42173640520952e-05
49059,7.42254759541649e-05
49058,7.42335867905064e-05
49057,7.42416965605736e-05
49056,7.42498052638202e-05
49055,7.42579128997e-05
49054,7.42660194676668e-05
49053,7.42741249671744e-05
49052,7.42822293976769e-05
49051,7.4290332758628e-05
49050,7.42984350494819e-05
49049,7.43065362696925e-05
49048,7.43146364187137e-05
49047,7.43227354959998e-05
49046,7.43308335010046e-05
49045,7.43389304331826e-05
49044,7.43470262919877e-05
49043,7.43551210768741e-05
49042,7.43632147872962e-05
49041,7.43713074227082e-05
49040,7.43793989825643e-05
49039,7.4387489466319e-05
49038,7.43955788734265e-05
49037,7.44036672033414e-05
49036,7.44117544555179e-05
49035,7.44198406294106e-05
49034,7.4427925724474e-05
49033,7.44360097401627e-05
49032,7.44440926759311e-05
49031,7.44521745312339e-05
49030,7.44602553055259e-05
49029,7.44683349982616e-05
49028,7.44764136088956e-05
49027,7.44844911368828e-05
49026,7.4492567581678e-05
49025,7.45006429427361e-05
49024,7.45087172195117e-05
49023,7.45167904114598e-05
49022,7.45248625180354e-05
49021,7.45329335386933e-05
49020,7.45410034728887e-05
49019,7.45505957099476e-05
49018,7.45601864327436e-05
49017,7.45697756403746e-05
49016,7.45793633319393e-05
49015,7.45889495065359e-05
49014,7.4598534163263e-05
49013,7.46081173012193e-05
49012,7.46176989195033e-05
49011,7.46272790172138e-05
49010,7.46368575934495e-05
49009,7.46464346473092e-05
49008,7.4656010177892e-05
49007,7.46655841842967e-05
49006,7.46751566656224e-05
49005,7.46847276209682e-05
49004,7.46942970494333e-05
49003,7.47038649501169e-05
49002,7.47134313221183e-05
49001,7.4722996164537e-05
49000,7.47325594764721e-05
48999,7.47431912825302e-05
48998,7.47538213213832e-05
48997,7.47644495918471e-05
48996,7.47750760927379e-05
48995,7.47857008228714e-05
48994,7.47963237810638e-05
48993,7.48069449661309e-05
48992,7.48175643768893e-05
48991,7.48281820121548e-05
48990,7.4838797870744e-05
48989,7.48494119514732e-05
48988,7.48600242531587e-05
48987,7.48706347746171e-05
48986,7.48812435146649e-05
48985,7.48918504721188e-05
48984,7.49024556457955e-05
48983,7.49130590345116e-05
48982,7.49236606370841e-05
48981,7.49342604523297e-05
48980,7.49448584790657e-05
48979,7.49554547161089e-05
48978,7.49660491622763e-05
48977,7.49766418163853e-05
48976,7.4987232677253e-05
48975,7.49978217436968e-05
48974,7.5008409014534e-05
48973,7.5018994488582e-05
48972,7.50295781646585e-05
48971,7.50401600415808e-05
48970,7.50507401181669e-05
48969,7.50613183932343e-05
48968,7.50718948656007e-05
48967,7.50824695340842e-05
48966,7.50930423975026e-05
48965,7.5103613454674e-05
48964,7.51141827044164e-05
48963,7.51247501455479e-05
48962,7.51353157768869e-05
48961,7.51458795972515e-05
48960,7.51564416054603e-05
48959,7.51675932333485e-05
48958,7.51787429537262e-05
48957,7.51898907651491e-05
48956,7.52010366661727e-05
48955,7.52121806553527e-05
48954,7.52233227312446e-05
48953,7.52344628924043e-05
48952,7.52456011373876e-05
48951,7.52567374647502e-05
48950,7.5267871873048e-05
48949,7.5279004360837e-05
48948,7.5290134926673e-05
48947,7.53012635691123e-05
48946,7.53123902867106e-05
48945,7.53235150780243e-05
48944,7.53346379416094e-05
48943,7.53457588760222e-05
48942,7.53568778798191e-05
48941,7.53679949515562e-05
48940,7.537911008979e-05
48939,7.53912253921187e-05
48938,7.54033383850618e-05
48937,7.5415449066762e-05
48936,7.54275574353623e-05
48935,7.54396634890054e-05
48934,7.54517672258344e-05
48933,7.54638686439925e-05
48932,7.54759677416226e-05
48931,7.54880645168683e-05
48930,7.55001589678726e-05
48929,7.55122510927791e-05
48928,7.55243408897313e-05
48927,7.55364283568726e-05
48926,7.55485134923469e-05
48925,7.55605962942978e-05
48924,7.55726767608692e-05
48923,7.5584754890205e-05
48922,7.55968306804492e-05
48921,7.5608904129746e-05
48920,7.56209752362393e-05
48919,7.56340720233221e-05
48918,7.56471660684267e-05
48917,7.56602573691363e-05
48916,7.56733459230341e-05
48915,7.56864317277037e-05
48914,7.56995147807284e-05
48913,7.57125950796919e-05
48912,7.5725672622178e-05
48911,7.57387474057703e-05
48910,7.5751819428053e-05
48909,7.57648886866101e-05
48908,7.57779551790257e-05
48907,7.57910189028842e-05
48906,7.58040798557699e-05
48905,7.58171380352674e-05
48904,7.58301934389614e-05
48903,7.58432460644365e-05
48902,7.58562959092779e-05
48901,7.58693429710702e-05
48900,7.58823872473989e-05
48899,7.58944048799279e-05
48898,7.59064201254619e-05
48897,7.59184329821472e-05
48896,7.59304434481306e-05
48895,7.59424515215583e-05
48894,7.59544572005774e-05
48893,7.59664604833347e-05
48892,7.5978461367977e-05
48891,7.59904598526514e-05
48890,7.6002455935505e-05
48889,7.6014449614685e-05
48888,7.6026440888339e-05
48887,7.60384297546142e-05
48886,7.60504162116583e-05
48885,7.60624002576189e-05
48884,7.60743818906437e-05
48883,7.60863611088807e-05
48882,7.60983379104778e-05
48881,7.61103122935831e-05
48880,7.61222842563448e-05
48879,7.61357686677155e-05
48878,7.61492500204589e-05
48877,7.61627283118879e-05
48876,7.61762035393149e-05
48875,7.61896757000532e-05
48874,7.62031447914158e-05
48873,7.62166108107162e-05
48872,7.62300737552678e-05
48871,7.62435336223842e-05
48870,7.62569904093793e-05
48869,7.62704441135671e-05
48868,7.62838947322617e-05
48867,7.62973422627777e-05
48866,7.63107867024293e-05
48865,7.63242280485313e-05
48864,7.63376662983987e-05
48863,7.63511014493464e-05
48862,7.63645334986898e-05
48861,7.63779624437441e-05
48860,7.6391388281825e-05
48859,7.64047807307294e-05
48858,7.64181700514135e-05
48857,7.64315562412716e-05
48856,7.64449392976984e-05
48855,7.64583192180888e-05
48854,7.64716959998379e-05
48853,7.64850696403409e-05
48852,7.64984401369934e-05
48851,7.65118074871908e-05
48850,7.65251716883292e-05
48849,7.65385327378047e-05
48848,7.65518906330135e-05
48847,7.65652453713522e-05
48846,7.65785969502174e-05
48845,7.6591945367006e-05
48844,7.66052906191154e-05
48843,7.66186327039426e-05
48842,7.66319716188855e-05
48841,7.66453073613415e-05
48840,7.66586399287089e-05
48839,7.6672459551657e-05
48838,7.66862757519815e-05
48837,7.67000885267892e-05
48836,7.67138978731873e-05
48835,7.6727703788283e-05
48834,7.6741506269184e-05
48833,7.67553053129979e-05
48832,7.6769100916833e-05
48831,7.67828930777976e-05
48830,7.67966817930003e-05
48829,9.10990312738486e-05
48828,9.11260052218019e-05
48827,9.11529857038641e-05
48826,9.11799727221e-05
48825,9.12069662785738e-05
48824,9.12339663753494e-05
48823,9.12609730144904e-05
48822,9.12879861980599e-05
48821,9.13150059281212e-05
48820,9.13420322067367e-05
48819,9.13681497868846e-05
48818,9.13942734522719e-05
48817,9.14204032047044e-05
48816,9.14465390459876e-05
48815,9.14726809779267e-05
48814,9.14988290023263e-05
48813,9.1524983120991e-05
48812,9.15511433357248e-05
48811,9.1577309648331e-05
48810,9.1603482060613e-05
48809,9.16296605743735e-05
48808,9.16558451914151e-05
48807,9.16820359135397e-05
48806,9.17082327425488e-05
48805,9.17344356802436e-05
48804,9.1760644728425e-05
48803,9.17868598888932e-05
48802,9.18130811634485e-05
48801,9.183930855389e-05
48800,9.1865542062017e-05
48799,9.18918944066315e-05
48798,9.19182529026623e-05
48797,9.19446175518474e-05
48796,9.19709883559237e-05
48795,9.1997365316628e-05
48794,9.20237484356962e-05
48793,9.20501377148636e-05
48792,9.20765331558651e-05
48791,9.21029347604344e-05
48790,9.21293425303052e-05
48789,9.21557564672101e-05
48788,9.21821765728814e-05
48787,9.22086028490508e-05
48786,9.22350352974486e-05
48785,9.22614739198054e-05
48784,9.22879187178506e-05
48783,9.23143696933131e-05
48782,9.23408268479213e-05
48781,9.23672901834025e-05
48780,9.23937597014837e-05
48779,9.24201787238446e-05
48778,9.24466039090796e-05
48777,9.24730352589387e-05
48776,9.2499472775171e-05
48775,9.25259164595255e-05
48774,9.25523663137501e-05
48773,9.25788223395925e-05
48772,9.26052845387999e-05
48771,9.26317529131182e-05
48770,9.26582274642936e-05
48769,9.26847081940712e-05
48768,9.27111951041956e-05
48767,9.27376881964108e-05
48766,9.27641874724602e-05
48765,9.27906929340864e-05
48764,9.28172045830319e-05
48763,9.2843722421038e-05
48762,9.28702464498459e-05
48761,9.28967766711956e-05
48760,9.29233130868269e-05
48759,9.29509546423077e-05
48758,9.29786029286245e-05
48757,9.30062579476704e-05
48756,9.30339197013382e-05
48755,9.3061588191519e-05
48754,9.30892634201032e-05
48753,9.31169453889801e-05
48752,9.31446341000381e-05
48751,9.31723295551647e-05
48750,9.32000317562463e-05
48749,9.32277407051681e-05
48748,9.32554564038145e-05
48747,9.32831788540689e-05
48746,9.33109080578136e-05
48745,9.333864401693e-05
48744,9.33663867332983e-05
48743,9.33941362087977e-05
48742,9.34218924453064e-05
48741,9.34496554447017e-05
48740,9.34774252088597e-05
48739,9.35041543245697e-05
48738,9.35308896960248e-05
48737,9.35576313249199e-05
48736,9.3584379212949e-05
48735,9.36111333618053e-05
48734,9.36378937731814e-05
48733,9.36646604487689e-05
48732,9.36914333902589e-05
48731,9.37182125993411e-05
48730,9.37449980777047e-05
48729,9.37717898270383e-05
48728,9.37985878490294e-05
48727,9.3825392145365e-05
48726,9.38522027177306e-05
48725,9.38790195678114e-05
48724,9.39058426972918e-05
48723,9.39326721078551e-05
48722,9.39595078011841e-05
48721,9.39863497789602e-05
48720,9.40131980428645e-05
48719,9.40399373475566e-05
48718,9.40666829144598e-05
48717,9.40934347453245e-05
48716,9.41201928419002e-05
48715,9.41469572059361e-05
48714,9.41737278391805e-05
48713,9.42005047433812e-05
48712,9.42272879202852e-05
48711,9.42540773716386e-05
48710,9.42808730991873e-05
48709,9.43076751046763e-05
48708,9.43344833898497e-05
48707,9.43612979564513e-05
48706,9.43881188062238e-05
48705,9.44149459409094e-05
48704,9.44417793622497e-05
48703,9.44686190719855e-05
48702,9.4495465071857e-05
48701,9.45223173636033e-05
48700,9.45491759489632e-05
48699,9.45760984110125e-05
48698,9.46030271746154e-05
48697,9.46299622414651e-05
48696,9.46569036132535e-05
48695,9.46838512916718e-05
48694,9.47108052784106e-05
48693,9.47377655751595e-05
48692,9.47647321836075e-05
48691,9.47917051054423e-05
48690,9.48186843423512e-05
48689,9.48456698960206e-05
48688,9.48726617681358e-05
48687,9.48996599603818e-05
48686,9.49266644744419e-05
48685,9.49536753119993e-05
48684,9.49806924747361e-05
48683,9.50077159643335e-05
48682,9.5034745782472e-05
48681,9.50617819308308e-05
48680,9.50888244110889e-05
48679,9.51147537570644e-05
48678,9.5140688988872e-05
48677,9.51666301081067e-05
48676,9.51925771163622e-05
48675,9.52185300152324e-05
48674,9.52444888063099e-05
48673,9.52704534911869e-05
48672,9.52964240714552e-05
48671,9.53224005487057e-05
48670,9.5348382924529e-05
48669,9.53743712005148e-05
48668,9.5400365378252e-05
48667,9.54263654593296e-05
48666,9.5452371445335e-05
48665,9.54783833378559e-05
48664,9.55044011384788e-05
48663,9.55304248487895e-05
48662,9.55564544703737e-05
48661,9.55824900048157e-05
48660,9.56085314536999e-05
48659,9.56345213618641e-05
48658,9.56605172202459e-05
48657,9.56865190304954e-05
48656,9.5712526794261e-05
48655,9.57385405131915e-05
48654,9.57645601889343e-05
48653,9.57905858231364e-05
48652,9.58166174174445e-05
48651,9.58426549735042e-05
48650,9.58686984929612e-05
48649,9.58947479774597e-05
48648,9.59208034286437e-05
48647,9.59468648481569e-05
48646,9.59729322376416e-05
48645,9.59990055987402e-05
48644,9.60250849330942e-05
48643,9.60511702423442e-05
48642,9.60772615281306e-05
48641,9.61033587920926e-05
48640,9.61294620358696e-05
48639,9.61534310474516e-05
48638,9.61774052934516e-05
48637,9.62013847753336e-05
48636,9.62253694945617e-05
48635,9.62493594525991e-05
48634,9.62733546509087e-05
48633,9.62973550909534e-05
48632,9.63213607741951e-05
48631,9.63453717020956e-05
48630,9.63693878761161e-05
48629,9.63934092977175e-05
48628,9.64174359683604e-05
48627,9.64414678895045e-05
48626,9.64655050626097e-05
48625,9.64895474891349e-05
48624,9.65135951705388e-05
48623,9.65376481082799e-05
48622,9.65617063038156e-05
48621,9.65857697586037e-05
48620,9.66098384741007e-05
48619,9.66338562384051e-05
48618,9.66578793555836e-05
48617,9.6681907827188e-05
48616,9.67059416547699e-05
48615,9.672998083988e-05
48614,9.67540253840689e-05
48613,9.67780752888871e-05
48612,9.68021305558836e-05
48611,9.68261911866081e-05
48610,9.68502571826089e-05
48609,9.68743285454345e-05
48608,9.68984052766327e-05
48607,9.69224873777505e-05
48606,9.69465748503351e-05
48605,9.69706676959325e-05
48604,9.69947659160889e-05
48603,9.70188695123495e-05
48602,9.70429784862592e-05
48601,9.70670928393626e-05
48600,9.70912125732034e-05
48599,9.71153929160528e-05
48598,9.71395785521481e-05
48597,9.71637694829349e-05
48596,9.7187965709859e-05
48595,9.72121672343647e-05
48594,9.72363740578967e-05
48593,9.7260586181899e-05
48592,9.72848036078146e-05
48591,9.73090263370865e-05
48590,9.73332543711568e-05
48589,9.73574877114672e-05
48588,9.73817263594592e-05
48587,9.74059703165731e-05
48586,9.74302195842493e-05
48585,9.74544741639271e-05
48584,9.74787340570457e-05
48583,9.75029992650437e-05
48582,9.75272697893588e-05
48581,9.75515456314286e-05
48580,9.75758267926897e-05
48579,9.76001676866459e-05
48578,9.76245138285262e-05
48577,9.76488652196805e-05
48576,9.76732218614585e-05
48575,9.76975837552093e-05
48574,9.77219509022813e-05
48573,9.77463233040227e-05
48572,9.77707009617805e-05
48571,9.77950838769016e-05
48570,9.78194720507321e-05
48569,9.78438654846174e-05
48568,9.78682641799028e-05
48567,9.78926681379323e-05
48566,9.79170773600499e-05
48565,9.79414918475986e-05
48564,9.79659116019209e-05
48563,9.7990336624359e-05
48562,9.80147669162539e-05
48561,9.80392024789466e-05
48560,9.8063643313777e-05
48559,9.8086029645183e-05
48558,9.81084204356885e-05
48557,9.81308156863532e-05
48556,9.81532153982357e-05
48555,9.81756195723951e-05
48554,9.81980282098894e-05
48553,9.82204413117763e-05
48552,9.82428588791136e-05
48551,9.82652809129576e-05
48550,9.8287707414365e-05
48549,9.83101383843917e-05
48548,9.83325738240934e-05
48547,9.83550137345252e-05
48546,9.83774581167416e-05
48545,9.83999069717967e-05
48544,9.84223603007443e-05
48543,9.84448181046378e-05
48542,9.84672803845299e-05
48541,9.84897471414729e-05
48540,9.85122183765186e-05
48539,9.85358340424869e-05
48538,9.85594544884298e-05
48537,9.85830797154007e-05
48536,9.86067097244534e-05
48535,9.86303445166402e-05
48534,9.86539840930133e-05
48533,9.8677628454624e-05
48532,9.8701277602523e-05
48531,9.8724931537761e-05
48530,9.87485902613874e-05
48529,9.87722537744513e-05
48528,9.87959220780011e-05
48527,9.88195951730844e-05
48526,9.88432730607488e-05
48525,9.88669557420408e-05
48524,9.88906432180063e-05
48523,9.89143354896908e-05
48522,9.89380325581389e-05
48521,9.8961734424395e-05
48520,9.89854410895025e-05
48519,9.90081674034972e-05
48518,9.90308980890454e-05
48517,9.90536331470193e-05
48516,9.90763725782901e-05
48515,9.90991163837289e-05
48514,9.9121864564206e-05
48513,9.91446171205913e-05
48512,9.91673740537542e-05
48511,9.91901353645632e-05
48510,9.92129010538866e-05
48509,9.9235671122592e-05
48508,9.92584455715465e-05
48507,9.92812244016168e-05
48506,9.93040076136685e-05
48505,9.93267952085672e-05
48504,9.93495871871777e-05
48503,9.93723835503643e-05
48502,9.93951842989908e-05
48501,9.94179894339201e-05
48500,9.9440798956015e-05
48499,9.94637707143665e-05
48498,9.94867468918592e-05
48497,9.95097274892691e-05
48496,9.95327125073713e-05
48495,9.95557019469406e-05
48494,9.95786958087508e-05
48493,9.96016940935751e-05
48492,9.96246968021859e-05
48491,9.96477039353546e-05
48490,9.96707154938524e-05
48489,9.96937314784493e-05
48488,9.97167518899148e-05
48487,9.97397767290178e-05
48486,9.97628059965259e-05
48485,9.97858396932064e-05
48484,9.98088778198259e-05
48483,9.98319203771499e-05
48482,9.98549673659437e-05
48481,9.98780187869712e-05
48480,9.99010746409959e-05
48479,9.99231420495931e-05
48478,9.99452135452919e-05
48477,9.99672891287433e-05
48476,9.99893688005971e-05
48475,0.000100011452561503
48474,0.000100033540412109
48473,0.000100055632353064
48472,0.000100077728385014
48471,0.000100099828508607
48470,0.000100121932724487
48469,0.0001001440410333
48468,0.000100166153435691
48467,0.000100188269932302
48466,0.000100210390523778
48465,0.000100232515210759
48464,0.000100254643993887
48463,0.000100276776873804
48462,0.000100298913851148
48461,0.00010032105492656
48460,0.000100343200100678
48459,0.000100366452655617
48458,0.000100389709768806
48457,0.00010041297144097
48456,0.000100436237672835
48455,0.000100459508465127
48454,0.000100482783818567
48453,0.000100506063733879
48452,0.000100529348211784
48451,0.000100552637253004
48450,0.000100575930858256
48449,0.000100599229028261
48448,0.000100622531763735
48447,0.000100645839065395
48446,0.000100669150933956
48445,0.000100692467370133
48444,0.000100715788374639
48443,0.000100739113948187
48442,0.000100762444091489
48441,0.000100785778805254
48440,0.000100809118090192
48439,0.000100832516235466
48438,0.000100855919035134
48437,0.000100879326489904
48436,0.000100902738600479
48435,0.000100926155367562
48434,0.000100949576791856
48433,0.000100973002874061
48432,0.000100996433614879
48431,0.000101019869015006
48430,0.000101043309075141
48429,0.000101066753795979
48428,0.000101090203178216
48427,0.000101113657222546
48426,0.000101137115929661
48425,0.000101160579300253
48424,0.000101184047335012
48423,0.000101207520034627
48422,0.000101230997399786
48421,0.000101254479431176
48420,0.000101277966129482
48419,0.00010130151270167
48418,0.000101325064042105
48417,0.000101348620151473
48416,0.000101372181030457
48415,0.00010139574667974
48414,0.000101419317100004
48413,0.000101442892291926
48412,0.000101466472256187
48411,0.000101490056993463
48410,0.00010151364650443
48409,0.000101537240789761
48408,0.000101560839850129
48407,0.000101584443686206
48406,0.000101608052298661
48405,0.000101631665688163
48404,0.000101655283855379
48403,0.000101678906800974
48402,0.000101702534525613
48401,0.000101726167029957
48400,0.00010174980431467
48399,0.000101772328136173
48398,0.000101794856239467
48397,0.000101817388625123
48396,0.000101839925293711
48395,0.0001018624662458
48394,0.000101885011481956
48393,0.000101907561002745
48392,0.000101930114808735
48391,0.000101952672900487
48390,0.000101975235278566
48389,0.000101997801943535
48388,0.000102020372895952
48387,0.00010204294813638
48386,0.000102065527665376
48385,0.000102088111483498
48384,0.000102110699591303
48383,0.000102133291989347
48382,0.000102155888678184
48381,0.000102178489658366
48380,0.000102201094930448
48379,0.000102224770353861
48378,0.000102248450471254
48377,0.000102272135283259
48376,0.000102295824790507
48375,0.000102319518993626
48374,0.000102343217893247
48373,0.000102366921489994
48372,0.000102390629784494
48371,0.000102414342777371
48370,0.000102438060469247
48369,0.000102461782860745
48368,0.000102485509952485
48367,0.000102509241745086
48366,0.000102532978239165
48365,0.000102556719435339
48364,0.000102580465334222
48363,0.00010260421593643
48362,0.000102627971242573
48361,0.000102651731253264
48360,0.000102675495969112
48359,0.000102699265390726
48358,0.000102723039518712
48357,0.000102746818353677
48356,0.000102770601896225
48355,0.00010279439014696
48354,0.000102818183106482
48353,0.000102841980775394
48352,0.000102865783154293
48351,0.000102889590243778
48350,0.000102913402044445
48349,0.000102937218556889
48348,0.000102961039781705
48347,0.000102984865719485
48346,0.000103008696370819
48345,0.000103032531736298
48344,0.000103056371816511
48343,0.000103080216612043
48342,0.000103104066123481
48341,0.00010312792035141
48340,0.000103151779296411
48339,0.000103176540066673
48338,0.000103201305784929
48337,0.000103226076451907
48336,0.000103250852068332
48335,0.000103275632634929
48334,0.00010330041815242
48333,0.000103325208621529
48332,0.000103350004042976
48331,0.000103374804417481
48330,0.000103399609745763
48329,0.00010342442002854
48328,0.000103449235266527
48327,0.00010347405546044
48326,0.000103498880610994
48325,0.000103523710718901
48324,0.000103548545784873
48323,0.00010357338580962
48322,0.000103598230793853
48321,0.00010362308073828
48320,0.000103647935643607
48319,0.000103671835832349
48318,0.000103695740670183
48317,0.000103719650157675
48316,0.000103743564295394
48315,0.000103767483083904
48314,0.00010379140652377
48313,0.000103815334615556
48312,0.000103839267359823
48311,0.000103863204757132
48310,0.000103887146808043
48309,0.000103911093513113
48308,0.000103935044872899
48307,0.000103959000887959
48306,0.000103982961558845
48305,0.00010400692688611
48304,0.000104030896870308
48303,0.000104054871511989
48302,0.000104078850811702
48301,0.000104102834769995
48300,0.000104126823387416
48299,0.000104152861566937
48298,0.000104178905162016
48297,0.000104204954173427
48296,0.000104231008601942
48295,0.000104257068448334
48294,0.000104283133713371
48293,0.000104309204397822
48292,0.000104335280502454
48291,0.000104361362028032
48290,0.00010438744897532
48289,0.000104413541345081
48288,0.000104439639138076
48287,0.000104465742355063
48286,0.000104491850996803
48285,0.000104517965064051
48284,0.000104544084557563
48283,0.000104570209478093
48282,0.000104596339826393
48281,0.000104622475603213
48280,0.000104648616809304
48279,0.000104674823878322
48278,0.000104701036423356
48277,0.000104727254445115
48276,0.000104753477944306
48275,0.000104779706921635
48274,0.000104805941377806
48273,0.000104832181313522
48272,0.000104858426729483
48271,0.000104884677626389
48270,0.000104910934004937
48269,0.000104937195865823
48268,0.000104963463209742
48267,0.000104989736037386
48266,0.000105016014349446
48265,0.000105042298146612
48264,0.000105068587429572
48263,0.000105094882199011
48262,0.000105121182455615
48261,0.000105147488200066
48260,0.000105173799433046
48259,0.00010520017713986
48258,0.000105226560399799
48257,0.000105252949213505
48256,0.000105279343581619
48255,0.000105305743504781
48254,0.000105332148983628
48253,0.000105358560018797
48252,0.000105384976610921
48251,0.000105411398760631
48250,0.000105437826468559
48249,0.000105464259735332
48248,0.000105490698561577
48247,0.000105517142947918
48246,0.000105543592894979
48245,0.000105570048403379
48244,0.000105596509473738
48243,0.000105622976106674
48242,0.0001056494483028
48241,0.000105675926062731
48240,0.000105702409387078
48239,0.000105727740468515
48238,0.000105753076608091
48237,0.000105778417806367
48236,0.000105803764063906
48235,0.000105829115381265
48234,0.000105854471759003
48233,0.000105879833197675
48232,0.000105905199697837
48231,0.000105930571260042
48230,0.000105955947884842
48229,0.000105981329572786
48228,0.000106006716324425
48227,0.000106032108140306
48226,0.000106057505020974
48225,0.000106082906966974
48224,0.00010610831397885
48223,0.000106133726057142
48222,0.000106159143202391
48221,0.000106184565415136
48220,0.000106209992695913
48219,0.00010623664997986
48218,0.000106263312921762
48217,0.000106289981522155
48216,0.000106316655781571
48215,0.000106343335700542
48214,0.000106370021279595
48213,0.000106396712519258
48212,0.000106423409420055
48211,0.000106450111982508
48210,0.000106476820207137
48209,0.00010650353409446
48208,0.000106530253644992
48207,0.000106556978859246
48206,0.000106583709737735
48205,0.000106610446280966
48204,0.000106637188489446
48203,0.000106663936363681
48202,0.000106690689904172
48201,0.000106717449111419
48200,0.00010674421398592
48199,0.000106772215877651
48198,0.000106800224122168
48197,0.000106828238719959
48196,0.000106856259671506
48195,0.000106884286977289
48194,0.000106912320637784
48193,0.000106940360653465
48192,0.000106968407024801
48191,0.00010699645975226
48190,0.000107024518836304
48189,0.000107052584277393
48188,0.000107080656075985
48187,0.000107108734232532
48186,0.000107136818747485
48185,0.00010716490962129
48184,0.000107193006854392
48183,0.000107221110447229
48182,0.00010724922040024
48181,0.000107277336713857
48180,0.00010730545938851
48179,0.000107333459570384
48178,0.000107361465897556
48177,0.000107389478370533
48176,0.000107417496989819
48175,0.000107445521755915
48174,0.000107473552669319
48173,0.000107501589730527
48172,0.000107529632940033
48171,0.000107557682298326
48170,0.000107585737805895
48169,0.000107613799463224
48168,0.000107641867270797
48167,0.000107669941229092
48166,0.000107698021338587
48165,0.000107726107599756
48164,0.000107754200013071
48163,0.000107782298579001
48162,0.000107810403298011
48161,0.000107838514170566
48160,0.000107866631197127
48159,0.00010789377042505
48158,0.000107920915553424
48157,0.000107948066582556
48156,0.000107975223512746
48155,0.000108002386344294
48154,0.000108029555077496
48153,0.000108056729712644
48152,0.000108083910250029
48151,0.000108111096689937
48150,0.000108138289032652
48149,0.000108165487278455
48148,0.000108192691427624
48147,0.000108219901480433
48146,0.000108247117437153
48145,0.000108274339298054
48144,0.000108301567063401
48143,0.000108328800733456
48142,0.000108356040308478
48141,0.000108383285788724
48140,0.000108410537174447
48139,0.000108438847088211
48138,0.000108467163262072
48137,0.000108495485696373
48136,0.000108523814391452
48135,0.000108552149347646
48134,0.000108580490565287
48133,0.000108608838044704
48132,0.000108637191786225
48131,0.000108665551790172
48130,0.000108693918056866
48129,0.000108722290586623
48128,0.000108750669379757
48127,0.000108779054436579
48126,0.000108807445757395
48125,0.000108835843342512
48124,0.000108864247192228
48123,0.000108892657306843
48122,0.00010892107368665
48121,0.000108949496331942
48120,0.000108977925243007
48119,0.000109006360420129
48118,0.00010903480186359
48117,0.00010906324957367
48116,0.000109091703550643
48115,0.000109120163794781
48114,0.000109148630306355
48113,0.000109177103085628
48112,0.000109205582132864
48111,0.000109234067448323
48110,0.000109262559032259
48109,0.000109291056884926
48108,0.000109319561006574
48107,0.000109348071397448
48106,0.000109376588057792
48105,0.000109405110987845
48104,0.000109433640187844
48103,0.000109462175658021
48102,0.000109490717398608
48101,0.00010951926540983
48100,0.000109547819691911
48099,0.00010957737167302
48098,0.000109606930240839
48097,0.000109636495395763
48096,0.000109666067138184
48095,0.000109695645468491
48094,0.000109725230387068
48093,0.000109754821894298
48092,0.000109784419990561
48091,0.000109814024676232
48090,0.000109843635951684
48089,0.000109873253817288
48088,0.00010990287827341
48087,0.000109932509320413
48086,0.000109962146958659
48085,0.000109991791188505
48084,0.000110021442010306
48083,0.000110051099424411
48082,0.000110080763431171
48081,0.00011011043403093
48080,0.000110140111224029
48079,0.000110169795010808
48078,0.000110199485391602
48077,0.000110229182366743
48076,0.000110258885936561
48075,0.000110288596101383
48074,0.000110318312861531
48073,0.000110348036217324
48072,0.00011037776616908
48071,0.000110407502717113
48070,0.000110437245861732
48069,0.000110466995603244
48068,0.000110496751941955
48067,0.000110526514878164
48066,0.00011055628441217
48065,0.000110586060544266
48064,0.000110615843274745
48063,0.000110645632603893
48062,0.000110675428531997
48061,0.000110705231059337
48060,0.000110735040186192
48059,0.00011076464583535
48058,0.0001107942579678
48057,0.000110823876584054
48056,0.000110853501684621
48055,0.000110883133270008
48054,0.000110912771340717
48053,0.00011094241589725
48052,0.000110972066940106
48051,0.000111001724469781
48050,0.000111031388486767
48049,0.000111061058991557
48048,0.000111090735984637
48047,0.000111120419466494
48046,0.000111150109437611
48045,0.000111179805898468
48044,0.000111209508849543
48043,0.000111239218291311
48042,0.000111268934224245
48041,0.000111298656648815
48040,0.000111328385565488
48039,0.000111359124558107
48038,0.000111389870569437
48037,0.000111420623600181
48036,0.000111451383651038
48035,0.000111482150722706
48034,0.000111512924815879
48033,0.000111543705931247
48032,0.0001115744940695
48031,0.000111605289231323
48030,0.000111636091417399
48029,0.000111666900628407
48028,0.000111697716865025
48027,0.000111728540127927
48026,0.000111759370417784
48025,0.000111790207735265
48024,0.000111821052081035
48023,0.000111851903455756
48022,0.00011188276186009
48021,0.000111913627294691
48020,0.000111944499760216
48019,0.000111976458430504
48018,0.000112008424698649
48017,0.000112040398565471
48016,0.000112072380031784
48015,0.0001121043690984
48014,0.000112136365766126
48013,0.000112168370035768
48012,0.000112200381908128
48011,0.000112232401384004
48010,0.00011226442846419
48009,0.000112296463149479
48008,0.000112328505440658
48007,0.000112360555338512
48006,0.000112392612843823
48005,0.000112424677957369
48004,0.000112456750679924
48003,0.000112488831012259
48002,0.000112520918955144
48001,0.000112553014509341
48000,0.000112585117675613
47999,0.000112615935414064
47998,0.000112646760370734
47997,0.000112677592546518
47996,0.000112708431942306
47995,0.000112739278558987
47994,0.000112770132397446
47993,0.000112800993458566
47992,0.000112831861743225
47991,0.0001128627372523
47990,0.000112893619986664
47989,0.000112924509947188
47988,0.000112955407134737
47987,0.000112986311550176
47986,0.000113017223194366
47985,0.000113048142068165
47984,0.000113079068172427
47983,0.000113110001508005
47982,0.000113140942075746
47981,0.000113171889876495
47980,0.000113202844911097
47979,0.000113234966748052
47978,0.000113267096350079
47977,0.000113299233718084
47976,0.00011333137885297
47975,0.000113363531755639
47974,0.000113395692426987
47973,0.000113427860867906
47972,0.000113460037079286
47971,0.000113492221062013
47970,0.000113524412816969
47969,0.000113556612345033
47968,0.000113588819647078
47967,0.000113621034723977
47966,0.000113653257576596
47965,0.0001136854882058
47964,0.000113717726612448
47963,0.000113749972797398
47962,0.000113782226761501
47961,0.000113814488505608
47960,0.000113846758030563
47959,0.000113877802790102
47958,0.000113908854899456
47957,0.000113939914359502
47956,0.000113970981171111
47955,0.000114002055335154
47954,0.000114033136852497
47953,0.000114064225724003
47952,0.000114095321950531
47951,0.000114126425532938
47950,0.000114157536472077
47949,0.000114188654768796
47948,0.000114219780423942
47947,0.000114250913438358
47946,0.000114282053812882
47945,0.000114313201548351
47944,0.000114344356645598
47943,0.00011437551910545
47942,0.000114406688928734
47941,0.000114437866116272
47940,0.000114469050668882
47939,0.000114501412762588
47938,0.000114533782754244
47937,0.000114566160644725
47936,0.000114598546434904
47935,0.000114630940125647
47934,0.000114663341717818
47933,0.000114695751212276
47932,0.000114728168609877
47931,0.000114760593911472
47930,0.000114793027117909
47929,0.00011482546823003
47928,0.000114857917248677
47927,0.000114890374174682
47926,0.000114922839008879
47925,0.000114955311752094
47924,0.000114987792405151
47923,0.000115020280968868
47922,0.00011505277744406
47921,0.00011508528183154
47920,0.000115117794132112
47919,0.000115149204170263
47918,0.000115180621490283
47917,0.000115212046092802
47916,0.000115243477978446
47915,0.00011527491714784
47914,0.000115306363601603
47913,0.000115337817340351
47912,0.000115369278364698
47911,0.000115400746675252
47910,0.00011543222227262
47909,0.000115463705157403
47908,0.000115495195330202
47907,0.000115526692791611
47906,0.000115558197542221
47905,0.000115589709582622
47904,0.000115621228913398
47903,0.000115652755535131
47902,0.000115684289448398
47901,0.000115715830653774
47900,0.000115747379151829
47899,0.000115779063956035
47898,0.000115810755906179
47897,0.000115842455002619
47896,0.000115874161245711
47895,0.00011590587463581
47894,0.000115937595173263
47893,0.000115969322858418
47892,0.000116001057691617
47891,0.000116032799673199
47890,0.000116064548803498
47889,0.000116096305082849
47888,0.000116128068511579
47887,0.000116159839090013
47886,0.000116191616818473
47885,0.000116223401697277
47884,0.000116255193726741
47883,0.000116286992907174
47882,0.000116318799238886
47881,0.00011635061272218
47880,0.000116382433357356
47879,0.000116413139066425
47878,0.000116443851367039
47877,0.000116474570259377
47876,0.000116505295743612
47875,0.000116536027819919
47874,0.000116566766488465
47873,0.000116597511749415
47872,0.000116628263602935
47871,0.000116659022049182
47870,0.000116689787088313
47869,0.000116720558720484
47868,0.000116751336945843
47867,0.000116782121764539
47866,0.000116812913176715
47865,0.000116843711182514
47864,0.000116874515782074
47863,0.00011690532697553
47862,0.000116936144763013
47861,0.000116966969144653
47860,0.000116997800120577
47859,0.000117027510206882
47858,0.000117057226363664
47857,0.000117086948590947
47856,0.000117116676888755
47855,0.000117146411257106
47854,0.000117176151696017
47853,0.000117205898205504
47852,0.000117235650785577
47851,0.000117265409436244
47850,0.000117295174157513
47849,0.000117324944949386
47848,0.000117354721811865
47847,0.000117384504744946
47846,0.000117414293748625
47845,0.000117444088822895
47844,0.000117473889967745
47843,0.000117503697183162
47842,0.000117533510469131
47841,0.000117563329825632
47840,0.000117593155252645
47839,0.000117622986750145
47838,0.000117652824318105
47837,0.000117682667956497
47836,0.000117712517665288
47835,0.000117742373444442
47834,0.000117772235293922
47833,0.000117802103213686
47832,0.000117831977203693
47831,0.000117861857263895
47830,0.000117891743394244
47829,0.000117921635594688
47828,0.000117951533865172
47827,0.000117981438205638
47826,0.000118011348616028
47825,0.000118041265096278
47824,0.000118071187646322
47823,0.000118101116266092
47822,0.000118131050955517
47821,0.000118160991714522
47820,0.000118190938543031
47819,0.000118219817040954
47818,0.000118248701126265
47817,0.000118277590798724
47816,0.000118306486058089
47815,0.000118335386904114
47814,0.00011836429333655
47813,0.000118393205355147
47812,0.000118422122959653
47811,0.00011845104614981
47810,0.00011847997492536
47809,0.000118508909286043
47808,0.000118537849231594
47807,0.000118566794761748
47806,0.000118595745876234
47805,0.000118624702574782
47804,0.000118653664857117
47803,0.000118682632722962
47802,0.000118711606172038
47801,0.000118740585204062
47800,0.00011876956981875
47799,0.000118797291287186
47798,0.000118825017877912
47797,0.000118852749590747
47796,0.00011888048642551
47795,0.000118908228382016
47794,0.000118935975460079
47793,0.00011896372765951
47792,0.000118991484980118
47791,0.00011901924742171
47790,0.000119047014984091
47789,0.000119074787667064
47788,0.00011910256547043
47787,0.000119130348393986
47786,0.000119158136437531
47785,0.000119185929600856
47784,0.000119213727883756
47783,0.000119241531286019
47782,0.000119269339807433
47781,0.000119297153447785
47780,0.000119324972206857
47779,0.00011935037641363
47778,0.000119375784887265
47777,0.000119401197627594
47776,0.000119426614634445
47775,0.000119452035907646
47774,0.000119477461447023
47773,0.0001195028912524
47772,0.0001195283253236
47771,0.000119553763660445
47770,0.000119579206262754
47769,0.000119604653130347
47768,0.000119630104263039
47767,0.000119655559660647
47766,0.000119681019322984
47765,0.000119706483249862
47764,0.000119731951441094
47763,0.000119757423896487
47762,0.000119782900615849
47761,0.000119808381598988
47760,0.000119833866845708
47759,0.000119859356355811
47758,0.000119884850129101
47757,0.000119910348165376
47756,0.000119935850464437
47755,0.000119961357026079
47754,0.000119986867850099
47753,0.00012001238293629
47752,0.000120037902284446
47751,0.000120063425894357
47750,0.000120088953765813
47749,0.000120114485898602
47748,0.00012014002229251
47747,0.000120165562947323
47746,0.000120191107862822
47745,0.000120216657038792
47744,0.000120242210475011
47743,0.000120267768171259
47742,0.000120293330127312
47741,0.000120318896342947
47740,0.000120344466817937
47739,0.000120368760456308
47738,0.000120393057973459
47737,0.000120417359369252
47736,0.000120441664643548
47735,0.000120465973796205
47734,0.000120490286827081
47733,0.000120514603736032
47732,0.000120538924522913
47731,0.00012056324918758
47730,0.000120587577729883
47729,0.000120611910149675
47728,0.000120636246446807
47727,0.000120660586621126
47726,0.000120684930672481
47725,0.000120709278600719
47724,0.000120733630405684
47723,0.000120757986087221
47722,0.000120782345645172
47721,0.00012080670907938
47720,0.000120831076389683
47719,0.000120852815349309
47718,0.000120874557610043
47717,0.0001208963031719
47716,0.000120918052034896
47715,0.000120939804199047
47714,0.000120961559664365
47713,0.000120983318430863
47712,0.000121005080498554
47711,0.000121026845867448
47710,0.000121048614537555
47709,0.000121070386508886
47708,0.000121092161781447
47707,0.000121113940355246
47706,0.000121135722230291
47705,0.000121157507406585
47704,0.000121179295884135
47703,0.000121201087662944
47702,0.000121222882743014
47701,0.000121244681124347
47700,0.000121266482806945
47699,0.000121288411918745
47698,0.000121310344205908
47697,0.000121332279668349
47696,0.000121354218305981
47695,0.000121376160118719
47694,0.000121398105106473
47693,0.000121420053269156
47692,0.000121442004606679
47691,0.00012146395911895
47690,0.00012148591680588
47689,0.000121507877667376
47688,0.000121529841703345
47687,0.000121551808913693
47686,0.000121573779298328
47685,0.000121595752857153
47684,0.000121617729590072
47683,0.000121639709496988
47682,0.000121661692577803
47681,0.00012168367883242
47680,0.000121705668260738
47679,0.000121726432120653
47678,0.000121747198816086
47677,0.000121767968346955
47676,0.000121788740713179
47675,0.000121809515914674
47674,0.000121830293951356
47673,0.000121851074823142
47672,0.000121871858529947
47671,0.000121892645071685
47670,0.00012191343444827
47669,0.000121934226659614
47668,0.00012195502170563
47667,0.000121975819586231
47666,0.000121996620301326
47665,0.000122017423850826
47664,0.000122038230234642
47663,0.000122059039452681
47662,0.000122079851504852
47661,0.000122100666391063
47660,0.000122121484111221
47659,0.000122141072650594
47658,0.000122160663705265
47657,0.000122180257275157
47656,0.000122199853360196
47655,0.000122219451960305
47654,0.000122239053075407
47653,0.000122258656705424
47652,0.000122278262850279
47651,0.000122297871509893
47650,0.000122317482684188
47649,0.000122337096373082
47648,0.000122356712576497
47647,0.000122376331294352
47646,0.000122395952526565
47645,0.000122415576273055
47644,0.000122435202533739
47643,0.000122454831308535
47642,0.000122474462597359
47641,0.000122494096400127
47640,0.000122513732716756
47639,0.000122533432284338
47638,0.000122553134329894
47637,0.000122572838853303
47636,0.000122592545854442
47635,0.00012261225533319
47634,0.000122631967289425
47633,0.000122651681723021
47632,0.000122671398633857
47631,0.000122691118021807
47630,0.000122710839886747
47629,0.000122730564228552
47628,0.000122750291047095
47627,0.00012277002034225
47626,0.000122789752113889
47625,0.000122809486361887
47624,0.000122829223086114
47623,0.000122848962286441
47622,0.00012286870396274
47621,0.000122888448114881
47620,0.000122908194742734
47619,0.000122926766154907
47618,0.000122945339727243
47617,0.000122963915459603
47616,0.000122982493351844
47615,0.000123001073403825
47614,0.000123019655615404
47613,0.000123038239986438
47612,0.000123056826516785
47611,0.0001230754152063
47610,0.00012309400605484
47609,0.000123112599062261
47608,0.000123131194228417
47607,0.000123149791553165
47606,0.000123168391036357
47605,0.000123186992677849
47604,0.000123205596477493
47603,0.000123224202435143
47602,0.000123242810550651
47601,0.00012326142082387
47600,0.000123280033254651
47599,0.000123296226181696
47598,0.00012331242073109
47597,0.000123328616902707
47596,0.000123344814696418
47595,0.000123361014112097
47594,0.000123377215149615
47593,0.000123393417808844
47592,0.000123409622089655
47591,0.000123425827991919
47590,0.000123442035515507
47589,0.000123458244660289
47588,0.000123474455426137
47587,0.000123490667812919
47586,0.000123506881820506
47585,0.000123523097448766
47584,0.000123539314697571
47583,0.000123555533566787
47582,0.000123571754056284
47581,0.00012358797616593
47580,0.000123604199895594
47579,0.000123622851766948
47578,0.000123641505792664
47577,0.000123660161972586
47576,0.000123678820306555
47575,0.000123697480794413
47574,0.000123716143436003
47573,0.000123734808231164
47572,0.000123753475179737
47571,0.000123772144281563
47570,0.00012379081553648
47569,0.000123809488944328
47568,0.000123828164504946
47567,0.000123846842218173
47566,0.000123865522083845
47565,0.0001238842041018
47564,0.000123902888271875
47563,0.000123921574593908
47562,0.000123940263067733
47561,0.000123958953693186
47560,0.000123977646470103
47559,0.000123995155430685
47558,0.000124012666265648
47557,0.000124030178974823
47556,0.000124047693558038
47555,0.000124065210015121
47554,0.000124082728345903
47553,0.00012410024855021
47552,0.00012411777062787
47551,0.00012413529457871
47550,0.000124152820402557
47549,0.000124170348099238
47548,0.000124187877668579
47547,0.000124205409110405
47546,0.000124222942424543
47545,0.000124240477610816
47544,0.00012425801466905
47543,0.000124275553599069
47542,0.000124293094400697
47541,0.000124310637073758
47540,0.000124328181618073
47539,0.000124344418456624
47538,0.000124360656908356
47537,0.000124376896973157
47536,0.000124393138650911
47535,0.000124409381941506
47534,0.000124425626844826
47533,0.000124441873360757
47532,0.000124458121489184
47531,0.000124474371229992
47530,0.000124490622583065
47529,0.000124506875548288
47528,0.000124523130125545
47527,0.00012453938631472
47526,0.000124555644115696
47525,0.000124571903528357
47524,0.000124588164552585
47523,0.000124604427188264
47522,0.000124620691435275
47521,0.000124636957293502
47520,0.000124653224762827
47519,0.00012467056412656
47518,0.000124687905469819
47517,0.000124705248792536
47516,0.000124722594094642
47515,0.000124739941376068
47514,0.000124757290636744
47513,0.000124774641876602
47512,0.00012479199509557
47511,0.000124809350293578
47510,0.000124826707470556
47509,0.000124844066626432
47508,0.000124861427761134
47507,0.000124878790874591
47506,0.00012489615596673
47505,0.000124913523037478
47504,0.000124930892086762
47503,0.000124948263114509
47502,0.000124965636120644
47501,0.000124983011105095
47500,0.000125000388067784
47499,0.000125017826768933
47498,0.000125035267392432
47497,0.000125052709938184
47496,0.00012507015440609
47495,0.000125087600796051
47494,0.000125105049107968
47493,0.000125122499341741
47492,0.000125139951497271
47491,0.000125157405574457
47490,0.000125174861573198
47489,0.000125192319493394
47488,0.000125209779334943
47487,0.000125227241097744
47486,0.000125244704781694
47485,0.000125262170386691
47484,0.000125279637912633
47483,0.000125297107359416
47482,0.000125314578726937
47481,0.000125332052015092
47480,0.000125349527223777
47479,0.000125366885776001
47478,0.000125384246378937
47477,0.000125401609032519
47476,0.000125418973736683
47475,0.000125436340491365
47474,0.0001254537092965
47473,0.000125471080152021
47472,0.000125488453057862
47471,0.000125505828013958
47470,0.00012552320502024
47469,0.000125540584076641
47468,0.000125557965183094
47467,0.000125575348339529
47466,0.000125592733545879
47465,0.000125610120802074
47464,0.000125627510108044
47463,0.00012564490146372
47462,0.00012566229486903
47461,0.000125679690323905
47460,0.000125697087828271
47459,0.000125713286238439
47458,0.000125729486364782
47457,0.00012574568820723
47456,0.000125761891765714
47455,0.000125778097040164
47454,0.000125794304030509
47453,0.00012581051273668
47452,0.000125826723158605
47451,0.000125842935296213
47450,0.000125859149149434
47449,0.000125875364718194
47448,0.000125891582002423
47447,0.000125907801002048
47446,0.000125924021716996
47445,0.000125940244147195
47444,0.000125956468292571
47443,0.000125972694153051
47442,0.000125988921728562
47441,0.000126005151019028
47440,0.000126021382024377
47439,0.000126038876825582
47438,0.000126056373599822
47437,0.000126073872346996
47436,0.000126091373067007
47435,0.000126108875759755
47434,0.000126126380425141
47433,0.000126143887063064
47432,0.000126161395673425
47431,0.000126178906256122
47430,0.000126196418811055
47429,0.000126213933338122
47428,0.000126231449837221
47427,0.00012624896830825
47426,0.000126266488751107
47425,0.000126284011165687
47424,0.000126301535551888
47423,0.000126319061909606
47422,0.000126336590238736
47421,0.000126354120539174
47420,0.000126371652810815
47419,0.000126387922296315
47418,0.000126404193494837
47417,0.000126420466406298
47416,0.000126436741030618
47415,0.000126453017367713
47414,0.000126469295417501
47413,0.000126485575179899
47412,0.000126501856654824
47411,0.000126518139842192
47410,0.000126534424741921
47409,0.000126550711353924
47408,0.000126566999678119
47407,0.00012658328971442
47406,0.000126599581462742
47405,0.000126615874923001
47404,0.00012663217009511
47403,0.000126648466978983
47402,0.000126664765574535
47401,0.000126681065881678
47400,0.000126697367900327
47399,0.000126712517407214
47398,0.000126727668294117
47397,0.000126742820560939
47396,0.000126757974207583
47395,0.000126773129233953
47394,0.000126788285639951
47393,0.00012680344342548
47392,0.000126818602590441
47391,0.000126833763134738
47390,0.000126848925058272
47389,0.000126864088360945
47388,0.000126879253042659
47387,0.000126894419103315
47386,0.000126909586542815
47385,0.000126924755361058
47384,0.000126939925557947
47383,0.000126955097133382
47382,0.000126970270087264
47381,0.000126985444419492
47380,0.000127000620129966
47379,0.000127017122959637
47378,0.000127033627384035
47377,0.000127050133403006
47376,0.000127066641016395
47375,0.000127083150224045
47374,0.000127099661025799
47373,0.000127116173421502
47372,0.000127132687410997
47371,0.000127149202994126
47370,0.000127165720170732
47369,0.000127182238940658
47368,0.000127198759303746
47367,0.000127215281259838
47366,0.000127231804808774
47365,0.000127248329950398
47364,0.000127264856684549
47363,0.000127281385011068
47362,0.000127297914929796
47361,0.000127314446440573
47360,0.000127330979543239
47359,0.000127346242281557
47358,0.000127361506376015
47357,0.000127376771826487
47356,0.000127392038632844
47355,0.000127407306794961
47354,0.00012742257631271
47353,0.000127437847185964
47352,0.000127453119414596
47351,0.000127468392998478
47350,0.000127483667937482
47349,0.000127498944231479
47348,0.000127514221880342
47347,0.000127529500883943
47346,0.000127544781242151
47345,0.000127560062954839
47344,0.000127575346021877
47343,0.000127590630443137
47342,0.000127605916218488
47341,0.000127621203347801
47340,0.000127636491830946
47339,0.000127650563490829
47338,0.000127664636287253
47337,0.000127678710220094
47336,0.000127692785289228
47335,0.00012770686149453
47334,0.000127720938835875
47333,0.000127735017313138
47332,0.000127749096926194
47331,0.000127763177674918
47330,0.000127777259559185
47329,0.000127791342578869
47328,0.000127805426733843
47327,0.000127819512023983
47326,0.000127833598449162
47325,0.000127847686009254
47324,0.000127861774704133
47323,0.000127875864533671
47322,0.000127889955497743
47321,0.000127904047596221
47320,0.000127918140828979
47319,0.000127932235195889
47318,0.000127946330696824
47317,0.000127960427331657
47316,0.000127974525100259
47315,0.000127988624002504
47314,0.000128002724038263
47313,0.000128016825207407
47312,0.00012803092750981
47311,0.000128045030945342
47310,0.000128059135513874
47309,0.000128073241215279
47308,0.000128087348049426
47307,0.000128101456016188
47306,0.000128115565115434
47305,0.000128129675347036
47304,0.000128143786710864
47303,0.000128157899206788
47302,0.000128172012834678
47301,0.000128186127594404
47300,0.000128200243485837
47299,0.000128214304323864
47298,0.000128228366294863
47297,0.000128242429398729
47296,0.000128256493635355
47295,0.000128270559004635
47294,0.000128284625506462
47293,0.000128298693140729
47292,0.000128312761907329
47291,0.000128326831806156
47290,0.000128340902837101
47289,0.000128354975000058
47288,0.000128369048294919
47287,0.000128383122721576
47286,0.000128397198279922
47285,0.000128411274969848
47284,0.000128425352791246
47283,0.000128439431744009
47282,0.000128453511828027
47281,0.000128467593043192
47280,0.000128481675389396
47279,0.000128494478503696
47278,0.000128507282552567
47277,0.000128520087535927
47276,0.000128532893453694
47275,0.000128545700305785
47274,0.000128558508092118
47273,0.000128571316812612
47272,0.000128584126467182
47271,0.000128596937055748
47270,0.000128609748578225
47269,0.000128622561034533
47268,0.000128635374424586
47267,0.000128648188748304
47266,0.000128661004005601
47265,0.000128673820196397
47264,0.000128686637320606
47263,0.000128699455378147
47262,0.000128712274368935
47261,0.000128725094292886
47260,0.000128737915149918
47259,0.000128750680969675
47258,0.000128763447741389
47257,0.000128776215464991
47256,0.000128788984140413
47255,0.000128801753767586
47254,0.00012881452434644
47253,0.000128827295876906
47252,0.000128840068358916
47251,0.000128852841792399
47250,0.000128865616177286
47249,0.000128878391513508
47248,0.000128891167800994
47247,0.000128903945039676
47246,0.000128916723229482
47245,0.000128929502370344
47244,0.000128942282462191
47243,0.000128955063504953
47242,0.000128967845498559
47241,0.00012898062844294
47240,0.000128993412338024
47239,0.000129003517647442
47238,0.000129013623658188
47237,0.000129023730370235
47236,0.000129033837783559
47235,0.000129043945898133
47234,0.000129054054713931
47233,0.000129064164230929
47232,0.000129074274449099
47231,0.000129084385368416
47230,0.000129094496988853
47229,0.000129104609310385
47228,0.000129114722332985
47227,0.000129124836056627
47226,0.000129134950481285
47225,0.000129145065606932
47224,0.000129155181433542
47223,0.000129165297961087
47222,0.000129175415189543
47221,0.000129185533118881
47220,0.000129195651749076
47219,0.000129207001644829
47218,0.000129218352474618
47217,0.000129229704238405
47216,0.000129241056936153
47215,0.000129252410567826
47214,0.000129263765133385
47213,0.000129275120632794
47212,0.000129286477066015
47211,0.00012929783443301
47210,0.000129309192733741
47209,0.000129320551968172
47208,0.000129331912136263
47207,0.000129343273237976
47206,0.000129354635273274
47205,0.000129365998242117
47204,0.000129377362144468
47203,0.000129388726980287
47202,0.000129400092749537
47201,0.000129411459452177
47200,0.00012942282708817
47199,0.000129434087216918
47198,0.000129445348476655
47197,0.000129456610867344
47196,0.000129467874388948
47195,0.000129479139041427
47194,0.000129490404824745
47193,0.000129501671738862
47192,0.000129512939783741
47191,0.000129524208959342
47190,0.000129535479265626
47189,0.000129546750702555
47188,0.000129558023270088
47187,0.000129569296968187
47186,0.000129580571796811
47185,0.00012959184775592
47184,0.000129603124845474
47183,0.000129614403065433
47182,0.000129625682415756
47181,0.000129636962896402
47180,0.000129648244507329
47179,0.00012965958029664
47178,0.000129670917108334
47177,0.000129682254942369
47176,0.000129693593798704
47175,0.000129704933677295
47174,0.0001297162745781
47173,0.000129727616501078
47172,0.000129738959446185
47171,0.000129750303413379
47170,0.000129761648402617
47169,0.000129772994413855
47168,0.000129784341447051
47167,0.00012979568950216
47166,0.00012980703857914
47165,0.000129818388677945
47164,0.000129829739798534
47163,0.000129841091940861
47162,0.000129852445104882
47161,0.000129863799290553
47160,0.000129875154497828
47159,0.000129885272015902
47158,0.000129895390303817
47157,0.000129905509361541
47156,0.000129915629189044
47155,0.000129925749786293
47154,0.000129935871153256
47153,0.000129945993289902
47152,0.000129956116196199
47151,0.000129966239872115
47150,0.000129976364317618
47149,0.000129986489532676
47148,0.000129996615517256
47147,0.000130006742271326
47146,0.000130016869794854
47145,0.000130026998087808
47144,0.000130037127150153
47143,0.000130047256981859
47142,0.000130057387582892
47141,0.000130067518953219
47140,0.000130077651092807
47139,0.000130091712217161
47138,0.000130105774577001
47137,0.000130119838172239
47136,0.000130133903002784
47135,0.000130147969068547
47134,0.000130162036369438
47133,0.000130176104905366
47132,0.000130190174676242
47131,0.000130204245681975
47130,0.000130218317922473
47129,0.000130232391397647
47128,0.000130246466107405
47127,0.000130260542051656
47126,0.000130274619230309
47125,0.000130288697643271
47124,0.000130302777290451
47123,0.000130316858171757
47122,0.000130330940287096
47121,0.000130345023636377
47120,0.000130359108219507
47119,0.000130371849021642
47118,0.000130384590933239
47117,0.00013039733395423
47116,0.000130410078084545
47115,0.000130422823324117
47114,0.000130435569672878
47113,0.000130448317130758
47112,0.000130461065697688
47111,0.0001304738153736
47110,0.000130486566158425
47109,0.000130499318052093
47108,0.000130512071054534
47107,0.000130524825165678
47106,0.000130537580385457
47105,0.000130550336713799
47104,0.000130563094150635
47103,0.000130575852695894
47102,0.000130588612349505
47101,0.000130601373111398
47100,0.000130614134981501
47099,0.000130632132933325
47098,0.000130650132818775
47097,0.000130668134637645
47096,0.000130686138389727
47095,0.000130704144074815
47094,0.0001307221516927
47093,0.000130740161243174
47092,0.000130758172726028
47091,0.000130776186141054
47090,0.000130794201488041
47089,0.00013081221876678
47088,0.00013083023797706
47087,0.00013084825911867
47086,0.000130866282191399
47085,0.000130884307195034
47084,0.000130902334129363
47083,0.000130920362994174
47082,0.000130938393789253
47081,0.000130956426514387
47080,0.000130974461169361
47079,0.000130992448634291
47078,0.000131010438106049
47077,0.000131028429584428
47076,0.000131046423069218
47075,0.000131064418560209
47074,0.000131082416057191
47073,0.000131100415559952
47072,0.000131118417068282
47071,0.000131136420581969
47070,0.0001311544261008
47069,0.000131172433624562
47068,0.000131190443153042
47067,0.000131208454686025
47066,0.000131226468223297
47065,0.000131244483764643
47064,0.000131262501309848
47063,0.000131280520858695
47062,0.000131298542410968
47061,0.000131316565966449
47060,0.00013133459152492
47059,0.000131356475503856
47058,0.000131378362450632
47057,0.000131400252364856
47056,0.000131422145246134
47055,0.000131444041094071
47054,0.000131465939908273
47053,0.000131487841688341
47052,0.000131509746433878
47051,0.000131531654144483
47050,0.000131553564819757
47049,0.000131575478459298
47048,0.000131597395062703
47047,0.000131619314629567
47046,0.000131641237159486
47045,0.000131663162652053
47044,0.000131685091106861
47043,0.0001317070225235
47042,0.00013172895690156
47041,0.000131750894240632
47040,0.000131772834540301
47039,0.000131798644899522
47038,0.000131824459370203
47037,0.000131850277951668
47036,0.000131876100643235
47035,0.000131901927444224
47034,0.000131927758353949
47033,0.000131953593371724
47032,0.000131979432496859
47031,0.000132005275728664
47030,0.000132031123066444
47029,0.000132056974509503
47028,0.000132082830057144
47027,0.000132108689708666
47026,0.000132134553463365
47025,0.000132160421320536
47024,0.000132186293279472
47023,0.000132212169339463
47022,0.000132238049499797
47021,0.000132263933759759
47020,0.000132289822118632
47019,0.000132318331567335
47018,0.000132346845892276
47017,0.000132375365092491
47016,0.000132403889167014
47015,0.000132432418114876
47014,0.000132460951935104
47013,0.000132489490626721
47012,0.000132518034188749
47011,0.000132546582620205
47010,0.000132575135920102
47009,0.000132603694087453
47008,0.000132632257121265
47007,0.000132660825020542
47006,0.000132689397784285
47005,0.000132717975411493
47004,0.00013274655790116
47003,0.000132775145252278
47002,0.000132803737463836
47001,0.000132832334534816
47000,0.000132860936464203
46999,0.000132892168413958
46998,0.000132923406067911
46997,0.000132954649424726
46996,0.000132985898483065
46995,0.000133017153241583
46994,0.000133048413698931
46993,0.000133079679853756
46992,0.000133110951704702
46991,0.000133142229250407
46990,0.000133173512489503
46989,0.00013320480142062
46988,0.000133236096042384
46987,0.000133267396353414
46986,0.000133298702352326
46985,0.000133330014037731
46984,0.000133361331408237
46983,0.000133392654462445
46982,0.000133423983198954
46981,0.000133455317616357
46980,0.000133486657713243
46979,0.000133519363728639
46978,0.000133552075744052
46977,0.000133584793757863
46976,0.000133617517768451
46975,0.000133650247774187
46974,0.00013368298377344
46973,0.000133715725764573
46972,0.000133748473745944
46971,0.000133781227715905
46970,0.000133813987672807
46969,0.000133846753614991
46968,0.000133879525540796
46967,0.000133912303448557
46966,0.000133945087336602
46965,0.000133977877203255
46964,0.000134010673046835
46963,0.000134043474865655
46962,0.000134076282658027
46961,0.000134109096422252
46960,0.000134141916156632
46959,0.000134177427077702
46958,0.000134212944798708
46957,0.000134248469317454
46956,0.000134284000631741
46955,0.000134319538739363
46954,0.000134355083638107
46953,0.000134390635325754
46952,0.000134426193800081
46951,0.000134461759058855
46950,0.000134497331099838
46949,0.000134532909920788
46948,0.000134568495519455
46947,0.000134604087893581
46946,0.000134639687040905
46945,0.000134675292959157
46944,0.000134710905646063
46943,0.000134746525099341
46942,0.000134782151316703
46941,0.000134817784295856
46940,0.000134853424034498
46939,0.000134890438048343
46938,0.000134927459216335
46937,0.000134964487535837
46936,0.000135001523004204
46935,0.000135038565618784
46934,0.000135075615376918
46933,0.000135112672275939
46932,0.000135149736313175
46931,0.000135186807485946
46930,0.000135223885791564
46929,0.000135260971227336
46928,0.000135298063790559
46927,0.000135335163478525
46926,0.000135372270288519
46925,0.000135409384217819
46924,0.000135446505263694
46923,0.000135483633423409
46922,0.000135520768694218
46921,0.000135557911073373
46920,0.000135595060558114
46919,0.000135632217145676
46918,0.000135669380833288
46917,0.00013570655161817
46916,0.000135743729497536
46915,0.000135780914468591
46914,0.000135818106528537
46913,0.000135855305674564
46912,0.000135892511903858
46911,0.000135929725213597
46910,0.000135966945600951
46909,0.000136004173063085
46908,0.000136041407597155
46907,0.000136078649200309
46906,0.000136115897869691
46905,0.000136153153602436
46904,0.00013619041639567
46903,0.000136227686246515
46902,0.000136264963152084
46901,0.000136302247109484
46900,0.000136339538115814
46899,0.000136379587693015
46898,0.000136419645189272
46897,0.0001364597106008
46896,0.000136499783923809
46895,0.000136539865154498
46894,0.000136579954289058
46893,0.000136620051323669
46892,0.000136660156254503
46891,0.000136700269077724
46890,0.000136740389789483
46889,0.000136780518385926
46888,0.000136820654863187
46887,0.000136860799217391
46886,0.000136900951444656
46885,0.000136941111541087
46884,0.000136981279502783
46883,0.000137021455325831
46882,0.000137061639006312
46881,0.000137101830540295
46880,0.000137142029923841
46879,0.000137183501278237
46878,0.00013722498115523
46877,0.000137266469550624
46876,0.000137307966460212
46875,0.000137349471879777
46874,0.00013739098580509
46873,0.000137432508231912
46872,0.000137474039155993
46871,0.000137515578573072
46870,0.000137557126478877
46869,0.000137598682869125
46868,0.000137640247739521
46867,0.00013768182108576
46866,0.000137723402903528
46865,0.000137764993188496
46864,0.000137806591936326
46863,0.00013784819914267
46862,0.000137889814803168
46861,0.000137931438913449
46860,0.00013797307146913
46859,0.000138013365414787
46858,0.000138053667270493
46857,0.000138093977032255
46856,0.000138134294696067
46855,0.000138174620257914
46854,0.000138214953713771
46853,0.000138255295059604
46852,0.000138295644291369
46851,0.000138336001405011
46850,0.000138376366396466
46849,0.000138416739261662
46848,0.000138457119996516
46847,0.000138497508596933
46846,0.000138537905058811
46845,0.000138578309378038
46844,0.000138618721550491
46843,0.000138659141572037
46842,0.000138699569438536
46841,0.000138740005145834
46840,0.00013878044868977
46839,0.000138822215366347
46838,0.000138863990494609
46837,0.000138905774069968
46836,0.000138947566087827
46835,0.000138989366543576
46834,0.000139031175432592
46833,0.000139072992750242
46832,0.000139114818491883
46831,0.000139156652652856
46830,0.000139198495228495
46829,0.00013924034621412
46828,0.000139282205605039
46827,0.00013932407339655
46826,0.000139365949583938
46825,0.000139407834162476
46824,0.000139449727127428
46823,0.000139491628474044
46822,0.000139533538197562
46821,0.000139575456293209
46820,0.000139617382756202
46819,0.000139660603509593
46818,0.000139703833411461
46817,0.0001397470724565
46816,0.000139790320639388
46815,0.000139833577954788
46814,0.000139876844397349
46813,0.000139920119961706
46812,0.000139963404642479
46811,0.000140006698434273
46810,0.00014005000133168
46809,0.000140093313329276
46808,0.000140136634421624
46807,0.00014017996460327
46806,0.000140223303868748
46805,0.000140266652212576
46804,0.000140310009629258
46803,0.000140353376113283
46802,0.000140396751659127
46801,0.000140440136261248
46800,0.000140483529914092
46799,0.000140522878246323
46798,0.000140562233947277
46797,0.000140601597012803
46796,0.000140640967438736
46795,0.000140680345220905
46794,0.000140719730355128
46793,0.000140759122837213
46792,0.000140798522662958
46791,0.000140837929828153
46790,0.000140877344328576
46789,0.000140916766159996
46788,0.000140956195318175
46787,0.000140995631798861
46786,0.000141035075597796
46785,0.000141074526710709
46784,0.000141113985133321
46783,0.000141153450861345
46782,0.00014119292389048
46781,0.000141232404216419
46780,0.000141271891834844
46779,0.000141312787571322
46778,0.000141353690963359
46777,0.000141394602006161
46776,0.000141435520694918
46775,0.000141476447024815
46774,0.000141517380991021
46773,0.000141558322588698
46772,0.000141599271812997
46771,0.000141640228659056
46770,0.000141681193122005
46769,0.000141722165196962
46768,0.000141763144879034
46767,0.000141804132163319
46766,0.000141845127044902
46765,0.00014188612951886
46764,0.000141927139580257
46763,0.000141968157224148
46762,0.000142009182445576
46761,0.000142050215239573
46760,0.000142091255601162
46759,0.000142128217604146
46758,0.000142165185672984
46757,0.00014220215980402
46756,0.000142239139993593
46755,0.000142276126238033
46754,0.000142313118533665
46753,0.000142350116876805
46752,0.000142387121263766
46751,0.00014242413169085
46750,0.000142461148154353
46749,0.000142498170650567
46748,0.000142535199175772
46747,0.000142572233726247
46746,0.000142609274298259
46745,0.00014264632088807
46744,0.000142683373491937
46743,0.000142720432106107
46742,0.000142757496726821
46741,0.000142794567350315
46740,0.000142831643972815
46739,0.000142867349594292
46738,0.000142903060781382
46737,0.000142938777530702
46736,0.000142974499838857
46735,0.000143010227702452
46734,0.000143045961118082
46733,0.000143081700082336
46732,0.000143117444591799
46731,0.000143153194643049
46730,0.000143188950232659
46729,0.000143224711357193
46728,0.000143260478013213
46727,0.000143296250197272
46726,0.000143332027905918
46725,0.000143367811135693
46724,0.000143403599883133
46723,0.000143439394144767
46722,0.000143475193917121
46721,0.00014351099919671
46720,0.000143546809980048
46719,0.000143581335924228
46718,0.000143615866771107
46717,0.000143650402517434
46716,0.000143684943159952
46715,0.000143719488695399
46714,0.000143754039120509
46713,0.000143788594432011
46712,0.000143823154626629
46711,0.000143857719701081
46710,0.000143892289652082
46709,0.00014392686447634
46708,0.000143961444170559
46707,0.000143996028731439
46706,0.000144030618155673
46705,0.000144065212439952
46704,0.000144099811580958
46703,0.000144134415575372
46702,0.000144169024419867
46701,0.000144203638111113
46700,0.000144238256645776
46699,0.000144268695089748
46698,0.000144299137323545
46697,0.00014432958334494
46696,0.000144360033151705
46695,0.000144390486741607
46694,0.000144420944112413
46693,0.000144451405261885
46692,0.000144481870187783
46691,0.000144512338887862
46690,0.000144542811359876
46689,0.000144573287601576
46688,0.00014460376761071
46687,0.000144634251385021
46686,0.000144664738922251
46685,0.000144695230220139
46684,0.00014472572527642
46683,0.000144756224088827
46682,0.000144786726655089
46681,0.000144817232972933
46680,0.000144847743040083
46679,0.000144875480048103
46678,0.000144903220155488
46677,0.000144930963360524
46676,0.000144958709661495
46675,0.000144986459056683
46674,0.000145014211544369
46673,0.00014504196712283
46672,0.000145069725790342
46671,0.00014509748754518
46670,0.000145125252385615
46669,0.000145153020309917
46668,0.000145180791316354
46667,0.000145208565403192
46666,0.000145236342568694
46665,0.000145264122811121
46664,0.000145291906128735
46663,0.000145319692519791
46662,0.000145347481982546
46661,0.000145375274515253
46660,0.000145403070116162
46659,0.000145429448475197
46658,0.000145455829657301
46657,0.000145482213660987
46656,0.000145508600484765
46655,0.000145534990127144
46654,0.000145561382586631
46653,0.000145587777861731
46652,0.000145614175950948
46651,0.000145640576852782
46650,0.000145666980565734
46649,0.000145693387088303
46648,0.000145719796418984
46647,0.000145746208556272
46646,0.000145772623498661
46645,0.000145799041244641
46644,0.000145825461792701
46643,0.00014585188514133
46642,0.000145878311289013
46641,0.000145904740234234
46640,0.000145931171975476
46639,0.000145950663162316
46638,0.000145970155845728
46637,0.000145989650025103
46636,0.000146009145699827
46635,0.000146028642869289
46634,0.000146048141532874
46633,0.000146067641689971
46632,0.000146087143339965
46631,0.000146106646482241
46630,0.000146126151116185
46629,0.00014614565724118
46628,0.000146165164856612
46627,0.000146184673961863
46626,0.000146204184556317
46625,0.000146223696639355
46624,0.000146243210210361
46623,0.000146262725268716
46622,0.000146282241813799
46621,0.000146301759844994
46620,0.000146321279361677
46619,0.000146339403966936
46618,0.000146357529854643
46617,0.000146375657024302
46616,0.000146393785475414
46615,0.000146411915207482
46614,0.000146430046220008
46613,0.000146448178512494
46612,0.000146466312084439
46611,0.000146484446935345
46610,0.000146502583064713
46609,0.000146520720472042
46608,0.000146538859156831
46607,0.00014655699911858
46606,0.000146575140356788
46605,0.000146593282870952
46604,0.000146611426660572
46603,0.000146629571725144
46602,0.000146647718064166
46601,0.000146665865677135
46600,0.000146684014563547
46599,0.000146696598956079
46598,0.000146709183944087
46597,0.000146721769527398
46596,0.00014673435570584
46595,0.000146746942479239
46594,0.000146759529847424
46593,0.000146772117810221
46592,0.000146784706367457
46591,0.000146797295518959
46590,0.000146809885264555
46589,0.00014682247560407
46588,0.000146835066537332
46587,0.000146847658064167
46586,0.000146860250184402
46585,0.000146872842897863
46584,0.000146885436204377
46583,0.00014689803010377
46582,0.000146910624595868
46581,0.000146923219680497
46580,0.000146935815357482
46579,0.000146945639744645
46578,0.000146955464484571
46577,0.000146965289577167
46576,0.000146975115022338
46575,0.000146984940819989
46574,0.000146994766970026
46573,0.000147004593472355
46572,0.000147014420326881
46571,0.00014702424753351
46570,0.000147034075092146
46569,0.000147043903002696
46568,0.000147053731265065
46567,0.000147063559879157
46566,0.000147073388844879
46565,0.000147083218162135
46564,0.000147093047830831
46563,0.000147102877850871
46562,0.000147112708222162
46561,0.000147122538944607
46560,0.000147132370018113
46559,0.000147139372887553
46558,0.000147146375938872
46557,0.00014715337917204
46556,0.000147160382587027
46555,0.000147167386183802
46554,0.000147174389962336
46553,0.000147181393922598
46552,0.000147188398064558
46551,0.000147195402388187
46550,0.000147202406893453
46549,0.000147209411580327
46548,0.000147216416448779
46547,0.000147223421498778
46546,0.000147230426730295
46545,0.000147237432143299
46544,0.000147244437737759
46543,0.000147251443513646
46542,0.00014725844947093
46541,0.00014726545560958
46540,0.000147272461929565
46539,0.000147278039854886
46538,0.000147283617910573
46537,0.000147289196096609
46536,0.000147294774412979
46535,0.000147300352859667
46534,0.000147305931436657
46533,0.000147311510143933
46532,0.000147317088981479
46531,0.000147322667949279
46530,0.000147328247047317
46529,0.000147333826275578
46528,0.000147339405634045
46527,0.000147344985122702
46526,0.000147350564741533
46525,0.000147356144490523
46524,0.000147361724369655
46523,0.000147367304378914
46522,0.000147372884518283
46521,0.000147378464787747
46520,0.000147384045187289
46519,0.000147389652764186
46518,0.000147395260456809
46517,0.000147400868265141
46516,0.000147406476189168
46515,0.000147412084228874
46514,0.000147417692384242
46513,0.000147423300655259
46512,0.000147428909041907
46511,0.000147434517544172
46510,0.000147440126162037
46509,0.000147445734895488
46508,0.000147451343744509
46507,0.000147456952709083
46506,0.000147462561789197
46505,0.000147468170984833
46504,0.000147473780295976
46503,0.000147479389722611
46502,0.000147484999264723
46501,0.000147490608922294
46500,0.000147496218695311
46499,0.000147498969679639
46498,0.000147501720728245
46497,0.000147504471841124
46496,0.00014750722301827
46495,0.000147509974259679
46494,0.000147512725565343
46493,0.000147515476935259
46492,0.00014751822836942
46491,0.000147520979867821
46490,0.000147523731430456
46489,0.00014752648305732
46488,0.000147529234748407
46487,0.000147531986503711
46486,0.000147534738323228
46485,0.000147537490206951
46484,0.000147540242154876
46483,0.000147542994166996
46482,0.000147545746243306
46481,0.0001475484983838
46480,0.000147551250588473
46479,0.000147554082833565
46478,0.000147556915110887
46477,0.000147559747420434
46476,0.000147562579762203
46475,0.000147565412136189
46474,0.000147568244542387
46473,0.000147571076980795
46472,0.000147573909451407
46471,0.00014757674195422
46470,0.000147579574489229
46469,0.00014758240705643
46468,0.000147585239655819
46467,0.000147588072287393
46466,0.000147590904951145
46465,0.000147593737647074
46464,0.000147596570375173
46463,0.00014759940313544
46462,0.000147602235927869
46461,0.000147605068752458
46460,0.000147607901609201
46459,0.000147612137567502
46458,0.000147616373592099
46457,0.000147620609682981
46456,0.000147624845840138
46455,0.00014762908206356
46454,0.000147633318353235
46453,0.000147637554709155
46452,0.000147641791131307
46451,0.000147646027619683
46450,0.000147650264174272
46449,0.000147654500795064
46448,0.000147658737482048
46447,0.000147662974235213
46446,0.00014766721105455
46445,0.000147671447940049
46444,0.000147675684891698
46443,0.000147679921909489
46442,0.000147684158993409
46441,0.000147688396143449
46440,0.000147692633359599
46439,0.000147699677628028
46438,0.00014770672207372
46437,0.000147713766696637
46436,0.00014772081149674
46435,0.000147727856473992
46434,0.000147734901628353
46433,0.000147741946959785
46432,0.000147748992468251
46431,0.000147756038153712
46430,0.000147763084016129
46429,0.000147770130055464
46428,0.000147777176271678
46427,0.000147784222664734
46426,0.000147791269234593
46425,0.000147798315981215
46424,0.000147805362904564
46423,0.000147812410004601
46422,0.000147819457281286
46421,0.000147826504734582
46420,0.00014783355236445
46419,0.000147840573271492
46418,0.000147847594357362
46417,0.000147854615622031
46416,0.000147861637065467
46415,0.000147868658687639
46414,0.000147875680488517
46413,0.000147882702468068
46412,0.000147889724626263
46411,0.000147896746963071
46410,0.00014790376947846
46409,0.000147910792172399
46408,0.000147917815044858
46407,0.000147924838095805
46406,0.00014793186132521
46405,0.000147938884733041
46404,0.000147945908319267
46403,0.000147952932083858
46402,0.000147959956026783
46401,0.000147966980148009
46400,0.000147974004447507
46399,0.000147982433842179
46398,0.000147990863493463
46397,0.000147999293401306
46396,0.000148007723565653
46395,0.000148016153986452
46394,0.000148024584663647
46393,0.000148033015597186
46392,0.000148041446787015
46391,0.00014804987823308
46390,0.000148058309935327
46389,0.000148066741893702
46388,0.000148075174108151
46387,0.000148083606578621
46386,0.000148092039305058
46385,0.000148100472287407
46384,0.000148108905525615
46383,0.000148117339019628
46382,0.000148125772769392
46381,0.000148134206774852
46380,0.000148142641035956
46379,0.000148155319596651
46378,0.000148167998722207
46377,0.000148180678412422
46376,0.000148193358667094
46375,0.000148206039486022
46374,0.000148218720869003
46373,0.000148231402815838
46372,0.000148244085326322
46371,0.000148256768400255
46370,0.000148269452037433
46369,0.000148282136237656
46368,0.00014829482100072
46367,0.000148307506326423
46366,0.000148320192214564
46365,0.000148332878664938
46364,0.000148345565677344
46363,0.000148358253251578
46362,0.000148370941387439
46361,0.000148383630084722
46360,0.000148396319343225
46359,0.000148410442877958
46358,0.000148424567107008
46357,0.00014843869203006
46356,0.0001484528176468
46355,0.000148466943956913
46354,0.000148481070960084
46353,0.000148495198655998
46352,0.00014850932704434
46351,0.000148523456124795
46350,0.000148537585897046
46349,0.000148551716360779
46348,0.000148565847515676
46347,0.000148579979361423
46346,0.000148594111897703
46345,0.000148608245124199
46344,0.000148622379040595
46343,0.000148636513646574
46342,0.000148650648941819
46341,0.000148664784926014
46340,0.00014867892159884
46339,0.000148694520889385
46338,0.000148710121049611
46337,0.000148725722078958
46336,0.000148741323976868
46335,0.00014875692674278
46334,0.000148772530376135
46333,0.000148788134876372
46332,0.000148803740242931
46331,0.000148819346475249
46330,0.000148834953572766
46329,0.00014885056153492
46328,0.000148866170361147
46327,0.000148881780050887
46326,0.000148897390603575
46325,0.000148913002018648
46324,0.000148928614295543
46323,0.000148944227433695
46322,0.00014895984143254
46321,0.000148975456291513
46320,0.000148991072010048
46319,0.000149010918257979
46318,0.000149030765860245
46317,0.00014905061481583
46316,0.000149070465123719
46315,0.000149090316782893
46314,0.000149110169792334
46313,0.000149130024151024
46312,0.000149149879857943
46311,0.000149169736912071
46310,0.000149189595312386
46309,0.000149209455057866
46308,0.000149229316147489
46307,0.00014924917858023
46306,0.000149269042355066
46305,0.00014928890747097
46304,0.000149308773926918
46303,0.000149328641721882
46302,0.000149348510854835
46301,0.000149368381324748
46300,0.000149388253130592
46299,0.000149410977113461
46298,0.000149433702851258
46297,0.000149456430342369
46296,0.000149479159585178
46295,0.000149501890578068
46294,0.000149524623319421
46293,0.000149547357807616
46292,0.000149570094041032
46291,0.000149592832018045
46290,0.000149615571737031
46289,0.000149638313196365
46288,0.000149661056394419
46287,0.000149683801329563
46286,0.000149706548000168
46285,0.000149729296404602
46284,0.000149752046541231
46283,0.000149774798408421
46282,0.000149797552004537
46281,0.000149820307327939
46280,0.000149843064376989
46279,0.000149868623191203
46278,0.000149894184146416
46277,0.000149919747240618
46276,0.0001499453124718
46275,0.000149970879837948
46274,0.000149996449337048
46273,0.000150022020967085
46272,0.00015004759472604
46271,0.000150073170611893
46270,0.000150098748622623
46269,0.000150124328756206
46268,0.000150149911010616
46267,0.000150175495383825
46266,0.000150201081873805
46265,0.000150226670478525
46264,0.000150252261195951
46263,0.000150277854024048
46262,0.00015030344896078
46261,0.000150329046004108
46260,0.000150354645151991
46259,0.000150383023270623
46258,0.000150411403991353
46257,0.000150439787311808
46256,0.000150468173229613
46255,0.000150496561742393
46254,0.000150524952847769
46253,0.000150553346543359
46252,0.000150581742826781
46251,0.000150610141695648
46250,0.000150638543147572
46249,0.000150666947180163
46248,0.000150695353791029
46247,0.000150723762977775
46246,0.000150752174738003
46245,0.000150780589069314
46244,0.000150809005969306
46243,0.000150837425435575
46242,0.000150865847465714
46241,0.000150894272057315
46240,0.000150922699207967
46239,0.000150953938980002
46238,0.000150985181879531
46237,0.000151016427903507
46236,0.000151047677048878
46235,0.000151078929312591
46234,0.000151110184691586
46233,0.000151141443182803
46232,0.000151172704783178
46231,0.000151203969489643
46230,0.000151235237299129
46229,0.00015126650820856
46228,0.00015129778221486
46227,0.00015132905931495
46226,0.000151360339505745
46225,0.000151391622784158
46224,0.000151422909147101
46223,0.000151454198591479
46222,0.000151485491114197
46221,0.000151516786712155
46220,0.000151548085382251
46219,0.000151585073742036
46218,0.000151622066392022
46217,0.000151659063327101
46216,0.000151696064542157
46215,0.00015173307003207
46214,0.000151770079791711
46213,0.000151807093815947
46212,0.000151844112099637
46211,0.000151881134637636
46210,0.00015191816142479
46209,0.000151955192455941
46208,0.000151992227725923
46207,0.000152029267229566
46206,0.000152066310961691
46205,0.000152103358917116
46204,0.000165958656940155
46203,0.000166009930488245
46202,0.000166061220049845
46201,0.000166112525626082
46200,0.000166163847218081
46199,0.000166217256074794
46198,0.000166270682289001
46197,0.000166324125861815
46196,0.000166377586794338
46195,0.000166431065087669
46194,0.000166484560742893
46193,0.00016653807376109
46192,0.00016659160414333
46191,0.000166645151890675
46190,0.000166698717004177
46189,0.000166752299484883
46188,0.000166805899333826
46187,0.000166859516552035
46186,0.000166913151140529
46185,0.000166966803100317
46184,0.000167020472432402
46183,0.000167074159137775
46182,0.000167127863217421
46181,0.000167181584672316
46180,0.000167235323503426
46179,0.00016729503117157
46178,0.000167354760268863
46177,0.000167414510796626
46176,0.000167474282756172
46175,0.000167534076148798
46174,0.000167593890975787
46173,0.000167653727238412
46172,0.000167713584937929
46171,0.000167773464075585
46170,0.00016783336465261
46169,0.000167893286670223
46168,0.000167953230129628
46167,0.000168013195032018
46166,0.000168073181378571
46165,0.000168133189170453
46164,0.000168193218408815
46163,0.000168253269094795
46162,0.00016831334122952
46161,0.000168373434814101
46160,0.000168433549849636
46159,0.000168497682539872
46158,0.000168561839624239
46157,0.000168626021104045
46156,0.000168690226980581
46155,0.00016875445725512
46154,0.000168818711928921
46153,0.000168882991003221
46152,0.000168947294479243
46151,0.00016901162235819
46150,0.000169075974641251
46149,0.000169140351329594
46148,0.000169204752424371
46147,0.000169269177926718
46146,0.000169333627837751
46145,0.00016939810215857
46144,0.000169462600890258
46143,0.000169527124033878
46142,0.000169591671590478
46141,0.000169656243561088
46140,0.000169720839946718
46139,0.000169787577595406
46138,0.000169854341333532
46137,0.000169921131161943
46136,0.00016998794708147
46135,0.000170054789092918
46134,0.000170121657197075
46133,0.000170188551394707
46132,0.000170255471686556
46131,0.000170322418073348
46130,0.000170389390555785
46129,0.000170456389134549
46128,0.000170523413810298
46127,0.000170590464583674
46126,0.000170657541455295
46125,0.000170724644425756
46124,0.000170791773495635
46123,0.000170858928665486
46122,0.000170926109935842
46121,0.000170993317307215
46120,0.000171060550780098
46119,0.000171135821567442
46118,0.000171211124983394
46117,0.000171286461028946
46116,0.000171361829705053
46115,0.000171437231012642
46114,0.000171512664952607
46113,0.000171588131525809
46112,0.000171663630733078
46111,0.00017173916257521
46110,0.00017181472705297
46109,0.00017189032416709
46108,0.000171965953918271
46107,0.000172041616307179
46106,0.000172117311334451
46105,0.000172193039000687
46104,0.00017226879930646
46103,0.000172344592252304
46102,0.000172420417838727
46101,0.0001724962760662
46100,0.000172572166935161
46099,0.000172649925110735
46098,0.000172727717604947
46097,0.000172805544418825
46096,0.000172883405553364
46095,0.000172961301009524
46094,0.000173039230788229
46093,0.000173117194890369
46092,0.000173195193316798
46091,0.000173273226068335
46090,0.000173351293145766
46089,0.000201281190803556
46088,0.000201402743862923
46087,0.000201524386148751
46086,0.000201646117707427
46085,0.000201767938585296
46084,0.000201889848828663
46083,0.000202011848483795
46082,0.000202133937596917
46081,0.000202256116214217
46080,0.00020237838438184
46079,0.000202509852140295
46078,0.000202641423891869
46077,0.000202773099695641
46076,0.000202904879610638
46075,0.000203036763695835
46074,0.000203168752010156
46073,0.000203300844612471
46072,0.000203433041561598
46071,0.000203565342916302
46070,0.000203697748735297
46069,0.000203830259077241
46068,0.000203962874000739
46067,0.000204095593564346
46066,0.000204228417826557
46065,0.000204361346845819
46064,0.000204494380680522
46063,0.000204627519389001
46062,0.000204760763029539
46061,0.00020489411166036
46060,0.000205027565339638
46059,0.00020516384200543
46058,0.00020530022917091
46057,0.000205436726900572
46056,0.000205573335258851
46055,0.000205710054310124
46054,0.000205846884118704
46053,0.00020598382474885
46052,0.000206120876264755
46051,0.000206258038730553
46050,0.000206395312210318
46049,0.000206532696768063
46048,0.000206670192467739
46047,0.000206807799373234
46046,0.000206945517548376
46045,0.000207083347056931
46044,0.0002072212879626
46043,0.000207359340329024
46042,0.000207497504219782
46041,0.000207635779698385
46040,0.000207774166828287
46039,0.000207919040919307
46038,0.000208064037911361
46037,0.000208209157878405
46036,0.00020835440089432
46035,0.000208499767032909
46034,0.000208645256367898
46033,0.000208790868972933
46032,0.000208936604921583
46031,0.000209082464287338
46030,0.000209228447143608
46029,0.000209374553563724
46028,0.000209520783620938
46027,0.000209667137388421
46026,0.000209813614939264
46025,0.000209960216346477
46024,0.000210106941682989
46023,0.000210253791021649
46022,0.00021040076443522
46021,0.000210547861996389
46020,0.000210695083777756
46019,0.000210845810953715
46018,0.000210996668174453
46017,0.000211147655517174
46016,0.00022748479594004
46015,0.000227674882323514
46014,0.000227865178069563
46013,0.00022805568337267
46012,0.000228246398427275
46011,0.000228437323427773
46010,0.000228628458568512
46009,0.000228819804043795
46008,0.000229011360047874
46007,0.000229203126774958
46006,0.000229395104419202
46005,0.000229587293174715
46004,0.000229779693235553
46003,0.000229972304795722
46002,0.000230165128049175
46001,0.000230358163189813
46000,0.000244582406835477
45999,0.000244798062089895
45998,0.000245013960509805
45997,0.000245230102316341
45996,0.00024544648773059
45995,0.000245663116973578
45994,0.00024587999026628
45993,0.000246097107829614
45992,0.000246314469884438
45991,0.000246532076651555
45990,0.000246749928351707
45989,0.000246968025205579
45988,0.000247186367433795
45987,0.000247404955256916
45986,0.000247623788895443
45985,0.000247842868569812
45984,0.000248062194500398
45983,0.000248281766907511
45982,0.000248501586011393
45981,0.000248721652032224
45980,0.000248941965190113
45979,0.000249163047615846
45978,0.000249384377610427
45977,0.000249605955390935
45976,0.000249827781174375
45975,0.000250049855177672
45974,0.000250272177617678
45973,0.000250494748711168
45972,0.000250717568674833
45971,0.000250940637725291
45970,0.000251163956079075
45969,0.00025138752395264
45968,0.000251611341562357
45967,0.000251835409124515
45966,0.000252059726855322
45965,0.000252284294970896
45964,0.000252509113687274
45963,0.000252734183220408
45962,0.000252959503786158
45961,0.000253185075600302
45960,0.000253410898878524
45959,0.000253627667175386
45958,0.000253844665586738
45957,0.000254061894296608
45956,0.000254279353488939
45955,0.00025449704334759
45954,0.000254714964056332
45953,0.000254933115798848
45952,0.000255151498758733
45951,0.000255370113119493
45950,0.000255588959064543
45949,0.000255808036777211
45948,0.000256027346440731
45947,0.000256246888238248
45946,0.000256466662352812
45945,0.000256686668967381
45944,0.00025690690826482
45943,0.0002571273804279
45942,0.000257348085639295
45941,0.000257569024081585
45940,0.000257790195937252
45939,0.000258006314522244
45938,0.000258222655868626
45937,0.000258439220145917
45936,0.00025865600752354
45935,0.000258873018170834
45934,0.000259090252257042
45933,0.000259307709951318
45932,0.000259525391422721
45931,0.00025974329684022
45930,0.000259961426372689
45929,0.000260179780188907
45928,0.000260398358457557
45927,0.000260617161347232
45926,0.000260836189026422
45925,0.000261055441663525
45924,0.000261274919426839
45923,0.000261494622484565
45922,0.000261714551004806
45921,0.000261934705155564
45920,0.000262155085104743
45919,0.000262360036527295
45918,0.000262565182749761
45917,0.00026277052390475
45916,0.000262976060124792
45915,0.000263181791542337
45914,0.000263387718289752
45913,0.000263593840499326
45912,0.000263800158303263
45911,0.000264006671833688
45910,0.000264213381222645
45909,0.00026442028660209
45908,0.000264627388103901
45907,0.000264834685859869
45906,0.000265042180001703
45905,0.000265249870661028
45904,0.00026545775796938
45903,0.000265665842058214
45902,0.000265874123058896
45901,0.000266082601102708
45900,0.000266291276320845
45899,0.000266483110381935
45898,0.000266675111401822
45897,0.000266867279483679
45896,0.000267059614730617
45895,0.000267252117245688
45894,0.000267444787131883
45893,0.000267637624492133
45892,0.000267830629429305
45891,0.000268023802046207
45890,0.000268217142445584
45889,0.000268410650730118
45888,0.00026860432700243
45887,0.000268798171365077
45886,0.000268992183920553
45885,0.00026918636477129
45884,0.000269380714019655
45883,0.000269575231767951
45882,0.000269769918118416
45881,0.000269964773173226
45880,0.000270159797034489
45879,0.000270332066217412
45878,0.000270504467779987
45877,0.000270677001794303
45876,0.000270849668332409
45875,0.000271022467466318
45874,0.000271195399268002
45873,0.000271368463809394
45872,0.000271541661162391
45871,0.000271714991398845
45870,0.000271888454590575
45869,0.000272062050809356
45868,0.000272235780126923
45867,0.000272409642614975
45866,0.000272583638345166
45865,0.000272757767389114
45864,0.000272932029818393
45863,0.000273106425704538
45862,0.000273280955119045
45861,0.000273455618133364
45860,0.000273630414818909
45859,0.000273788850276403
45858,0.000273947394990792
45857,0.00027410604901381
45856,0.000274264812397168
45855,0.000274423685192542
45854,0.000274582667451581
45853,0.000274741759225907
45852,0.000274900960567108
45851,0.000275060271526747
45850,0.000275219692156355
45849,0.000275379222507435
45848,0.000275538862631458
45847,0.000275698612579867
45846,0.000275858472404075
45845,0.000276018442155463
45844,0.000276178521885385
45843,0.000276338711645163
45842,0.000276499011486086
45841,0.000290303947843517
45840,0.000290480763883008
45839,0.000290638674805694
45838,0.000290796686309816
45837,0.000290954798439305
45836,0.000291113011238072
45835,0.00029127132475001
45834,0.000291429739018989
45833,0.000291588254088863
45832,0.000291746870003464
45831,0.000318426497352165
45830,0.000318612396189126
45829,0.000318798418553576
45828,0.000318984564501789
45827,0.000319170834090019
45826,0.000319357227374499
45825,0.000319543744411442
45824,0.000319730385257038
45823,0.000319917149967459
45822,0.000320104038598853
45821,0.000320291051207348
45820,0.000320478187849052
45819,0.000320652710961838
45818,0.000320827341610929
45817,0.000321002079839644
45816,0.000321176925691282
45815,0.000321351879209121
45814,0.000321526940436417
45813,0.000321702109416408
45812,0.000321877386192307
45811,0.000322052770807314
45810,0.0003222282633046
45809,0.00032240386372732
45808,0.000322579572118606
45807,0.000322755388521568
45806,0.0003229313129793
45805,0.00032310734553487
45804,0.000323283486231326
45803,0.000323459735111695
45802,0.000323636092218983
45801,0.000323812557596175
45800,0.000323989131286235
45799,0.000324149797543025
45798,0.000324310553220299
45797,0.000324471398350489
45796,0.000324632332966007
45795,0.000324793357099257
45794,0.000324954470782625
45793,0.000325115674048486
45792,0.000325276966929201
45791,0.000325438349457115
45790,0.000325599821664563
45789,0.000325761383583863
45788,0.000325923035247318
45787,0.000326084776687222
45786,0.000326246607935851
45785,0.000326408529025469
45784,0.000326570539988325
45783,0.000326732640856652
45782,0.000326894831662675
45781,0.000327057112438598
45780,0.000327219483216616
45779,0.000327365749526203
45778,0.000327512088926282
45777,0.000327658501440764
45776,0.000327804987093554
45775,0.000327951545908543
45774,0.00032809817790962
45773,0.000328244883120662
45772,0.000328391661565535
45771,0.000328538513268101
45770,0.00032868543825221
45769,0.000328832436541703
45768,0.000328979508160416
45767,0.00032912665313217
45766,0.000329273871480784
45765,0.000329421163230062
45764,0.000329568528403802
45763,0.000329715967025795
45762,0.000329863479119819
45761,0.000330011064709647
45760,0.000330158723819037
45759,0.000330298679235098
45758,0.000330438700676985
45757,0.000330578788164878
45756,0.000330718941718955
45755,0.00033085916135938
45754,0.000330999447106315
45753,0.000331139798979911
45752,0.000331280217000313
45751,0.00033142070118766
45750,0.000331561251562081
45749,0.0003317018681437
45748,0.000331842550952633
45747,0.000331983300008985
45746,0.00033212411533286
45745,0.00033226499694435
45744,0.000332405944863541
45743,0.000332546959110511
45742,0.000332688039705329
45741,0.000332829186668061
45740,0.000332970400018761
45739,0.000333101419025016
45738,0.000333232497745203
45737,0.000333363636198479
45736,0.000333494834403994
45735,0.000333626092380893
45734,0.000333757410148318
45733,0.000333888787725404
45732,0.000334020225131282
45731,0.000334151722385075
45730,0.000334283279505903
45729,0.000334414896512882
45728,0.000334546573425119
45727,0.00033467831026172
45726,0.000334810107041782
45725,0.000334941963784399
45724,0.000335073880508658
45723,0.000335205857233642
45722,0.00033533789397843
45721,0.00033546999076209
45720,0.000335602147603691
45719,0.000335735159952668
45718,0.000335868231819491
45717,0.000336001363222106
45716,0.000336134554178449
45715,0.000336267804706454
45714,0.000336401114824048
45713,0.000336534484549151
45712,0.000336667913899683
45711,0.000336801402893551
45710,0.00033693495154866
45709,0.000337068559882911
45708,0.000337202227914198
45707,0.000337335955660408
45706,0.000337469743139423
45705,0.00033760359036912
45704,0.000337737497367371
45703,0.000337871464152041
45702,0.000338005490740991
45701,0.000338139577152072
45700,0.000338273723403135
45699,0.000338407137871408
45698,0.00033854061280715
45697,0.000338674148229302
45696,0.000338807744156792
45695,0.000338941400608551
45694,0.000339075117603499
45693,0.000339208895160552
45692,0.000339342733298621
45691,0.000339476632036608
45690,0.000339610591393412
45689,0.000339744611387926
45688,0.000339878692039037
45687,0.000340012833365626
45686,0.000340147035386566
45685,0.000340281298120727
45684,0.000340415621586972
45683,0.000340550005804159
45682,0.000340684450791139
45681,0.000340818956566755
45680,0.000340953523149849
45679,0.000341080874920344
45678,0.000341208280096187
45677,0.000341335738692251
45676,0.000341463250723396
45675,0.000341590816204484
45674,0.000341718435150367
45673,0.000341846107575894
45672,0.000341973833495913
45671,0.000342101612925259
45670,0.000342229445878773
45669,0.000342357332371281
45668,0.000342485272417609
45667,0.00034261326603258
45666,0.000342741313231008
45665,0.000342869414027705
45664,0.000342997568437478
45663,0.000343125776475125
45662,0.000343254038155447
45661,0.000343382353493233
45660,0.000343510722503272
45659,0.000343656955839802
45658,0.000343803257094568
45657,0.000343949626287028
45656,0.000344096063436638
45655,0.000344242568562841
45654,0.000344389141685072
45653,0.000344535782822758
45652,0.000344682491995315
45651,0.000344829269222154
45650,0.000344976114522673
45649,0.000345123027916264
45648,0.000345270009422309
45647,0.00034541705906018
45646,0.000345564176849242
45645,0.000345711362808851
45644,0.000345858616958352
45643,0.000346005939317083
45642,0.00034615332990437
45641,0.000346300788739536
45640,0.000346448315841889
45639,0.000346595911230731
45638,0.000346743574925353
45637,0.000346891306945037
45636,0.00034703910730906
45635,0.000347186976036685
45634,0.000347334913147168
45633,0.000347482918659755
45632,0.000347630992593682
45631,0.000347779134968181
45630,0.000347927345802467
45629,0.000348075625115752
45628,0.000348223972927236
45627,0.000348372389256108
45626,0.000348520874121554
45625,0.000348669427542743
45624,0.000348818049538841
45623,0.000348966740129001
45622,0.000349115499332366
45621,0.000349264327168074
45620,0.00034941322365525
45619,0.000349562977577824
45618,0.000349712800839508
45617,0.000349862693459243
45616,0.000350012655455963
45615,0.000350162686848587
45614,0.000350312787656027
45613,0.000350462957897182
45612,0.000350613197590943
45611,0.000350763506756189
45610,0.000350913885411789
45609,0.000351064333576602
45608,0.000351214851269476
45607,0.000351365438509246
45606,0.000351516095314742
45605,0.000351666821704778
45604,0.000351817617698162
45603,0.000351968483313687
45602,0.000352119418570137
45601,0.000352270423486288
45600,0.000352421498080901
45599,0.000352589351873866
45598,0.000352757291634885
45597,0.000352925317389653
45596,0.000353093429163847
45595,0.000353261626983132
45594,0.000353429910873152
45593,0.000353598280859537
45592,0.000353766736967901
45591,0.00035393527922384
45590,0.000354103907652936
45589,0.000354272622280752
45588,0.000354441423132837
45587,0.000354610310234722
45586,0.000354779283611921
45585,0.000354948343289934
45584,0.000355117489294242
45583,0.000355286721650311
45582,0.000355456040383589
45581,0.000355625445519507
45580,0.000355794937083483
45579,0.000355982203710185
45578,0.000356169576051034
45577,0.000356357054139873
45576,0.000356544638010514
45575,0.000356732327696744
45574,0.000356920123232326
45573,0.000357108024650992
45572,0.000357296031986451
45571,0.00035748414527238
45570,0.000357672364542433
45569,0.000357860689830235
45568,0.000358049121169385
45567,0.000358237658593456
45566,0.000358426302135989
45565,0.000358615051830502
45564,0.000358803907710484
45563,0.000358992869809397
45562,0.000359181938160677
45561,0.000359371112797728
45560,0.000359560393753931
45559,0.000359765213201109
45558,0.00035997015698215
45557,0.000360175225140692
45556,0.000360380417720346
45555,0.000360585734764683
45554,0.000360791176317247
45553,0.000360996742421545
45552,0.000361202433121049
45551,0.000361408248459201
45550,0.000361614188479404
45549,0.000361820253225033
45548,0.000362026442739427
45547,0.000362232757065886
45546,0.000362439196247684
45545,0.000362645760328054
45544,0.000362852449350198
45543,0.000363059263357285
45542,0.000363266202392446
45541,0.00036347326649878
45540,0.000363680455719349
45539,0.000363896410912982
45538,0.000364112501959534
45537,0.000364328728907559
45536,0.00036454509180557
45535,0.000364761590702038
45534,0.000364978225645394
45533,0.000365194996684027
45532,0.000365411903866285
45531,0.000365628947240474
45530,0.000365846126854859
45529,0.000366063442757663
45528,0.000366280894997067
45527,0.000366498483621211
45526,0.000366716208678192
45525,0.000366934070216066
45524,0.000367152068282847
45523,0.000367370202926505
45522,0.000367588474194969
45521,0.000367806882136126
45520,0.00036802542679782
45519,0.000368259945356519
45518,0.000368494623118778
45517,0.000368729460147477
45516,0.000368964456505441
45515,0.00036919961225544
45514,0.00036943492746019
45513,0.000369670402182353
45512,0.000369906036484534
45511,0.000370141830429281
45510,0.00037037778407909
45509,0.0003706138974964
45508,0.000370850170743594
45507,0.000371086603883
45506,0.000371323196976888
45505,0.000371559950087474
45504,0.000371796863276916
45503,0.000372033936607317
45502,0.000372271170140724
45501,0.000372508563939124
45500,0.00037274611806445
45499,0.000372984661565772
45498,0.000373223365468389
45497,0.000373462229832415
45496,0.000373701254717905
45495,0.000373940440184856
45494,0.000374179786293206
45493,0.000374419293102835
45492,0.000374658960673562
45491,0.000374898789065147
45490,0.000375138778337291
45489,0.000375378928549635
45488,0.000375619239761761
45487,0.000375859712033192
45486,0.000376100345423387
45485,0.000376341139991749
45484,0.000376582095797618
45483,0.000376823212900276
45482,0.000377064491358944
45481,0.000377305931232779
45480,0.000377547532580881
45479,0.000377807271786074
45478,0.000378067197428037
45477,0.000378327309579639
45476,0.000378587608313671
45475,0.000378848093702839
45474,0.000379108765819769
45473,0.000379369624737007
45472,0.00037963067052701
45471,0.000379891903262158
45470,0.000380153323014743
45469,0.000380414929856979
45468,0.000380676723860993
45467,0.000380938705098829
45466,0.000381200873642449
45465,0.000381463229563728
45464,0.000381725772934459
45463,0.000381988503826352
45462,0.000382251422311027
45461,0.000382514528460026
45460,0.0003827778223448
45459,0.000383042136716837
45458,0.000383306639362359
45457,0.000383571330351149
45456,0.000383836209752904
45455,0.000384101277637229
45454,0.000384366534073644
45453,0.000384631979131578
45452,0.000384897612880369
45451,0.00038516343538927
45450,0.000385429446727438
45449,0.000385695646963946
45448,0.000385962036167775
45447,0.000386228614407812
45446,0.000386495381752859
45445,0.000386762338271624
45444,0.000387029484032725
45443,0.00038729681910469
45442,0.000387564343555953
45441,0.00038783205745486
45440,0.000388099960869662
45439,0.000388368892869707
45438,0.000388638015347092
45437,0.000388907328368794
45436,0.000389176832001697
45435,0.000389446526312582
45434,0.000389716411368139
45433,0.000389986487234959
45432,0.000390256753979534
45431,0.00039052721166826
45430,0.000390797860367433
45429,0.000391068700143255
45428,0.000391339731061826
45427,0.000391610953189149
45426,0.000391882366591129
45425,0.000392153971333569
45424,0.000392425767482177
45423,0.000392697755102562
45422,0.000392969934260228
45421,0.000393242305020585
45420,0.000393514867448941
45419,0.000393787621610502
45418,0.00039406056757038
45417,0.000394333705393578
45416,0.000394607035145006
45415,0.000394880556889468
45414,0.000395154270691667
45413,0.000395428176616211
45412,0.000395702274727598
45411,0.000395976565090231
45410,0.000396251047768405
45409,0.000396525722826318
45408,0.000396800590328066
45407,0.000397075650337638
45406,0.000397350902918924
45405,0.000397626348135709
45404,0.000397901986051676
45403,0.000398177816730405
45402,0.000398453840235371
45401,0.000398730056629949
45400,0.000399006465977403
45399,0.000399264045418116
45398,0.000399521792287896
45397,0.000399779706637507
45396,0.000400037788517629
45395,0.000400296037978868
45394,0.000400554455071749
45393,0.000400813039846719
45392,0.000401071792354144
45391,0.000401330712644309
45390,0.000401589800767421
45389,0.000401849056773608
45388,0.000402108480712915
45387,0.000402368072635312
45386,0.00040262783259068
45385,0.000402887760628827
45384,0.000403147856799478
45383,0.000403408121152276
45382,0.000403668553736786
45381,0.000403929154602487
45380,0.000404189923798781
45379,0.000404449122463753
45378,0.000404708488517104
45377,0.00040496802201043
45376,0.000405227722995245
45375,0.000405487591522992
45374,0.000405747627645037
45373,0.000406007831412668
45372,0.0004062682028771
45371,0.000406528742089465
45370,0.000406789449100823
45369,0.000407050323962157
45368,0.000407311366724372
45367,0.000407572577438296
45366,0.000407833956154676
45365,0.000408095502924188
45364,0.000408357217797426
45363,0.000408619100824907
45362,0.000408881152057073
45361,0.000409143371544281
45360,0.000409405759336815
45359,0.000409647927045291
45358,0.000409890239353342
45357,0.00041013269630242
45356,0.000410375297933919
45355,0.000410618044289175
45354,0.000410860935409469
45353,0.000411103971336022
45352,0.000411347152109998
45351,0.000411590477772506
45350,0.000411833948364593
45349,0.000412077563927251
45348,0.000412321324501413
45347,0.000412565230127955
45346,0.000412809280847693
45345,0.000413053476701387
45344,0.000413297817729736
45343,0.000413542303973382
45342,0.000413786935472909
45341,0.000414031712268841
45340,0.000414276634401645
45339,0.000414521701911726
45338,0.000414766914839434
45337,0.000415012273225057
45336,0.000415257777108824
45335,0.000415503426530907
45334,0.000415749221531416
45333,0.000415995162150403
45332,0.000416241248427859
45331,0.000416487480403717
45330,0.00041673385811785
45329,0.00041698038161007
45328,0.000417227050920129
45327,0.00041747386608772
45326,0.000417720827152475
45325,0.000417967934153967
45324,0.000418215187131706
45323,0.000418462586125144
45322,0.000418710131173671
45321,0.000418957822316616
45320,0.00041920565959325
45319,0.000419431941900325
45318,0.000419658350034944
45317,0.000419884884031592
45316,0.000420111543924712
45315,0.000420338329748698
45314,0.000420565241537899
45313,0.000420792279326616
45312,0.000421019443149104
45311,0.000421246733039575
45310,0.000421474149032189
45309,0.000421701691161064
45308,0.000421929359460268
45307,0.000422157153963823
45306,0.000422385074705706
45305,0.000422613121719844
45304,0.00042284129504012
45303,0.000423069594700367
45302,0.000423298020734371
45301,0.000423526573175874
45300,0.000423755252058568
45299,0.00042396470729408
45298,0.000424174267201778
45297,0.000424383931806071
45296,0.000424593701131331
45295,0.000424803575201906
45294,0.000425013554042102
45293,0.000425223637676197
45292,0.000425433826128439
45291,0.000425644119423038
45290,0.000425854517584178
45289,0.000426065020636005
45288,0.000426275628602632
45287,0.000426486341508146
45286,0.000426697159376593
45285,0.000426908082231993
45284,0.000427119110098328
45283,0.000427330242999549
45282,0.000427541480959577
45281,0.000427752824002295
45280,0.000427964272151557
45279,0.000428186021202247
45278,0.000428407885504641
45277,0.000428629865085798
45276,0.000428851959972729
45275,0.000429074170192414
45274,0.000429296495771789
45273,0.000429518936737752
45272,0.000429741493117159
45271,0.000429964164936824
45270,0.000430186952223526
45269,0.000430409855004
45268,0.000430632873304942
45267,0.000430856007153009
45266,0.000431079256574813
45265,0.000431302621596929
45264,0.000431526102245891
45263,0.000431749698548193
45262,0.000431973410530289
45261,0.000432197238218588
45260,0.000432421181639461
45259,0.000432626289937375
45258,0.000432831492916999
45257,0.000433036790595992
45256,0.000433242182991989
45255,0.000433447670122596
45254,0.000433653252005391
45253,0.000433858928657926
45252,0.000434064700097725
45251,0.000434270566342283
45250,0.00043447652740907
45249,0.000434682583315526
45248,0.000434888734079065
45247,0.000435094979717073
45246,0.000435301320246907
45245,0.000435507755685899
45244,0.000435714286051349
45243,0.000435920911360534
45242,0.000436127631630699
45241,0.000436334446879065
45240,0.000436541357122821
45239,0.000436750007178685
45238,0.000436958752826325
45237,0.000437167594081353
45236,0.000437376530959352
45235,0.000437585563475872
45234,0.000437794691646435
45233,0.000438003915486531
45232,0.000438213235011621
45231,0.000438422650237134
45230,0.00043863216117847
45229,0.000438841767850997
45228,0.000439051470270054
45227,0.000439261268450948
45226,0.000439471162408955
45225,0.000439681152159323
45224,0.000439891237717267
45223,0.000440101419097971
45222,0.000440311696316591
45221,0.000440522069388247
45220,0.000440732538328035
45219,0.000440933444373645
45218,0.000441134437970534
45217,0.000441335519131143
45216,0.000441536687867891
45215,0.000441737944193167
45214,0.000441939288119333
45213,0.000442140719658725
45212,0.000442342238823647
45211,0.000442543845626382
45210,0.000442745540079178
45209,0.000442947322194259
45208,0.000443149191983824
45207,0.000443351149460037
45206,0.000443553194635041
45205,0.000443755327520947
45204,0.00044395754812984
45203,0.000444159856473778
45202,0.000444362252564787
45201,0.000444564736414871
45200,0.000444767308036
45199,0.000444981389983856
45198,0.000445195570531829
45197,0.000445409849693517
45196,0.000445624227482483
45195,0.000445838703912253
45194,0.000446053278996312
45193,0.00044626795274811
45192,0.000446482725181057
45191,0.000446697596308527
45190,0.000446912566143854
45189,0.000447127634700335
45188,0.000447342801991229
45187,0.000447558068029757
45186,0.0004477734328291
45185,0.000447988896402403
45184,0.000448204458762773
45183,0.000448420119923275
45182,0.00044863587989694
45181,0.000448851738696759
45180,0.000449067696335683
45179,0.000449294429321525
45178,0.00044952127104678
45177,0.000449748221526354
45176,0.000449975280775104
45175,0.000450202448807845
45174,0.000450429725639341
45173,0.00045065711128431
45172,0.000450884605757429
45171,0.000451112209073322
45170,0.000451339921246571
45169,0.000451567742291709
45168,0.000451795672223222
45167,0.000452023711055554
45166,0.000452251858803094
45165,0.000452480115480193
45164,0.00045270848110115
45163,0.000452936955680216
45162,0.000453165539231602
45161,0.000453394231769463
45160,0.000453623033307915
45159,0.00045384028978712
45158,0.000454057643951766
45157,0.000454275095814297
45156,0.000454492645387119
45155,0.000454710292682603
45154,0.000454928037713087
45153,0.000455145880490868
45152,0.000455363821028212
45151,0.000455581859337346
45150,0.000455799995430463
45149,0.000456018229319719
45148,0.000456236561017234
45147,0.000456454990535093
45146,0.000456673517885343
45145,0.000456892143079998
45144,0.000457110866131032
45143,0.000457329687050386
45142,0.000457548605849965
45141,0.000457767622541634
45140,0.000457986737137225
45139,0.000458225922736309
45138,0.000458465225089147
45137,0.000458704644213233
45136,0.000458944180126008
45135,0.000459183832844871
45134,0.000459423602387174
45133,0.000459663488770219
45132,0.000459903492011267
45131,0.000460143612127522
45130,0.000460383849136149
45129,0.000460624203054263
45128,0.000460864673898933
45127,0.000461105261687179
45126,0.000461345966435974
45125,0.000461586788162243
45124,0.000461827726882866
45123,0.000462068782614672
45122,0.000462309955374447
45121,0.000462551245178924
45120,0.000462792652044791
45119,0.000463045157131857
45118,0.000463297790201265
45117,0.000463550551271915
45116,0.000463803440362653
45115,0.000464056457492265
45114,0.000464309602679478
45113,0.000464562875942965
45112,0.000464816277301338
45111,0.000465069806773156
45110,0.000465323464376918
45109,0.000465577250131063
45108,0.000465831164053975
45107,0.000466085206163979
45106,0.000466339376479344
45105,0.000466593675018279
45104,0.000466848101798937
45103,0.000467102656839409
45102,0.00046735734015773
45101,0.00046761215177188
45100,0.000467867091699777
45099,0.000468134145785758
45098,0.000468401340122839
45097,0.000468668674729935
45096,0.000468936149625892
45095,0.000469203764829483
45094,0.000469471520359406
45093,0.000469739416234294
45092,0.000470007452472696
45091,0.0004702756290931
45090,0.000470543946113911
45089,0.000470812403553469
45088,0.000471081001430039
45087,0.000471349739761808
45086,0.0004716186185669
45085,0.000471887637863354
45084,0.000472156797669145
45083,0.000472426098002172
45082,0.000472695538880258
45081,0.000472965120321156
45080,0.000473234842342543
45079,0.000473502004815151
45078,0.00047376930790234
45077,0.000474036751625952
45076,0.000474304336007768
45075,0.000474572061069492
45074,0.000474839926832763
45073,0.000475107933319149
45072,0.000475376080550145
45071,0.000475644368547181
45070,0.00047591279733161
45069,0.000476181366924721
45068,0.00047645007734773
45067,0.00047671892862178
45066,0.000476987920767949
45065,0.000477257053807237
45064,0.000477526327760579
45063,0.000477795742648839
45062,0.000478065298492806
45061,0.000478334995313202
45060,0.000478604833130673
45059,0.000478878383369037
45058,0.000479152075526248
45057,0.00047942590961716
45056,0.000479699885656549
45055,0.000479974003659109
45054,0.000480248263639455
45053,0.000480522665612125
45052,0.00048079720959157
45051,0.000481071895592167
45050,0.000481346723628206
45049,0.000481621693713904
45048,0.000481896805863394
45047,0.000482172060090725
45046,0.000482447456409871
45045,0.000482722994834721
45044,0.000482998675379084
45043,0.00048327449805669
45042,0.000483550462881185
45041,0.000483826569866137
45040,0.000484102819025027
45039,0.000484378305385619
45038,0.000484653933019008
45037,0.000484929701939665
45036,0.000485205612161989
45035,0.000485481663700297
45034,0.000485757856568833
45033,0.000486034190781763
45032,0.000486310666353172
45031,0.000486587283297071
45030,0.00048686404162739
45029,0.000487140941357986
45028,0.000487417982502635
45027,0.000487695165075034
45026,0.000487972489088807
45025,0.000488249954557492
45024,0.000488527561494556
45023,0.000488805309913387
45022,0.000489083199827289
45021,0.000489361231249496
45020,0.000489639404193155
45019,0.000489942665752513
45018,0.000490246095711842
45017,0.00049054969408472
45016,0.000490853460884596
45015,0.000491157396124806
45014,0.000491461499818558
45013,0.00049176577197894
45012,0.000492070212618921
45011,0.000492374821751344
45010,0.000492679599388934
45009,0.000492984545544291
45008,0.000493289660229891
45007,0.000493594943458095
45006,0.000493900395241131
45005,0.000494206015591115
45004,0.000494511804520033
45003,0.000494817762039747
45002,0.000495123888162004
45001,0.000495430182898419
45000,0.00049573664626049
44999,0.00049604420694362
44998,0.000496351938149488
44997,0.000496659839887741
44996,0.00049696791216789
44995,0.000497276154999315
44994,0.00049758456839126
44993,0.000497893152352834
44992,0.000498201906893015
44991,0.000498510832020641
44990,0.000498819927744422
44989,0.000499129194072929
44988,0.000499438631014597
44987,0.000499748238577731
44986,0.000500058016770495
44985,0.000500367965600923
44984,0.000500678085076909
44983,0.000500988375206212
44982,0.000501298835996459
44981,0.000501609467455136
44980,0.000501920269589599
44979,0.000502219424889329
44978,0.000502518738317221
44977,0.000502818209879225
44976,0.000503117839581172
44975,0.000503417627428777
44974,0.000503717573427633
44973,0.000504017677583217
44972,0.000504317939900887
44971,0.00050461836038588
44970,0.000504918939043316
44969,0.000505219675878195
44968,0.000505520570895397
44967,0.000505821624099684
44966,0.000506122835495697
44965,0.000506424205087958
44964,0.000506725732880869
44963,0.000507027418878713
44962,0.000507329263085653
44961,0.000507631265505729
44960,0.000507933426142863
44959,0.000508258656151618
44958,0.000508584068186113
44957,0.000508909662253363
44956,0.000509235438360225
44955,0.000509561396513415
44954,0.000509887536719495
44953,0.000510213858984879
44952,0.000510540363315834
44951,0.00051086704971847
44950,0.000511193918198752
44949,0.000511520968762496
44948,0.000511848201415364
44947,0.000512175616162872
44946,0.000512503213010378
44945,0.000512830991963097
44944,0.000513158953026089
44943,0.000513487096204263
44942,0.000513815421502381
44941,0.000514143928925045
44940,0.000514472618476713
44939,0.000514800504017257
44938,0.000515128570369433
44937,0.000515456817539336
44936,0.000515785245532916
44935,0.000516113854355983
44934,0.000516442644014202
44933,0.000516771614513094
44932,0.000517100765858039
44931,0.000517430098054266
44930,0.000517759611106866
44929,0.000518089305020783
44928,0.000518419179800818
44927,0.000518749235451627
44926,0.000519079471977717
44925,0.000519409889383455
44924,0.000519740487673063
44923,0.000520071266850615
44922,0.000520402226920042
44921,0.000520733367885125
44920,0.000521064689749505
44919,0.000521395195915727
44918,0.000521725882175862
44917,0.000522056748535333
44916,0.000522387794999419
44915,0.000522719021573264
44914,0.000523050428261869
44913,0.000523382015070096
44912,0.000523713782002669
44911,0.000524045729064165
44910,0.000524377856259026
44909,0.000524710163591553
44908,0.000525042651065903
44907,0.000525375318686097
44906,0.000525708166456008
44905,0.000526041194379373
44904,0.000526374402459785
44903,0.000526707790700697
44902,0.000527041359105423
44901,0.000527375107677126
44900,0.000527709036418835
44899,0.000528040140319404
44898,0.000528371424959047
44897,0.000528702890347345
44896,0.000529034536493738
44895,0.000529366363407533
44894,0.0005296983710979
44893,0.000542478727888563
44892,0.000542825989279428
44891,0.000543173446204468
44890,0.000543521098682362
44889,0.000543868946731653
44888,0.000544216990370744
44887,0.000544565229617903
44886,0.000544913664491257
44885,0.000545262295008798
44884,0.00054561112118838
44883,0.000545960143047719
44882,0.000546309360604394
44881,0.000546658773875839
44880,0.000547008382879358
44879,0.000547372301528989
44878,0.000547736429994127
44877,0.000548100768290747
44876,0.000548465316434668
44875,0.000548830074441546
44874,0.000549195042326872
44873,0.000549560220105981
44872,0.00054992560779404
44871,0.000550291205406063
44870,0.000550657012956896
44869,0.000551023030461222
44868,0.000551389257933564
44867,0.00055175569538828
44866,0.000552122342839572
44865,0.000552489200301471
44864,0.000552856267787849
44863,0.000553223545312413
44862,0.000553591032888707
44861,0.000553958730530113
44860,0.000554326638249848
44859,0.000554692614825939
44858,0.000555058803407103
44857,0.000555425204011451
44856,0.000555791816656931
44855,0.000556158641361316
44854,0.000556525678142218
44853,0.000556892927017076
44852,0.000557260388003164
44851,0.000557628061117589
44850,0.000557995946377287
44849,0.000558364043799027
44848,0.000558732353399407
44847,0.000559100875194858
44846,0.000559469609201643
44845,0.000559838555435854
44844,0.000560207713913412
44843,0.000560577084650071
44842,0.00056094666766141
44841,0.000561316462962847
44840,0.000561686470569622
44839,0.000562070029641809
44838,0.000562453816322509
44837,0.000562837830627758
44836,0.000563222072573406
44835,0.000563606542175097
44834,0.000563991239448283
44833,0.000564376164408219
44832,0.000564761317069959
44831,0.000565146697448364
44830,0.000565532305558091
44829,0.000565918141413603
44828,0.000566304205029165
44827,0.00056669049641884
44826,0.000567077015596496
44825,0.000567463762575796
44824,0.000567850737370208
44823,0.000568237939993003
44822,0.000568625370457243
44821,0.0005690130287758
44820,0.000569400914961337
44819,0.000569803564167016
44818,0.000570206455804162
44817,0.000570609589882779
44816,0.000571012966412643
44815,0.000571416585403303
44814,0.00057182044686408
44813,0.000572224550804069
44812,0.000572628897232134
44811,0.000573033486156913
44810,0.000573438317586814
44809,0.000573843391530017
44808,0.000574248707994472
44807,0.000574654266987901
44806,0.000575060068517794
44805,0.000575466112591413
44804,0.00057587239921579
44803,0.000576278928397725
44802,0.000576685700143788
44801,0.000577092714460318
44800,0.000577499971353422
44799,0.000577935813511485
44798,0.000578371930737545
44797,0.000578808323034307
44796,0.00057924499040417
44795,0.000579681932849235
44794,0.000580119150371303
44793,0.000580556642971873
44792,0.000580994410652142
44791,0.000581432453413003
44790,0.000581870771255049
44789,0.000582309364178569
44788,0.000582748232183551
44787,0.000583187375269678
44786,0.000583626793436326
44785,0.000584066486682572
44784,0.000584506455007187
44783,0.000584946698408635
44782,0.00058538721688508
44781,0.000585828010434372
44780,0.000586269079054062
44779,0.000586696594566122
44778,0.000587124368237711
44777,0.000587552400065882
44776,0.000587980690047409
44775,0.000588409238178803
44774,0.000588838044456299
44773,0.00058926710887586
44772,0.000589696431433182
44771,0.000590126012123684
44770,0.000590555850942517
44769,0.000590985947884556
44768,0.000591416302944403
44767,0.000591846916116391
44766,0.000592277787394575
44765,0.000592708916772741
44764,0.000593140304244395
44763,0.000593571949802771
44762,0.000594003853440834
44761,0.000594436015151264
44760,0.000594868434926475
44759,0.000595344115920299
44758,0.000595820106894765
44757,0.000596296407834406
44756,0.000596773018723359
44755,0.000597249939545348
44754,0.0005977271702837
44753,0.000598204710921334
44752,0.000598682561440761
44751,0.000599160721824091
44750,0.000599639192053021
44749,0.000600117972108845
44748,0.000600597061972453
44747,0.000601076461624318
44746,0.000601556171044513
44745,0.000602036190212697
44744,0.000602516519108123
44743,0.000602997157709634
44742,0.000603478105995661
44741,0.000603959363944227
44740,0.00060444093153294
44739,0.00060493698628488
44738,0.000605433369109459
44737,0.000605930079980885
44736,0.000606427118872903
44735,0.000606924485758795
44734,0.000607422180611377
44733,0.000607920203403003
44732,0.000608418554105557
44731,0.000608917232690462
44730,0.00060941623912867
44729,0.000609915573390669
44728,0.000610415235446478
44727,0.000610915225265648
44726,0.000611415542817263
44725,0.000611916188069937
44724,0.000612417160991813
44723,0.000612918461550567
44722,0.000613420089713402
44721,0.000613922045447051
44720,0.000614424328717776
44719,0.000614954654315994
44718,0.000615485346367919
44717,0.000616016404836789
44716,0.000616547829685254
44715,0.00061707962087538
44714,0.000617611778368644
44713,0.000618144302125932
44712,0.000633476190450245
44711,0.000634042620145248
44710,0.000634609478097617
44709,0.00063517676434994
44708,0.000635744478944243
44707,0.000636312621921994
44706,0.000636881193324094
44705,0.000637450193190887
44704,0.000638019621562153
44703,0.000638589478477109
44702,0.000639159763974406
44701,0.000639730478092126
44700,0.00064030162086779
44699,0.000640887495195246
44698,0.000641473822481237
44697,0.000642060602769603
44696,0.000642647836103557
44695,0.000643235522525675
44694,0.0006438236620779
44693,0.00064441225480154
44692,0.000645001300737265
44691,0.000645590799925114
44690,0.000646180752404483
44689,0.000646771158214129
44688,0.00064736201739217
44687,0.000647953329976082
44686,0.000648545096002703
44685,0.000649137315508223
44684,0.00064972998852819
44683,0.000650323115097506
44682,0.000650916695250425
44681,0.000651510729020561
44680,0.000652105216440872
44679,0.000652746159214674
44678,0.000653387631418334
44677,0.000654029633095908
44676,0.000654672164290558
44675,0.000655315225044566
44674,0.000655958815399316
44673,0.000656602935395303
44672,0.000657247585072131
44671,0.000657892764468507
44670,0.000658538473622246
44669,0.000659184712570259
44668,0.00065983148134856
44667,0.000660478779992267
44666,0.000661126608535588
44665,0.000661774967011836
44664,0.000662423855453412
44663,0.000663073273891809
44662,0.000663723222357621
44661,0.00066437370088052
44660,0.000665024709489279
44659,0.000665676248211747
44658,0.000666328317074864
44657,0.000666980916104655
44656,0.000667634045326224
44655,0.000668287704763761
44654,0.00066894189444053
44653,0.000669596614378874
44652,0.000670251864600218
44651,0.000670907645125053
44650,0.000671563955972953
44649,0.000672220797162555
44648,0.000672878168711571
44647,0.000673536070636784
44646,0.000674194502954036
44645,0.000674853465678247
44644,0.00067551295882339
44643,0.000676172982402505
44642,0.000676833536427697
44641,0.000677494620910123
44640,0.000678156235860006
44639,0.000678849725744275
44638,0.000679543801060591
44637,0.000680238461823035
44636,0.000680933708044538
44635,0.000681629539736864
44634,0.000682325956910619
44633,0.000683022959575244
44632,0.000683720547739016
44631,0.000684418721409049
44630,0.000685117480591282
44629,0.000685816825290485
44628,0.000686516755510255
44627,0.000687217271253012
44626,0.000687918372520007
44625,0.000688620059311302
44624,0.000689322331625783
44623,0.000690025189461152
44622,0.000690728632813925
44621,0.000691432661679435
44620,0.000692137276051823
44619,0.000692894226286948
44618,0.000693651841798449
44617,0.000694410122557759
44616,0.000695169068534755
44615,0.000695928679697777
44614,0.000696688956013611
44613,0.000697449897447488
44612,0.000698211503963093
44611,0.000698973775522546
44610,0.000699736712086416
44609,0.000700500313613701
44608,0.000701264580061839
44607,0.000702029511386702
44606,0.000702795107542588
44605,0.000703561368482229
44604,0.000704328294156777
44603,0.000705095884515806
44602,0.000705864139507316
44601,0.000706633059077717
44600,0.000707402643171842
44599,0.000708172891732931
44598,0.000708943804702632
44597,0.000709715382021008
44596,0.000710487623626519
44595,0.000711260529456034
44594,0.000712034099444816
44593,0.000712808333526527
44592,0.000713583231633227
44591,0.000714358793695362
44590,0.000715135019641776
44589,0.000715911909399692
44588,0.000716689462894718
44587,0.000717467680050853
44586,0.000718246560790463
44585,0.000719026105034303
44584,0.000719806312701494
44583,0.000720587183709529
44582,0.000721368717974278
44581,0.000722150915409969
44580,0.000722933775929202
44579,0.000723720541341432
44578,0.000724507967675115
44577,0.000725296054814011
44576,0.000726084802640194
44575,0.000726874211034064
44574,0.000727664279874331
44573,0.000728455009038017
44572,0.000729246398400463
44571,0.00073003844783531
44570,0.000730831157214513
44569,0.000731624526408325
44568,0.000732418555285299
44567,0.000733213243712297
44566,0.000734008591554465
44565,0.000734804598675255
44564,0.000735601264936402
44563,0.000736398590197932
44562,0.000737196574318165
44561,0.000737995217153695
44560,0.000738794518559409
44559,0.000739611852583513
44558,0.000740429873807625
44557,0.000741248582071586
44556,0.000742067977213351
44555,0.000742888059068995
44554,0.000743708827472706
44553,0.000744530282256782
44552,0.000745352423251629
44551,0.000746175250285752
44550,0.000746998763185767
44549,0.000747822961776385
44548,0.000748647845880416
44547,0.000749473415318767
44546,0.000750299669910428
44545,0.000751126609472488
44544,0.000751954233820119
44543,0.000752782542766576
44542,0.000753611536123201
44541,0.000754441213699405
44540,0.000755271575302685
44539,0.000756104789234122
44538,0.000756938688041483
44537,0.000757773271505951
44536,0.000758608539406694
44535,0.000759444491520874
44534,0.000760281127623639
44533,0.000761118447488121
44532,0.000761956450885434
44531,0.000762795137584663
44530,0.000763634507352879
44529,0.00076447455995512
44528,0.000765315295154397
44527,0.000766156712711692
44526,0.000766998812385943
44525,0.000767841593934061
44524,0.000768685057110913
44523,0.000769529201669325
44522,0.000770374027360081
44521,0.000771219533931908
44520,0.000772065721131495
44519,0.00077292835292672
44518,0.000773791693093216
44517,0.000774655741377919
44516,0.000775520497525613
44515,0.000776385961278911
44514,0.000777252132378268
44513,0.00077811901056197
44512,0.000778986595566131
44511,0.000779854887124702
44510,0.00078072388496945
44509,0.000781593588829968
44508,0.000782463998433667
44507,0.000783335113505772
44506,0.000784206933769333
44505,0.0007850794589452
44504,0.000785952688752035
44503,0.000786826622906308
44502,0.000787701261122287
44501,0.000788576603112049
44500,0.000789452648585461
44499,0.000790292897578709
44498,0.000791133792114602
44497,0.00079197533193166
44496,0.000792817516766526
44495,0.000793660346353986
44494,0.000794503820426945
44493,0.000795347938716434
44492,0.000796192700951614
44491,0.000797038106859759
44490,0.000797884156166275
44489,0.000798730848594674
44488,0.000799578183866585
44487,0.000800426161701758
44486,0.000801274781818043
44485,0.00080212404393141
44484,0.000802973947755928
44483,0.00080382449300377
44482,0.000804675679385219
44481,0.00080552750660865
44480,0.000806379974380544
44479,0.000807231992316426
44478,0.000808084650894894
44477,0.000808937949826799
44476,0.000809791888821088
44475,0.000810646467584829
44474,0.000811501685823187
44473,0.00081235754323943
44472,0.000813214039534935
44471,0.000814071174409167
44470,0.0008149289475597
44469,0.000815787358682193
44468,0.000816646407470399
44467,0.000817506093616169
44466,0.000818366416809433
44465,0.000819227376738219
44464,0.000820088973088627
44463,0.000820951205544845
44462,0.000821814073789146
44461,0.000822677577501872
44460,0.000823541716361451
44459,0.000824385525460264
44458,0.000839898474504885
44457,0.000840787711519423
44456,0.000841677670804246
44455,0.000842568352277151
44454,0.000843459755854309
44453,0.000844351881450265
44452,0.000845244728977931
44451,0.000846138298348587
44450,0.000847032589471874
44449,0.000847927602255796
44448,0.000848823336606715
44447,0.000849719792429347
44446,0.000850616969626762
44445,0.000851514868100379
44444,0.000852413487749965
44443,0.00085331282847363
44442,0.000854212890167827
44441,0.000855113672727347
44440,0.000856015176045316
44439,0.000856918662165878
44438,0.000857822867324963
44437,0.00085872779140239
44436,0.0008596334342763
44435,0.000860539795823149
44434,0.000861446875917713
44433,0.000862354674433079
44432,0.000863263191240643
44431,0.00086417242621011
44430,0.000865082379209491
44429,0.000865993050105096
44428,0.000866904438761537
44427,0.000867816545041722
44426,0.000868729368806854
44425,0.000869642909916424
44424,0.000870557168228215
44423,0.000871472143598296
44422,0.000872387835881016
44421,0.000873304244929008
44420,0.00087422137059318
44419,0.000875120031112515
44418,0.000876019375587836
44417,0.000876919403866659
44416,0.00087782011579492
44415,0.000878721511216942
44414,0.000879623589975455
44413,0.000880526351911588
44412,0.000881429796864853
44411,0.000882333924673166
44410,0.000883238735172821
44409,0.000884144228198507
44408,0.000885050403583297
44407,0.00088595726115864
44406,0.000886864800754373
44405,0.0008877730221987
44404,0.000888681925318209
44403,0.000889591509937859
44402,0.000890501775880973
44401,0.000891412722969252
44400,0.000892324351022748
44399,0.000893195176509901
44398,0.000894066622138546
44397,0.000894938687748007
44396,0.000895811373176229
44395,0.000896684678259805
44394,0.000897558602833952
44393,0.000898433146732518
44392,0.000899308309787982
44391,0.000900184091831438
44390,0.000901060492692614
44389,0.000901937512199858
44388,0.000902815150180135
44387,0.000903693406459034
44386,0.000904572280860749
44385,0.000905451773208099
44384,0.00090633188332251
44383,0.000907212611024023
44382,0.000908093956131286
44381,0.000908975918461548
44380,0.000909858497830669
44379,0.000910723134166245
44378,0.000911588358056394
44377,0.000912454169308481
44376,0.000913320567728538
44375,0.000914187553121288
44374,0.000915055125290122
44373,0.000915923284037105
44372,0.000916792029162983
44371,0.000917661360467164
44370,0.000918531277747736
44369,0.000919401780801445
44368,0.000920272869423706
44367,0.000921144543408605
44366,0.000922016802548881
44365,0.000922889646635945
44364,0.00092376307545986
44363,0.000924637088809344
44362,0.000925511686471783
44361,0.000926386868233204
44360,0.000927262633878301
44359,0.000928097586449703
44358,0.00092893306788793
44357,0.0009297690779939
44356,0.000930605616567395
44355,0.000931442683407041
44354,0.000932280278310325
44353,0.000933118401073584
44352,0.000933957051491998
44351,0.000934796229359605
44350,0.00093563593446928
44349,0.000936476166612752
44348,0.000937316925580595
44347,0.000938158211162217
44346,0.000939000023145878
44345,0.00093984236131867
44344,0.00094068522546653
44343,0.000941528615374234
44342,0.000942372530825385
44341,0.000943216971602434
44340,0.000944061937486653
44339,0.000944906172390848
44338,0.000945750931202553
44337,0.000946596213709543
44336,0.000947442019698468
44335,0.000948288348954829
44334,0.000949135201262993
44333,0.00094998257640619
44332,0.000950830474166495
44331,0.000951678894324853
44330,0.000952527836661051
44329,0.000953377300953741
44328,0.000954227286980426
44327,0.000955077794517449
44326,0.000955928823340019
44325,0.000956780373222179
44324,0.000957632443936828
44323,0.000958485035255713
44322,0.000959338146949416
44321,0.000960191778787373
44320,0.000961045930537851
44319,0.000961836292802872
44318,0.000962627098443877
44317,0.000963418347265537
44316,0.00096421003907163
44315,0.00096500217366507
44314,0.000965794750847882
44313,0.000966587770421215
44312,0.000967381232185343
44311,0.00096817513593965
44310,0.000968969481482646
44309,0.000969764268611954
44308,0.000970559497124309
44307,0.000971355166815573
44306,0.000972151277480708
44305,0.000972947828913804
44304,0.000973744820908054
44303,0.000974542253255762
44302,0.000975340125748353
44301,0.000976138438176348
44300,0.000976937190329393
44299,0.000977689644179171
44298,0.000978442489422966
44297,0.00097919572589627
44296,0.000979949353433916
44295,0.000980703371870052
44294,0.000981457781038162
44293,0.000982212580771056
44292,0.000982967770900862
44291,0.000983723351259041
44290,0.00098447932167637
44289,0.000985235681982956
44288,0.000985992432008232
44287,0.00098674957158094
44286,0.00098750710052916
44285,0.000988265018680279
44284,0.000989023325861013
44283,0.0009897820218974
44282,0.000990541106614785
44281,0.000991300579837848
44280,0.000992060441390569
44279,0.000992820691096261
44278,0.00099358132877755
44277,0.000994342354256369
44276,0.000995103767353979
44275,0.000995865567890946
44274,0.000996627755687156
44273,0.000997390330561811
44272,0.000998153292333415
44271,0.0009989166408198
44270,0.000999680375838094
44269,0.00100044449720475
44268,0.00100120900473552
44267,0.00100197389824547
44266,0.00100273917754899
44265,0.00100350484245975
44264,0.00100427089279075
44263,0.00100503732835429
44262,0.00100580414896198
44261,0.00100657135442474
44260,0.00100733894455277
44259,0.00100803925239036
44258,0.00100873987966054
44257,0.00100944082621737
44256,0.00101014209191444
44255,0.00101084367660486
44254,0.00101154558014126
44253,0.00101224780237576
44252,0.00101295034316003
44251,0.00101365320234524
44250,0.00101435637978206
44249,0.00101505987532071
44248,0.0010157636888109
44247,0.00101646782010185
44246,0.0010171722690423
44245,0.00101787703548053
44244,0.00101858211926429
44243,0.00101928752024086
44242,0.00101999323825704
44241,0.00102069927315913
44240,0.00102140562479296
44239,0.00102209078789939
44238,0.00102277624715428
44237,0.00102346200240957
44236,0.00102414805351677
44235,0.00102483440032696
44234,0.00102552104269074
44233,0.00102620798045829
44232,0.00102689521347934
44231,0.00102758274160317
44230,0.00103965541982039
44229,0.00104036140345934
44228,0.00104106770480139
44227,0.0010417743237145
44226,0.00104248126006618
44225,0.00104318851372349
44224,0.00104389608455304
44223,0.00104460397242101
44222,0.00104531217719313
44221,0.00104602069873465
44220,0.00104672953691043
44219,0.00104741649207519
44218,0.0010481037435898
44217,0.00104879129132319
44216,0.00104947913514389
44215,0.00105016727492001
44214,0.00105085571051927
44213,0.00105154444180897
44212,0.00105223346865596
44211,0.00105292279092672
44210,0.00105361240848731
44209,0.00105430232120334
44208,0.00105499252894006
44207,0.00105568303156226
44206,0.00105637382893433
44205,0.00105706492092025
44204,0.00105775630738357
44203,0.00105844798818744
44202,0.00105913996319459
44201,0.00105983223226732
44200,0.00106052479526752
44199,0.00106121765205667
44198,0.00106191080249583
44197,0.00106260424644562
44196,0.00106329798376628
44195,0.0010639920143176
44194,0.00106468633795896
44193,0.00106538095454933
44192,0.00106607586394724
44191,0.00106677106601083
44190,0.00106746656059779
44189,0.0010681623475654
44188,0.00106885842677052
44187,0.0010695547980696
44186,0.00107025146131865
44185,0.00107094841637327
44184,0.00107164566308863
44183,0.00107234320131948
44182,0.00107304103092016
44181,0.00107373915174457
44180,0.00107443756364618
44179,0.00107513489382789
44178,0.00107583251430153
44177,0.00107653042492721
44176,0.00107722862556465
44175,0.00107792711607316
44174,0.00107862589631165
44173,0.00107932496613862
44172,0.00108002432541215
44171,0.00108072397398994
44170,0.00108142391172926
44169,0.00108212413848698
44168,0.00108282465411958
44167,0.0010835254584831
44166,0.0010842265514332
44165,0.00108492793282511
44164,0.00108562960251367
44163,0.0010863315603533
44162,0.00108703380619802
44161,0.00108773633990143
44160,0.00108843916131673
44159,0.0010891139959125
44158,0.00108978910116851
44157,0.00109046447696807
44156,0.00109114012319416
44155,0.00109181603972944
44154,0.0010924922264562
44153,0.00109316868325643
44152,0.00109384541001175
44151,0.00109452240660348
44150,0.00109519967291257
44149,0.00109587720881964
44148,0.00109655501420499
44147,0.00109723308894856
44146,0.00109791143292997
44145,0.00109859004602848
44144,0.00109926892812303
44143,0.00109994807909222
44142,0.00110062749881429
44141,0.00110130718716718
44140,0.00110198714402845
44139,0.00110266601621485
44138,0.0011033451589578
44137,0.00110402457213759
44136,0.00110470425563418
44135,0.00110538420932716
44134,0.00110606443309579
44133,0.001106744926819
44132,0.00110742569037534
44131,0.00110810672364305
44130,0.00110878802650001
44129,0.00110946959882375
44128,0.00111015144049146
44127,0.00111083355137999
44126,0.00111151593136584
44125,0.00111219858032516
44124,0.00111288149813375
44123,0.00111356468466707
44122,0.00111424813980023
44121,0.00111493186340799
44120,0.00111561585536478
44119,0.00111630144214885
44118,0.00111698729468956
44117,0.00111767341285661
44116,0.00111835979651935
44115,0.00111904644554679
44114,0.00111973335980757
44113,0.00112042053917003
44112,0.0011211079835021
44111,0.00112179569267143
44110,0.00112248366654529
44109,0.00112317190499059
44108,0.00112386040787392
44107,0.00112454917506151
44106,0.00112523820641924
44105,0.00112592750181265
44104,0.00112661706110693
44103,0.0011273068841669
44102,0.00112799697085707
44101,0.00112868732104158
44100,0.00112937793458421
44099,0.00113004277974774
44098,0.00113070787195748
44097,0.00113137321109384
44096,0.00113203879703692
44095,0.00113270462966653
44094,0.00113337070886216
44093,0.001134037034503
44092,0.00113470360646795
44091,0.00113537042463555
44090,0.0011360374888841
44089,0.00113670479909154
44088,0.00113737235513553
44087,0.00113804015689342
44086,0.00113870820424224
44085,0.00113937649705871
44084,0.00114004503521927
44083,0.00114071381860001
44082,0.00114138284707676
44081,0.00114205212052498
44080,0.00114272163881988
44079,0.00114341886640786
44078,0.00114411635260689
44077,0.00114481409726823
44076,0.00114551210024275
44075,0.00114621036138098
44074,0.0011469088805331
44073,0.00114760765754891
44072,0.00114830669227786
44071,0.00114900598456907
44070,0.00114970553427126
44069,0.00115040534123284
44068,0.00115110540530181
44067,0.00115180572632585
44066,0.00115250630415227
44065,0.00115320713862802
44064,0.00115390822959969
44063,0.00115460957691351
44062,0.00115531118041536
44061,0.00115601303995076
44060,0.00115671515536485
44059,0.00115739370240403
44058,0.00115807248591616
44057,0.00115875150575588
44056,0.00115943076177751
44055,0.00116011025383505
44054,0.00116078998178217
44053,0.00116146994547223
44052,0.00116215014475829
44051,0.00116283057949305
44050,0.00116351124952893
44049,0.00116419215471801
44048,0.00116487329491205
44047,0.00116555466996252
44046,0.00116623627972051
44045,0.00116691812403686
44044,0.00116760020276203
44043,0.00116828251574621
44042,0.00116896506283923
44041,0.00116964784389062
44040,0.00117033085874959
44039,0.00117096106940813
44038,0.00117159148310032
44037,0.00117222209971401
44036,0.00117285291913679
44035,0.00117348394125606
44034,0.00117411516595895
44033,0.00117474659313237
44032,0.00117537822266302
44031,0.00117601005443734
44030,0.00117664208834156
44029,0.00117727432426165
44028,0.00117790676208339
44027,0.00117853940169229
44026,0.00117917224297365
44025,0.00117980528581252
44024,0.00118043853009374
44023,0.0011810719757019
44022,0.00118170562252136
44021,0.00118233947043626
44020,0.00118297351933049
44019,0.00118363442747959
44018,0.00118429555079752
44017,0.00118495688914865
44016,0.00118561844239704
44015,0.00118628021040652
44014,0.00118694219304061
44013,0.00118760439016258
44012,0.00118826680163542
44011,0.00118892942732184
44010,0.00118959226708427
44009,0.00119025532078488
44008,0.00119091858828556
44007,0.00119158206944793
44006,0.00119224576413331
44005,0.00119290967220278
44004,0.00119357379351712
44003,0.00119423812793685
44002,0.0011949026753222
44001,0.00119556743553313
44000,0.00119623240842933
43999,0.00119681961179774
43998,0.00119740698313184
43997,0.00119799452233712
43996,0.00119858222931891
43995,0.00119917010398236
43994,0.00119975814623245
43993,0.00120034635597399
43992,0.00120093473311163
43991,0.00120152327754985
43990,0.00120211198919295
43989,0.00120270086794508
43988,0.00120328991371019
43987,0.00120387912639208
43986,0.00120446850589439
43985,0.00120505805212057
43984,0.0012056477649739
43983,0.00120623764435752
43982,0.00120682769017435
43981,0.00120741790232719
43980,0.00120800828071864
43979,0.00120862216098838
43978,0.00120923622744224
43977,0.00120985047997226
43976,0.00121046491847031
43975,0.00121107954282799
43974,0.00121169435293674
43973,0.00121230934868775
43972,0.001212924529972
43971,0.00121353989668027
43970,0.00121415544870312
43969,0.00121477118593088
43968,0.00121538710825369
43967,0.00121600321556145
43966,0.00121661950774388
43965,0.00121723598469044
43964,0.00121785264629041
43963,0.00121846949243284
43962,0.00121908652300656
43961,0.00121970373790021
43960,0.00122032113700218
43959,0.00122091167427979
43958,0.00122150238452421
43957,0.00122209326763646
43956,0.00122268432351733
43955,0.00122327555206744
43954,0.00122386695318719
43953,0.0012244585267768
43952,0.00122505027273629
43951,0.00122564219096551
43950,0.00122623428136407
43949,0.00122682654383141
43948,0.00122741897826677
43947,0.00122801158456921
43946,0.00122860436263756
43945,0.00122919731237049
43944,0.00122979043366645
43943,0.0012303837264237
43942,0.0012309771905403
43941,0.00123157082591413
43940,0.00123216463244286
43939,0.00123270656160776
43938,0.00123324863455662
43937,0.00123379085121078
43936,0.00123433321149142
43935,0.0012348757153196
43934,0.00123541836261624
43933,0.0012359611533021
43932,0.00123650408729781
43931,0.00123704716452387
43930,0.00123759038490062
43929,0.00123813374834828
43928,0.0012386772547869
43927,0.00123922090413641
43926,0.00123976469631659
43925,0.0012403086312471
43924,0.00124085270884742
43923,0.00124139692903691
43922,0.00124194129173481
43921,0.00124248579686017
43920,0.00124303044433194
43919,0.0012435479934178
43918,0.00124406567610319
43917,0.00124458349231561
43916,0.00124510144198242
43915,0.00124561952503084
43914,0.00124613774138798
43913,0.0012466560909808
43912,0.00124717457373614
43911,0.0012476931895807
43910,0.00124821193844106
43909,0.00124873082024367
43908,0.00124924983491482
43907,0.0012497689823807
43906,0.00125028826256736
43905,0.00125080767540071
43904,0.00125132722080654
43903,0.00125184689871049
43902,0.00125236670903809
43901,0.00125288665171472
43900,0.00125340672666563
43899,0.00125384915577299
43898,0.00125429167947297
43897,0.0012547342977199
43896,0.00125517701046799
43895,0.00125561981767144
43894,0.00125606271928433
43893,0.00125650571526071
43892,0.00125694880555456
43891,0.00125739199011976
43890,0.00125783526891015
43889,0.00125827864187951
43888,0.00125872210898154
43887,0.00125916567016986
43886,0.00125960932539805
43885,0.00126005307461961
43884,0.00126049691778796
43883,0.00126094085485647
43882,0.00126138488577845
43881,0.00126182901050711
43880,0.00126227322899562
43879,0.0012627185530024
43878,0.00126316396755294
43877,0.00126360947260155
43876,0.00126405506810243
43875,0.00126450075400976
43874,0.00126494653027765
43873,0.00126539239686015
43872,0.00126583835371124
43871,0.00126628440078485
43870,0.00126673053803484
43869,0.00126717676541503
43868,0.00126762308287914
43867,0.00126806949038087
43866,0.00126851598787384
43865,0.00126896257531161
43864,0.00126940925264768
43863,0.00126985601983548
43862,0.00127030287682841
43861,0.00127074982357976
43860,0.00127119686004281
43859,0.00127156455420713
43858,0.00127193231046674
43857,0.00127230012879499
43856,0.0012726680091652
43855,0.00127303595155064
43854,0.00127340395592456
43853,0.0012737720222602
43852,0.00127414015053074
43851,0.00127450834070935
43850,0.00127487659276915
43849,0.00127524490668326
43848,0.00127561328242474
43847,0.00127598171996664
43846,0.00127635021928197
43845,0.00127671878034371
43844,0.00127708740312481
43843,0.0012774560875982
43842,0.00127782483373676
43841,0.00127819364151336
43840,0.00127856251090083
43839,0.00127890584013905
43838,0.00127924922072359
43837,0.00127959265263316
43836,0.00127993613584646
43835,0.00128027967034218
43834,0.00128062325609898
43833,0.00128096689309549
43832,0.00128131058131032
43831,0.00128165432072209
43830,0.00128199811130937
43829,0.00128234195305071
43828,0.00128268584592466
43827,0.00128302978990973
43826,0.00128337378498441
43825,0.0012837178311272
43824,0.00128406192831653
43823,0.00128440607653085
43822,0.00128475027574857
43821,0.0012850945259481
43820,0.00128543882710779
43819,0.00128570233779372
43818,0.00128596588142832
43817,0.00128622945800078
43816,0.00128649306750025
43815,0.00128675670991589
43814,0.00128702038523683
43813,0.0012872840934522
43812,0.00128754783455112
43811,0.00128781160852272
43810,0.00128807541535608
43809,0.00128833925504031
43808,0.00128860312756448
43807,0.00128886703291767
43806,0.00128913097108894
43805,0.00128939494206735
43804,0.00128965894584195
43803,0.00128992298240176
43802,0.00129018705173581
43801,0.00129045115383313
43800,0.00129071528868271
43799,0.00129087268742808
43798,0.00129103010002492
43797,0.00129118752647021
43796,0.00129134496676086
43795,0.00129150242089385
43794,0.0012916598888661
43793,0.00129181737067455
43792,0.00129197486631614
43791,0.00129213237578781
43790,0.0012922898990865
43789,0.00129244743620912
43788,0.00129260498715262
43787,0.00129276255191391
43786,0.00129292013048993
43785,0.00129307772287759
43784,0.00129323532907382
43783,0.00129339294907554
43782,0.00129355058287966
43781,0.00129370823048309
43780,0.00129386589188276
43779,0.00129404940061096
43778,0.00129423292936902
43777,0.00129441647815148
43776,0.00129460004695287
43775,0.00129478363576772
43774,0.00129496724459058
43773,0.00129515087341596
43772,0.00129533452223839
43771,0.00129551819105237
43770,0.00129570187985243
43769,0.00129588558863306
43768,0.00129606931738878
43767,0.00129625306611407
43766,0.00129643683480343
43765,0.00129662062345135
43764,0.00129680443205231
43763,0.00129698826060078
43762,0.00129717210909125
43761,0.00129735597751817
43760,0.00129753986587602
43759,0.00129761583016218
43758,0.00129769180478884
43757,0.00129776778975436
43756,0.0012978437850571
43755,0.00129791979069545
43754,0.00129799580666776
43753,0.00129807183297239
43752,0.0012981478696077
43751,0.00129822391657206
43750,0.00129829997386381
43749,0.00129837604148132
43748,0.00129845211942294
43747,0.00129852820768701
43746,0.00129860430627189
43745,0.00129868041517592
43744,0.00129875653439745
43743,0.00129883266393482
43742,0.00129890880378636
43741,0.00129898495395043
43740,0.00129906111442536
43739,0.00129908287067978
43738,0.00129910463745425
43737,0.0012991264147489
43736,0.00129914820256385
43735,0.00129917000089926
43734,0.00129919180975523
43733,0.00129921362913189
43732,0.00129923545902938
43731,0.00129925729944779
43730,0.00129927915038727
43729,0.00129930101184792
43728,0.00129932288382984
43727,0.00129934476633316
43726,0.00129936665935798
43725,0.0012993885629044
43724,0.00129941047697253
43723,0.00129943240156246
43722,0.0012994543366743
43721,0.00129947628230813
43720,0.00129949823846406
43719,0.00129946822014401
43718,0.00129943820625491
43717,0.00129940819679765
43716,0.00129937819177312
43715,0.00129934819118223
43714,0.00129931819502586
43713,0.0012992882033049
43712,0.00129925821602025
43711,0.00129922823317279
43710,0.00129919825476342
43709,0.00129916828079303
43708,0.00129913831126251
43707,0.00129910834617274
43706,0.00129907838552461
43705,0.00129904842931901
43704,0.00129901847755683
43703,0.00129898853023896
43702,0.00129895858736628
43701,0.00129892864893967
43700,0.00129889871496002
43699,0.00129878997381531
43698,0.00129868123778718
43697,0.001298572506877
43696,0.00129846378108618
43695,0.00129835506041611
43694,0.00129824634486816
43693,0.00129813763444373
43692,0.00129802892914421
43691,0.00129792022897099
43690,0.00129781153392545
43689,0.00129770284400898
43688,0.00129759415922296
43687,0.00129748547956879
43686,0.00129737680504785
43685,0.00129726813566152
43684,0.00129715947141118
43683,0.00129705081229823
43682,0.00129694215832404
43681,0.00129683350949
43680,0.00129672486579749
43679,0.0012966162272479
43678,0.00129650759384259
43677,0.00129639896558297
43676,0.0012962903424704
43675,0.00129618172450627
43674,0.00129607311169196
43673,0.00129596450402883
43672,0.00129585590151829
43671,0.0012957473041617
43670,0.00129563871196045
43669,0.0012955301249159
43668,0.00129542154302944
43667,0.00129531296630244
43666,0.00129520439473628
43665,0.00129509582833234
43664,0.00129498726709198
43663,0.00129487871101659
43662,0.00129477016010755
43661,0.00129466161436621
43660,0.00129455307379396
43659,0.001294392572956
43658,0.00129423208227203
43657,0.00129407160174429
43656,0.00129391113137503
43655,0.00129375067116645
43654,0.00129359022112081
43653,0.00129342978124033
43652,0.00129326935152723
43651,0.00129310893198375
43650,0.00129294852261211
43649,0.00129278812341455
43648,0.00129262773439328
43647,0.00129246735555054
43646,0.00129230698688854
43645,0.00129214662840952
43644,0.00129198628011568
43643,0.00129182594200927
43642,0.00129166561409249
43641,0.00129150529636757
43640,0.00129134498883672
43639,0.00129113203207294
43638,0.00129091909416644
43637,0.00129070617512239
43636,0.00129049327494593
43635,0.00129028039364222
43634,0.00129006753121642
43633,0.00128985468767366
43632,0.00128964186301911
43631,0.00128942905725789
43630,0.00128921627039515
43629,0.00128900350243603
43628,0.00128879075338565
43627,0.00128857802324916
43626,0.00128836531203168
43625,0.00128815261973832
43624,0.00128793994637423
43623,0.00128772729194451
43622,0.00128751465645429
43621,0.00128730203990867
43620,0.00128708944231277
43619,0.00128687530235721
43618,0.00128666118047085
43617,0.00128644707665951
43616,0.00128623299092895
43615,0.00128601892328496
43614,0.00128580487373334
43613,0.00128559084227985
43612,0.00128537682893028
43611,0.00128516283369038
43610,0.00128494885656595
43609,0.00128473489756273
43608,0.0012845209566865
43607,0.00128430703394302
43606,0.00128409312933803
43605,0.00128387924287731
43604,0.0012836653745666
43603,0.00128345152441166
43602,0.00128323769241822
43601,0.00128302387859203
43600,0.00128281008293883
43599,0.00128256968195631
43598,0.00128232930397602
43597,0.00128208894900601
43596,0.0012818486170543
43595,0.00128160830812893
43594,0.00128136802223789
43593,0.00128112775938922
43592,0.00128088751959091
43591,0.00128064730285098
43590,0.00128040710917742
43589,0.00128016693857823
43588,0.00127992679106139
43587,0.00127968666663491
43586,0.00127944656530676
43585,0.00127920648708491
43584,0.00127896643197734
43583,0.00127872639999201
43582,0.0012784863911369
43581,0.00127824640541995
43580,0.00127800644284914
43579,0.00127779307573405
43578,0.00127757972693098
43577,0.00127736639644562
43576,0.00127715308428362
43575,0.00127693979045063
43574,0.00127672651495233
43573,0.00127651325779435
43572,0.00127630001898236
43571,0.001276086798522
43570,0.00127587359641892
43569,0.00127566041267876
43568,0.00127544724730716
43567,0.00127523410030976
43566,0.00127502097169219
43565,0.00127480786146009
43564,0.00127459476961907
43563,0.00127438169617477
43562,0.00127416864113282
43561,0.00127395560449882
43560,0.00127374258627839
43559,0.00127358341751223
43558,0.00127342425918594
43557,0.00127326511130163
43556,0.00127310597386143
43555,0.00127294684686746
43554,0.00127278773032184
43553,0.00127262862422671
43552,0.00127246952858417
43551,0.00127231044339635
43550,0.00127215136866536
43549,0.00127199230439333
43548,0.00127183325058238
43547,0.00127167420723461
43546,0.00127151517435215
43545,0.00127135615193711
43544,0.00127119713999161
43543,0.00127103813851776
43542,0.00127087914751767
43541,0.00127072016699346
43540,0.00127056119694723
43539,0.00127048171585402
43538,0.00127040223738109
43537,0.00127032276152873
43536,0.00127024328829717
43535,0.00127016381768669
43534,0.00127008434969755
43533,0.00127000488433002
43532,0.00126992542158436
43531,0.00126984596146083
43530,0.00126976650395969
43529,0.00126968704908122
43528,0.00126960759682566
43527,0.0012695281471933
43526,0.00126944870018437
43525,0.00126936925579916
43524,0.00126928981403792
43523,0.00126921037490092
43522,0.00126913093838843
43521,0.00126905150450069
43520,0.00126897207323798
43519,0.00126905150450069
43518,0.00126913093838843
43517,0.00126921037490092
43516,0.00126928981403792
43515,0.00126936925579916
43514,0.00126944870018437
43513,0.0012695281471933
43512,0.00126960759682566
43511,0.00126968704908122
43510,0.00126976650395969
43509,0.00126984596146083
43508,0.00126992542158436
43507,0.00127000488433002
43506,0.00127008434969755
43505,0.00127016381768669
43504,0.00127024328829717
43503,0.00127032276152873
43502,0.00127040223738109
43501,0.00127048171585402
43500,0.00127056119694723
43499,0.00127072016699346
43498,0.00127087914751767
43497,0.00127103813851776
43496,0.00127119713999161
43495,0.00127135615193711
43494,0.00127151517435215
43493,0.00127167420723461
43492,0.00127183325058238
43491,0.00127199230439333
43490,0.00127215136866536
43489,0.00127231044339635
43488,0.00127246952858417
43487,0.00127262862422671
43486,0.00127278773032184
43485,0.00127294684686746
43484,0.00127310597386143
43483,0.00127326511130163
43482,0.00127342425918594
43481,0.00127358341751223
43480,0.00127374258627839
43479,0.00127398213593408
43478,0.00127422170887726
43477,0.00127446130510005
43476,0.00127470092459458
43475,0.00127494056735296
43474,0.0012751802333673
43473,0.00127541992262973
43472,0.00127565963513233
43471,0.00127589937086722
43470,0.00127613912982648
43469,0.00127637891200221
43468,0.0012766187173865
43467,0.00127685854597142
43466,0.00127709839774906
43465,0.00127733827271148
43464,0.00127757817085076
43463,0.00127781809215895
43462,0.00127805803662812
43461,0.00127829800425032
43460,0.0012785379950176
43459,0.00127885775938625
43458,0.00127917756486391
43457,0.00127949741143225
43456,0.00127981729907289
43455,0.00128013722776746
43454,0.00128045719749757
43453,0.00128077720824483
43452,0.00128109725999083
43451,0.00128141735271711
43450,0.00128173748640526
43449,0.00128205766103679
43448,0.00128237787659326
43447,0.00128269813305616
43446,0.001283018430407
43445,0.00128333876862727
43444,0.00128365914769843
43443,0.00128397956760195
43442,0.00128430002831927
43441,0.00128462052983181
43440,0.001284941072121
43439,0.00128536904328311
43438,0.00128579708689516
43437,0.001286225202911
43436,0.00128665339128437
43435,0.00128708165196902
43434,0.00128750998491862
43433,0.00128793839008678
43432,0.0012883668674271
43431,0.00128879541689311
43430,0.00128922403843831
43429,0.00128965273201613
43428,0.00129008149757996
43427,0.00129051033508315
43426,0.00129093924447901
43425,0.00129136822572078
43424,0.00129179727876168
43423,0.00129222640355485
43422,0.00129265560005343
43421,0.00129308486821045
43420,0.00129351420797896
43419,0.00129399788535464
43418,0.00129448165355659
43417,0.00129496551251411
43416,0.0012954494621564
43415,0.0012959335024126
43414,0.00129641763321176
43413,0.00129690185448285
43412,0.00129738616615474
43411,0.00129787056815625
43410,0.00129835506041611
43409,0.00129883964286295
43408,0.00129932431542533
43407,0.00129980907803175
43406,0.00130029393061059
43405,0.00130077887309019
43404,0.00130126390539877
43403,0.00130174902746449
43402,0.00130223423921543
43401,0.00130271954057959
43400,0.00130320493148487
43399,0.00130376937076467
43398,0.0013043339317717
43397,0.0013048986144049
43396,0.0013054634185631
43395,0.00130602834414499
43394,0.00130659339104914
43393,0.00130715855917397
43392,0.00130772384841779
43391,0.00130828925867879
43390,0.00130885478985501
43389,0.00130942044184437
43388,0.00130998621454466
43387,0.00131055210785354
43386,0.00131111812166854
43385,0.00131168425588706
43384,0.00131225051040639
43383,0.00131281688512365
43382,0.00131338337993588
43381,0.00131394999473994
43380,0.00131451672943261
43379,0.00131516368442602
43378,0.00131581079706009
43377,0.00131645806718477
43376,0.00131710549464982
43375,0.00131775307930475
43374,0.00131840082099889
43373,0.00131904871958133
43372,0.00131969677490095
43371,0.00132034498680641
43370,0.00132099335514617
43369,0.00132164187976844
43368,0.00132229056052125
43367,0.00132293939725238
43366,0.00132358838980942
43365,0.00132423753803972
43364,0.00132488684179044
43363,0.00132553630090849
43362,0.00132618591524059
43361,0.00132683568463323
43360,0.00132748560893267
43359,0.00132813797594176
43358,0.00132879049534551
43357,0.00132944316697242
43356,0.00133009599065078
43355,0.00133074896620861
43354,0.00133140209347371
43353,0.00133205537227363
43352,0.00133270880243568
43351,0.00133336238378692
43350,0.00133401611615418
43349,0.00133466999936403
43348,0.00133532403324283
43347,0.00133597821761666
43346,0.00133663255231138
43345,0.0013372870371526
43344,0.00133794167196569
43343,0.00133859645657579
43342,0.00133925139080776
43341,0.00133990647448627
43340,0.0013405617074357
43339,0.00134129797376382
43338,0.00134203442911657
43337,0.00134277107325567
43336,0.00134350790594248
43335,0.00134424492693801
43334,0.00134498213600288
43333,0.00134571953289737
43332,0.00134645711738138
43331,0.00134719488921444
43330,0.00134793284815572
43329,0.00134867099396403
43328,0.00134940932639781
43327,0.00135014784521513
43326,0.0013508865501737
43325,0.00135162544103085
43324,0.00135236451754356
43323,0.00135310377946844
43322,0.00135384322656173
43321,0.0013545828585793
43320,0.00135532267527667
43319,0.00135609003151313
43318,0.00135685758589489
43317,0.00135762533814865
43316,0.00135839328800073
43315,0.00135916143517699
43314,0.00135992977940288
43313,0.00136069832040343
43312,0.00136146705790324
43311,0.0013622359916265
43310,0.00136300512129695
43309,0.00136377444663793
43308,0.00136454396737234
43307,0.00136531368322266
43306,0.00136608359391096
43305,0.00136685369915887
43304,0.00136762399868759
43303,0.00136839449221792
43302,0.0013691651794702
43301,0.00136993606016437
43300,0.00137070713401995
43299,0.00137147765650983
43298,0.00137224837290901
43297,0.00137301928294355
43296,0.00137379038633909
43295,0.00137456168282084
43294,0.0013753331721136
43293,0.00137610485394178
43292,0.00137687672802933
43291,0.00137764879409983
43290,0.00137842105187641
43289,0.00137919350108182
43288,0.00137996614143836
43287,0.00138073897266792
43286,0.00138151199449202
43285,0.00138228520663169
43284,0.00138305860880761
43283,0.00138383220074002
43282,0.00138460598214872
43281,0.00138537995275313
43280,0.00138615411227225
43279,0.0013869837262108
43278,0.00138781355647303
43277,0.00138864360271229
43276,0.00138947386458136
43275,0.0013903043417325
43274,0.00139113503381739
43273,0.00139196594048718
43272,0.00139279706139248
43271,0.00139362839618334
43270,0.00139445994450926
43269,0.00139529170601919
43268,0.00139612368036155
43267,0.00139695586718419
43266,0.00139778826613442
43265,0.00139862087685899
43264,0.00139945369900413
43263,0.00140028673221549
43262,0.00140111997613818
43261,0.00140195343041678
43260,0.00140278709469528
43259,0.00140364803488175
43258,0.00140450920079857
43257,0.00140537059205848
43256,0.00140623220827357
43255,0.00140709404905533
43254,0.00140795611401461
43253,0.00140881840276164
43252,0.00140968091490605
43251,0.00141054365005682
43250,0.00141140660782234
43249,0.00141226978781033
43248,0.00141313318962794
43247,0.00141399681288167
43246,0.00141486065717739
43245,0.00141572472212038
43244,0.00141658900731526
43243,0.00141745351236605
43242,0.00141831823687614
43241,0.0014191831804483
43240,0.00142004834268468
43239,0.00142091440795618
43238,0.00142178068880171
43237,0.00142264718481441
43236,0.001449209006062
43235,0.00145022276935021
43234,0.0014512374750004
43233,0.00145225312550666
43232,0.00145326972336973
43231,0.00145428727109698
43230,0.00145530577120246
43229,0.00145632522620683
43228,0.00145734563863737
43227,0.001458367011028
43226,0.00145938934591925
43225,0.00146041264585823
43224,0.00146143691339866
43223,0.00146246215110084
43222,0.00146348836153166
43221,0.00146451554726455
43220,0.00146554371087952
43219,0.00146660291434304
43218,0.00146766314720264
43217,0.00146872441224082
43216,0.00146978671224757
43215,0.00147085005002033
43214,0.00147191442836399
43213,0.00147297985009091
43212,0.00147404631802086
43211,0.00147511383498104
43210,0.00147618240380608
43209,0.00147725202733799
43208,0.00147832270842621
43207,0.00147939444992754
43206,0.00148046725470615
43205,0.00148154112563361
43204,0.00148261606558879
43203,0.00148369207745795
43202,0.00148476916413465
43201,0.00148584732851978
43200,0.00148692657352152
43199,0.00148804067981318
43198,0.00148915594162142
43197,0.00149027236216002
43196,0.00149138994465096
43195,0.00149250869232439
43194,0.00149362860841865
43193,0.00149474969618023
43192,0.00149587195886375
43191,0.00149699539973199
43190,0.0014981200220558
43189,0.00149924582911412
43188,0.00150037282419399
43187,0.00150150101059046
43186,0.00150263039160666
43185,0.00150376097055371
43184,0.00150489275075074
43183,0.00150602573552484
43182,0.00150715992821108
43181,0.00150829533215247
43180,0.00150943195069992
43179,0.00151056637839497
43178,0.00151170200976965
43177,0.00151283884814166
43176,0.00151397689683681
43175,0.001515116159189
43174,0.00151625663854018
43173,0.00151739833824038
43172,0.00151854126164765
43171,0.00151968541212805
43170,0.00152083079305566
43169,0.00152197740781252
43168,0.00152312525978864
43167,0.00152427435238194
43166,0.0015254246889983
43165,0.00152657627305147
43164,0.00152772910796309
43163,0.00152888319716263
43162,0.00153003854408743
43161,0.00153119515218262
43160,0.00153235302490113
43159,0.00153358625127657
43158,0.0015348209288534
43157,0.00153605706184194
43156,0.00153729465446182
43155,0.00153853371094196
43154,0.00153977423552051
43153,0.00154101623244479
43152,0.00154225970597131
43151,0.00154350466036566
43150,0.00154475109990254
43149,0.00154599902886565
43148,0.00154724845154771
43147,0.00154849937225037
43146,0.00154975179528421
43145,0.00155100572496866
43144,0.00155226116563198
43143,0.0015535181216112
43142,0.00155477659725209
43141,0.00155603659690911
43140,0.00155729812494537
43139,0.00155856118573257
43138,0.00155982578365095
43137,0.00156109192308929
43136,0.0015623596084448
43135,0.0015636288441231
43134,0.00156489963453819
43133,0.00156617198411235
43132,0.00156744589727617
43131,0.0015687213784684
43130,0.00156999843213599
43129,0.00157127706273398
43128,0.00157255727472549
43127,0.00157383907258164
43126,0.00157512246078148
43125,0.00157640744381201
43124,0.00157769402616802
43123,0.00157898221235215
43122,0.00158027200687473
43121,0.00158156341425382
43120,0.00158285643901506
43119,0.00158419211019151
43118,0.00158552952667746
43117,0.00158686869349084
43116,0.00158820961565722
43115,0.00158955229820979
43114,0.00159089674618921
43113,0.00159224296464361
43112,0.00159359095862846
43111,0.00159494073320649
43110,0.00159629229344766
43109,0.00159764564442903
43108,0.0015990007912347
43107,0.00160035773895572
43106,0.00160171649269002
43105,0.00160307705754233
43104,0.00160443943862407
43103,0.00160580364105329
43102,0.00160716966995459
43101,0.00160853753045901
43100,0.00160990722770396
43099,0.00161131677273867
43098,0.00161272826823239
43097,0.00161414171978109
43096,0.00161555713298746
43095,0.00161697451346084
43094,0.00161839386681707
43093,0.00161981519867843
43092,0.00162123851467351
43091,0.00162266382043709
43090,0.00162409112161007
43089,0.00162552042383935
43088,0.0016269517327777
43087,0.00162838505408366
43086,0.00162982039342147
43085,0.00163125775646088
43084,0.00163269714887712
43083,0.00163413857635073
43082,0.00163558204456749
43081,0.00163702755921825
43080,0.00163847512599887
43079,0.00163991564571698
43078,0.00164135817834408
43077,0.00164280272951649
43076,0.00164424930487703
43075,0.00164569791007488
43074,0.00164714855076553
43073,0.00164860123261059
43072,0.00165005596127778
43071,0.00165151274244076
43070,0.00165297158177907
43069,0.00165443248497798
43068,0.00165589545772843
43067,0.00165736050572689
43066,0.00165882763467525
43065,0.00166029685028075
43064,0.00166176815825582
43063,0.00166324156431799
43062,0.0016647170741898
43061,0.00166619469359864
43060,0.00166767442827669
43059,0.00166927691473845
43058,0.0016708818893233
43057,0.00167248935929172
43056,0.00167409933190994
43055,0.00167571181444974
43054,0.0016773268141883
43053,0.00167894433840801
43052,0.00168056439439628
43051,0.00168218698944539
43050,0.00168381213085225
43049,0.00168543982591832
43048,0.0016870700819493
43047,0.00168870290625504
43046,0.00169033830614933
43045,0.00169197628894967
43044,0.00169361686197714
43043,0.00169526003255618
43042,0.00169690580801437
43041,0.0016985541956823
43040,0.00170020520289333
43039,0.00170185883698339
43038,0.00170351510529082
43037,0.00170517401515613
43036,0.00170683557392182
43035,0.00170849978893217
43034,0.00171016666753306
43033,0.00171183621707172
43032,0.00171350844489657
43031,0.00171518335835699
43030,0.0017168609648031
43029,0.00171854127158558
43028,0.00172022428605544
43027,0.0017219100155638
43026,0.00172359846746169
43025,0.00172528964909983
43024,0.00172698356782841
43023,0.00172868023099688
43022,0.00173037964595372
43021,0.00173208182004622
43020,0.00173378676062025
43019,0.00173562832321706
43018,0.00173747313007651
43017,0.00173932119027452
43016,0.0017411725128815
43015,0.00174302710696199
43014,0.00174488498157439
43013,0.00174674614577052
43012,0.00174861060859532
43011,0.0017504783790865
43010,0.00175234946627417
43009,0.00175422387918045
43008,0.00175610162681916
43007,0.00175798271819544
43006,0.00175986716230539
43005,0.00176175496813566
43004,0.00176364614466316
43003,0.00176554070085462
43002,0.00176743864566624
43001,0.00176933998804336
43000,0.00177124473692
42999,0.00177319176243939
42998,0.00177514234591439
42997,0.00177709649695478
42996,0.00177905422515891
42995,0.00178101554011324
42994,0.00178298045139197
42993,0.00178494896855662
42992,0.00178692110115554
42991,0.00178889685872355
42990,0.00179087625078145
42989,0.00179285928683566
42988,0.00179484597637774
42987,0.00179683632888392
42986,0.00179883035381475
42985,0.00180082806061457
42984,0.00180282945871111
42983,0.00180483455751507
42982,0.00180684336641959
42981,0.00180885589479988
42980,0.00181087215201271
42979,0.00181293823188446
42978,0.00181500823231199
42977,0.00181708216323883
42976,0.00181916003458626
42975,0.0018212418562528
42974,0.0018233276381137
42973,0.00182541739002037
42972,0.00182751112179987
42971,0.00182960884325441
42970,0.0018317105641608
42969,0.00183381629426986
42968,0.00183592604330599
42967,0.00183803982096652
42966,0.00184015763692126
42965,0.00184227950081187
42964,0.00184440542225139
42963,0.00184653541082363
42962,0.00184866947608264
42961,0.00185080762755218
42960,0.0018529498747251
42959,0.0018552817014951
42958,0.00185761838665531
42957,0.00185995994253577
42956,0.00186230638142341
42955,0.00186465771556112
42954,0.00186701395714701
42953,0.00186937511833341
42952,0.00187174121122608
42951,0.00187411224788332
42950,0.00187648824031502
42949,0.00187886920048191
42948,0.00188125514029454
42947,0.00188364607161243
42946,0.00188604200624323
42945,0.00188844295594173
42944,0.00189084893240901
42943,0.00189325994729153
42942,0.00189567601218017
42941,0.00189809713860938
42940,0.00190052333805622
42939,0.00190301079617386
42938,0.00190550358174232
42937,0.0019080017064593
42936,0.00191050518195171
42935,0.00191301401977457
42934,0.00191552823140998
42933,0.00191804782826607
42932,0.00192057282167595
42931,0.00192310322289663
42930,0.00192563904310797
42929,0.00192818029341159
42928,0.00193072698482982
42927,0.00193327912830464
42926,0.00193583673469655
42925,0.00193839981478354
42924,0.00194096837925996
42923,0.00194354243873549
42922,0.00194612200373399
42921,0.00194870708469243
42920,0.0019512976919598
42919,0.00195395240149534
42918,0.0019566129033654
42917,0.0019592792078951
42916,0.00196195132530411
42915,0.00196462926570545
42914,0.0019673130391042
42913,0.0019700026553963
42912,0.0019726981243673
42911,0.00197539945569108
42910,0.00197810665892862
42909,0.00198081974352675
42908,0.00198353871881689
42907,0.00198626359401381
42906,0.0019889943782143
42905,0.00199173108039604
42904,0.00199447370941618
42903,0.00199722227401019
42902,0.00199997678279057
42901,0.00200273724424551
42900,0.00200550366673773
42899,0.00200833047885052
42898,0.002011163505213
42897,0.00201400275427819
42896,0.00201684823435782
42895,0.00201969995362106
42894,0.00202255792009297
42893,0.00202542214165319
42892,0.00202829262603447
42891,0.00203116938082127
42890,0.00203405241344835
42889,0.00203694173119936
42888,0.00203983734120542
42887,0.0020427392504437
42886,0.00204564746573598
42885,0.00204856199374727
42884,0.00205148284098438
42883,0.00205441001379448
42882,0.00205734351836371
42881,0.00206028336071572
42880,0.0020632295467103
42879,0.00206611161611579
42878,0.00206899978427834
42877,0.00207189405731283
42876,0.00207479444118733
42875,0.00207770094172189
42874,0.00208061356458716
42873,0.00208353231530309
42872,0.0020864571992377
42871,0.00208938822160564
42870,0.00209232538746698
42869,0.00209526870172586
42868,0.00209821816912916
42867,0.00210117379426526
42866,0.00210413558156262
42865,0.00210710353528859
42864,0.00211007765954798
42863,0.00211305795828183
42862,0.00211604443526609
42861,0.00211903709411027
42860,0.00212203593825617
42859,0.00212498172248639
42858,0.00212793345809502
42857,0.0021308911478709
42856,0.00213385479444331
42855,0.00213682440028073
42854,0.00213979996768969
42853,0.00214278149881358
42852,0.00214576899563145
42851,0.00214876245995686
42850,0.00215176189343668
42849,0.00215476729754992
42848,0.00215777867360655
42847,0.00216079602274635
42846,0.00216381934593767
42845,0.00216684864397634
42844,0.00216988391748445
42843,0.0021729251669092
42842,0.00217597239252172
42841,0.0021790255944159
42840,0.00218208477250728
42839,0.00218521827705582
42838,0.00218835798718242
42837,0.00219150390153607
42836,0.00219465601856351
42835,0.00219781433650802
42834,0.00220097885340821
42833,0.00220414956709676
42832,0.00220732647519923
42831,0.00221050957513278
42830,0.00221369886410505
42829,0.00221689433911285
42828,0.00222009599694097
42827,0.00222330383416106
42826,0.0022265178471303
42825,0.00222973803199033
42824,0.00223296438466594
42823,0.00223619690086398
42822,0.00223943557607214
42821,0.00224268040555775
42820,0.00224593138436665
42819,0.00224905381431968
42818,0.00225218193123532
42817,0.00225531573081739
42816,0.00225845520858018
42815,0.00226160035984734
42814,0.00226475117975105
42813,0.00226790766323098
42812,0.00227106980503329
42811,0.00227423759970976
42810,0.00227741104161672
42809,0.00229133998939056
42808,0.00229456601058733
42807,0.00229779779550307
42806,0.0023010353380336
42805,0.00230427863187495
42804,0.0023075276705225
42803,0.00231078244727002
42802,0.00231404295520871
42801,0.00231730918722637
42800,0.00232058113600639
42799,0.00232380456763096
42798,0.00232703342144283
42797,0.00233026768866048
42796,0.00233350736030594
42795,0.00233675242720402
42794,0.00234000287998161
42793,0.00234325870906699
42792,0.00234651990468909
42791,0.00234978645687685
42790,0.00235305835545846
42789,0.00235633559006072
42788,0.00235961815010835
42787,0.00236290602482328
42786,0.00236619920322407
42785,0.00236949767412517
42784,0.00237280142613626
42783,0.00237611044766169
42782,0.00237942472689972
42781,0.00238274425184203
42780,0.00238606901027294
42779,0.0023893170867347
42778,0.00239257022513972
42777,0.00239582841480961
42776,0.00239909164487665
42775,0.00240235990428327
42774,0.00240563318178138
42773,0.00240891146593178
42772,0.00241219474510356
42771,0.00241548300747344
42770,0.00241877624102529
42769,0.00242207443354949
42768,0.00242537757264231
42767,0.00242868564570542
42766,0.00243199863994524
42765,0.00243531654237245
42764,0.00243863933980139
42763,0.00244196701884953
42762,0.00244529956593695
42761,0.00244863696728572
42760,0.00245197920891948
42759,0.00245518907218971
42758,0.00245840330767315
42757,0.00246162190202032
42756,0.00246484484171284
42755,0.00246807211306307
42754,0.00247130370221377
42753,0.00247453959513776
42752,0.00247777977763755
42751,0.002481024235345
42750,0.00248427295372101
42749,0.00248752591805519
42748,0.00249078311346552
42747,0.00249404452489805
42746,0.00249731013712656
42745,0.00250057993475232
42744,0.00250385390220373
42743,0.00250713202373603
42742,0.00251041428343105
42741,0.00251370066519693
42740,0.00251699115276779
42739,0.00252021235335368
42738,0.00252343744912988
42737,0.00252666642442079
42736,0.00252989926339092
42735,0.00253313595004453
42734,0.00253637646822555
42733,0.00253962080161729
42732,0.00254286893374224
42731,0.00254612084796192
42730,0.00254937652747664
42729,0.00255263595532536
42728,0.00255589911438547
42727,0.00255916598737264
42726,0.00256243655684066
42725,0.00256571080518122
42724,0.00256898871462384
42723,0.00257227026723568
42722,0.00257555544492135
42721,0.00257884422942287
42720,0.00258213660231944
42719,0.00258535748777925
42718,0.00258858176640361
42717,0.00259180942056144
42716,0.00259504043247279
42715,0.00259827478420867
42714,0.00260151245769101
42713,0.00260475343469255
42712,0.00260799769683679
42711,0.00261124522559794
42710,0.00261449600230079
42709,0.00261775000812069
42708,0.00262100722408351
42707,0.00262426763106554
42706,0.00262753120979354
42705,0.00263079794084458
42704,0.0026340678046461
42703,0.00263734078147585
42702,0.00264061685146186
42701,0.00264389599458248
42700,0.0026471781906663
42699,0.00265039112950231
42698,0.0026536068830273
42697,0.00265682543146373
42696,0.00266004675489847
42695,0.00266327083328292
42694,0.002666497646433
42693,0.00266972717402928
42692,0.00267295939561699
42691,0.00267619429060612
42690,0.00267943183827152
42689,0.00268267201775296
42688,0.00268591480805524
42687,0.00268916018804829
42686,0.00269240813646721
42685,0.00269565863191248
42684,0.00269891165285
42683,0.00270216717761124
42682,0.00270542518439335
42681,0.00270868565125927
42680,0.00271194855613791
42679,0.00271536942816399
42678,0.00271879292586348
42677,0.00272221902338734
42676,0.00272564769472587
42675,0.00272907891370876
42674,0.00274253332031659
42673,0.00274599627861968
42672,0.00274946176422473
42671,0.00275292975041452
42670,0.00275640021031244
42669,0.00275987311688278
42668,0.00276334844293097
42667,0.0027668261611038
42666,0.00277030624388977
42665,0.00277378866361928
42664,0.00277727339246499
42663,0.00278076040244208
42662,0.0027842496654085
42661,0.00278774115306541
42660,0.00279123483695732
42659,0.00279473068847257
42658,0.00279822867884358
42657,0.00280172877914714
42656,0.0028052309603049
42655,0.00280873519308355
42654,0.00281224144809532
42653,0.00281574969579827
42652,0.00281925990649666
42651,0.0028227720503414
42650,0.00282628609733034
42649,0.00282980201730876
42648,0.00283331977996973
42647,0.00283683935485448
42646,0.00284036071135293
42645,0.00284388381870398
42644,0.00284740864599608
42643,0.00285093516216758
42642,0.00285446333600717
42641,0.00285799313615445
42640,0.00286152453110023
42639,0.00286505748918714
42638,0.00286859197861008
42637,0.00287212796741661
42636,0.0028756654235076
42635,0.00287920431463758
42634,0.00288274460841538
42633,0.00288628627230458
42632,0.002889829273624
42631,0.00289337357954833
42630,0.00289691915710858
42629,0.00290046597319269
42628,0.00290401399454607
42627,0.00290756318777209
42626,0.00291111351933279
42625,0.00291466495554933
42624,0.00291821746260265
42623,0.00292177100653405
42622,0.00292532555324573
42621,0.00292888106850152
42620,0.00293243751792736
42619,0.00293615777195158
42618,0.00293987886988469
42617,0.002943600771308
42616,0.00294732343564499
42615,0.0029510468221623
42614,0.00295477088997047
42613,0.00295849559802498
42612,0.00296222090512709
42611,0.00296594676992477
42610,0.00296967315091366
42609,0.00297340000643797
42608,0.00297712729469145
42607,0.00298085497371836
42606,0.00298458300141441
42605,0.00298831133552779
42604,0.0029920399336601
42603,0.00299576875326737
42602,0.00299949775166109
42601,0.0030032268860092
42600,0.00300695611333714
42599,0.00301076645885897
42598,0.00301457681271224
42597,0.00301838712861902
42596,0.00302219736015054
42595,0.00302600746072846
42594,0.00302981738362605
42593,0.00303362708196939
42592,0.00303743650873861
42591,0.00304124561676911
42590,0.00304505435875283
42589,0.00304886268723948
42588,0.00305267055463784
42587,0.00305647791321703
42586,0.00306028471510774
42585,0.0030640909123036
42584,0.00306789645666249
42583,0.00307170129990778
42582,0.00307550539362977
42581,0.0030793086892869
42580,0.0030831111382072
42579,0.00308707549375641
42578,0.00309103895007351
42577,0.00309500145217479
42576,0.00309896294492173
42575,0.00310292337302251
42574,0.00310688268103379
42573,0.0031108408133623
42572,0.0031147977142665
42571,0.00311875332785838
42570,0.00312270759810501
42569,0.0031266604688304
42568,0.00313061188371715
42567,0.00313456178630818
42566,0.00313851012000854
42565,0.00314245682808713
42564,0.00314640185367851
42563,0.00315034513978465
42562,0.00315428662927678
42561,0.00315822626489716
42560,0.00316216398926091
42559,0.00316618004549732
42558,0.00317019399055271
42557,0.00317420576305933
42556,0.0031782153015197
42555,0.00318222254430873
42554,0.00318622742967582
42553,0.00319022989574695
42552,0.00319422988052683
42551,0.00319822732190101
42550,0.00320222215763802
42549,0.00320621432539157
42548,0.00321020376270268
42547,0.00321419040700191
42546,0.00321817419561149
42545,0.0032221550657476
42544,0.00322613295452253
42543,0.00323010779894697
42542,0.0032340795359322
42541,0.00323804810229236
42540,0.00324201343474676
42539,0.00324613024878663
42538,0.00325024328082925
42537,0.00325435245901117
42536,0.00325845771138004
42535,0.00326255896589758
42534,0.00326665615044247
42533,0.00327074919281326
42532,0.00327483802073138
42531,0.00327892256184397
42530,0.00328300274372696
42529,0.003287078493888
42528,0.00329114973976945
42527,0.0032952164087514
42526,0.00329927842815461
42525,0.00330333572524363
42524,0.00330738822722979
42523,0.00331143586127423
42522,0.00331547855449098
42521,0.00331951623394998
42520,0.00332354882668023
42519,0.00332773125379501
42518,0.00333190804084675
42517,0.00333607910600879
42516,0.00334024436742106
42515,0.00334440374319369
42514,0.00334855715141092
42513,0.00335270451013484
42512,0.00335684573740919
42511,0.00336098075126322
42510,0.00336510946971541
42509,0.00336923181077746
42508,0.003373347692458
42507,0.00337745703276652
42506,0.00338155974971721
42505,0.00338565576133282
42504,0.00338974498564858
42503,0.00339382734071608
42502,0.00339790274460712
42501,0.00340197111541772
42500,0.00340603237127189
42499,0.00341031181535269
42498,0.00341458315385824
42497,0.00341884629062915
42496,0.00343313759859681
42495,0.00343743267889958
42494,0.00344171946820201
42493,0.00344599787119928
42492,0.00345026779266207
42491,0.0034545291374417
42490,0.00345878181047538
42489,0.00346302571679145
42488,0.00346726076151452
42487,0.00347148684987079
42486,0.00347570388719318
42485,0.00347991177892667
42484,0.00348411043063347
42483,0.0034882997479983
42482,0.00349247963683362
42481,0.00349665000308488
42480,0.0035008107528358
42479,0.00350502647785077
42478,0.00350923188236365
42477,0.00351342686804363
42476,0.00351761133675028
42475,0.00352178519053934
42474,0.00352594833166849
42473,0.00353010066260317
42472,0.00353424208602231
42471,0.00353837250482421
42470,0.0035424918221322
42469,0.00354659994130049
42468,0.00355069676591989
42467,0.0035547821998236
42466,0.00355885614709298
42465,0.00356291851206323
42464,0.0035669691993292
42463,0.00357100811375109
42462,0.00357503516046017
42461,0.00357905024486453
42460,0.00358305327265473
42459,0.00358710326508021
42458,0.00359114041459156
42457,0.0035951646231633
42456,0.00359917579311879
42455,0.00360317382713633
42454,0.00360715862825539
42453,0.00361113009988276
42452,0.00361508814579866
42451,0.0036190326701629
42450,0.00362296357752098
42449,0.00362688077281015
42448,0.00363078416136553
42447,0.00363467364892607
42446,0.00363854914164066
42445,0.00364241054607409
42444,0.003646257769213
42443,0.00365009071847194
42442,0.00365390930169916
42441,0.00365771342718264
42440,0.00366150300365591
42439,0.0036654829940102
42438,0.00366944691964871
42437,0.00367339467543628
42436,0.00367732615677981
42435,0.00368124125963573
42434,0.00368513988051733
42433,0.00368902191650204
42432,0.00369288726523878
42431,0.00369673582495517
42430,0.00370056749446477
42429,0.00370438217317427
42428,0.00370817976109062
42427,0.00371196015882814
42426,0.00371572326761558
42425,0.00371946898930315
42424,0.00372319722636954
42423,0.0037269078819288
42422,0.00373060085973732
42421,0.00373427606420059
42420,0.00373793340038014
42419,0.00374169073770132
42418,0.00374542884268074
42417,0.00374914761305528
42416,0.00375284694733584
42415,0.00375652674481504
42414,0.00376018690557494
42413,0.00376382733049464
42412,0.00376744792125778
42411,0.00377104858036008
42410,0.00377462921111676
42409,0.00377818971766991
42408,0.00378173000499579
42407,0.00378524997891205
42406,0.00378874954608496
42405,0.00379222861403647
42404,0.00379568709115131
42403,0.00379912488668391
42402,0.00380254191076536
42401,0.00380593807441024
42400,0.00380931328952337
42399,0.00381272017854293
42398,0.00381610528357758
42397,0.0038194685151462
42396,0.00382280978474237
42395,0.00382612900484139
42394,0.00382942608890705
42393,0.00383270095139848
42392,0.00383595350777681
42391,0.00385278322258176
42390,0.00385617553895151
42389,0.00385954748231382
42388,0.00386289899302337
42387,0.00386623001259756
42386,0.00386954048372245
42385,0.00387283035025871
42384,0.00387609955724738
42383,0.00387934805091556
42382,0.00388257577868198
42381,0.00388578268916245
42380,0.00388896873217526
42379,0.00389223181854959
42378,0.00389547263492231
42377,0.00389869113022436
42376,0.00390188725476598
42375,0.00390506096024228
42374,0.00390821219973871
42373,0.00391134092773639
42372,0.00391444710011729
42371,0.00391753067416928
42370,0.00392059160859107
42369,0.00392362986349693
42368,0.00392664540042135
42367,0.00392963818232351
42366,0.00393260817359162
42365,0.00393555534004713
42364,0.00393847964894878
42363,0.00394138106899647
42362,0.00394425957033509
42361,0.00394711512455804
42360,0.00394994770471077
42359,0.0039526996228482
42358,0.00395542913826873
42357,0.0039581362322069
42356,0.0039608208872935
42355,0.00396348308755771
42354,0.00396612281842891
42353,0.00396874006673856
42352,0.00397133482072176
42351,0.00397390707001872
42350,0.00397645680567615
42349,0.00397898402014841
42348,0.00398148870729852
42347,0.00398397086239915
42346,0.00398643048213323
42345,0.0039888675645947
42344,0.00399128210928881
42343,0.00399367411713254
42342,0.0039960435904547
42341,0.00399839053299591
42340,0.00400071494990851
42339,0.00400300094202968
42338,0.00400526439254003
42337,0.00400750531381641
42336,0.00400972371965753
42335,0.00401191962528257
42334,0.00401409304732952
42333,0.0040162440038535
42332,0.00401837251432488
42331,0.00402047859962718
42330,0.00402256228205489
42329,0.00402462358531114
42328,0.00402666253450513
42327,0.00402867915614954
42326,0.00403067347815764
42325,0.00403264552984034
42324,0.00403459534190308
42323,0.0040365229464425
42322,0.00403842837694308
42321,0.00404031166827345
42320,0.00404217285668272
42319,0.00405633716312008
42318,0.0040583258391682
42317,0.0040602942179355
42316,0.00406224235293832
42315,0.00406417029913101
42314,0.00406607811290155
42313,0.0040679658520672
42312,0.00406983357586986
42311,0.00407168134497135
42310,0.00407350922144851
42309,0.00407531726878812
42308,0.00407710555188165
42307,0.00407887413701996
42306,0.00408062309188767
42305,0.00408235248555753
42304,0.00408406238848455
42303,0.00408575287249995
42302,0.00408742401080508
42301,0.00408907587796501
42300,0.00409070854990214
42299,0.00409232572679865
42298,0.00409392426355317
42297,0.00409550423044094
42296,0.0040970656990084
42295,0.00409860874206761
42294,0.00410013343369058
42293,0.00410163984920338
42292,0.00410312806518016
42291,0.00410459815943707
42290,0.00410605021102594
42289,0.00410748430022795
42288,0.00410890050854705
42287,0.0041102989187033
42286,0.00411167961462611
42285,0.00411304268144723
42284,0.00411438820549376
42283,0.00411571627428086
42282,0.00411702697650449
42281,0.00411832040203388
42280,0.00411959664190395
42279,0.00412083634356725
42278,0.00412205956479027
42277,0.00412326639578019
42276,0.00412445692780989
42275,0.00412563125321028
42274,0.00412678946536257
42273,0.00412793165869037
42272,0.00412905792865166
42271,0.00413016837173075
42270,0.00413126308542999
42269,0.00413234216826145
42268,0.00413340571973849
42267,0.00413445384036714
42266,0.00413548663163748
42265,0.00413650419601477
42264,0.00413750663693063
42263,0.00413849405877398
42262,0.0041394665668819
42261,0.00414042426753045
42260,0.00414136726792529
42259,0.00414227818400756
42258,0.00414317534680824
42257,0.00414405885418304
42256,0.0041449288047987
42255,0.00414578529812499
42254,0.00414662843442657
42253,0.00414745831475477
42252,0.00414827504093933
42251,0.00414907871557995
42250,0.00414986944203789
42249,0.00415064732442737
42248,0.00415141246760696
42247,0.00415216497717085
42246,0.00415290495944001
42245,0.00415363252145337
42244,0.00415434777095878
42243,0.00415505081640401
42242,0.0041557417669276
42241,0.00415642073234967
42240,0.00415708782316258
42239,0.0041577332677242
42238,0.00415836724885583
42237,0.00415898988069206
42236,0.00415960127796964
42235,0.00416020155601754
42234,0.0041607908307468
42233,0.00416136921864048
42232,0.00416193683674335
42231,0.0041624938026517
42230,0.00416304023450294
42229,0.00416357625096525
42228,0.00416410197122705
42227,0.00416461751498649
42226,0.00416512300244086
42225,0.00416561855427592
42224,0.0041661042916552
42223,0.00416658033620917
42222,0.00416704681002447
42221,0.00416750383563297
42220,0.00416795153600081
42219,0.00416839162984456
42218,0.00416882281822129
42217,0.00416924521166691
42216,0.00416965892112674
42215,0.0041700640579464
42214,0.00417046073386264
42213,0.00417084906099413
42212,0.00417122915183219
42211,0.00417160111923153
42210,0.00417196507640082
42209,0.00417232113689334
42208,0.00417266941459755
42207,0.00417301002372753
42206,0.00417334307881351
42205,0.00417366869469227
42204,0.00417398698649751
42203,0.00417429806965018
42202,0.00417460205984883
42201,0.0041748990730598
42200,0.00417518922550748
42199,0.00417545186522966
42198,0.00417570871216074
42197,0.00417595987283785
42196,0.00417620545392466
42195,0.00417644556220273
42194,0.00417668030456289
42193,0.00417690978799656
42192,0.00417713411958704
42191,0.00417735340650079
42190,0.00417756775597875
42189,0.00417777727532755
42188,0.00417798207191077
42187,0.00417818225314018
42186,0.00417837792646692
42185,0.00417856919937275
42184,0.00417875617936118
42183,0.00417893897394869
42182,0.00417911769065589
42181,0.00417929243699866
42180,0.00417946332047931
42179,0.00417963420909053
42178,0.00417980124147326
42177,0.00417996452500784
42176,0.00418012416706011
42175,0.00418028027497255
42174,0.00418043295605546
42173,0.00418058231757813
42172,0.00418072846675996
42171,0.00418087151076166
42170,0.0041810115566763
42169,0.00418114871152054
42168,0.00418128308222569
42167,0.00418141477562887
42166,0.0041815438984641
42165,0.00418167055735347
42164,0.00420186629139888
42163,0.00420206687583719
42162,0.00420226557064261
42161,0.004202462482492
42160,0.00420265771790618
42159,0.00420284662747395
42158,0.00420303432401042
42157,0.00420322090765831
42156,0.00420340647834877
42155,0.00420359113579332
42154,0.00420377497947573
42153,0.0042039581086439
42152,0.00420414062230182
42151,0.00420432261920146
42150,0.00420450419783475
42149,0.00420468545642549
42148,0.00420486649292136
42147,0.0042050474049859
42146,0.00420522828999049
42145,0.00420540924500639
42144,0.00420559036679675
42143,0.00420577175180868
42142,0.00420595349616533
42141,0.00420613569565794
42140,0.00420631844573799
42139,0.00420649165013992
42138,0.00420666534084934
42137,0.00420683959896534
42136,0.00420701450531487
42135,0.00421906159365514
42134,0.00421938991656932
42133,0.00421972083506598
42132,0.00422005444461899
42131,0.0042203908405009
42130,0.00422073011777697
42129,0.00422107237129936
42128,0.00422141769570121
42127,0.00422176618539081
42126,0.0042221179345457
42125,0.00422247303710688
42124,0.00422283158677291
42123,0.00422319367699413
42122,0.00422355940096681
42121,0.00422392885162735
42120,0.00422430212164648
42119,0.00422467024311219
42118,0.00422504195696147
42117,0.00422541735728481
42116,0.00422579653793408
42115,0.00422617959251656
42114,0.00422656661438903
42113,0.00422695769665184
42112,0.00422735293214297
42111,0.00422775241343214
42110,0.00422815623281489
42109,0.00422856448230671
42108,0.00422897725363713
42107,0.00422939463824385
42106,0.00422981672726692
42105,0.00423024361154283
42104,0.00423067538159871
42103,0.00423111212764651
42102,0.00423155393957714
42101,0.00423200090695472
42100,0.00423245311901074
42099,0.00423289542715879
42098,0.00423334277080495
42097,0.00423379523503901
42096,0.00423425290464179
42095,0.00423471586407981
42094,0.00423518419749986
42093,0.00423565798872367
42092,0.00423613732124254
42091,0.004236622278212
42090,0.00423711294244651
42089,0.0042376093964141
42088,0.00423811172223113
42087,0.00423862000165695
42086,0.00423913431608865
42085,0.00423965474655583
42084,0.0042401813737153
42083,0.0042407142778459
42082,0.00424125353884327
42081,0.00424179923621467
42080,0.00424235144907376
42079,0.00424288520292798
42078,0.00424342501293648
42077,0.0042439709431203
42076,0.00424452305716104
42075,0.00424508141839716
42074,0.00424564608982033
42073,0.00424621713407177
42072,0.00424679461343861
42071,0.00424737858985027
42070,0.00424796912487485
42069,0.00424856627971551
42068,0.00424917011520693
42067,0.00424978069181168
42066,0.00425039806961672
42065,0.00425102230832983
42064,0.00425165346727612
42063,0.00425229160539447
42062,0.00425293678123406
42061,0.00425358905295092
42060,0.00425424847830442
42059,0.00425492462492808
42058,0.00425560816650946
42057,0.00425629915778673
42056,0.00425699765307452
42055,0.00425770370626077
42054,0.00425841737080345
42053,0.0042591386997274
42052,0.00425986774562112
42051,0.00426060456063364
42050,0.00426134919647133
42049,0.00426210170439485
42048,0.00426286213521595
42047,0.00426363053929445
42046,0.00426440696653516
42045,0.00426519146638477
42044,0.00426598408782892
42043,0.00426678487938908
42042,0.00426759388911963
42041,0.00426841116460485
42040,0.00426923675295597
42039,0.00427003675431067
42038,0.00427084449661293
42037,0.00427166002037041
42036,0.00427248336567971
42035,0.00427331457222406
42034,0.00427415367927097
42033,0.00427500072566995
42032,0.00427585574985021
42031,0.00427671878981839
42030,0.0042775898831563
42029,0.00428848881466037
42028,0.00428941894485277
42027,0.00429035739298966
42026,0.00429130419534605
42025,0.00429225938776154
42024,0.00429322300563813
42023,0.00429419508393811
42022,0.00429517565718192
42021,0.00429616475944601
42020,0.00429716242436081
42019,0.00429814738786043
42018,0.0042991406219419
42017,0.00430014215696143
42016,0.00430115202285789
42015,0.00430217024915101
42014,0.00430319686493958
42013,0.00430423189889969
42012,0.00430527537928295
42011,0.00430632733391472
42010,0.00430738779019243
42009,0.00430845677508381
42008,0.00431962740333763
42007,0.00432079639849328
42006,0.00432197459586297
42005,0.00432316202416181
42004,0.00432435871168022
42003,0.00432556468628239
42002,0.00432677997540458
42001,0.00432800460605358
42000,0.00432923860480511
41999,0.00433045516160574
41998,0.00433168074003529
41997,0.00433291536383998
41996,0.00433415905636494
41995,0.00433541184055298
41994,0.00433667373894311
41993,0.0043379447736693
41992,0.00433922496645918
41991,0.00434051433863266
41990,0.00434181291110071
41989,0.00434312070436408
41988,0.00434443773851202
41987,0.00434576403322106
41986,0.00434709960775377
41985,0.00434844448095755
41984,0.00434979867126344
41983,0.0043511621966849
41982,0.00435253507481669
41981,0.00435391732283367
41980,0.00435530895748969
41979,0.00435667913858445
41978,0.00435805833247901
41977,0.00435944655372202
41976,0.00436084381647258
41975,0.00436225013449932
41974,0.00436366552117944
41973,0.00436508998949776
41972,0.00436652355204581
41971,0.00436796622102093
41970,0.00436941800822536
41969,0.00437087892506535
41968,0.00437234898255032
41967,0.00437382819129198
41966,0.00437531656150347
41965,0.00437681410299857
41964,0.00437832082519086
41963,0.00437983673709292
41962,0.00438136184731552
41961,0.00438289616406687
41960,0.00438443969515185
41959,0.00438590866442483
41958,0.00438738605691017
41957,0.00438887188016145
41956,0.00439036614139407
41955,0.00439186884748444
41954,0.00439338000496948
41953,0.0043948996200459
41952,0.0043964276985696
41951,0.00439796424605507
41950,0.00439950926767479
41949,0.00440106276825859
41948,0.00440262475229312
41947,0.00440419522392125
41946,0.00440577418694153
41945,0.00440736164480763
41944,0.00440895760062778
41943,0.00441056205716426
41942,0.00441217501683287
41941,0.00441379648170245
41940,0.00441542645349433
41939,0.00441699841975044
41938,0.00441857856634436
41937,0.00442016689721885
41936,0.0044217634159909
41935,0.00442336812595114
41934,0.0044249810300633
41933,0.00442660213096361
41932,0.00442823143096025
41931,0.00442986893203284
41930,0.00443151463583185
41929,0.00443316854367814
41928,0.00443483065656239
41927,0.00443650097514465
41926,0.00443817949975375
41925,0.00443986623038695
41924,0.00444156116670937
41923,0.00444326430805355
41922,0.00444497565341899
41921,0.00444669520147173
41920,0.00444842295054391
41919,0.00445011619965114
41918,0.00445181726532692
41917,0.00445352614523459
41916,0.00445524283673217
41915,0.004456967336872
41914,0.00445869964240036
41913,0.0044604397497572
41912,0.0044621876550758
41911,0.00446394335418244
41910,0.00446570684259612
41909,0.00446747811552825
41908,0.00446925716788233
41907,0.00447104399425379
41906,0.00447283858892956
41905,0.00447464094588797
41904,0.00447645105879836
41903,0.00447826892102094
41902,0.00448009452560653
41901,0.00448192786529629
41900,0.00448376893252158
41899,0.00448555861824256
41898,0.00448735573049481
41897,0.00448916026277598
41896,0.00449097220829298
41895,0.00449279155996179
41894,0.00449461831040717
41893,0.00449645245196253
41892,0.00449829397666966
41891,0.00450014287627858
41890,0.00450199914224736
41889,0.00450386276574192
41888,0.00450573373763588
41887,0.00450761204851038
41886,0.00450949768865398
41885,0.00451139064806245
41884,0.00451329091643872
41883,0.00451519848319265
41882,0.00451711333744104
41881,0.00451903546800741
41880,0.00452096486342196
41879,0.004522763374316
41878,0.00452456802615409
41877,0.0045263788085951
41876,0.00452819571108786
41875,0.00453001872287117
41874,0.00453184783297373
41873,0.00453368303021418
41872,0.00453552430320112
41871,0.00453737164033306
41870,0.00453922502979849
41869,0.00454108445957588
41868,0.0045429499174337
41867,0.00454482139093045
41866,0.00454669886741468
41865,0.00454858233402505
41864,0.0045504717776904
41863,0.00455236718512972
41862,0.00455426854285229
41861,0.00455617583715766
41860,0.00455808905413581
41859,0.00455989108740471
41858,0.00456169851393011
41857,0.00456351132230238
41856,0.00456532950093499
41855,0.00456715303806449
41854,0.00456898192175059
41853,0.00457081613987619
41852,0.00457265568014742
41851,0.00457450053009368
41850,0.0045763506770677
41849,0.0045782061082456
41848,0.00458006681062695
41847,0.00458193277103482
41846,0.00458380397611586
41845,0.00458568041234039
41844,0.00458756206600245
41843,0.00458944892321988
41842,0.00459134096993442
41841,0.00459323819191181
41840,0.00459514057474184
41839,0.00459695577487996
41838,0.00459877536942824
41837,0.00460059934492824
41836,0.00460242768779383
41835,0.00460426038431126
41834,0.0046060974206393
41833,0.00460793878280937
41832,0.00460978445672563
41831,0.00461163442816515
41830,0.00461348868277801
41829,0.00461534720608743
41828,0.00461720998348994
41827,0.00461907700025545
41826,0.00462094824152747
41825,0.00462282369232319
41824,0.00462470333753363
41823,0.00462658716192382
41822,0.00462847515013291
41821,0.00463036728667436
41820,0.00463226355593606
41819,0.00463399744673692
41818,0.00463573466329934
41817,0.00463747519328649
41816,0.00463921902427896
41815,0.00464096614377492
41814,0.0046427165391902
41813,0.00464447019785843
41812,0.00464622710703113
41811,0.00464798725387782
41810,0.0046497506254862
41809,0.00465151720886217
41808,0.00465328699093005
41807,0.00465505995853263
41806,0.00465683609843131
41805,0.00465861539730627
41804,0.00466039784175653
41803,0.0046621834183001
41802,0.00466397211337413
41801,0.00466576391333502
41800,0.00466755880445855
41799,0.00466928830957735
41798,0.00467102077684688
41797,0.00467275619404667
41796,0.00467449454888231
41795,0.00467623582898547
41794,0.0046779800219141
41793,0.00467972711515248
41792,0.00468147709611133
41791,0.00468322995212799
41790,0.00468498567046641
41789,0.0046867442383174
41788,0.00468850564279866
41787,0.00469026987095489
41786,0.00469203690975798
41785,0.00469380674610704
41784,0.0046955793668286
41783,0.00469735475867669
41782,0.00469913290833294
41781,0.00470091380240675
41780,0.0047026974274354
41779,0.00470430366409889
41778,0.00470591201479905
41777,0.00470752246952397
41776,0.00470913501821741
41775,0.00471074965077897
41774,0.00471236635706412
41773,0.00471398512688426
41772,0.00471560595000687
41771,0.00471722881615551
41770,0.00471885371500997
41769,0.00472048063620629
41768,0.00472210956933689
41767,0.00472374050395064
41766,0.00472537342955291
41765,0.00472700833560573
41764,0.00472864521152779
41763,0.00473028404669456
41762,0.00473192483043841
41761,0.00473356755204862
41760,0.00473521220077157
41759,0.00473666116168556
41758,0.00473811171500268
41757,0.0047395638533523
41756,0.00474101756933492
41755,0.00474247285552225
41754,0.00474392970445722
41753,0.00474538810865406
41752,0.00474684806059832
41751,0.00474830955274696
41750,0.00474977257752835
41749,0.00475123712734234
41748,0.00475270319456032
41747,0.00475417077152523
41746,0.00475563985055167
41745,0.0047571104239259
41744,0.00475858248390591
41743,0.00476005602272145
41742,0.00476153103257412
41741,0.00476300750563739
41740,0.00476448543405666
41739,0.00476570467425745
41738,0.00476692493486106
41737,0.00476814621140295
41736,0.00476936849940478
41735,0.00477059179437443
41734,0.00477181609180604
41733,0.00477304138717998
41732,0.0047742676759629
41731,0.00477549495360778
41730,0.0047767232155539
41729,0.00477795245722689
41728,0.00477918267403875
41727,0.00478041386138786
41726,0.004781646014659
41725,0.0047828791292234
41724,0.00478411320043871
41723,0.0047853482236491
41722,0.00478658419418517
41721,0.00478782110736411
41720,0.00478905895848957
41719,0.0047901613107762
41718,0.00479126449409415
41717,0.00479236850497013
41716,0.0047934733399204
41715,0.00479457899545081
41714,0.00479568546805679
41713,0.00479679275422339
41712,0.00479790085042526
41711,0.00479900975312668
41710,0.00480011945878157
41709,0.00480122996383354
41708,0.00480234126471585
41707,0.00480345335785147
41706,0.00480456623965304
41705,0.00480567990652297
41704,0.00480679435485337
41703,0.00480790958102611
41702,0.00480902558141284
41701,0.00481014235237497
41700,0.00481125989026371
41699,0.00481211910372539
41698,0.00481297870922932
41697,0.00481383870518254
41696,0.00481469908998931
41695,0.00481555986205106
41694,0.00481642101976642
41693,0.00481728256153121
41692,0.00481814448573844
41691,0.00481900679077839
41690,0.00481986947503847
41689,0.00482073253690335
41688,0.00482159597475491
41687,0.00482245978697222
41686,0.00482332397193163
41685,0.00482418852800668
41684,0.00482505345356815
41683,0.00482591874698406
41682,0.00482678440661966
41681,0.00482765043083747
41680,0.00482851681799722
41679,0.00482945417854061
41678,0.00483039189820744
41677,0.00483132997494148
41676,0.00483226840668339
41675,0.0048332071913708
41674,0.00483414632693825
41673,0.00483508581131726
41672,0.00483602564243624
41671,0.00483696581822063
41670,0.00483790633659276
41669,0.00483884719547197
41668,0.00483978839277457
41667,0.00484072992641382
41666,0.0048416717943
41665,0.00484261399434033
41664,0.00484355652443908
41663,0.00484449938249748
41662,0.00484544256641378
41661,0.00484638607408326
41660,0.00484732990339817
41659,0.00484814165459189
41658,0.00484895360394841
41657,0.00484976575010098
41656,0.00485057809168143
41655,0.00485139062732019
41654,0.0048522033556463
41653,0.00485301627528735
41652,0.00485382938486958
41651,0.00485464268301778
41650,0.00485545616835537
41649,0.00485626983950437
41648,0.00485708369508541
41647,0.00485789773371774
41646,0.00485871195401918
41645,0.00485952635460623
41644,0.00486034093409396
41643,0.0048611556910961
41642,0.00486197062422499
41641,0.00486278573209157
41640,0.00486360101330546
41639,0.00486434599318642
41638,0.00486509115499283
41637,0.00486583649767658
41636,0.0048665820201884
41635,0.0048673277214779
41634,0.00486807360049356
41633,0.00486881965618269
41632,0.00486956588749154
41631,0.00487031229336516
41630,0.00487105887274754
41629,0.00487180562458148
41628,0.00487255254780871
41627,0.00487329964136981
41626,0.00487404690420424
41625,0.00487479433525038
41624,0.00487554193344545
41623,0.00487628969772556
41622,0.00487703762702576
41621,0.00487778572027991
41620,0.00487853397642084
41619,0.00487935063274989
41618,0.00488016747636782
41617,0.00488098450588459
41616,0.00488180171990859
41615,0.00488261911704672
41614,0.00488343669590433
41613,0.00488425445508526
41612,0.00488507239319185
41611,0.00488589050882486
41610,0.00488670880058359
41609,0.00488752726706582
41608,0.0048883459068678
41607,0.0048891647185843
41606,0.00488998370080857
41605,0.00489080285213235
41604,0.00489162217114592
41603,0.00489244165643803
41602,0.00489326130659596
41601,0.00489408112020549
41600,0.00489490109585091
41599,0.00489578803869355
41598,0.00489667521123077
41597,0.00489756261163069
41596,0.00489845023805903
41595,0.00489933808867907
41594,0.00490022616165168
41593,0.00490111445513534
41592,0.00490200296728612
41591,0.0049028916962577
41590,0.00490378064020137
41589,0.00490466979726602
41588,0.00490555916559818
41587,0.00490644874334196
41586,0.00490733852863915
41585,0.00490822851962915
41584,0.004909118714449
41583,0.00491000911123337
41582,0.00491089970811458
41581,0.00491179050322263
41580,0.00491268149468515
41579,0.00491350636846158
41578,0.0049143313281937
41577,0.00491515637240726
41576,0.00491598149962678
41575,0.00491680670837567
41574,0.00491763199717613
41573,0.0049184573645492
41572,0.00491928280901478
41571,0.00492010832909155
41570,0.00492093392329708
41569,0.00492175959014777
41568,0.00492258532815888
41567,0.0049234111358445
41566,0.00492423701171759
41565,0.00492506295428995
41564,0.00492588896207226
41563,0.00492671503357406
41562,0.00492754116730376
41561,0.00492836736176862
41560,0.00492919361547479
41559,0.00493022651363801
41558,0.00493125949910748
41557,0.00493229256895814
41556,0.00493332572026225
41555,0.00493435895008932
41554,0.00493539225550619
41553,0.00493642563357704
41552,0.00493745908136334
41551,0.00493849259592392
41550,0.00493952617431495
41549,0.00494055981358997
41548,0.00494159351079986
41547,0.00494262726299291
41546,0.00494366106721479
41545,0.00494469492050856
41544,0.00494572881991471
41543,0.00494676276247112
41542,0.00494779674521312
41541,0.00494883076517349
41540,0.00494986481938243
41539,0.00495089916142837
41538,0.00495193347767991
41537,0.00495296776505403
41536,0.00495400202046552
41535,0.00495503624082703
41534,0.00495607042304901
41533,0.0049571045640398
41532,0.00495813866070557
41531,0.0049591727099504
41530,0.00496020670867624
41529,0.00496124065378294
41528,0.00496227454216827
41527,0.00496330837072792
41526,0.00496434213635552
41525,0.00496537583594265
41524,0.00496640946637883
41523,0.00496744302455159
41522,0.00496847650734639
41521,0.00496950991164674
41520,0.00497054323433411
41519,0.00497178316945114
41518,0.00497302299060877
41517,0.00497426269244515
41516,0.00497550226959437
41515,0.00497674171668634
41514,0.00497798102834696
41513,0.00497922019919805
41512,0.00498045922385741
41511,0.0049816980969389
41510,0.0049829368130524
41509,0.00498417536680385
41508,0.00498541375279532
41507,0.00498665196562499
41506,0.00498788999988723
41505,0.0049891278501726
41504,0.00499036551106785
41503,0.00499160297715603
41502,0.00499284024301644
41501,0.00499407730322471
41500,0.0049953141523528
41499,0.0049966205199169
41498,0.00499792671660672
41497,0.00499923273617435
41496,0.00500053857236668
41495,0.00500184421892543
41494,0.00500314966958721
41493,0.00500445491808353
41492,0.00500575995814085
41491,0.00500706478348061
41490,0.00500836938781926
41489,0.00500967376486832
41488,0.0050109779083344
41487,0.00501228181191924
41486,0.00501358546931974
41485,0.00501488887422801
41484,0.0050161920203314
41483,0.00501749490131255
41482,0.00501879751084939
41481,0.00502009984261523
41480,0.00502140189027875
41479,0.00502291259068316
41478,0.00502442305715142
41477,0.00502593327981252
41476,0.00502744324878433
41475,0.00502895295417374
41474,0.0050304623860767
41473,0.00503197153457831
41472,0.00503348038975291
41471,0.00503498894166411
41470,0.00503649718036493
41469,0.00503800509589785
41468,0.0050395126782949
41467,0.00504101991757773
41466,0.00504252680375767
41465,0.00504403332683587
41464,0.0050455394768033
41463,0.00504704524364091
41462,0.00504855061731967
41461,0.00505005558780062
41460,0.00505156014503502
41459,0.00505326614991012
41458,0.00505497147713472
41457,0.00505667611205676
41456,0.00505838004001137
41455,0.00506008324632106
41454,0.00507182628916256
41453,0.00507359369899785
41452,0.00507536072531916
41451,0.00507712735527118
41450,0.00507889357599345
41449,0.00508065937462045
41448,0.00508242473828182
41447,0.00508418965410246
41446,0.00508595410920275
41445,0.00508771809069868
41444,0.005089481585702
41443,0.0050912445813204
41442,0.0050930070646577
41441,0.00509476902281394
41440,0.00509653044288562
41439,0.00509835956261407
41438,0.00510018798309796
41437,0.00510201568986647
41436,0.00510384266844777
41435,0.00510566890436935
41434,0.00510749438315813
41433,0.00510931909034068
41432,0.00511114301144349
41431,0.00511296613199302
41430,0.00511478843751607
41429,0.00511660991353982
41428,0.00511843054559214
41427,0.00512025031920177
41426,0.00512206921989845
41425,0.00512388723321323
41424,0.00512570434467857
41423,0.00512752053982857
41422,0.00512933580419925
41421,0.00513115012332858
41420,0.00513296348275687
41419,0.00513484259898208
41418,0.00513672055731735
41417,0.00513859734154732
41416,0.00514047293546288
41415,0.00514234732286152
41414,0.00514422048754749
41413,0.00514609241333207
41412,0.00514796308403384
41411,0.00514983248347886
41410,0.00515170059550102
41409,0.0051535674039422
41408,0.00515543289265255
41407,0.00515729704549072
41406,0.00515915984632413
41405,0.00516102127902921
41404,0.00516288132749162
41403,0.00516473997560654
41402,0.00516659720727889
41401,0.00516845300642354
41400,0.00517030735696563
41399,0.00517229772324613
41398,0.00517428638738164
41397,0.00517627332949923
41396,0.00517825852974069
41395,0.00518024196826284
41394,0.00518222362523797
41393,0.0051842034808541
41392,0.00518618151531534
41391,0.00518815770884233
41390,0.00519013204167245
41389,0.0051921044940603
41388,0.00519407504627798
41387,0.00519604367861542
41386,0.0051980103713808
41385,0.00519997510490084
41384,0.00520193785952117
41383,0.0052038986156067
41382,0.00520585735354189
41381,0.00520781405373122
41380,0.00520976869659941
41379,0.00521185618320105
41378,0.00521394128012628
41377,0.00521602396354284
41376,0.00521810420964652
41375,0.00522018199466167
41374,0.00522225729484166
41373,0.00522433008646939
41372,0.00522640034585778
41371,0.00522846804935018
41370,0.00523053317332094
41369,0.00523259569417583
41368,0.00523465558835253
41367,0.00523671283232115
41366,0.00523876740258461
41365,0.00524081927567925
41364,0.00524286842817518
41363,0.00524491483667683
41362,0.00524695847782342
41361,0.0052489993282894
41360,0.00525103736478496
41359,0.00525313238843872
41358,0.0052552242543518
41357,0.00525731293705489
41356,0.00525939841112646
41355,0.00526148065119333
41354,0.00526355963193122
41353,0.00526563532806529
41352,0.00526770771437072
41351,0.00526977676567324
41350,0.00527184245684968
41349,0.00527390476282854
41348,0.00527596365859051
41347,0.00527801911916905
41346,0.00528007111965089
41345,0.0052821196351766
41344,0.00528416464094114
41343,0.00528620611219439
41342,0.00528824402424169
41341,0.00529027835244434
41340,0.00529230907222021
41339,0.00529434328490376
41338,0.00529637395225494
41337,0.00529840104975633
41336,0.00530042455294388
41335,0.00530244443740744
41334,0.00530446067879129
41333,0.00530647325279464
41332,0.00530848213517217
41331,0.00531048730173453
41330,0.0053124887283489
41329,0.00531448639093947
41328,0.00531648026548797
41327,0.00531847032803419
41326,0.00532045655467645
41325,0.0053224389215722
41324,0.00532441740493845
41323,0.0053263919810523
41322,0.00532836262625146
41321,0.00533032931693474
41320,0.00533229202956256
41319,0.00533432034260556
41318,0.00533634448343821
41317,0.0053383644261155
41316,0.00534038014475924
41315,0.00534239161355865
41314,0.00534439880677092
41313,0.00534640169872188
41312,0.00534840026380647
41311,0.00535039447648945
41310,0.00535238431130586
41309,0.00535436974286168
41308,0.00535635074583437
41307,0.00535832729497347
41306,0.00536029936510115
41305,0.0053622669311128
41304,0.00536422996797758
41303,0.00536618845073899
41302,0.00536814235451545
41301,0.00537009165450086
41300,0.00537203632596515
41299,0.00537391762442526
41298,0.00537579452503789
41297,0.00537766700546149
41296,0.00537953504342369
41295,0.00538139861672176
41294,0.00538325770322305
41293,0.00538511228086549
41292,0.00538696232765804
41291,0.00538880782168114
41290,0.0053906487410872
41289,0.00539248506410103
41288,0.00539431676902032
41287,0.00539614383421608
41286,0.00539796623813309
41285,0.00539978395929037
41284,0.0054015969762816
41283,0.00540340526777559
41282,0.00540520881251672
41281,0.00540700758932534
41280,0.0054088015770983
41279,0.00541069231723643
41278,0.00541257750506853
41277,0.00541445711606464
41276,0.00541633112579927
41275,0.00541819950995191
41274,0.00542006224430761
41273,0.00542191930475752
41272,0.00542377066729937
41271,0.0054256163080381
41270,0.00542745620318631
41269,0.00542929032906486
41268,0.00543111866210331
41267,0.00543294117884051
41266,0.00543475785592509
41265,0.00543656867011595
41264,0.00543837359828281
41263,0.00544017261740669
41262,0.0054419657045804
41261,0.00544375283700905
41260,0.00544553399201053
41259,0.00544732023354177
41258,0.00544910054300825
41257,0.00545087489750326
41256,0.00545264327423057
41255,0.00545440565050486
41254,0.00545616200375229
41253,0.00545791231151095
41252,0.00545965655143132
41251,0.00546139470127687
41250,0.00546312673892439
41249,0.00546485264236462
41248,0.00546657238970261
41247,0.00546828595915824
41246,0.00546999332906671
41245,0.00547169447787893
41244,0.00547338938416205
41243,0.00547507802659988
41242,0.00547676038399332
41241,0.00547843643526087
41240,0.00548010615943898
41239,0.00548174572562117
41238,0.00548337874862774
41237,0.00548500520900366
41236,0.00548662508742211
41235,0.00548823836468469
41234,0.00548984502172183
41233,0.00549144503959311
41232,0.00549303839948753
41231,0.00549462508272393
41230,0.0054962050707512
41229,0.00549777834514868
41228,0.00549934488762638
41227,0.00550090468002535
41226,0.00550245770431793
41225,0.00550400394260801
41224,0.00550554337713141
41223,0.00550707599025604
41222,0.00550860176448225
41221,0.00551012068244305
41220,0.00551163272690438
41219,0.0055131186474187
41218,0.00551459821149631
41217,0.00551607140256978
41216,0.00551753820418421
41215,0.00551899859999745
41214,0.0055204525737804
41213,0.00552190010941731
41212,0.00552334119090596
41211,0.00552477580235802
41210,0.00552620392799923
41209,0.00552762555216966
41208,0.00552904065932401
41207,0.00553044923403176
41206,0.0055318512609775
41205,0.00553324672496112
41204,0.00553463561089802
41203,0.00553601790381935
41202,0.00553739358887226
41201,0.00553876265132008
41200,0.00554012507654253
41199,0.00554152183009106
41198,0.00554291150693514
41197,0.00554429409147376
41196,0.005545669568238
41195,0.00554703792189122
41194,0.0055483991372293
41193,0.00554975319918083
41192,0.0055511000928073
41191,0.00555243980330334
41190,0.00555377231599685
41189,0.00555509761634924
41188,0.00555641568995558
41187,0.00555772652254479
41186,0.00555903009997977
41185,0.00556032640825764
41184,0.0055616154335098
41183,0.00556289716200217
41182,0.00556417158013528
41181,0.00556543867444444
41180,0.00556669843159984
41179,0.00556792811771006
41178,0.00556915090941066
41177,0.00557036679411929
41176,0.00557157575937352
41175,0.00557277779283102
41174,0.00557397288226967
41173,0.00557516101558772
41172,0.00557634218080386
41171,0.00557751636605742
41170,0.00557868355960843
41169,0.00557984374983775
41168,0.00558099692524717
41167,0.00558214307445953
41166,0.00558328218621883
41165,0.00558441424939025
41164,0.00558553925296033
41163,0.005586657186037
41162,0.00558776803784967
41161,0.00558887179774932
41160,0.00558996845520855
41159,0.00559102552173996
41158,0.00559207589133917
41157,0.00559311955471282
41156,0.00559415650267528
41155,0.00559518672614875
41154,0.00559621021616329
41153,0.0055972269638568
41152,0.00559823696047512
41151,0.00559924019737197
41150,0.00560023666600906
41149,0.00560122635795604
41148,0.00560220926489052
41147,0.00560318537859811
41146,0.00560415469097237
41145,0.00560511719401487
41144,0.00560607287983512
41143,0.00560702174065063
41142,0.00560796376878682
41141,0.00560889895667704
41140,0.00560982729686258
41139,0.00561074878199258
41138,0.00561166340482404
41137,0.00561257115822176
41136,0.00561347203515832
41135,0.00561436602871404
41134,0.00561525313207692
41133,0.00561613333854256
41132,0.00561700664151419
41131,0.00561787303450249
41130,0.00561873251112562
41129,0.00561958506510914
41128,0.00562043069028587
41127,0.0056212693805959
41126,0.00562210113008643
41125,0.00562292593291176
41124,0.00562374378333313
41123,0.00562455467571868
41122,0.00562535860454331
41121,0.00562615556438861
41120,0.00562694554994272
41119,0.00562773783744737
41118,0.00562852268442307
41117,0.00562930008613231
41116,0.0056300700379554
41115,0.00563083253539023
41114,0.00563158757405212
41113,0.0056323351496736
41112,0.00563307525810415
41111,0.00563380789531005
41110,0.00563453305737413
41109,0.0056352507404955
41108,0.0056359609409894
41107,0.00563666365528688
41106,0.00563735887993464
41105,0.0056380466115947
41104,0.0056387268470442
41103,0.00563939958317514
41102,0.00561456139366412
41101,0.00561537292938142
41100,0.00561617614601193
41099,0.00561692310550532
41098,0.00561766272523951
41097,0.00561839500606987
41096,0.00561911994893205
41095,0.00561983755484172
41094,0.00562054782489438
41093,0.00562125076026513
41092,0.00562194636220844
41091,0.00562263463205792
41090,0.0056233155712261
41089,0.00562398918120415
41088,0.00562465546356169
41087,0.00562531441994653
41086,0.00562596605208442
41085,0.00562661036177881
41084,0.00562724735091058
41083,0.0056278770214378
41082,0.00562849937539549
41081,0.00562911441489532
41080,0.00562972214212537
41079,0.00563028702827602
41078,0.0056308450737165
41077,0.00563139628110835
41076,0.00563194065317729
41075,0.00563247819271297
41074,0.00563300890256871
41073,0.00563353278566119
41072,0.00563404984497022
41071,0.00563456008353844
41070,0.00563506350447105
41069,0.00563556011093552
41068,0.00563604990616135
41067,0.00563653289343972
41066,0.00563700907612326
41065,0.00563747845762572
41064,0.00563794104142171
41063,0.00563839683104642
41062,0.00563884583009527
41061,0.00563928804222365
41060,0.00563972347114663
41059,0.0056401684081504
41058,0.00564060656019327
41057,0.00564103793072218
41056,0.00564146252324487
41055,0.00564188034132968
41054,0.00564229138860515
41053,0.00564269566875984
41052,0.00564309318554198
41051,0.00564348394275921
41050,0.00564386794427826
41049,0.0056442451940247
41048,0.0056446156959826
41047,0.00564497945419428
41046,0.00564533647275994
41045,0.00564568675583745
41044,0.00564603030764195
41043,0.00564636713244565
41042,0.00564669723457741
41041,0.00564702061842251
41040,0.00564733728842232
41039,0.00564766333702821
41038,0.00564798265159528
41037,0.00564829523634623
41036,0.00564860109556197
41035,0.0056489002335813
41034,0.00564919265480064
41033,0.00564947836367372
41032,0.00564975736471123
41031,0.00565002966248058
41030,0.00565029526160551
41029,0.00565055416676585
41028,0.00565080638269716
41027,0.00565105191419041
41026,0.0056512907660917
41025,0.00565152294330188
41024,0.0056517484507763
41023,0.00565196729352439
41022,0.00565217947660944
41021,0.00565238500514817
41020,0.00565258388431047
41019,0.00565274885446899
41018,0.00565290807068492
41017,0.00565306153755448
41016,0.00565320925971041
41015,0.00565335124182181
41014,0.00565348748859379
41013,0.00565361800476728
41012,0.00565374279511876
41011,0.00565386186445998
41010,0.00565397521763774
41009,0.0056540828595336
41008,0.00565418479506363
41007,0.00565428102917817
41006,0.00565437156686154
41005,0.00565445641313177
41004,0.0056545355730404
41003,0.00565460905167213
41002,0.00565467685414463
41001,0.00565473898560821
41000,0.00565479545124561
40999,0.00565484625627169
40998,0.00565489140593319
40997,0.00565493090550843
40996,0.00565496476030709
40995,0.00565499297566988
40994,0.00565501555696831
40993,0.0056550325096044
40992,0.0056550438390104
40991,0.00565504955064855
40990,0.00565504965001076
40989,0.00565504414261837
40988,0.00565503303402184
40987,0.00565501632980051
40986,0.0056549940355623
40985,0.00565496615694343
40984,0.00565493269960815
40983,0.00565489366924847
40982,0.00565484907158385
40981,0.00565479891236093
40980,0.00565474319735327
40979,0.0056546842158982
40978,0.00565462007903068
40977,0.0056545507919971
40976,0.00565447636006615
40975,0.00565439678852859
40974,0.00565431208269698
40973,0.00565422224790549
40972,0.00565412728950963
40971,0.00565402721288601
40970,0.0056539220234321
40969,0.00565381172656603
40968,0.00565369632772629
40967,0.00565357583237151
40966,0.00565345024598027
40965,0.00565331957405076
40964,0.00565318382210064
40963,0.00565304299566671
40962,0.00565289710030473
40961,0.00565274614158917
40960,0.00565259012511291
40959,0.0056524647281192
40958,0.00565233456042801
40957,0.00565219962685905
40956,0.00565205993225276
40955,0.00565191548147007
40954,0.00565176627939229
40953,0.00565161233092081
40952,0.00565145364097693
40951,0.00565129021450167
40950,0.00565112205645552
40949,0.00565094917181827
40948,0.0056507715655888
40947,0.00565058924278485
40946,0.00565040220844281
40945,0.00565021046761754
40944,0.00565001402538213
40943,0.0056498128868277
40942,0.00564960705706318
40941,0.00564939654121514
40940,0.00564918134442752
40939,0.00564895689633867
40938,0.00564872817717037
40937,0.00564849519158215
40936,0.00564825794424531
40935,0.00564801643984274
40934,0.00564777068306876
40933,0.00564752067862893
40932,0.0056472664312399
40931,0.00564700794562922
40930,0.00564674522653519
40929,0.00564647827870665
40928,0.00564620710690285
40927,0.00564593171589328
40926,0.00564565211045744
40925,0.00564536829538474
40924,0.00564508027547429
40923,0.00564478805553472
40922,0.00564449164038405
40921,0.00564419103484945
40920,0.00564388624376715
40919,0.00564357649729743
40918,0.00564326293829452
40917,0.00564294557109713
40916,0.0056426244000491
40915,0.00564229942949923
40914,0.0056419706638012
40913,0.00564163810731333
40912,0.00564130176439858
40911,0.00564096163942427
40910,0.00564061773676206
40909,0.00564027006078774
40908,0.00563991861588112
40907,0.00563956340642591
40906,0.00563920443680954
40905,0.00563884171142306
40904,0.00563847523466099
40903,0.00563810501092118
40902,0.00563773104460469
40901,0.00563735334011564
40900,0.00563697190186106
40899,0.00563660551815473
40898,0.00563623602695575
40897,0.0056358634317028
40896,0.00563548773583479
40895,0.00563510894279076
40894,0.00563472705600979
40893,0.00563434207893095
40892,0.00563395401499316
40891,0.00563356286763516
40890,0.00563316864029538
40889,0.00563277133641189
40888,0.00563237095942227
40887,0.00563196751276359
40886,0.00563156099987226
40885,0.00563115142418399
40884,0.00563073878913368
40883,0.00563032309815535
40882,0.00562990435468207
40881,0.00562948256214583
40880,0.00562905772397751
40879,0.00562866204407282
40878,0.00562826357401223
40877,0.00562786231676215
40876,0.00562745827528901
40875,0.00562705145255917
40874,0.00562664185153883
40873,0.00562622947519403
40872,0.00562581432649051
40871,0.0056253964083937
40870,0.0056249757238686
40869,0.00562455227587977
40868,0.00562412606739123
40867,0.00562369710136641
40866,0.00562326538076805
40865,0.0056228309085582
40864,0.00562239368769807
40863,0.00562195372114806
40862,0.00562151101186761
40861,0.00562106556281517
40860,0.00562061737694815
40859,0.0056202009933992
40858,0.00561978209970869
40857,0.00561936069846028
40856,0.00561893679223763
40855,0.00561851038362435
40854,0.00561808147520391
40853,0.00561765006955961
40852,0.00561721616927452
40851,0.00561677977693145
40850,0.00561634089511285
40849,0.00561589952640078
40848,0.00561545567337689
40847,0.0056150093386223
40846,0.00561456052471759
40845,0.00561410923424274
40844,0.00561365546977708
40843,0.00561319923389921
40842,0.00561274052918699
40841,0.00561227935821744
40840,0.00561181572356675
40839,0.00561137362154374
40838,0.00561092929873615
40837,0.00561048275735316
40836,0.00561003399960309
40835,0.00560958302769339
40834,0.0056091298438306
40833,0.00560867445022031
40832,0.00560821684906711
40831,0.00560775704257455
40830,0.00560729503294511
40829,0.00560683082238016
40828,0.0056063644130799
40827,0.00560589580724335
40826,0.00560542500706827
40825,0.00560495201475116
40824,0.00560447683248722
40823,0.00560399946247024
40822,0.00560351990689268
40821,0.00560303816794552
40820,0.00560255424781828
40819,0.00560209443154403
40818,0.00560163265964025
40817,0.00560116893396812
40816,0.00560070325638754
40815,0.00560023562875711
40814,0.00559976605293407
40813,0.00559929453077433
40812,0.00559882106413239
40811,0.00559834565486129
40810,0.00559786830481267
40809,0.00559738901583665
40808,0.00559690778978184
40807,0.00559642462849531
40806,0.00559593953382257
40805,0.00559545250760749
40804,0.00559496355169236
40803,0.00559447266791776
40802,0.00559397985812262
40801,0.00559348512414412
40800,0.0055929884678177
40799,0.00559246608503156
40798,0.00559194182813785
40797,0.0055914156988732
40796,0.00559088769897107
40795,0.00559035783016184
40794,0.0055898260941727
40793,0.00558929249272766
40792,0.00558875702754754
40791,0.00558821970034992
40790,0.00558768051284915
40789,0.00558713946675632
40788,0.00558659656377922
40787,0.00558605180562235
40786,0.00558550519398684
40785,0.00559500084010731
40784,0.00559449984021685
40783,0.00559399720297439
40782,0.00559349293079964
40781,0.00559298702611053
40780,0.00559247949132318
40779,0.00559197032885193
40778,0.00559145954110925
40777,0.00559094713050575
40776,0.00559043309945019
40775,0.0055899174503494
40774,0.00558940018560829
40773,0.00558888130762987
40772,0.00558836081881516
40771,0.00558783872156318
40770,0.005587315018271
40769,0.00558678971133364
40768,0.00558626280314409
40767,0.00558573429609328
40766,0.00558520419257008
40765,0.00558467249496123
40764,0.00558413920565139
40763,0.00558360432702308
40762,0.00558306786145665
40761,0.00558252981133029
40760,0.00558199017902001
40759,0.00558141942525046
40758,0.00558084691282671
40757,0.00558027264453482
40756,0.00557969662315805
40755,0.0055791188514769
40754,0.00557853933226901
40753,0.00557795806830918
40752,0.00557737506236937
40751,0.00557679031721861
40750,0.00557620383562305
40749,0.00557561562034588
40748,0.00557502567414732
40747,0.00557443399978465
40746,0.00557384060001211
40745,0.00557324547758091
40744,0.00557264863523922
40743,0.00557205007573215
40742,0.0055714498018017
40741,0.00557084781618676
40740,0.00558025645129263
40739,0.00557967709173985
40738,0.00557909602302
40737,0.00557851324790649
40736,0.0055779287691701
40735,0.00557734258957894
40734,0.00557675471189846
40733,0.00557616513889141
40732,0.00557557387331782
40731,0.00557498091793495
40730,0.00557438627549733
40729,0.00557378994875665
40728,0.00557319194046181
40727,0.00557259225335886
40726,0.005571990890191
40725,0.00557138785369853
40724,0.00557078314661884
40723,0.00557017677168639
40722,0.00556956873163269
40721,0.00556895902918628
40720,0.00556834766707269
40719,0.00556766039982252
40718,0.00556697114236296
40717,0.00556627989831754
40716,0.00556558667130452
40715,0.00556489146493678
40714,0.00556419428282183
40713,0.00556349512856182
40712,0.00556279400575342
40711,0.0055620909179879
40710,0.005561385868851
40709,0.00556067886192298
40708,0.00555996990077855
40707,0.00555925898898686
40706,0.00555854613011147
40705,0.00555783132771031
40704,0.00555711458533568
40703,0.00555639590653423
40702,0.00555567529484687
40701,0.00555495275380883
40700,0.00555422828694957
40699,0.00555351126717584
40698,0.00555279229886532
40697,0.00555207138558355
40696,0.00555134853089089
40695,0.00555062373834241
40694,0.0055498970114879
40693,0.00554916835387181
40692,0.00554843776903326
40691,0.00554770526050597
40690,0.00554697083181826
40689,0.00554623448649301
40688,0.00554549622804765
40687,0.00554475605999409
40686,0.00554401398583876
40685,0.00554327000908251
40684,0.00554252413322065
40683,0.00554177636174286
40682,0.00554102669813322
40681,0.00554027514587016
40680,0.00553952170842642
40679,0.00553872134417099
40678,0.00553791894912886
40677,0.00553711452720395
40676,0.00553630808229266
40675,0.0055354996182838
40674,0.00553468913905865
40673,0.00553387664849086
40672,0.0055330621504465
40671,0.00553224564878398
40670,0.00553142714735406
40669,0.00553060664999983
40668,0.00552978416055668
40667,0.00552895968285229
40666,0.00552813322070661
40665,0.00552730477793183
40664,0.00552647435833238
40663,0.0055256419657049
40662,0.00552480760383823
40661,0.00552397127651339
40660,0.00552313298750358
40659,0.00552220827914786
40658,0.00552128126725185
40657,0.00552035195664247
40656,0.00551942035213479
40655,0.00551848645853207
40654,0.00551755028062569
40653,0.0055166118231952
40652,0.00551567109100824
40651,0.00551472808882058
40650,0.00551378282137613
40649,0.00551283529340684
40648,0.00551188550963281
40647,0.0055109334747622
40646,0.00550997919349126
40645,0.00550902267050432
40644,0.00550806391047377
40643,0.00550710291806007
40642,0.00550613969791178
40641,0.00550517425466546
40640,0.00550420659294579
40639,0.00550319697284678
40638,0.00550218495402317
40637,0.00550117054166391
40636,0.00550015374094393
40635,0.00549913455702418
40634,0.00549811299505158
40633,0.00549708906015908
40632,0.00549606275746563
40631,0.00549503409207619
40630,0.00549400306908172
40629,0.00549296969355922
40628,0.0054919339705717
40627,0.00549089590516822
40626,0.00548985550238387
40625,0.0054888127672398
40624,0.00548776770474322
40623,0.00548672031988739
40622,0.00548567061765168
40621,0.00548461860300154
40620,0.00548356428088852
40619,0.00548247438089843
40618,0.00548138196839499
40617,0.00548028704898382
40616,0.00547918962825483
40615,0.00547808971178215
40614,0.00547698730512418
40613,0.00547588241382361
40612,0.00547477504340737
40611,0.00547366519938668
40610,0.00547255288725702
40609,0.00547143811249821
40608,0.00547032088057435
40607,0.00546920119693383
40606,0.00546807906700941
40605,0.00546695449621815
40604,0.00546582748996148
40603,0.0054646980536252
40602,0.00546356619257947
40601,0.00546243191217887
40600,0.00546129521776237
40599,0.00546016418704333
40598,0.00545903072076041
40597,0.00545789482433619
40596,0.00545675650317773
40595,0.00545561576267659
40594,0.00545447260820881
40593,0.00545332704513498
40592,0.00545217907880014
40591,0.00545102871453392
40590,0.00544987595765044
40589,0.00544872081344839
40588,0.00544756328721101
40587,0.00544640338420612
40586,0.00544524110968614
40585,0.00544407646888805
40584,0.00544290946703349
40583,0.00544174010932875
40582,0.00544056840096471
40581,0.005439394347117
40580,0.00543821795294587
40579,0.00543694845553175
40578,0.00543567625626933
40577,0.0054344013615443
40576,0.00543312377772187
40575,0.00543184351114681
40574,0.00543056056814353
40573,0.00542927495501606
40572,0.0054279866780481
40571,0.00542669574350309
40570,0.00542540215762422
40569,0.0054241059266345
40568,0.00542280705673679
40567,0.00542150555411384
40566,0.00542020142492833
40565,0.00541889467532294
40564,0.0054175853114204
40563,0.00541627333932351
40562,0.00541495876511524
40561,0.00541364159485871
40560,0.00541232183459732
40559,0.00541103939338154
40558,0.00540975458439115
40557,0.00540846741286055
40556,0.00540717788400784
40555,0.00540588600303476
40554,0.00540459177512688
40553,0.00540329520545357
40552,0.00540199629916811
40551,0.0054006950614078
40550,0.00539939149729392
40549,0.0053980856119319
40548,0.00539677741041134
40547,0.00539546689780607
40546,0.00539415407917428
40545,0.00539283895955853
40544,0.00539152154398586
40543,0.00539020183746783
40542,0.00538887984500063
40541,0.00538755557156514
40540,0.00538622902212701
40539,0.00538489308465013
40538,0.00538355490247851
40537,0.00538221448045333
40536,0.00538087182340149
40535,0.00537952693613559
40534,0.00537817982345411
40533,0.00537683049014145
40532,0.00537547894096806
40531,0.00537412518069052
40530,0.00537276921405162
40529,0.00537141104578048
40528,0.00537005068059262
40527,0.00536868812319007
40526,0.00536732337826148
40525,0.00536595645048219
40524,0.00536458734451431
40523,0.00536321606500689
40522,0.00536184261659593
40521,0.00536046700390454
40520,0.00535908923154302
40519,0.00535771624326502
40518,0.00535634108392983
40517,0.00535496375817916
40516,0.00535358427064152
40515,0.00535220262593232
40514,0.00535081882865391
40513,0.00534943288339575
40512,0.00534804479473442
40511,0.00534665456723379
40510,0.00534526220544504
40509,0.00534386771390679
40508,0.00534247109714517
40507,0.00534107235967394
40506,0.00533967150599458
40505,0.00533826854059634
40504,0.00533686346795638
40503,0.00533545629253986
40502,0.00533404701879998
40501,0.00533263565117818
40500,0.00533122219410412
40499,0.00532991108156662
40498,0.00532859818648016
40497,0.00532728351232992
40496,0.00532596706259278
40495,0.00532464884073738
40494,0.0053233288502242
40493,0.00532200709450565
40492,0.00532068357702608
40491,0.00531935830122188
40490,0.00531803127052154
40489,0.00531670248834575
40488,0.00531537195810738
40487,0.00531403968321165
40486,0.00531270566705612
40485,0.0053113699130308
40484,0.00531003242451818
40483,0.00530869320489335
40482,0.00530735225752401
40481,0.00530600958577057
40480,0.00530466519298621
40479,0.00530333208870249
40478,0.00530199721913397
40477,0.00530066058778947
40476,0.00529932219816895
40475,0.0052979820537635
40474,0.00529664015805546
40473,0.00529529651451847
40472,0.00529395112661752
40471,0.005292603997809
40470,0.00529125513154079
40469,0.00528990453125234
40468,0.00528855220037468
40467,0.0052871981423305
40466,0.00528584236053427
40465,0.00528448485839221
40464,0.00528312563930245
40463,0.00528176470665501
40462,0.00528040206383192
40461,0.00527903771420727
40460,0.00527767166114728
40459,0.00527640768846871
40458,0.00527514230222016
40457,0.00527387550493415
40456,0.00527260729913847
40455,0.00527133768735628
40454,0.00527006667210609
40453,0.00526879425590186
40452,0.005267520441253
40451,0.00526624523066444
40450,0.00526496862663666
40449,0.00526369063166574
40448,0.00526241124824341
40447,0.0052611304788571
40446,0.00525984832598993
40445,0.00525856479212085
40444,0.00525727987972459
40443,0.00525599359127176
40442,0.00525470592922888
40441,0.00525341689605841
40440,0.00525212649421882
40439,0.00525094112476691
40438,0.0052497546351934
40437,0.00524856702733374
40436,0.00524737830302132
40435,0.00524618846408742
40434,0.00524499751236126
40433,0.00524380544967002
40432,0.00524261227783886
40431,0.00524141799869099
40430,0.00524022261404762
40429,0.00523902612572807
40428,0.00523782853554974
40427,0.00523662984532815
40426,0.00523543005687699
40425,0.00524425280644236
40424,0.00524306870566662
40423,0.00524188353895661
40422,0.00524069730814883
40421,0.00523951001507809
40420,0.00523832166157751
40419,0.0052371379488901
40418,0.00523595316231779
40417,0.00523476730370766
40416,0.00523358037490471
40415,0.00523239237775184
40414,0.00523120331408991
40413,0.00523001318575775
40412,0.00522882199459216
40411,0.00522762974242801
40410,0.00522643643109817
40409,0.00522524206243362
40408,0.00522404663826346
40407,0.00522285016041486
40406,0.00522165263071322
40405,0.00522045405098205
40404,0.00521925442304311
40403,0.00521805374871641
40402,0.00521685202982018
40401,0.00521564926817096
40400,0.00521444546558358
40399,0.00521340730098402
40398,0.00521236838816324
40397,0.00521132872825495
40396,0.00521028832239227
40395,0.00520924717170782
40394,0.00520820527733369
40393,0.00520716264040147
40392,0.00520611926204224
40391,0.00520507514338656
40390,0.00520403028556455
40389,0.00520298468970584
40388,0.00520193835693962
40387,0.00520089128839461
40386,0.00519984348519907
40385,0.00519879494848088
40384,0.00519774567936746
40383,0.00519669567898585
40382,0.00519564494846267
40381,0.00519459348892413
40380,0.00519354130149612
40379,0.00519260481458648
40378,0.00519166775536989
40377,0.00519073012463738
40376,0.00518979192317978
40375,0.00518885315178772
40374,0.00518791381125166
40373,0.00518697390236191
40372,0.00518603342590855
40371,0.00518509238268153
40370,0.00518415077347062
40369,0.00518320859906543
40368,0.00518226586025544
40367,0.00518132255782995
40366,0.00518037869257815
40365,0.00517943426528904
40364,0.00517848927675153
40363,0.0051775437277544
40362,0.00517659761908627
40361,0.00517565095153567
40360,0.005174703725891
40359,0.00517382015538057
40358,0.00517293608483261
40357,0.00517205151489435
40356,0.00517116644621283
40355,0.00517028087943487
40354,0.00516939481520706
40353,0.0051685082541758
40352,0.00516762119698725
40351,0.00516673364428741
40350,0.00516584559672206
40349,0.00516495705493677
40348,0.00516406801957695
40347,0.00516317849128781
40346,0.00516228847071438
40345,0.0051613979585015
40344,0.00516050695529384
40343,0.00515961546173591
40342,0.00515872347847205
40341,0.00515783100614642
40340,0.00515693804540303
40339,0.00515629320225656
40338,0.00515564806836932
40337,0.00515500264402928
40336,0.0051543569295242
40335,0.00515371092514159
40334,0.0051530646311688
40333,0.00515241804789295
40332,0.00515177117560096
40331,0.00515112401457954
40330,0.00515047656511521
40329,0.00514982882749426
40328,0.00514918080200283
40327,0.0051485324889268
40326,0.00514788388855192
40325,0.00514723500116368
40324,0.00514658582704743
40323,0.00514593636648831
40322,0.00514528661977125
40321,0.00514463658718103
40320,0.00514398626900218
40319,0.00514339572595788
40318,0.00514280494424586
40317,0.00514221392408427
40316,0.00514162266569113
40315,0.00514103116928433
40314,0.00514043943508161
40313,0.00513984746330058
40312,0.00513925525415872
40311,0.00513866280787336
40310,0.00513807012466172
40309,0.00513747720474087
40308,0.00513688404832776
40307,0.00513629065563921
40306,0.0051356970268919
40305,0.0051351031623024
40304,0.00513450906208713
40303,0.00513391472646241
40302,0.00513332015564442
40301,0.00513272534984922
40300,0.00513213030929275
40299,0.00513166081909004
40298,0.00513119115570878
40297,0.00513072131929309
40296,0.00513025130998692
40295,0.00512978112793416
40294,0.00512931077327853
40293,0.00512884024616366
40292,0.00512836954673303
40291,0.00512789867513
40290,0.00512742763149784
40289,0.00512695641597967
40288,0.0051264850287185
40287,0.00512601346985724
40286,0.00512554173953864
40285,0.00512506983790537
40284,0.00512459776509997
40283,0.00512412552126487
40282,0.00512365310654238
40281,0.00512318052107468
40280,0.00512270776500387
40279,0.00512229108783965
40278,0.00512187428988782
40277,0.00512145737123052
40276,0.00512104033194988
40275,0.00512062317212799
40274,0.00512020589184689
40273,0.00511978849118856
40272,0.00511937097023497
40271,0.00511895332906804
40270,0.00511853556776965
40269,0.00511811768642164
40268,0.00511769968510579
40267,0.00511728156390388
40266,0.00511686332289763
40265,0.00511644496216871
40264,0.00511602648179878
40263,0.00511560788186944
40262,0.00511518916246224
40261,0.00511477032365874
40260,0.00511435136554041
40259,0.00511398897546988
40258,0.00511362650532259
40257,0.00511326395514268
40256,0.00511290132497432
40255,0.00511253861486162
40254,0.00511217582484873
40253,0.00511181295497979
40252,0.00511145000529889
40251,0.00511108697585016
40250,0.00511072386667768
40249,0.00511036067782556
40248,0.00510999740933788
40247,0.00510963406125871
40246,0.00510927063363213
40245,0.00510890712650219
40244,0.00510854353991295
40243,0.00510817987390847
40242,0.00510781612853276
40241,0.00510745230382988
40240,0.00510708839984384
40239,0.00510672441661865
40238,0.00510636035419834
40237,0.00510599621262689
40236,0.00510563199194832
40235,0.0051052676922066
40234,0.00510490331344572
40233,0.00510453885570966
40232,0.00510417431904237
40231,0.00510380970348783
40230,0.00510344500908998
40229,0.00510308023589278
40228,0.00510271538394017
40227,0.00510235045327608
40226,0.00510198544394444
40225,0.00510162035598918
40224,0.0051012551894542
40223,0.00510088994438343
40222,0.00510052462082076
40221,0.00510015921881009
40220,0.00509979373839531
40219,0.00509943246438375
40218,0.00509907110125501
40217,0.00509870964906354
40216,0.00509834810786377
40215,0.00509798647771011
40214,0.00509762475865695
40213,0.00509726295075867
40212,0.00509690105406959
40211,0.00509653906864406
40210,0.00509617699453638
40209,0.00509581483180083
40208,0.0050954525804917
40207,0.0050950902406632
40206,0.0050947278123696
40205,0.00509436529566507
40204,0.00509400269060383
40203,0.00509363999724004
40202,0.00509327721562783
40201,0.00509291434582136
40200,0.00509255138787472
40199,0.00509218002407287
40198,0.00509180858961533
40197,0.00509143708454275
40196,0.00509106550889584
40195,0.00509069386271526
40194,0.00509032214604171
40193,0.00508995035891588
40192,0.00508957850137844
40191,0.00508920657347012
40190,0.0050888345752316
40189,0.00508846250670358
40188,0.00508809036792679
40187,0.00508771815894192
40186,0.0050873458797897
40185,0.00508697353051082
40184,0.00508660111114603
40183,0.00508622862173605
40182,0.0050858560623216
40181,0.00508548343294342
40180,0.00508511073364224
40179,0.00508467994099615
40178,0.00508424904577414
40177,0.00508381804804421
40176,0.0050833869478744
40175,0.00508295574533268
40174,0.00508252444048708
40173,0.00508209303340557
40172,0.00508166152415616
40171,0.00508122991280685
40170,0.00508079819942561
40169,0.00508036638408044
40168,0.00507993446683932
40167,0.00507950244777022
40166,0.00507907032694114
40165,0.00507863810442005
40164,0.00507820578027491
40163,0.00507777335457372
40162,0.00507734082738441
40161,0.00507690819877498
40160,0.0050764754688134
40159,0.00507597218641677
40158,0.00507546878601954
40157,0.00507496526772462
40156,0.00507446163163491
40155,0.00507395787785339
40154,0.00507345400648301
40153,0.00507295001762676
40152,0.00507244591138768
40151,0.00507194168786876
40150,0.00507143734717308
40149,0.0050709328894037
40148,0.00507042831466373
40147,0.00506992362305628
40146,0.00506941881468447
40145,0.00506891388965147
40144,0.00506840884806045
40143,0.00506790369001462
40142,0.00506739841561719
40141,0.00506689302497139
40140,0.00506638751818049
40139,0.00506576046173718
40138,0.00506513321703882
40137,0.00506450578427505
40136,0.00506387816363558
40135,0.00506325035531011
40134,0.00506262235948841
40133,0.00506199417636027
40132,0.00506136580611553
40131,0.00506073724894405
40130,0.00506010850503575
40129,0.00505947957458057
40128,0.00505885045776849
40127,0.00505822115478953
40126,0.00505759166583375
40125,0.00505696199109125
40124,0.00505633213075216
40123,0.00505570208500665
40122,0.00505507185404495
40121,0.00505444143805728
40120,0.00505381083723396
40119,0.00505299078014731
40118,0.00505217041142831
40117,0.00505134973149532
40116,0.00505052874076679
40115,0.00504970743966133
40114,0.00504888582859764
40113,0.00504806390799454
40112,0.00504724167827097
40111,0.00504641913984596
40110,0.00504559629313868
40109,0.0050447731385684
40108,0.00504394967655454
40107,0.0050431259075166
40106,0.00504230183187421
40105,0.00504147745004711
40104,0.00504065276245518
40103,0.00503982776951839
40102,0.00503900247165686
40101,0.00503817686929079
40100,0.00503735096284054
40099,0.00503646118553668
40098,0.00503557105658006
40097,0.00503468057649616
40096,0.00503378974581059
40095,0.00503289856504915
40094,0.00503200703473777
40093,0.00503111515540257
40092,0.00503022292756983
40091,0.00502933035176597
40090,0.00502843742851761
40089,0.00502754415835151
40088,0.00502665054179457
40087,0.00502575657937393
40086,0.0050248622716168
40085,0.00502396761905064
40084,0.00502307262220302
40083,0.00502217728160167
40082,0.00502128159777454
40081,0.00502038557124968
40080,0.00501948920255536
40079,0.00501852842842269
40078,0.00501756726275015
40077,0.00501660570618809
40076,0.00501564375938708
40075,0.00501468142299788
40074,0.0050137186976715
40073,0.00501275558405916
40072,0.00501179208281227
40071,0.00501082819458249
40070,0.00500986392002168
40069,0.00500889925978191
40068,0.00500793421451547
40067,0.00500696878487487
40066,0.00500600297151283
40065,0.00500503677508229
40064,0.00500407019623638
40063,0.00500310323562848
40062,0.00500213589391215
40061,0.00500116817174119
40060,0.00500020006976957
40059,0.00499903428115375
40058,0.00499786796084642
40057,0.0049967011099976
40056,0.00499553372975767
40055,0.00499436582127736
40054,0.00499319738570778
40053,0.00499202842420036
40052,0.00499085893790692
40051,0.00498968892797957
40050,0.00498851839557077
40049,0.00498734734183334
40048,0.00498617576792037
40047,0.00498500367498533
40046,0.00498383106418194
40045,0.00498265793666425
40044,0.00498148429358663
40043,0.00498031013610371
40042,0.00497913546537044
40041,0.00497796028254201
40040,0.00497678458877393
40039,0.00497554666601944
40038,0.00497430816162929
40037,0.00497306907694311
40036,0.00497182941330093
40035,0.00497058917204329
40034,0.00496934835451111
40033,0.00496810696204578
40032,0.00496686499598913
40031,0.00496562245768338
40030,0.00496437934847122
40029,0.00496313566969571
40028,0.00496189142270034
40027,0.004960646608829
40026,0.00495940122942598
40025,0.00495815528583596
40024,0.00495690877940399
40023,0.00495566171147552
40022,0.00495441408339638
40021,0.00495316589651271
40020,0.00495191715217108
40019,0.00495059879471379
40018,0.00494927983793882
40017,0.00494796028343537
40016,0.00494664013279282
40015,0.00494531938760071
40014,0.00494399804944871
40013,0.00494267611992665
40012,0.00494135360062445
40011,0.00494003049313214
40010,0.00493870679903985
40009,0.00493738251993775
40008,0.00493605765741609
40007,0.00493473221306515
40006,0.00493340618847525
40005,0.00493207958523669
40004,0.0049307524049398
40003,0.00492942464917484
40002,0.00492809631953208
40001,0.00492676741760169
40000,0.00492543794497379
39999,0.00492410790323841
39998,0.00492277729398548
39997,0.00492144611880478
39996,0.00492011437928597
39995,0.00491878207701856
39994,0.00491744921359186
39993,0.004916115790595
39992,0.0049147818096169
39991,0.00491344727224626
39990,0.00491211218007152
39989,0.00491077653468085
39988,0.00490944033766216
39987,0.00490810359060302
39986,0.00490676629509074
39985,0.00490542845271222
39984,0.00490409006505406
39983,0.00490275113370246
39982,0.00490141166024322
39981,0.00490007164626173
39980,0.00489873109334294
39979,0.00489739300979339
39978,0.00489605437467856
39977,0.00489471518957387
39976,0.00489337545605461
39975,0.00489203517569591
39974,0.00489069435007274
39973,0.00488935298075987
39972,0.00488801106933189
39971,0.00488666861736315
39970,0.00488532562642776
39969,0.00488398209809961
39968,0.00488263803395229
39967,0.00488129343555912
39966,0.00487994830449312
39965,0.00487860264232697
39964,0.00487725645063304
39963,0.00487590973098332
39962,0.00487456248494945
39961,0.00487321471410267
39960,0.00487186642001381
39959,0.00487044731501623
39958,0.00486902765334881
39957,0.00486760743683024
39956,0.00486618666727815
39955,0.00486476534650904
39954,0.00486334347633826
39953,0.00486192105857998
39952,0.00486049809504716
39951,0.00485907458755154
39950,0.00485765053790358
39949,0.00485622594791244
39948,0.00485480081938598
39947,0.00485337515413068
39946,0.00485194895395167
39945,0.00485052222065264
39944,0.00484909495603583
39943,0.00484766716190206
39942,0.00484623884005058
39941,0.00484480999227916
39940,0.00484338062038398
39939,0.00484194804421031
39938,0.00484051496172192
39937,0.00483908137472375
39936,0.00483764728501839
39935,0.00483621269440601
39934,0.00483477760468437
39933,0.00483334201764879
39932,0.00483190593509203
39931,0.00483046935880437
39930,0.00482903229057348
39929,0.00482759473218444
39928,0.0048261566854197
39927,0.00482471815205897
39926,0.00482327913387933
39925,0.00482183963265501
39924,0.00482039965015753
39923,0.00481895918815555
39922,0.00481751824841484
39921,0.00481607683269833
39920,0.00481463494276596
39919,0.00481319513124905
39918,0.00481175483462709
39917,0.00481031405464824
39916,0.0048088727930584
39915,0.00480743105160101
39914,0.00480598883201718
39913,0.00480454613604557
39912,0.00480310296542233
39911,0.00480165932188116
39910,0.00480021520715318
39909,0.00479877062296698
39908,0.00479732557104854
39907,0.00479588005312118
39906,0.00479443407090558
39905,0.00479298762611971
39904,0.00479154072047881
39903,0.00479009335569535
39902,0.00478864553347898
39901,0.00478719725553655
39900,0.00478574852357201
39899,0.00478437063923664
39898,0.00478299233110339
39897,0.00478161360065957
39896,0.00478023444939061
39895,0.00477885487878
39894,0.00477747489030928
39893,0.00477609448545803
39892,0.00477471366570381
39891,0.00477333243252217
39890,0.00477195078738662
39889,0.00477056873176857
39888,0.00476918626713736
39887,0.00476780339496018
39886,0.0047664201167021
39885,0.004765036433826
39884,0.00476365234779255
39883,0.00476226786006023
39882,0.00476088297208523
39881,0.0047594976853215
39880,0.00475811200122068
39879,0.00475672369211155
39878,0.00475533500382897
39877,0.00475394593778505
39876,0.0047525564953889
39875,0.00475116667804655
39874,0.00474977648716095
39873,0.00474838592413196
39872,0.00474699499035627
39871,0.00474560368722744
39870,0.00474421201613583
39869,0.00474281997846857
39868,0.00474142757560956
39867,0.00474003480893942
39866,0.00473864167983547
39865,0.00473724818967172
39864,0.00473585433981881
39863,0.004734460131644
39862,0.00473306556651116
39861,0.00473167064578071
39860,0.00473027537080962
39859,0.00472881005676483
39858,0.00472734435449654
39857,0.00472587826556501
39856,0.00472441179152624
39855,0.00472294493393184
39854,0.00472147769432912
39853,0.00472001007426094
39852,0.00471854207526574
39851,0.0047170736988775
39850,0.00471560494662566
39849,0.00471413582003516
39848,0.00471266632062636
39847,0.00471119644991499
39846,0.00470972620941217
39845,0.00470825560062432
39844,0.00470678462505318
39843,0.00470531328419574
39842,0.00470384157954419
39841,0.00470236951258596
39840,0.00470089708480358
39839,0.00469942235171456
39838,0.00469794727380987
39837,0.00469647185251311
39836,0.00469499608924201
39835,0.00469351998540842
39834,0.00469204354241823
39833,0.00469056676167141
39832,0.0046890896445619
39831,0.00468761219247762
39830,0.00468613440680043
39829,0.00468465628890609
39828,0.00468317784016425
39827,0.00468169906193838
39826,0.00468021995558577
39825,0.00467874052245746
39824,0.00467726076389827
39823,0.00467578068124673
39822,0.00467430027583501
39821,0.00467281954898898
39820,0.00467133850202808
39819,0.00466985896385861
39818,0.00466837909576798
39817,0.00466689889911423
39816,0.00466541837524982
39815,0.00466393752552152
39814,0.00466245635127044
39813,0.004660974853832
39812,0.00465949303453581
39811,0.00465801089470579
39810,0.00465652843565998
39809,0.00465504565871063
39808,0.00465356256516411
39807,0.00465207915632089
39806,0.00465059543347553
39805,0.00464911139791661
39804,0.00464762705092674
39803,0.00464614239378252
39802,0.00464465742775447
39801,0.0046431721541071
39800,0.00464168657409873
39799,0.00464020068898161
39798,0.00463871450000183
39797,0.00463722800839923
39796,0.0046357412154075
39795,0.00463425412225403
39794,0.00463276673015995
39793,0.00463127904034009
39792,0.00462979105400293
39791,0.00462830277235061
39790,0.00462681419657885
39789,0.00462532532787697
39788,0.00462383616742786
39787,0.0046223467164079
39786,0.00462085697598701
39785,0.00461936694732854
39784,0.0046178766315893
39783,0.00461638602991955
39782,0.0046148951434629
39781,0.00461340397335634
39780,0.0046119125207302
39779,0.00461035139823689
39778,0.00460878995486233
39777,0.00460722819198947
39776,0.00460566611099395
39775,0.00460410371324402
39774,0.00460254100010054
39773,0.00460097797291692
39772,0.0045994146330391
39771,0.00459785098180553
39770,0.0045962870205471
39769,0.00459472275058713
39768,0.00459315817324132
39767,0.0045915932898177
39766,0.00459002810161668
39765,0.00458846260993089
39764,0.00458689681604523
39763,0.00458533072123683
39762,0.00458376432677496
39761,0.00458219763392111
39760,0.0045806306439288
39759,0.00457899500645235
39758,0.00457735901851979
39757,0.00457572268181782
39756,0.00457408599802466
39755,0.00457244896881014
39754,0.00457081159583553
39753,0.00456917388075355
39752,0.00456753582520831
39751,0.0045658974308352
39750,0.00456425869926092
39749,0.00456261963210339
39748,0.00456098023097168
39747,0.004559340497466
39746,0.00455770043317757
39745,0.00455606003968867
39744,0.00455441931857251
39743,0.00455277827139324
39742,0.00455113689970582
39741,0.00454949520505603
39740,0.00454785318898042
39739,0.00454613932696056
39738,0.00454442511958463
39737,0.00454271056855079
39736,0.00454099567554592
39735,0.00453928044224562
39734,0.0045375648703141
39733,0.00453584896140415
39732,0.00453413271715708
39731,0.00453241613920262
39730,0.00453069922915893
39729,0.00452898198863247
39728,0.00452726441921795
39727,0.00452554652249833
39726,0.0045238283000447
39725,0.00452210975341624
39724,0.00452039088416018
39723,0.00451867169381167
39722,0.00451695218389386
39721,0.00451523235591768
39720,0.00451351221138192
39719,0.00451186354116803
39718,0.00451021458193515
39717,0.0045085653349842
39716,0.00450691580160559
39715,0.00450526598307927
39714,0.00450361588067463
39713,0.00450196549565045
39712,0.00450031482925489
39711,0.00449866388272539
39710,0.00449701265728869
39709,0.00449536115416073
39708,0.00449370937454666
39707,0.00449205731964075
39706,0.00449040499062635
39705,0.00448875238867588
39704,0.00448709951495078
39703,0.00448544637060142
39702,0.00448379295676714
39701,0.00448213927457612
39700,0.00448048532514541
39699,0.00447883004610096
39698,0.00447717451063261
39697,0.0044755187196627
39696,0.00447386267410209
39695,0.00447220637485023
39694,0.00447054982279508
39693,0.00446889301881308
39692,0.00446723596376916
39691,0.00446557865851664
39690,0.00446392110389728
39689,0.0044622633007412
39688,0.00446060524986688
39687,0.00445894695208114
39686,0.00445728840817905
39685,0.00445562961894399
39684,0.00445397058514758
39683,0.00445231130754967
39682,0.0044506517868983
39681,0.00444899202392966
39680,0.00444733201936813
39679,0.00444567177392619
39678,0.00444401128830443
39677,0.00444235056319155
39676,0.00444068959926424
39675,0.00443902839718729
39674,0.00443736695761348
39673,0.00443570528118359
39672,0.00443404336852641
39671,0.0044323812202586
39670,0.00443071883698484
39669,0.0044290562192977
39668,0.00442739336777764
39667,0.00442573028299302
39666,0.00442406696550003
39665,0.00442240341584274
39664,0.00442073963455304
39663,0.00441907562215064
39662,0.00441741137914305
39661,0.00441574690602553
39660,0.00441408220328115
39659,0.00441234483671074
39658,0.00441060722131232
39657,0.00440886935758459
39656,0.00440713124601165
39655,0.00440539288706308
39654,0.00440365428119383
39653,0.00440191542884426
39652,0.00440017633044015
39651,0.00439843698639257
39650,0.00439669739709806
39649,0.00439495756293842
39648,0.00439321748428084
39647,0.00439147716147783
39646,0.00438973659486721
39645,0.00438799578477216
39644,0.00438625473150111
39643,0.0043845134353478
39642,0.00438277189659132
39641,0.00438103011549597
39640,0.00437928809231139
39639,0.00437761938319065
39638,0.00437595044990571
39637,0.00437428129280035
39636,0.00437261191220545
39635,0.00437094230843909
39634,0.00436927248180645
39633,0.00436760243259985
39632,0.00436593216109871
39631,0.00436426166756951
39630,0.00436259095226586
39629,0.00436092001542844
39628,0.00435924885728498
39627,0.0043575774780503
39626,0.00435590587792623
39625,0.00435423405710167
39624,0.00435256201575255
39623,0.00435088975404185
39622,0.00434921727211957
39621,0.00434754457012269
39620,0.00434587164817526
39619,0.00434419850638832
39618,0.00434252514485992
39617,0.00434085156367512
39616,0.00433917776290597
39615,0.00433750374261153
39614,0.00433582950283788
39613,0.00433415504361808
39612,0.00433248036497219
39611,0.00433080546690728
39610,0.00432913034941742
39609,0.00432745501248368
39608,0.00432577945607415
39607,0.00432410368014392
39606,0.00432242768463507
39605,0.00432075146947674
39604,0.00431907503458507
39603,0.00431739837986323
39602,0.00431572150520144
39601,0.0043140444104769
39600,0.00431236709555393
39599,0.00431076257957897
39598,0.00430915786195131
39597,0.0043075529425299
39596,0.00430594782116283
39595,0.00430434249768728
39594,0.00430273697192958
39593,0.00430113124370521
39592,0.00429952531281879
39591,0.00429791917906412
39590,0.00429631284222416
39589,0.00429470630207104
39588,0.0042930995583661
39587,0.00429149261085986
39586,0.00428988545929209
39585,0.00428827810339176
39584,0.00428667054287707
39583,0.0042850627774555
39582,0.00428345480682376
39581,0.00428184663066787
39580,0.00428023824866314
39579,0.00427862782075549
39578,0.00427701717866022
39577,0.00427540632178897
39576,0.00427379524954424
39575,0.00427218396131929
39574,0.00427057245649826
39573,0.00426896073445618
39572,0.00426734879455899
39571,0.00426573663616362
39570,0.00426412425861796
39569,0.00426251166126095
39568,0.00426089884342259
39567,0.00425928580442397
39566,0.00425767254357734
39565,0.00424255383220242
39564,0.0042410015490333
39563,0.00423944879675747
39562,0.0042378955754555
39561,0.00423634188519754
39560,0.00423478772604327
39559,0.0042332310827542
39558,0.00423167396974618
39557,0.00423011638691776
39556,0.00422855833415789
39555,0.00422699981134592
39554,0.0042254408183517
39553,0.00422388135503557
39552,0.00422232142124847
39551,0.00422076101683201
39550,0.00421920014161843
39549,0.00421763879543073
39548,0.00421607697808271
39547,0.00421451468937899
39546,0.00421295192911514
39545,0.00421138869707765
39544,0.00420982499304403
39543,0.00420826081678285
39542,0.00420669616805381
39541,0.0042051310466078
39540,0.00420356545218694
39539,0.00420199938452463
39538,0.00420043284334564
39537,0.00419886582836612
39536,0.00419729833929373
39535,0.00419573037582764
39534,0.00419416193765857
39533,0.00419259302446894
39532,0.00419102363593281
39531,0.00418945377171607
39530,0.0041878834314764
39529,0.00418631261486336
39528,0.00418474132151846
39527,0.00418316955107522
39526,0.00418159730315923
39525,0.00418002457738822
39524,0.00417845137337209
39523,0.00417687769071302
39522,0.00417530352900547
39521,0.00417372888783634
39520,0.00417215376678494
39519,0.00417065178750345
39518,0.00416914937392191
39517,0.00416764652574883
39516,0.00416614324268591
39515,0.00416463952442801
39514,0.00416313537066328
39513,0.00416163078107316
39512,0.0041601257553324
39511,0.0041586202931092
39510,0.00415711439406511
39509,0.00415560805785524
39508,0.00415410128412819
39507,0.00415259407252611
39506,0.00415108642268483
39505,0.00414957833423378
39504,0.00414806980679616
39503,0.00414656083998892
39502,0.0041450514334228
39501,0.00414354158670244
39500,0.00414203129942633
39499,0.00414037666929396
39498,0.00413872150966193
39497,0.00413706581997807
39496,0.00413540959968172
39495,0.00413375284820386
39494,0.00413209556496715
39493,0.00413043774938602
39492,0.00412877940086676
39491,0.00412712051880758
39490,0.00412546110259871
39489,0.00412380115162248
39488,0.00412214066525337
39487,0.00412047964285817
39486,0.00411881808379594
39485,0.00411715598741822
39484,0.00412553595055709
39483,0.00412392691865902
39482,0.00412231760197749
39481,0.00412070800080425
39480,0.00411909811542636
39479,0.00411748680910044
39478,0.00411587522071509
39477,0.00411426335049587
39476,0.00411265119866524
39475,0.00411103876544271
39474,0.00410942605104487
39473,0.00410781305568552
39472,0.00410619977957576
39471,0.00410458622292403
39470,0.00410297238593627
39469,0.00410135826881601
39468,0.00409974387176439
39467,0.00409812919498037
39466,0.00409651423866068
39465,0.00409489900300006
39464,0.00409328348819126
39463,0.00409166769442515
39462,0.00409005162189086
39461,0.00408843527077578
39460,0.00408681864126578
39459,0.00408513147602264
39458,0.0040834440080327
39457,0.0040817562375033
39456,0.00408006816464023
39455,0.00407837978964795
39454,0.00407669111272966
39453,0.00407500213408738
39452,0.00407331285392218
39451,0.00407162327243417
39450,0.0040699333898227
39449,0.00406824320628646
39448,0.00406655272202358
39447,0.00406486193723178
39446,0.00406317085210845
39445,0.00406147946685083
39444,0.00405978778165604
39443,0.0040580957967213
39442,0.00405640351224396
39441,0.00405471092842168
39440,0.00405301804545254
39439,0.00405125210448757
39438,0.00404948583829006
39437,0.00404771924711476
39436,0.00404595233122158
39435,0.00404418509087577
39434,0.00404241752634807
39433,0.00404064963791492
39432,0.00403888142585855
39431,0.00403711289046722
39430,0.00403534403203535
39429,0.00403357485086366
39428,0.00403180534725941
39427,0.00403003552153647
39426,0.00402826537401557
39425,0.00402649490502439
39424,0.00402472411489777
39423,0.00402295300397788
39422,0.00402118157261431
39421,0.00401940982116434
39420,0.004017637749993
39419,0.00401579573279436
39418,0.00401395337118742
39417,0.00401211066554523
39416,0.00401026761624786
39415,0.00400842422368249
39414,0.00400658048824365
39413,0.0040047364103334
39412,0.00400289199036145
39411,0.00400104722874546
39410,0.00399920212591107
39409,0.00399735668229221
39408,0.00399551089833126
39407,0.00399366477447911
39406,0.00399181831119553
39405,0.00398997150894917
39404,0.00398812436821787
39403,0.00398627688948877
39402,0.0039844290732585
39401,0.00398258092003338
39400,0.00398073243032954
39399,0.00397888473883395
39398,0.00397703671054154
39397,0.00397518834591854
39396,0.00397333964543932
39395,0.00397149060958637
39394,0.00396964123885066
39393,0.00396779153373167
39392,0.00396594149473764
39391,0.0039640911223857
39390,0.00396224041720205
39389,0.00396038937972216
39388,0.00395853801049091
39387,0.00395668631006272
39386,0.00395483427900183
39385,0.00395298191788234
39384,0.00395112922728847
39383,0.00394927620781471
39382,0.00394742286006592
39381,0.00394556918465761
39380,0.00394371518221599
39379,0.00394171717405774
39378,0.00393971879084754
39377,0.00393772003353559
39376,0.00393572090309028
39375,0.00393372140049856
39374,0.00393172152676607
39373,0.00392972128291741
39372,0.00392772066999635
39371,0.00392571968906607
39370,0.00392371834120942
39369,0.00392171662752909
39368,0.00391971454914788
39367,0.00391771210720891
39366,0.00391570930287581
39365,0.00391370613733301
39364,0.00391170261178591
39363,0.00390969872746113
39362,0.00390769448560669
39361,0.00390568988749225
39360,0.00390368493440932
39359,0.00390161130359952
39358,0.00389953727676065
39357,0.00389746285487286
39356,0.00389538803893281
39355,0.00389331282995407
39354,0.00389123722896726
39353,0.00388916123702045
39352,0.00388708485517943
39351,0.00388500808452792
39350,0.00388293092616797
39349,0.00388085338122012
39348,0.00387877545082375
39347,0.0038766971361374
39346,0.00387461843833893
39345,0.00387253935862593
39344,0.0038704598982159
39343,0.00386838005834656
39342,0.00386629984027616
39341,0.0038642192452837
39340,0.00386213827466927
39339,0.00385998511824791
39338,0.00385783156307535
39337,0.00385567761067053
39336,0.00385352326257785
39335,0.00385136852036749
39334,0.00384921338563573
39333,0.00384705786000528
39332,0.00384490194512557
39331,0.00384274564267308
39330,0.00384058895435163
39329,0.00383843188189271
39328,0.00383627442705578
39327,0.00383411659162857
39326,0.00383195837742738
39325,0.00382979978629739
39324,0.00382764082011299
39323,0.00382548148077801
39322,0.00382332177022608
39321,0.0038211616904209
39320,0.00381900124335652
39319,0.00381676658905785
39318,0.00381453157189918
39317,0.00381229619474527
39316,0.00381006046050265
39315,0.00380782437211985
39314,0.00380558793258771
39313,0.00380335114493959
39312,0.00380111401225167
39311,0.00379887653764321
39310,0.00379663872427672
39309,0.00379440057535835
39308,0.00379216209413802
39307,0.0037899232839097
39306,0.00378768414801166
39305,0.0037854446898267
39304,0.00378320491278236
39303,0.0037809648203512
39302,0.00377872441605097
39301,0.00377648370344487
39300,0.00377424268614174
39299,0.00377192983683911
39298,0.00376961665346735
39297,0.00376730313978579
39296,0.00376498929960379
39295,0.003762675136781
39294,0.00376036065522763
39293,0.00375804585890475
39292,0.00375573075182452
39291,0.00375341533805053
39290,0.00375109962169794
39289,0.00374878360693385
39288,0.00374646729797748
39287,0.00374415069910043
39286,0.00374183381462699
39285,0.00373951664893426
39284,0.00373719920645248
39283,0.00373488149166522
39282,0.00373256350910962
39281,0.0037302452633766
39280,0.00372792675911111
39279,0.00372553497666859
39278,0.0037113906562504
39277,0.0037090901370338
39276,0.00370678875148099
39275,0.00370448650909306
39274,0.00370218341942024
39273,0.00369987949206208
39272,0.0036975747366676
39271,0.00369526916293546
39270,0.00369296278061415
39269,0.00369065559950208
39268,0.00368834762944781
39267,0.00368603888035014
39266,0.00368372936215822
39265,0.00368141908487175
39264,0.00367910805854108
39263,0.00367679629326732
39262,0.00367448379920245
39261,0.00367217058654944
39260,0.00366985666556236
39259,0.00366747194291658
39258,0.00366508648931202
39257,0.00366270031612208
39256,0.00366031343477806
39255,0.00365792585676934
39254,0.00365553759364336
39253,0.00365314865700575
39252,0.00365075905852043
39251,0.00364836880990958
39250,0.0036459779229538
39249,0.00364358640949209
39248,0.00364119428142188
39247,0.00363880155069914
39246,0.00363640822933832
39245,0.00363401432941245
39244,0.00363161986305307
39243,0.00362922484245029
39242,0.0036268292798528
39241,0.00362443318756781
39240,0.00362203657796111
39239,0.00361964055953397
39238,0.00361724399968776
39237,0.00361484691057858
39236,0.00361244930442061
39235,0.00361005119348621
39234,0.00360765259010584
39233,0.00360525350666811
39232,0.00360285395561982
39231,0.00360045394946586
39230,0.00359805350076931
39229,0.00359565262215129
39228,0.00359325132629103
39227,0.0035908496259258
39226,0.00358844753385087
39225,0.00358604506291947
39224,0.0035836422260427
39223,0.0035812390361895
39222,0.0035788355063866
39221,0.00357643164971836
39220,0.0035740274793268
39219,0.00357162358990605
39218,0.00356921935932467
39217,0.0035668148005826
39216,0.00356440992673802
39215,0.0035620047509074
39214,0.00355959928626536
39213,0.00355719354604461
39212,0.00355478754353597
39211,0.00355238129208818
39210,0.00354997480510789
39209,0.00354756809605953
39208,0.00354516117846521
39207,0.00354275406590467
39206,0.0035403467720151
39205,0.00353793931049105
39204,0.00353553169508431
39203,0.00353312393960374
39202,0.00353071605791518
39201,0.00352830806394127
39200,0.0035258999716613
39199,0.00352342098901019
39198,0.0035209418751995
39197,0.00351846264543574
39196,0.00351598331499081
39195,0.00351350389920188
39194,0.00351102441347123
39193,0.00350854487326607
39192,0.00350606529411837
39191,0.0035035856916247
39190,0.00350110608144597
39189,0.0034986264793073
39188,0.00349614690099776
39187,0.0034936673623702
39186,0.00349118787934095
39185,0.00348870846788964
39184,0.00348622914405893
39183,0.00348374992395427
39182,0.00348127082374361
39181,0.00347879185965714
39180,0.00347631304798701
39179,0.00347383440508704
39178,0.00345907140423926
39177,0.00345667561966532
39176,0.00345427957097318
39175,0.00345188327703889
39174,0.00344948675679168
39173,0.00344709002921364
39172,0.00344469311333935
39171,0.0034422960282555
39170,0.00343989879310052
39169,0.00343750142706422
39168,0.00343510394938733
39167,0.0034327063793612
39166,0.00343030873632728
39165,0.00342791103967678
39164,0.00342551330885021
39163,0.00342311556333695
39162,0.00342071782267482
39161,0.00341832010644959
39160,0.00341592243429456
39159,0.00341352440899202
39158,0.00341112639571077
39157,0.00340872841423678
39156,0.00340633048440651
39155,0.00340393262610642
39154,0.00340153485927252
39153,0.00339913720388993
39152,0.00339673967999235
39151,0.00339434230766161
39150,0.00339194510702716
39149,0.00338954809826558
39148,0.00338715130160004
39147,0.00338475473729979
39146,0.00338235842567965
39145,0.00337996238709943
39144,0.00337756664196342
39143,0.00337517121071979
39142,0.00337277611386006
39141,0.00337038137191851
39140,0.00336798700547161
39139,0.00336580016941947
39138,0.00336361379353322
39137,0.0033614278935531
39136,0.00335924248523994
39135,0.00335705758437459
39134,0.00335487320675758
39133,0.00335268936820861
39132,0.00335050608456611
39131,0.00334832337168678
39130,0.0033461412454451
39129,0.00334395972173289
39128,0.00334177881645884
39127,0.00333959854554799
39126,0.00333741892494132
39125,0.00333523997059519
39124,0.00333306169848091
39123,0.00333088412458421
39122,0.00332870726490477
39121,0.00332653113545572
39120,0.00332435575226313
39119,0.00332231513179263
39118,0.0033202751297844
39117,0.0033283003108509
39116,0.00332636283139783
39115,0.00332442692925835
39114,0.00332249262495276
39113,0.00332055993905559
39112,0.00331862889219537
39111,0.00331669950505433
39110,0.00331477179836817
39109,0.00331284579292575
39108,0.00331092150956888
39107,0.00330899896919197
39106,0.00330707819274182
39105,0.00330515920121729
39104,0.00330324201566902
39103,0.00330132665719914
39102,0.00329941314696101
39101,0.00329750150615883
39100,0.00329559175604743
39099,0.0032938786172325
39098,0.00329216711047342
39097,0.0032904572514258
39096,0.00328874905577516
39095,0.00328704253923668
39094,0.00328533771755502
39093,0.00328363460650409
39092,0.00328193322188683
39091,0.00328023357953504
39090,0.0032785356953091
39089,0.00327683958509775
39088,0.00327514526481792
39087,0.00327345275041443
39086,0.00327176205785985
39085,0.00327007320315419
39084,0.00326838620232468
39083,0.00326670107142558
39082,0.0032650178265379
39081,0.00326333648376919
39080,0.00326165705925325
39079,0.00326015933651606
39078,0.00325866307029638
39077,0.00325716827198043
39076,0.00325567495297299
39075,0.00325418312469739
39074,0.00325269279859523
39073,0.00325120398612639
39072,0.00324971669876881
39071,0.0032482309480184
39070,0.00324674674538892
39069,0.00324526410241181
39068,0.00324378303063605
39067,0.0032423035416281
39066,0.00324082564697167
39065,0.00323934935826764
39064,0.00323787468713392
39063,0.00323640164520526
39062,0.00323493024413318
39061,0.00323346049558578
39060,0.00323199241124761
39059,0.0032307009929926
39058,0.00322941079382259
39057,0.00322812182176626
39056,0.0032268340848641
39055,0.00322554759116831
39054,0.00322426234874277
39053,0.00322297836566293
39052,0.0032216956500157
39051,0.0032204142098995
39050,0.00321913405342402
39049,0.0032178551887103
39048,0.00321657762389056
39047,0.00321530136710811
39046,0.00321402642651736
39045,0.00321275281028367
39044,0.00321148052658329
39043,0.0032102095836033
39042,0.00320893998954148
39041,0.00320767175260629
39040,0.00320640488101674
39039,0.00320533122906084
39038,0.00320425866858456
39037,0.00320318720462206
39036,0.00320211684221101
39035,0.00320104758639269
39034,0.00319997944221187
39033,0.00319891241471677
39032,0.00319784650895906
39031,0.00319678172999375
39030,0.00319571808287922
39029,0.00319465557267715
39028,0.00319359420445246
39027,0.00319253398327329
39026,0.00319147491421093
39025,0.0031904170023398
39024,0.00318936025273741
39023,0.00318830467048431
39022,0.00318725026066404
39021,0.00318619702836306
39020,0.00318514497867078
39019,0.00318415968349043
39018,0.00318317550390929
39017,0.00318219244421028
39016,0.00318121050867754
39015,0.00318022970159637
39014,0.00317925002725323
39013,0.00317827148993566
39012,0.00317729409393227
39011,0.00317631784353271
39010,0.00317534274302761
39009,0.00317436879670855
39008,0.00317339600886801
39007,0.00317242438379936
39006,0.00317145392579682
39005,0.00317048463915537
39004,0.00316951652817078
39003,0.00316854959713952
39002,0.00316758385035874
39001,0.00316661929212627
39000,0.0031656559267405
38999,0.00316487169396047
38998,0.003164088328207
38997,0.00316330583192017
38996,0.00316252420753963
38995,0.00316174345750459
38994,0.0031609635842538
38993,0.00316018459022552
38992,0.00315940647785754
38991,0.00315862924958708
38990,0.00315785290785089
38989,0.00315707745508512
38988,0.00315630289372537
38987,0.00315552922620666
38986,0.00315475645496337
38985,0.00315398458242929
38984,0.00315321361103755
38983,0.00315244354322061
38982,0.00315167438141028
38981,0.00315090612803762
38980,0.00315013878553302
38979,0.00314948304734622
38978,0.00314882798884911
38977,0.00314817361157772
38976,0.00314751991706763
38975,0.00314686690685389
38974,0.00314621458247104
38973,0.0031455629454531
38972,0.00314491199733357
38971,0.00314426173964543
38970,0.00314361217392107
38969,0.00314296330169236
38968,0.0031423151244906
38967,0.00314166764384649
38966,0.00314102086129018
38965,0.00314037477835122
38964,0.00313972939655855
38963,0.0031390847174405
38962,0.00313844074252477
38961,0.00313779747333847
38960,0.00313715491140804
38959,0.00313662153574183
38958,0.00313608866043804
38957,0.00313555628638478
38956,0.00313502441446979
38955,0.00313449304558042
38954,0.00313396218060363
38953,0.00313343182042601
38952,0.00313290196593374
38951,0.00313237261801263
38950,0.00313184377754808
38949,0.00313131544542508
38948,0.00313078762252821
38947,0.00313026030974167
38946,0.00312973350794921
38945,0.00312920721803418
38944,0.00312868144087951
38943,0.00312815617736769
38942,0.00312763142838079
38941,0.00312710719480044
38940,0.00312658347750784
38939,0.00312615707785956
38938,0.00312573098396132
38937,0.00312530519625755
38936,0.00312487971519261
38935,0.0031244545412108
38934,0.00312402967475637
38933,0.00312360511627348
38932,0.00312318086620622
38931,0.00312275692499861
38930,0.00312233329309459
38929,0.00312190997093805
38928,0.00312148695897278
38927,0.00312106425764251
38926,0.00312064186739088
38925,0.00312021978866145
38924,0.00311979802189773
38923,0.00311937656754311
38922,0.00311895542604092
38921,0.00311853459783441
38920,0.00311811408336673
38919,0.00311769388308096
38918,0.0031172739974201
38917,0.00311685442682705
38916,0.00311643517174462
38915,0.00311601623261553
38914,0.00311559760988243
38913,0.00311517930398786
38912,0.00311476131537428
38911,0.00311434364448404
38910,0.00311392629175942
38909,0.00311350925764257
38908,0.00311309254257559
38907,0.00311267614700045
38906,0.00311226007135902
38905,0.00311184431609308
38904,0.00311142888164431
38903,0.0031110137684543
38902,0.00311059897696451
38901,0.00311018450761631
38900,0.00310977036085097
38899,0.00310940824739686
38898,0.00310904638155349
38897,0.00310868476361626
38896,0.00310832339388054
38895,0.0031079622726416
38894,0.00310760140019465
38893,0.00310724077683486
38892,0.00310688040285729
38891,0.00310652027855698
38890,0.00310616040422888
38889,0.00310580078016786
38888,0.00310544140666875
38887,0.00310508228402628
38886,0.00310472341253515
38885,0.00310436479248994
38884,0.00310400642418521
38883,0.0031036483079154
38882,0.00310329044397491
38881,0.00310293283265807
38880,0.00310257547425913
38879,0.00310227992349199
38878,0.00310198458498081
38877,0.00310168945891645
38876,0.00310139454548972
38875,0.00310109984489125
38874,0.00310080535731161
38873,0.00310051108294122
38872,0.00310021702197037
38871,0.00309992317458927
38870,0.00309962954098797
38869,0.00309933612135641
38868,0.00309904291588445
38867,0.00309874992476175
38866,0.00309845714817793
38865,0.00309816458632243
38864,0.00309787223938459
38863,0.00309758010755364
38862,0.00309728819101865
38861,0.00309699648996861
38860,0.00309670500459236
38859,0.00309645321108968
38858,0.00309620154941415
38857,0.00309595001967224
38856,0.00309569862197044
38855,0.00309544735641517
38854,0.00309519622311286
38853,0.00309494522216992
38852,0.0030946943536927
38851,0.00309444361778757
38850,0.00309419301456084
38849,0.00309394254411885
38848,0.00309369220656785
38847,0.00309344200201412
38846,0.00309319193056389
38845,0.00309294199232337
38844,0.00309269218739875
38843,0.0030924425158962
38842,0.00309219297792187
38841,0.00309194357358186
38840,0.00309169430298228
38839,0.0030914562065152
38838,0.00309121826667279
38837,0.00309098048356522
38836,0.00309074285730259
38835,0.00309050538799492
38834,0.00309026807575215
38833,0.00309003092068415
38832,0.00308979392290073
38831,0.00308955708251159
38830,0.00308932039962639
38829,0.0030890838743547
38828,0.003088847506806
38827,0.00308861129708972
38826,0.00308837524531519
38825,0.00308813935159168
38824,0.00308790361602838
38823,0.0030876680387344
38822,0.00308743261981877
38821,0.00308719735939045
38820,0.00308696225755831
38819,0.00308679186656043
38818,0.00308662152452032
38817,0.00308645123149284
38816,0.00308628098753281
38815,0.00308611079269509
38814,0.00308594064703455
38813,0.00308577055060609
38812,0.00308560050346461
38811,0.00308543050566502
38810,0.00308526055726225
38809,0.00308509065831127
38808,0.00308492080886703
38807,0.00308475100898453
38806,0.00308458125871874
38805,0.00308441155812467
38804,0.00308424190725737
38803,0.00308407230617186
38802,0.00308390275492322
38801,0.00308373325356649
38800,0.00308356380215677
38799,0.00308339440074917
38798,0.0030832250493988
38797,0.00308305574816079
38796,0.00308288649709029
38795,0.00308271729624245
38794,0.00308254814567246
38793,0.00308237904543549
38792,0.00308220999558678
38791,0.00308204099618152
38790,0.00308187204727495
38789,0.00308170314892232
38788,0.0030815343011789
38787,0.00308136550409997
38786,0.00308119675774081
38785,0.00308102806215674
38784,0.00308085941740308
38783,0.00308069082353516
38782,0.00308052228060834
38781,0.00308035378867798
38780,0.00308018534779945
38779,0.00308001695802816
38778,0.0030798486194195
38777,0.00307968033202892
38776,0.00307951209591183
38775,0.00307934391112368
38774,0.00307917577771995
38773,0.00307900769575611
38772,0.00307883966528767
38771,0.00307867168637011
38770,0.00307850375905896
38769,0.00307833588340975
38768,0.00307816805947804
38767,0.00307800028731939
38766,0.00307783256698937
38765,0.00307766489854357
38764,0.00307749728203759
38763,0.00307732971752705
38762,0.00307716220506759
38761,0.00307699474471484
38760,0.00307682733652446
38759,0.00307673039298484
38758,0.00307663347184991
38757,0.0030765365731264
38756,0.00307643969682108
38755,0.00307634284294069
38754,0.00307624601149198
38753,0.00307614920248168
38752,0.00307605241591654
38751,0.00307595565180331
38750,0.00307585891014873
38749,0.00307576219095953
38748,0.00307566549424247
38747,0.00307556882000426
38746,0.00307547216825167
38745,0.00307537553899143
38744,0.00307527893223027
38743,0.00307518234797493
38742,0.00307508578623214
38741,0.00307498924700865
38740,0.00307489273031119
38739,0.00307472187071414
38738,0.00307455114949375
38737,0.00307438056672548
38736,0.00307421012248462
38735,0.00307403981684639
38734,0.00307386964988588
38733,0.00307369962167807
38732,0.00307352973229788
38731,0.00307335998182004
38730,0.00307319037031925
38729,0.00307302089787006
38728,0.00307285156454689
38727,0.00307268237042411
38726,0.00307251331557593
38725,0.00307234440007647
38724,0.00307217562399975
38723,0.00307200698741964
38722,0.00307183849040995
38721,0.00307167013304433
38720,0.00307150191539637
38719,0.00307138154741013
38718,0.00307126127270308
38717,0.00307114109131384
38716,0.00307102100328094
38715,0.00307090100864289
38714,0.00307078110743812
38713,0.00307066129970498
38712,0.00307054158548179
38711,0.00307042196480678
38710,0.00307030243771814
38709,0.00307018300425398
38708,0.00307006366445236
38707,0.00306994441835128
38706,0.00306982526598866
38705,0.00306970620740237
38704,0.00306958724263023
38703,0.00306946837170997
38702,0.00306934959467929
38701,0.00306923091157578
38700,0.00306911232243701
38699,0.00306899382730047
38698,0.00306887542620358
38697,0.00306875711918374
38696,0.00306863890627821
38695,0.00306852078752424
38694,0.00306840276295902
38693,0.00306828483261965
38692,0.00306816699654319
38691,0.00306804925476659
38690,0.00306793160732681
38689,0.00306781405426068
38688,0.003067696595605
38687,0.0030675792313965
38686,0.00306746196167184
38685,0.00306734478646761
38684,0.00306722770582035
38683,0.00306711071976653
38682,0.00306699382834256
38681,0.00306687703158477
38680,0.00306676032952944
38679,0.00306654995740512
38678,0.00306633978640224
38677,0.00306612981664146
38676,0.00306592004824324
38675,0.00306571048132786
38674,0.00306550111601537
38673,0.00306529195242562
38672,0.00306508299067827
38671,0.00306487423089275
38670,0.00306466567318831
38669,0.00306445731768396
38668,0.00306424916449854
38667,0.00306404121375066
38666,0.00306383346555871
38665,0.00306362592004091
38664,0.00306341857731523
38663,0.00306321143749945
38662,0.00306300450071115
38661,0.00306279776706768
38660,0.00306259123668618
38659,0.00306237246250932
38658,0.00306215385782957
38657,0.00306193542274769
38656,0.00306171715736434
38655,0.0030614990617801
38654,0.00306128113609542
38653,0.00306106338041068
38652,0.00306084579482615
38651,0.003060628379442
38650,0.00306041113435832
38649,0.00306019405967506
38648,0.00305997715549213
38647,0.00305976042190929
38646,0.00305954385902623
38645,0.00305932746694252
38644,0.00305911124575765
38643,0.00305889519557101
38642,0.00305867931648187
38641,0.00305846360858941
38640,0.00305824807199273
38639,0.0030580327067908
38638,0.0030578175130825
38637,0.00305760249096661
38636,0.00305738764054182
38635,0.00305717296190669
38634,0.00305695845515971
38633,0.00305674412039925
38632,0.00305652995772359
38631,0.00305631596723089
38630,0.00305610214901922
38629,0.00305588850318655
38628,0.00305567502983073
38627,0.00305546172904955
38626,0.00305524860094064
38625,0.00305503564560156
38624,0.00305482286312976
38623,0.0030546102536226
38622,0.00305439781717731
38621,0.00305418555389102
38620,0.00305397346386078
38619,0.00305371658132743
38618,0.00305345994195681
38617,0.00305320354591479
38616,0.0030529473933671
38615,0.00305269148447921
38614,0.00305243581941647
38613,0.00305218039834399
38612,0.0030519252214267
38611,0.00305167028882936
38610,0.00305141560071649
38609,0.00305116115725246
38608,0.00305090695860144
38607,0.00305065300492738
38606,0.00305039929639405
38605,0.00305014583316503
38604,0.00304989261540371
38603,0.00304963964327326
38602,0.00304938691693667
38601,0.00304913443655673
38600,0.00304888220229604
38599,0.0030485860171524
38598,0.00304829016140803
38597,0.00304799463531992
38596,0.00304769943914475
38595,0.00304740457313885
38594,0.0030471100375582
38593,0.00304681583265848
38592,0.00304652195869498
38591,0.00304622841592269
38590,0.00304593520459626
38589,0.00304564232496996
38588,0.00304534977729776
38587,0.00304505756183325
38586,0.00304476567882971
38585,0.00304447412854006
38584,0.00304418291121687
38583,0.00304389202711235
38582,0.00304360147647838
38581,0.00304331125956651
38580,0.0030430213766279
38579,0.00304273182791338
38578,0.00304244261367342
38577,0.00304215373415814
38576,0.00304186518961733
38575,0.00304157698030039
38574,0.00304128910645637
38573,0.00304100156833398
38572,0.00304071436618157
38571,0.00304042750024712
38570,0.00304014097077826
38569,0.00303985477802226
38568,0.00303956892222603
38567,0.00303928340363609
38566,0.00303899822249866
38565,0.00303871337905953
38564,0.00303842887356416
38563,0.00303814470625764
38562,0.00303786087738469
38561,0.00303757738718967
38560,0.00303729423591656
38559,0.00303694095647897
38558,0.00303658806084945
38557,0.00303623554946761
38556,0.00303588342277283
38555,0.00303553168120433
38554,0.00303518032520107
38553,0.00303482935520185
38552,0.00303447877164521
38551,0.00303412857496952
38550,0.0030337787656129
38549,0.00303342934401327
38548,0.00303308031060834
38547,0.00303273166583561
38546,0.00303238341013232
38545,0.00303203554393553
38544,0.00303168806768207
38543,0.00303134098180852
38542,0.00303099428675128
38541,0.00303064798294648
38540,0.00303030207083005
38539,0.00302990097866209
38538,0.0030295003739884
38537,0.00302910025751708
38536,0.00302870062995595
38535,0.00302830149201261
38534,0.00302790284439443
38533,0.00302750468780852
38532,0.00302710702296175
38531,0.00302670985056072
38530,0.00302631317131183
38529,0.00302591698592117
38528,0.00302552129509459
38527,0.00302512609953768
38526,0.00302473139995578
38525,0.00302433719705394
38524,0.00302394349153694
38523,0.00302355028410931
38522,0.00302315757547529
38521,0.00302276536633883
38520,0.00302237365740362
38519,0.00302192794866703
38518,0.00302148285963525
38517,0.00302103839139943
38516,0.00302059454505045
38515,0.00302015132167887
38514,0.00301970872237492
38513,0.00301926674822849
38512,0.00301882540032916
38511,0.00301838467976615
38510,0.00301794458762834
38509,0.00301750512500424
38508,0.00301706629298203
38507,0.0030166280926495
38506,0.00301619052509407
38505,0.00301575359140279
38504,0.00301531729266233
38503,0.00301488162995893
38502,0.00301444660437849
38501,0.00301401221700645
38500,0.00301357846892788
38499,0.00301313120507849
38498,0.0030126845966157
38497,0.00301223864482913
38496,0.00301179335100813
38495,0.00301134871644175
38494,0.00301090474241873
38493,0.00301046143022748
38492,0.00301001878115611
38491,0.00300957679649236
38490,0.00300913547752367
38489,0.00300869482553709
38488,0.00300825484181933
38487,0.00300781552765672
38486,0.00300737688433521
38485,0.00300693891314037
38484,0.00300650161535736
38483,0.00300606499227095
38482,0.00300562904516546
38481,0.00300519377532483
38480,0.00300475918403252
38479,0.00300437699671007
38478,0.00300399535074499
38477,0.00300361424696729
38476,0.0030032336862066
38475,0.00300285366929221
38474,0.00300247419705302
38473,0.00300209527031759
38472,0.00300171688991409
38471,0.00300133905667032
38470,0.00300096177141371
38469,0.00300058503497129
38468,0.0030002088481697
38467,0.00299983321183521
38466,0.00299945812679365
38465,0.00299908359387047
38464,0.00299870961389074
38463,0.00299833618767905
38462,0.00299796331605964
38461,0.00299759099985629
38460,0.00299721923989238
38459,0.00299677482288755
38458,0.002996331229923
38457,0.00299588846234821
38456,0.00299544652151158
38455,0.00299500540876045
38454,0.00299456512544104
38453,0.00299412567289853
38452,0.00299368705247694
38451,0.0029932492655192
38450,0.00299281231336709
38449,0.00299237619736127
38448,0.00299194091884125
38447,0.00299150647914536
38446,0.00299107287961078
38445,0.0029906401215735
38444,0.00299020820636831
38443,0.00298977713532881
38442,0.00298934690978736
38441,0.00298891753107514
38440,0.00298848900052205
38439,0.00298813155054911
38438,0.00298777467769177
38437,0.00298741838275982
38436,0.00298706266656248
38435,0.00298670752990843
38434,0.00298635297360575
38433,0.00298599899846197
38432,0.00298564560528406
38431,0.00298529279487839
38430,0.00298494056805075
38429,0.00298458892560634
38428,0.00298423786834976
38427,0.00298388739708503
38426,0.00298353751261554
38425,0.0029831882157441
38424,0.00298283950727287
38423,0.00298249138800341
38422,0.00298214385873667
38421,0.00298179692027294
38420,0.00298145057341191
38419,0.00298118610210016
38418,0.00298092198511365
38417,0.00298065822279656
38416,0.00298039481549281
38415,0.00298013176354611
38414,0.00297986906729989
38413,0.00297960672709736
38412,0.00297934474328148
38411,0.00297908311619497
38410,0.0029788218461803
38409,0.0029785609335797
38408,0.00297830037873513
38407,0.00297804018198833
38406,0.00297778034368077
38405,0.00297752086415367
38404,0.002977261743748
38403,0.00297700298280447
38402,0.00297674458166354
38401,0.00297648654066541
38400,0.00297622886015002
38399,0.00297592525085757
38398,0.0029756221268329
38397,0.00297531948867395
38396,0.00297501733697818
38395,0.0029747156723426
38394,0.00297441449536372
38393,0.0029741138066376
38392,0.00297381360675981
38391,0.00297351389632545
38390,0.00297321467592912
38389,0.00297291594616494
38388,0.00297261770762654
38387,0.00297231996090705
38386,0.00297202270659911
38385,0.00297172594529484
38384,0.00297142967758588
38383,0.00297113390406334
38382,0.00297083862531785
38381,0.00297054384193948
38380,0.00297024955451781
38379,0.00297001381295952
38378,0.00296977843413601
38377,0.0029695434183054
38376,0.00296930876572554
38375,0.00296907447665392
38374,0.00296884055134777
38373,0.002968606990064
38372,0.0029683737930592
38371,0.00296814096058969
38370,0.00296790849291145
38369,0.00296767639028017
38368,0.00296744465295121
38367,0.00296721328117963
38366,0.0029669822752202
38365,0.00296675163532734
38364,0.00296652136175518
38363,0.00296629145475753
38362,0.00296606191458789
38361,0.00296583274149944
38360,0.00296560393574504
38359,0.00296537549757725
38358,0.00296514742724828
38357,0.00296491972501004
38356,0.00296469239111413
38355,0.00296446542581181
38354,0.00296423882935403
38353,0.00296401260199141
38352,0.00296378674397423
38351,0.0029635612555525
38350,0.00296333613697583
38349,0.00296311138849357
38348,0.00296288701035469
38347,0.00296266300280787
38346,0.00296243936610145
38345,0.00296221610048342
38344,0.00296199320620146
38343,0.00296177068350292
38342,0.0029615485326348
38341,0.00296132675384378
38340,0.00296110534737619
38339,0.00296092713342487
38338,0.00296074919788802
38337,0.00296057154088749
38336,0.00296039416254491
38335,0.0029602170629817
38334,0.00296004024231904
38333,0.00295986370067793
38332,0.00295968743817911
38331,0.00295951145494312
38330,0.00295933575109027
38329,0.00295916032674066
38328,0.00295898518201416
38327,0.00295881031703042
38326,0.00295863573190887
38325,0.00295846142676871
38324,0.00295828740172893
38323,0.00295811365690829
38322,0.00295794019242531
38321,0.00295776700839832
38320,0.0029575941049454
38319,0.00295739273902201
38318,0.0029571917553383
38317,0.00295699115408061
38316,0.00295679093543489
38315,0.00295659109958666
38314,0.002956391646721
38313,0.00295619257702261
38312,0.00295599389067573
38311,0.0029557955878642
38310,0.00295559766877142
38309,0.00295540013358037
38308,0.00295520298247362
38307,0.00295500621563329
38306,0.0029548098332411
38305,0.00295461383547832
38304,0.00295441822252579
38303,0.00295422299456394
38302,0.00295402815177276
38301,0.00295383369433181
38300,0.00295363962242021
38299,0.00295347358205277
38298,0.00295330782517496
38297,0.00295314235189882
38296,0.00295297716233616
38295,0.00295281225659855
38294,0.00295264763479732
38293,0.0029524832970436
38292,0.00295231924344823
38291,0.00295215547412186
38290,0.00295199198917486
38289,0.0029518287887174
38288,0.00295166587285941
38287,0.00295150324171054
38286,0.00295134089538026
38285,0.00295117883397775
38284,0.00295101705761199
38283,0.0029508555663917
38282,0.00295069436042536
38281,0.00295053343982122
38280,0.00295037280468727
38279,0.00295018575797738
38278,0.00294999910014152
38277,0.00294981283134995
38276,0.00294962695177249
38275,0.00294944146157851
38274,0.00294925636093689
38273,0.00294907165001612
38272,0.00294888732898419
38271,0.00294870339800866
38270,0.00294851985725663
38269,0.00294833670689475
38268,0.00294815394708921
38267,0.00294797157800573
38266,0.00294778959980961
38265,0.00294760801266565
38264,0.00294742681673823
38263,0.00294724601219124
38262,0.00294706559918812
38261,0.00294688557789187
38260,0.00294670594846499
38259,0.00294654032149009
38258,0.00294637510533736
38257,0.00294621030012541
38256,0.00294604590597223
38255,0.00294588192299513
38254,0.00294571835131081
38253,0.0029455551910353
38252,0.00294539244228399
38251,0.00294523010517165
38250,0.00294506817981236
38249,0.00294490666631957
38248,0.00294474556480609
38247,0.00294458487538406
38246,0.00294442459816498
38245,0.0029442647332597
38244,0.00294410528077841
38243,0.00294394624083064
38242,0.00294378761352528
38241,0.00294362939897054
38240,0.002943471597274
38239,0.00294335252438676
38238,0.00294323378975989
38237,0.00294311539342717
38236,0.00294299733542176
38235,0.00294287961577616
38234,0.00294276223452228
38233,0.00294264519169137
38232,0.00294252848731405
38231,0.0029424121214203
38230,0.00294229609403948
38229,0.00294218040520029
38228,0.00294206505493082
38227,0.00294195004325851
38226,0.00294183537021016
38225,0.00294172103581193
38224,0.00294160704008934
38223,0.00294149338306728
38222,0.00294138006476999
38221,0.00294126708522107
38220,0.00294115444444347
38219,0.00294103297355529
38218,0.0029409119971419
38217,0.00294079151520475
38216,0.00294067152774367
38215,0.00294055203475686
38214,0.00294043303624092
38213,0.00294031453219081
38212,0.00294019652259989
38211,0.00294007900745987
38210,0.00293996198676086
38209,0.00293984546049131
38208,0.00293972942863807
38207,0.00293961389118632
38206,0.00293949884811965
38205,0.00293938429941998
38204,0.00293927024506759
38203,0.00293915668504115
38202,0.00293904361931764
38201,0.00293893104787244
38200,0.00293881897067925
38199,0.00293870002280493
38198,0.00293858138334016
38197,0.00293846305232768
38196,0.00293834502980988
38195,0.00293822731582868
38194,0.00293810991042565
38193,0.00293799281364193
38192,0.00293787602551825
38191,0.00293775954609497
38190,0.00293764337541201
38189,0.0029375275135089
38188,0.00293741196042476
38187,0.0029372967161983
38186,0.00293718178086784
38185,0.00293706715447127
38184,0.0029369528370461
38183,0.0029368388286294
38182,0.00293672512925785
38181,0.00293661173896772
38180,0.00293649865779488
38179,0.00293637085507247
38178,0.00293624334635634
38177,0.00293611613172231
38176,0.00293598921124595
38175,0.0029358625850025
38174,0.00293573625306696
38173,0.00293561021551403
38172,0.00293548447241813
38171,0.00293535902385339
38170,0.00293523386989364
38169,0.00293510901061247
38168,0.00293498444608313
38167,0.00293486017637861
38166,0.00293473620157163
38165,0.00293461252173458
38164,0.0029344891369396
38163,0.00293436604725853
38162,0.00293424325276291
38161,0.00293412075352402
38160,0.00293399854961282
38159,0.0029338615430867
38158,0.00293372483231615
38157,0.00293358841741997
38156,0.0029334522985167
38155,0.0029333164757246
38154,0.0029331809491617
38153,0.00293304571894576
38152,0.00293291078519429
38151,0.00293277614802453
38150,0.00293264180755346
38149,0.00293250776389779
38148,0.002932374017174
38147,0.00293224056749828
38146,0.00293210741498656
38145,0.00293197455975452
38144,0.00293184200191757
38143,0.00293170974159086
38142,0.00293157777888927
38141,0.00293144611392741
38140,0.00293131474681965
38139,0.00293121801623932
38138,0.00293112149198318
38137,0.00293102517408866
38136,0.00293092906259304
38135,0.00293083315753346
38134,0.0029307374589469
38133,0.00293064196687023
38132,0.00293054668134015
38131,0.00293045160239323
38130,0.00293035673006588
38129,0.00293026206439437
38128,0.00293016760541483
38127,0.00293007335316326
38126,0.00292997930767547
38125,0.00292988546898719
38124,0.00292979183713393
38123,0.00292969841215113
38122,0.00292960519407402
38121,0.00292951218293772
38120,0.0029294193787772
38119,0.00292930828704161
38118,0.00292919749346117
38117,0.00292908699809545
38116,0.00292897680100375
38115,0.00292886690224504
38114,0.00292875730187799
38113,0.00292864799996097
38112,0.00292853899655205
38111,0.00292843029170898
38110,0.00292832188548922
38109,0.00292821377794991
38108,0.00292810596914789
38107,0.00292799845913969
38106,0.00292789124798154
38105,0.00292778433572935
38104,0.00292767772243873
38103,0.00292757140816497
38102,0.00292746539296308
38101,0.00292735967688772
38100,0.00292725425999327
38099,0.0029271992818661
38098,0.00292714444787938
38097,0.00292708975802787
38096,0.00292703521230617
38095,0.00292698081070881
38094,0.0029269265532302
38093,0.00292687243986463
38092,0.0029268184706063
38091,0.00292676464544926
38090,0.00292671096438751
38089,0.00292665742741489
38088,0.00292660403452514
38087,0.00292655078571191
38086,0.00292649768096873
38085,0.002926444720289
38084,0.00292639190366604
38083,0.00292633923109304
38082,0.00292628670256309
38081,0.00292623431806916
38080,0.00292618207760412
38079,0.00292613150383584
38078,0.00292608100497512
38077,0.00292603058102809
38076,0.00292598023200088
38075,0.00292592995789959
38074,0.00292587975873029
38073,0.00292582963449906
38072,0.00292577958521194
38071,0.00292572961087494
38070,0.00292567971149408
38069,0.00292562988707533
38068,0.00292558013762466
38067,0.00292553046314802
38066,0.00292548086365132
38065,0.00292543133914048
38064,0.00292538188962137
38063,0.00292533251509986
38062,0.0029252832155818
38061,0.002925233991073
38060,0.00292518484157928
38059,0.00292513576710643
38058,0.00292508676766019
38057,0.00292503784324633
38056,0.00292498899387056
38055,0.00292494021953859
38054,0.00292489152025611
38053,0.00292484289602878
38052,0.00292479434686224
38051,0.00292474587276213
38050,0.00292469747373404
38049,0.00292464914978356
38048,0.00292460090091627
38047,0.00292455272713769
38046,0.00292450462845336
38045,0.00292445660486879
38044,0.00292440865638945
38043,0.00292436078302081
38042,0.00292431298476833
38041,0.00292426526163741
38040,0.00292421761363347
38039,0.00292418639065443
38038,0.00292415518280017
38037,0.00292412399007375
38036,0.00292409281247821
38035,0.00292406165001661
38034,0.00292403050269199
38033,0.00292399937050741
38032,0.00292396825346591
38031,0.00292393715157054
38030,0.00292390606482433
38029,0.00292387499323035
38028,0.00292384393679162
38027,0.0029238128955112
38026,0.00292378186939211
38025,0.00292375085843741
38024,0.00292371986265012
38023,0.0029236888820333
38022,0.00292365791658996
38021,0.00292362696632316
38020,0.00292359603123591
38019,0.0029235195151318
38018,0.00292344312517625
38017,0.0029233668614627
38016,0.0029232907240844
38015,0.00292321471313451
38014,0.00292313882870603
38013,0.00292306307089184
38012,0.00292298743978467
38011,0.00292291193547711
38010,0.00292283655806163
38009,0.00292276130763056
38008,0.00292268618427609
38007,0.00292261118809025
38006,0.00292253631916498
38005,0.00292246157759204
38004,0.00292238696346307
38003,0.00292231247686957
38002,0.00292223811790291
38001,0.00292216388665429
38000,0.00292208978321482
37999,0.00292203039848375
37998,0.00292197108889739
37997,0.00292191185449622
37996,0.00292185269532069
37995,0.0029217936114112
37994,0.00292173460280812
37993,0.00292167566955177
37992,0.00292161681168242
37991,0.0029215580292403
37990,0.0029214993222656
37989,0.00292144069079845
37988,0.00292138213487897
37987,0.00292132365454719
37986,0.00292126524984313
37985,0.00292120692080675
37984,0.00292114866747798
37983,0.00292109048989669
37982,0.00292103238810271
37981,0.00292097436213583
37980,0.00292091641203579
37979,0.00292087395718195
37978,0.00292083157182403
37977,0.00292078925599584
37976,0.00292074700973114
37975,0.00292070483306362
37974,0.00292066272602691
37973,0.00292062068865461
37972,0.00292057872098024
37971,0.00292053682303728
37970,0.00292049499485913
37969,0.00292045323647915
37968,0.00292041154793066
37967,0.00292036992924689
37966,0.00292032838046104
37965,0.00292028690160624
37964,0.00292024549271556
37963,0.00292020415382204
37962,0.00292016288495862
37961,0.00292012168615824
37960,0.00292008055745372
37959,0.00292008231031975
37958,0.00292008408008869
37957,0.00292008586676256
37956,0.00292008767034335
37955,0.00292008949083304
37954,0.00292009132823363
37953,0.00292009318254711
37952,0.00292009505377545
37951,0.00292009694192064
37950,0.00292009884698465
37949,0.00292010076896945
37948,0.002920102707877
37947,0.00292010466370929
37946,0.00292010663646825
37945,0.00292010862615586
37944,0.00292011063277406
37943,0.00292011265632481
37942,0.00292011469681004
37941,0.00292011675423171
37940,0.00292011882859176
37939,0.0029200917737896
37938,0.00292006475025502
37937,0.00292003775799757
37936,0.00292001079702677
37935,0.00291998386735216
37934,0.00291995696898325
37933,0.00291993010192955
37932,0.00291990326620053
37931,0.00291987646180568
37930,0.00291984968875446
37929,0.00291982294705635
37928,0.00291979623672077
37927,0.00291976955775717
37926,0.00291974291017497
37925,0.00291971629398358
37924,0.0029196897091924
37923,0.00291966315581082
37922,0.00291963663384822
37921,0.00291961014331396
37920,0.00291958368421741
37919,0.00291957289276463
37918,0.00291956214256257
37917,0.00291955143362153
37916,0.0029195407659518
37915,0.00291953013956362
37914,0.00291951955446722
37913,0.00291950901067279
37912,0.00291949850819053
37911,0.00291948804703059
37910,0.00291947762720308
37909,0.00291946724871813
37908,0.00291945691158579
37907,0.00291944661581614
37906,0.00291943636141919
37905,0.00291942614840497
37904,0.00291941597678345
37903,0.00291940584656457
37902,0.00291939575775829
37901,0.0029193857103745
37900,0.00291937570442309
37899,0.00291934992082766
37898,0.00291932416886437
37897,0.00291929844854226
37896,0.00291927275987039
37895,0.00291924710285781
37894,0.00291922147751354
37893,0.0029191958838466
37892,0.00291917032186601
37891,0.00291914479158075
37890,0.00291911929299981
37889,0.00291909382613217
37888,0.00291906839098679
37887,0.00291904298757261
37886,0.00291901761589858
37885,0.00291899227597363
37884,0.00291896696780667
37883,0.00291894169140661
37882,0.00291891644678235
37881,0.00291889123394276
37880,0.00291886605289672
37879,0.00291885347429904
37878,0.00291884090365308
37877,0.00291882834095993
37876,0.0029188157862207
37875,0.0029188032394365
37874,0.00291879070060842
37873,0.00291877816973758
37872,0.00291876564682506
37871,0.00291875313187198
37870,0.00291874062487944
37869,0.00291872812584853
37868,0.00291871563478035
37867,0.00291870315167601
37866,0.0029186906765366
37865,0.00291867820936322
37864,0.00291866575015696
37863,0.00291865329891892
37862,0.0029186408556502
37861,0.00291862842035189
37860,0.00291861599302508
37859,0.00291861259097149
37858,0.00291860920605048
37857,0.00291860583826044
37856,0.00291860248759976
37855,0.0029185991540668
37854,0.00291859583765995
37853,0.00291859253837759
37852,0.00291858925621808
37851,0.00291858599117978
37850,0.00291858274326106
37849,0.00291857951246027
37848,0.00291857629877577
37847,0.00291857310220592
37846,0.00291856992274905
37845,0.00291856676040352
37844,0.00291856361516766
37843,0.00291856048703981
37842,0.0029185573760183
37841,0.00291855428210147
37840,0.00291855120528765
37839,0.00291853250132152
37838,0.00291851384061421
37837,0.00291849522316251
37836,0.00291847664896319
37835,0.00291845811801302
37834,0.00291843963030874
37833,0.00291842118584709
37832,0.00291840278462477
37831,0.00291838442663851
37830,0.00291836611188499
37829,0.00291834784036088
37828,0.00291832961206284
37827,0.00291831142698751
37826,0.00291829328513154
37825,0.00291827518649152
37824,0.00291825713106408
37823,0.00291823911884579
37822,0.00291822114983322
37821,0.00291820322402294
37820,0.00291818534141149
37819,0.00291815221279622
37818,0.00291811917052269
37817,0.00291808621458585
37816,0.00291805334498055
37815,0.00291802056170166
37814,0.00291798786474396
37813,0.0029179552541022
37812,0.0029179227297711
37811,0.0029178902917453
37810,0.00291785794001942
37809,0.00291782567458803
37808,0.00291779349544567
37807,0.0029177614025868
37806,0.00291772939600587
37805,0.00291769747569726
37804,0.00291766564165532
37803,0.00291763389387435
37802,0.0029176022323486
37801,0.00291757065707229
37800,0.00291753916803958
37799,0.00291746349818486
37798,0.00291738814608729
37797,0.00291731311174499
37796,0.00291723839515563
37795,0.00291716399631644
37794,0.00290710128957509
37793,0.00290704263343615
37792,0.00290698427379613
37791,0.00290692621067681
37790,0.00290686844409946
37789,0.0029068109740849
37788,0.00290675380065345
37787,0.00290669692382495
37786,0.00290664034361873
37785,0.00290658406005368
37784,0.00290652807314816
37783,0.00290647238292008
37782,0.00290641698938683
37781,0.00290636189256534
37780,0.00290630709247204
37779,0.00290625368208912
37778,0.00290620069970256
37777,0.00290614814528385
37776,0.00290609601880321
37775,0.00290604432022963
37774,0.00290599304953085
37773,0.00290594220667337
37772,0.00290589179162243
37771,0.00290584180434202
37770,0.00290579224479491
37769,0.00290574311294259
37768,0.00290569440874531
37767,0.00290564613216206
37766,0.00290559828315059
37765,0.00290555086166738
37764,0.00290550386766766
37763,0.00290545730110542
37762,0.00290541116193336
37761,0.00290536545010296
37760,0.00290532016556441
37759,0.00290523554613312
37758,0.00290515192994498
37757,0.0029050693169849
37756,0.00290498770723195
37755,0.00290490710065935
37754,0.00290482749723447
37753,0.00290474889691881
37752,0.002904671299668
37751,0.00290459470543178
37750,0.00290451911415401
37749,0.00290444452577265
37748,0.00290437094021978
37747,0.00290429835742152
37746,0.00290422677729811
37745,0.00290415619976387
37744,0.00290408662472717
37743,0.00290401805209044
37742,0.00290395048175018
37741,0.00290388391359691
37740,0.00290381834751521
37739,0.00290370356161743
37738,0.00290359033302114
37737,0.00290347866217787
37736,0.00290336854952775
37735,0.00290325999549948
37734,0.0029031530005103
37733,0.00290304756496598
37732,0.00290294368926077
37731,0.00290284137377743
37730,0.00290274061888714
37729,0.00290264142494952
37728,0.00290254379231261
37727,0.00290244772131281
37726,0.0029023532122749
37725,0.002902260265512
37724,0.00290216888132552
37723,0.0029020790600052
37722,0.00290199080182901
37721,0.0029019041070632
37720,0.00290181897596223
37719,0.00290172475191157
37718,0.00290163312529683
37717,0.00290154409608222
37716,0.00290145766419734
37715,0.00290137382953711
37714,0.00290129259196171
37713,0.00290121395129651
37712,0.00290113790733197
37711,0.00290106445982359
37710,0.00290099360849185
37709,0.0029009253530221
37708,0.00290085969306454
37707,0.0029007966282341
37706,0.0029007361581104
37705,0.00290067828223768
37704,0.0029006230001247
37703,0.00290057031124472
37702,0.00290052021503539
37701,0.0029004727108987
37700,0.00290042779820091
37699,0.00290036340357855
37698,0.0029003025275851
37697,0.00290024516986348
37696,0.0029001913299937
37695,0.0029001410074927
37694,0.00290009420181418
37693,0.00290005091234845
37692,0.00290001113842228
37691,0.00289997487929876
37690,0.00289994213417712
37689,0.0028999129021926
37688,0.00289988718241628
37687,0.00289986497385498
37686,0.00289984627545104
37685,0.00289983108608222
37684,0.00289981940456155
37683,0.00289981122963716
37682,0.00289980655999216
37681,0.00289980539424447
37680,0.00288798451585667
37679,0.00288802204680773
37678,0.00288806341877136
37677,0.0028881086281513
37676,0.00288815767126346
37675,0.0028882105443358
37674,0.00288826724350817
37673,0.00288832776483217
37672,0.00288839210427104
37671,0.00288846025769948
37670,0.00288853222090361
37669,0.00288860798958074
37668,0.00288868755933931
37667,0.00288877092569874
37666,0.00288885808408932
37665,0.00288894902985209
37664,0.00288904375823872
37663,0.00288914226441137
37662,0.00288924454344262
37661,0.00288935059031534
37660,0.00288946039992256
37659,0.00288959114321742
37658,0.00288972599538409
37657,0.0028898649492522
37656,0.00289000799753664
37655,0.00289015513283736
37654,0.00289030634763935
37653,0.00289046163431251
37652,0.00289062098511159
37651,0.0028907843921761
37650,0.00289095184753018
37649,0.00289112334308263
37648,0.00289129887062672
37647,0.00289147842184022
37646,0.00289166198828527
37645,0.00289184956140835
37644,0.0028920411325402
37643,0.0028922366928958
37642,0.00289243623357428
37641,0.0028926397455589
37640,0.002892847219717
37639,0.00289306816432344
37638,0.00289329416152571
37637,0.00289352519976869
37636,0.00289376126732136
37635,0.00289400235227667
37634,0.00289424844255139
37633,0.00289449952588601
37632,0.00289475558984463
37631,0.00289501662181483
37630,0.00289528260900758
37629,0.00289555353845715
37628,0.00289582939702102
37627,0.0028961101713798
37626,0.00289639584803713
37625,0.00289668641331965
37624,0.00289698185337691
37623,0.00289728215418132
37622,0.00289758730152811
37621,0.00289789728103528
37620,0.00289821207814356
37619,0.00289853167811639
37618,0.00289885606603991
37617,0.0028991852268229
37616,0.00289951914519682
37615,0.00289985780571579
37614,0.00290020119275658
37613,0.00290054929051866
37612,0.00290090208302419
37611,0.00290125955411804
37610,0.00290162168746785
37609,0.00290198846656405
37608,0.00290235987471993
37607,0.00290273589507166
37606,0.00290311651057838
37605,0.00290350170402226
37604,0.0029038914580086
37603,0.00290428575496585
37602,0.00290468457714577
37601,0.0029050879066235
37600,0.00290549572529766
37599,0.00290588586540492
37598,0.00290628105624691
37597,0.002906681281777
37596,0.00290708652574948
37595,0.00290749677171945
37594,0.00290791200304271
37593,0.00290833220287563
37592,0.00290875735417502
37591,0.00289302858926713
37590,0.00289348750180098
37589,0.00289395128419921
37588,0.00289441991864476
37587,0.00289489338712055
37586,0.00289537167140949
37585,0.00289585475309436
37584,0.00289634261355781
37583,0.00289683523398226
37582,0.00289733259534993
37581,0.00289783467844277
37580,0.00289834146384244
37579,0.00289888361650359
37578,0.00289943066397234
37577,0.0028999825823705
37576,0.00290053934759113
37575,0.00290110093529871
37574,0.00290166732092926
37573,0.00290223847969051
37572,0.00290281438656211
37571,0.00290339501629575
37570,0.00290398034341542
37569,0.00290457034221755
37568,0.0029051649867713
37567,0.00290576425091871
37566,0.00290636810827502
37565,0.00290697653222883
37564,0.00290758949594241
37563,0.00290820697235197
37562,0.00290882893416793
37561,0.0029094553538752
37560,0.0029100862037335
37559,0.00291069869271888
37558,0.00291131524979213
37557,0.00291193584948698
37556,0.00291256046614355
37555,0.00291318907390868
37554,0.0029138216467362
37553,0.00291445815838728
37552,0.00291509858243073
37551,0.00291574289224334
37550,0.00291639106101021
37549,0.00291704306172512
37548,0.00291769886719088
37547,0.00291835845001969
37546,0.00291902178263353
37545,0.00291968883726453
37544,0.0029203595859554
37543,0.00292103400055979
37542,0.00292171205274274
37541,0.00292239371398108
37540,0.00292307895556387
37539,0.00292370790502223
37538,0.00292434001357169
37537,0.00292497525907075
37536,0.00292561361923639
37535,0.00292625507164433
37534,0.00292689959372929
37533,0.00292754716278523
37532,0.00292819775596562
37531,0.00292885135028374
37530,0.00292950792261289
37529,0.00293016744968672
37528,0.00293082990809951
37527,0.00293149527430646
37526,0.00293216352462397
37525,0.00293283463522996
37524,0.00293350858216418
37523,0.00293418534132853
37522,0.00293486488848739
37521,0.0029355471992679
37520,0.00293623224916037
37519,0.00293687878916895
37518,0.00293752734730866
37517,0.0029381779023712
37516,0.00293883043305868
37515,0.0029394849179839
37514,0.00294014133567072
37513,0.00294079966455449
37512,0.00294145988298235
37511,0.00294212196921365
37510,0.00294278590142029
37509,0.00294345165768713
37508,0.00294411921601239
37507,0.00294478855430797
37506,0.00294545965039995
37505,0.00294613248202889
37504,0.00294680702685027
37503,0.0029474832624349
37502,0.00294816116626932
37501,0.00294884071575623
37500,0.00294952188821485
37499,0.00295014573739027
37498,0.00295077089170878
37497,0.00295139733364518
37496,0.00295202504561763
37495,0.00295265400998796
37494,0.0029532842090619
37493,0.00295391562508942
37492,0.00295454824026501
37491,0.00295518203672792
37490,0.00295581699656251
37489,0.00295645310179852
37488,0.00295709033441132
37487,0.0029577286763223
37486,0.00295836810939909
37485,0.00295900861545588
37484,0.00295965017625375
37483,0.00296029277350094
37482,0.00296093638885319
37481,0.002961581003914
37480,0.00296222660023501
37479,0.0029627417682562
37478,0.0029632577731068
37477,0.00296377460570171
37476,0.00296429225692954
37475,0.00296481071765273
37474,0.00296532997870761
37473,0.00296585003090451
37472,0.00296637086502781
37471,0.00296689247183603
37470,0.00296741484206193
37469,0.00296793796641254
37468,0.00296846183556932
37467,0.0029689864401882
37466,0.00296951177089963
37465,0.00297003781830873
37464,0.00297056457299537
37463,0.0029710920255142
37462,0.00297162016639479
37461,0.00297214898614168
37460,0.00297267847523453
37459,0.0029731144411411
37458,0.00297355086740958
37457,0.00297398774870969
37456,0.00297442507969951
37455,0.00297486285502549
37454,0.0029753010693225
37453,0.00297573971721389
37452,0.00297617879331144
37451,0.0029766182922155
37450,0.00297705820851493
37449,0.00297749853678722
37448,0.00297793927159847
37447,0.00297838040750341
37446,0.0029788219390455
37445,0.0029792638607569
37444,0.00297970616715857
37443,0.00298014885276025
37442,0.00298059191206051
37441,0.00298103533954681
37440,0.0029814791296955
37439,0.00298182533560839
37438,0.00298217186013725
37437,0.00298251870057924
37436,0.00298286585422587
37435,0.00298321331836301
37434,0.00298356109027088
37433,0.0029839091672241
37432,0.00298425754649167
37431,0.00298460622533695
37430,0.00298495520101777
37429,0.00298530447078632
37428,0.00298565403188923
37427,0.0029860038815676
37426,0.00298635401705695
37425,0.00298670443558725
37424,0.00298705513438296
37423,0.00298740611066302
37422,0.00298775736164084
37421,0.00298810888452436
37420,0.00298846067651602
37419,0.00298878473949666
37418,0.0029891088100003
37417,0.00298943288571031
37416,0.00298975696430835
37415,0.00299008104347441
37414,0.00299040512088682
37413,0.00299072919422224
37412,0.00299105326115569
37411,0.00299137731936054
37410,0.00299170136650857
37409,0.00299202540026992
37408,0.00299234941831312
37407,0.00300268845105674
37406,0.00300302099328553
37405,0.00300335351899597
37404,0.00300368602585368
37403,0.00300401851152273
37402,0.00300435097366566
37401,0.00300468340994351
37400,0.00300501581801579
37399,0.00300528031288355
37398,0.00300554489737202
37397,0.00300580957038969
37396,0.00300607433084384
37395,0.00300633917764052
37394,0.00300660410968454
37393,0.00300686912587952
37392,0.00300713422512783
37391,0.00300739940633066
37390,0.00300766466838796
37389,0.0030079300101985
37388,0.00300819543065982
37387,0.00300846092866825
37386,0.00300872650311895
37385,0.00300899215290586
37384,0.00300925787692172
37383,0.00300952367405809
37382,0.00300978954320532
37381,0.00301005548325261
37380,0.00301032149308792
37379,0.00301058757159809
37378,0.00301085371766872
37377,0.00301111993018426
37376,0.003011386208028
37375,0.00301165255008203
37374,0.00301191895522729
37373,0.00301218542234354
37372,0.00301245195030938
37371,0.00301271853800225
37370,0.00301298518429844
37369,0.00301325188807307
37368,0.00301351864820011
37367,0.00301378546355239
37366,0.00301405233300157
37365,0.0030143192554182
37364,0.00301458622967165
37363,0.00301485325463018
37362,0.00301512032916089
37361,0.00301538745212977
37360,0.00301565462240166
37359,0.00301592226736044
37358,0.00301619001676769
37357,0.0030164578694071
37356,0.00301672582406062
37355,0.00301699387950853
37354,0.0030172620345294
37353,0.00301753028790009
37352,0.00301779863839578
37351,0.00301806708478999
37350,0.00301833562585451
37349,0.00301860426035947
37348,0.00301887298707333
37347,0.00301914180476285
37346,0.00301941071219315
37345,0.00301967970812766
37344,0.00301994879132813
37343,0.00302021796055469
37342,0.00302048721456577
37341,0.00302075655211817
37340,0.00302102597196703
37339,0.00302129547286583
37338,0.00302156505356643
37337,0.00302183471281901
37336,0.00302210444937216
37335,0.00302237426197279
37334,0.00302264414936621
37333,0.00302291411029607
37332,0.00302318414350441
37331,0.00302345424773167
37330,0.00302372442171664
37329,0.00302399466419651
37328,0.00302426497390685
37327,0.00302453534958163
37326,0.00302480578995321
37325,0.00302507629375236
37324,0.00302534685970823
37323,0.00302561748654841
37322,0.00302588817299887
37321,0.00302615891778401
37320,0.00302642971962663
37319,0.00302673247370221
37318,0.00302703521689144
37317,0.00302733794751283
37316,0.00302764066388339
37315,0.00302794336431861
37314,0.00302824604713248
37313,0.00302854871063748
37312,0.00302885135314461
37311,0.00302915397296337
37310,0.0030294565684018
37309,0.00302975913776644
37308,0.00303006167936239
37307,0.00303036419149324
37306,0.00303066667246117
37305,0.00303096912056688
37304,0.00303127153410963
37303,0.00303157391138725
37302,0.00303187625069612
37301,0.00303217855033121
37300,0.00303248080858603
37299,0.0030327807991183
37298,0.00303308067837606
37297,0.00303338044465374
37296,0.00303368009624496
37295,0.0030339796314425
37294,0.00303427904853832
37293,0.00303457834582357
37292,0.00303487752158859
37291,0.00303517657412294
37290,0.00303547550171536
37289,0.00303577430265382
37288,0.00303607297522551
37287,0.00303637151771683
37286,0.00303666992841344
37285,0.00303696820560021
37284,0.00303726634756127
37283,0.00303756435258001
37282,0.00303786221893907
37281,0.00303815994492035
37280,0.00303845752880503
37279,0.0030387850932261
37278,0.00303911239911981
37277,0.00303943944401086
37276,0.0030397662254236
37275,0.00304009274088202
37274,0.00304041898790979
37273,0.00304074496403023
37272,0.00304107066676639
37271,0.00304139609364099
37270,0.00304172124217651
37269,0.00304204610989513
37268,0.00304237069431878
37267,0.00304269499296917
37266,0.00304301900336778
37265,0.00304334272303586
37264,0.00304366614949448
37263,0.00304398928026452
37262,0.00304431211286669
37261,0.00304463464482155
37260,0.0030449568736495
37259,0.00304528253069079
37258,0.0030456079601364
37257,0.00304593315960997
37256,0.00304625812673428
37255,0.00304658285913131
37254,0.0030469073544222
37253,0.0030472316102273
37252,0.00304755562416618
37251,0.00304787939385761
37250,0.00304820291691961
37249,0.00304852619096943
37248,0.00304884921362359
37247,0.00304917198249787
37246,0.00304949449520731
37245,0.00304981674936628
37244,0.00305013874258842
37243,0.0030504604724867
37242,0.0030507819366734
37241,0.00305110313276014
37240,0.00305142405835791
37239,0.00305180428495258
37238,0.00305218401738528
37237,0.00305256325140677
37236,0.00305294198276787
37235,0.00305332020721957
37234,0.00305369792051301
37233,0.00305407511839952
37232,0.00305445179663068
37231,0.00305482795095831
37230,0.00305520357713455
37229,0.00305557867091185
37228,0.00305595322804305
37227,0.00305632724428139
37226,0.00305670071538051
37225,0.00305707363709454
37224,0.00305744600517812
37223,0.00305781781538641
37222,0.00305818906347514
37221,0.00305855974520063
37220,0.00305892985631987
37219,0.00305934169924776
37218,0.00305975307838754
37217,0.00306016398841544
37216,0.00306057442400507
37215,0.00306098437982739
37214,0.0030613938505508
37213,0.00306180283084117
37212,0.0030622113153619
37211,0.00306261929877391
37210,0.00306302677573578
37209,0.00306343374090369
37208,0.00306384018893153
37207,0.00306424611447092
37206,0.0030646515121713
37205,0.00306505637667989
37204,0.0030654607026418
37203,0.00306586448470007
37202,0.00306626771749568
37201,0.00306667039566763
37200,0.00306707251385297
37199,0.00306749793510122
37198,0.00306792257963188
37197,0.00306834644084151
37196,0.00306876951212674
37195,0.00306919178688425
37194,0.00306961325851094
37193,0.00307003392040392
37192,0.00307045376596057
37191,0.00307087278857869
37190,0.00308224467132999
37189,0.00308272389845244
37188,0.00308320259450266
37187,0.00308368075421444
37186,0.00308415837232656
37185,0.00308463544358289
37184,0.00308511196273248
37183,0.0030855879245296
37182,0.00308606332373383
37181,0.00308653815511016
37180,0.00308701241342899
37179,0.00308755371453205
37178,0.00308809425253977
37177,0.00308863401967285
37176,0.0030891730081618
37175,0.00308971121024716
37174,0.00309024861817956
37173,0.00309078522421993
37172,0.00309132102063962
37171,0.00309185599972052
37170,0.00309239015375527
37169,0.00309292347504731
37168,0.00309345595591111
37167,0.00309398758867226
37166,0.00309451836566762
37165,0.00309504827924552
37164,0.00309557732176581
37163,0.00309610548560005
37162,0.0030966327631317
37161,0.00309715914675618
37160,0.00309768462888105
37159,0.00309823608054461
37158,0.00309878639091609
37157,0.00309933555113702
37156,0.0030998835523699
37155,0.00310043038579849
37154,0.00310097604262791
37153,0.0031015205140849
37152,0.003102063791418
37151,0.00310260586589773
37150,0.0031031467288168
37149,0.00310368637149033
37148,0.00310422478525599
37147,0.00310476196147425
37146,0.00309523597491974
37145,0.00309580071431134
37144,0.00309636411120884
37143,0.00309692615723741
37142,0.00309748684404569
37141,0.00309804616330604
37140,0.00309860410671467
37139,0.00309920121723101
37138,0.00309979688003796
37137,0.00310039108504187
37136,0.00310098382217408
37135,0.00310157508139111
37134,0.00310216485267494
37133,0.00310275312603327
37132,0.00310333989149979
37131,0.0031039251391344
37130,0.00310450885902347
37129,0.00310509104128011
37128,0.00310567167604442
37127,0.00310625075348371
37126,0.00310682826379283
37125,0.00310740419719432
37124,0.00310797854393873
37123,0.00310855129430486
37122,0.0031091224386
37121,0.00310969196716017
37120,0.00311025987035041
37119,0.00311088895591482
37118,0.00311151600985762
37117,0.00311214101909033
37116,0.00311276397057029
37115,0.00311338485130102
37114,0.0031140036483327
37113,0.00311462034876258
37112,0.00311523493973536
37111,0.00311584740844365
37110,0.00311645774212834
37109,0.00311706592807909
37108,0.00311767195363466
37107,0.00311827580618338
37106,0.00311887747316355
37105,0.00311947694206385
37104,0.00312007420042372
37103,0.00312066923583384
37102,0.00312126203593648
37101,0.00312185258842592
37100,0.00312244088104887
37099,0.00312305614277282
37098,0.00312366888548308
37097,0.00312427909518453
37096,0.00312488675794774
37095,0.00312549185990955
37094,0.00312609438727358
37093,0.00312669432631068
37092,0.00312729166335952
37091,0.00312788638482703
37090,0.00312847847718895
37089,0.00312906792699031
37088,0.00312965472084592
37087,0.00313023884544092
37086,0.0031308202875312
37085,0.003131399033944
37084,0.00313197507157829
37083,0.00313254838740534
37082,0.00313311896846921
37081,0.00313368680188719
37080,0.00313425187485033
37079,0.0031348570882963
37078,0.00313545884956937
37077,0.00313605714310762
37076,0.00313665195346863
37075,0.00313724326533028
37074,0.00314805205856884
37073,0.00314871129915483
37072,0.00314936748106122
37071,0.00315002059206369
37070,0.00315067062007162
37069,0.00315131755312876
37068,0.00315196137941397
37067,0.00315260208724184
37066,0.00315323966506339
37065,0.00315387410146672
37064,0.0031545053851777
37063,0.00315513350506057
37062,0.00315575845011864
37061,0.00315638020949493
37060,0.00315699877247276
37059,0.00315766835351985
37058,0.00315833413996395
37057,0.00315899611848971
37056,0.00315965427598006
37055,0.00316030859951715
37054,0.00316095907638329
37053,0.00316160569406181
37052,0.00316224844023804
37051,0.00316288730280013
37050,0.00316352226983998
37049,0.00316415332965411
37048,0.00316478047074448
37047,0.00316540368181941
37046,0.00316602295179438
37045,0.00316663826979289
37044,0.00316724962514726
37043,0.00316785700739945
37042,0.00316846040630188
37041,0.0031690598118182
37040,0.00316965521412408
37039,0.00317029460309617
37038,0.00317092930556971
37037,0.00317155930985782
37036,0.00317218460456509
37035,0.00317280517858868
37034,0.00317342102111938
37033,0.00317403212164261
37032,0.00317463846993953
37031,0.00317524005608797
37030,0.00317583687046347
37029,0.00317642890374023
37028,0.00317701614689208
37027,0.00317759859119341
37026,0.00317817622822008
37025,0.00317874904985034
37024,0.00317931704826568
37023,0.00317988021595174
37022,0.00318043854569911
37021,0.00318099203060417
37020,0.0031815406640699
37019,0.00318209581946383
37018,0.00318264615281031
37017,0.00318319165633201
37016,0.00318373232255073
37015,0.00318426814428825
37014,0.00318479911466728
37013,0.00318532522711231
37012,0.00318584647535045
37011,0.00318636285341232
37010,0.00318687435563283
37009,0.00318738097665204
37008,0.00318788271141587
37007,0.00318837955517694
37006,0.00318887150349527
37005,0.00318935855223904
37004,0.0031898406975853
37003,0.00319031793602064
37002,0.00319079026434189
37001,0.00319125767965677
37000,0.0031917201793845
36999,0.00319215453555541
36998,0.00319258393642253
36997,0.00319300838482473
36996,0.00319342788393266
36995,0.00319384243724877
36994,0.00319425204860739
36993,0.00319465672217472
36992,0.00319505646244875
36991,0.00319545127425932
36990,0.00319584116276795
36989,0.0031962261334678
36988,0.00319660619218356
36987,0.00319698134507123
36986,0.00319735159861806
36985,0.00319771695964226
36984,0.00319807743529282
36983,0.00319843303304927
36982,0.00319878376072141
36981,0.00319912962644899
36980,0.00319947063870142
36979,0.00319980828432652
36978,0.00320014072945679
36977,0.00320046798712148
36976,0.00320079007073974
36975,0.00320110699411976
36974,0.00320141877145784
36973,0.00320172541733745
36972,0.00320202694672826
36971,0.00320232337498508
36970,0.00320261471784686
36969,0.00320290099143555
36968,0.003203182212255
36967,0.00320345839718982
36966,0.00320372956350413
36965,0.00320399572884041
36964,0.00320425691121816
36963,0.00320451312903264
36962,0.00320476440105355
36961,0.00320501074642363
36960,0.00320525218465727
36959,0.0032054811360109
36958,0.00320570586354082
36957,0.00320592638183
36956,0.00320614270573026
36955,0.0032063548503614
36954,0.00320656283111039
36953,0.00320676666363045
36952,0.00320696636384019
36951,0.00320716194792264
36950,0.00320735343232437
36949,0.00320754083375451
36948,0.00320772416918376
36947,0.00320790345584341
36946,0.0032080787112243
36945,0.00320824995307581
36944,0.00320841719940477
36943,0.00320858046847441
36942,0.00320873977880322
36941,0.00320889514916388
36940,0.00320904659858208
36939,0.00320919233520136
36938,0.00320933470666957
36937,0.00320947372685208
36936,0.0032096094097967
36935,0.00320974176973313
36934,0.00320987082107222
36933,0.00320999657840538
36932,0.00321011905650383
36931,0.00321023827031798
36930,0.00321035423497668
36929,0.00321046696578654
36928,0.00321057647823116
36927,0.00321068278797047
36926,0.0032107859108399
36925,0.0032108858628497
36924,0.00321098266018408
36923,0.00321107631920052
36922,0.00321116685642892
36921,0.0032112542885708
36920,0.00321133863249852
36919,0.00321143673250861
36918,0.00321153183580457
36917,0.00321162395458718
36916,0.00321171310121383
36915,0.00321179928819812
36914,0.00321188252820952
36913,0.00321196283407284
36912,0.00321204021876794
36911,0.00321211469542917
36910,0.00321218627734501
36909,0.00321225497795762
36908,0.00321232081086231
36907,0.00321238378980715
36906,0.00321244392869243
36905,0.00321250124157021
36904,0.00321255574264381
36903,0.0032126074462673
36902,0.00321265636694501
36901,0.00321270251933094
36900,0.00321274591822832
36899,0.00321277479014117
36898,0.00321280149052385
36897,0.00321282603200905
36896,0.00321284842732401
36895,0.00321286868929001
36894,0.00321288683082194
36893,0.00321290286492781
36892,0.00321291680470832
36891,0.00321292866335633
36890,0.00321293845415641
36889,0.00321294619048438
36888,0.00321295188580675
36887,0.0032129555536803
36886,0.00321295720775153
36885,0.00321295686175617
36884,0.00321295452951869
36883,0.00321295022495173
36882,0.00321294396205564
36881,0.00321293575491794
36880,0.00321292561771278
36879,0.00321290676777741
36878,0.00321288646748055
36877,0.00321286472844188
36876,0.00321284156233131
36875,0.00321281698086862
36874,0.00321279099582296
36873,0.00321276361901254
36872,0.00321273486230412
36871,0.00320273017506089
36870,0.00320274789234438
36869,0.00320276404996545
36868,0.0032027786607729
36867,0.00320279173765993
36866,0.0032028032935637
36865,0.0032028133414649
36864,0.00320282189438732
36863,0.00320282896539739
36862,0.00320283456760377
36861,0.00320283871415689
36860,0.00320284141824852
36859,0.00320284223811007
36858,0.00320284179270249
36857,0.00320284009338502
36856,0.00320283715154848
36855,0.00320283297861489
36854,0.00320282758603712
36853,0.00320282098529852
36852,0.00320281318791263
36851,0.00320280420542274
36850,0.0032027940494016
36849,0.00320278273145101
36848,0.00320277026320151
36847,0.00320275665631197
36846,0.00320274192246925
36845,0.00320272607338784
36844,0.00320270912080949
36843,0.00320269107650282
36842,0.00320267195226299
36841,0.00320265175991129
36840,0.00320263051129481
36839,0.00320260228042059
36838,0.00320257325240703
36837,0.00320254343804077
36836,0.00320251284812132
36835,0.00320248149346069
36834,0.00320244938488304
36833,0.00320241653322438
36832,0.00320238294933214
36831,0.00320234864406489
36830,0.00320231362829197
36829,0.00320227791289311
36828,0.00320224150875812
36827,0.00320220442678651
36826,0.00320216667788715
36825,0.00320212827297791
36824,0.00320208922298531
36823,0.00320204953884415
36822,0.00320200923149719
36821,0.00320196831189475
36820,0.0032019267909944
36819,0.00320188833898803
36818,0.00320184946076761
36817,0.00320181016400207
36816,0.00320177045636268
36815,0.0032017303455229
36814,0.00320168983915816
36813,0.00320164894494564
36812,0.0032016076705641
36811,0.00320156602369363
36810,0.00320152401201551
36809,0.00320148164321196
36808,0.00320143892496595
36807,0.00320139586496099
36806,0.00320135247088096
36805,0.00320130875040985
36804,0.0032012647112316
36803,0.0032012203610299
36802,0.00320117570748792
36801,0.00320113075828821
36800,0.00320108552111241
36799,0.00320105841629473
36798,0.00320103081890617
36797,0.00320100273334562
36796,0.00320097416402059
36795,0.00320094511534712
36794,0.00320091559174977
36793,0.00320088559766152
36792,0.00320085513752372
36791,0.00320082421578599
36790,0.0032007928369062
36789,0.00320076100535038
36788,0.00320072872559265
36787,0.00320069600211516
36786,0.00320066283940802
36785,0.00320062924196925
36784,0.00320059521430467
36783,0.00320056076092787
36782,0.00320052588636014
36781,0.00320049059513038
36780,0.00320045489177503
36779,0.0032004214680719
36778,0.00320038783314589
36777,0.00320035398980497
36776,0.00320031994085898
36775,0.00320028568911967
36774,0.00320025123740057
36773,0.00320021658851706
36772,0.00320018174528627
36771,0.00320014671052707
36770,0.00320011148706003
36769,0.00320007607770741
36768,0.00320004048529308
36767,0.00320000471264252
36766,0.0031999687625828
36765,0.0031999326379425
36764,0.00319989634155173
36763,0.00319985987624204
36762,0.00319982324484643
36761,0.00319978645019932
36760,0.00319974949513647
36759,0.00319970649807351
36758,0.00319966341661651
36757,0.00319962025457117
36756,0.00319957701574203
36755,0.00319953370393234
36754,0.00319949032294406
36753,0.00319944687657774
36752,0.00319940336863253
36751,0.00319935980290604
36750,0.00319931618319436
36749,0.00319927251329193
36748,0.00319922879699152
36747,0.00319918503808416
36746,0.00319914124035907
36745,0.0031990974076036
36744,0.0031990535436032
36743,0.00319900965214131
36742,0.00319896573699934
36741,0.00319892180195658
36740,0.00319887785079017
36739,0.00319884247882564
36738,0.00319880703029254
36737,0.00319877150733015
36736,0.00319873591207805
36735,0.00319870024667616
36734,0.00319866451326465
36733,0.00319862871398397
36732,0.00319859285097479
36731,0.003198556926378
36730,0.00319852094233469
36729,0.00319848490098613
36728,0.00319844880447371
36727,0.00319841265493899
36726,0.00319837645452359
36725,0.00319834020536926
36724,0.00318364056378561
36723,0.00318361415718197
36722,0.00318358770262657
36721,0.0031835612022636
36720,0.00318353465823723
36719,0.00318350729284749
36718,0.0031834799725796
36717,0.00318345269960896
36716,0.00318342547610904
36715,0.00318339830425131
36714,0.00318337118620527
36713,0.00318334412413834
36712,0.00318331712021595
36711,0.00318329017660138
36710,0.00318326329545586
36709,0.00318323647893847
36708,0.00318320972920612
36707,0.00318318304841357
36706,0.00318315643871335
36705,0.00318312990225577
36704,0.00318310344118888
36703,0.00318307705765845
36702,0.00318305075380794
36701,0.00318302453177849
36700,0.00318299839370888
36699,0.00318296966541843
36698,0.00318294094131051
36697,0.00318291222421825
36696,0.00318288351697392
36695,0.00318285482240891
36694,0.00318282614335375
36693,0.00318279748263799
36692,0.00318276884309025
36691,0.00318274022753811
36690,0.00318271163880813
36689,0.00318268307972575
36688,0.00318265455311533
36687,0.00318262606180008
36686,0.003182597608602
36685,0.00318256919634187
36684,0.00318254082783922
36683,0.00318251250591227
36682,0.00318248423337792
36681,0.00318245601305169
36680,0.0031824278477477
36679,0.00318240329127656
36678,0.00318237886926979
36677,0.00318235458381079
36676,0.00318233043698
36675,0.00318230643085482
36674,0.00318228256750963
36673,0.00318225884901576
36672,0.00318223527744143
36671,0.00318221185485176
36670,0.00318218858330875
36669,0.00318216546487124
36668,0.00318214250159486
36667,0.00318211969553207
36666,0.00318209704873207
36665,0.00318207456324082
36664,0.00318205224110098
36663,0.00318203008435194
36662,0.00318200809502972
36661,0.00318198627516702
36660,0.00318196462679314
36659,0.00318193480162639
36658,0.00318190500822638
36657,0.00318187525035568
36656,0.00318184553177678
36655,0.00318181585625201
36654,0.00318178622754348
36653,0.00318175664941307
36652,0.00318172712562234
36651,0.00318169765993244
36650,0.00318166825610411
36649,0.0031816389178976
36648,0.0031816096490726
36647,0.00318158045338818
36646,0.00318155133460276
36645,0.00318152229647403
36644,0.00318149334275888
36643,0.00318146447721339
36642,0.0031814357035927
36641,0.00318140702565101
36640,0.0031813784471415
36639,0.00318135280974866
36638,0.00318132737670845
36637,0.00318130215155079
36636,0.00318127713780128
36635,0.00318125233898125
36634,0.00318122775860762
36633,0.00318120340019287
36632,0.003181179267245
36631,0.00318115536326747
36630,0.0031811316917591
36629,0.00318110825621409
36628,0.0031810850601219
36627,0.00318106210696721
36626,0.0031810394002299
36625,0.00318101694338493
36624,0.00318099473990233
36623,0.00318097279324714
36622,0.00318095110687933
36621,0.00318092968425378
36620,0.00318090852882018
36619,0.00318088037564929
36618,0.00318085248597403
36617,0.00318082486559889
36616,0.00318079752032307
36615,0.00318077045594034
36614,0.00318074367823894
36613,0.00318071719300145
36612,0.00318069100600462
36611,0.00318066512301928
36610,0.00318063954981022
36609,0.00318061429213602
36608,0.00318058935574897
36607,0.0031805647463949
36606,0.00318054046981308
36605,0.00318051653173606
36604,0.00318049293788959
36603,0.00318046969399244
36602,0.0031804468057563
36601,0.00318042427888565
36600,0.00318040211907763
36599,0.00318038640531088
36598,0.0031803711079441
36597,0.00318035623118309
36596,0.00318034177922443
36595,0.00318032775625536
36594,0.0031803141664537
36593,0.00318030101398778
36592,0.00318028830301638
36591,0.00318027603768858
36590,0.00318026422214374
36589,0.00318025286051139
36588,0.00318024195691116
36587,0.00318023151545269
36586,0.00318022154023555
36585,0.00318021203534914
36584,0.00318020300487266
36583,0.00318019445287495
36582,0.0031801863834145
36581,0.00318017880053929
36580,0.00318017170828673
36579,0.00318015829097133
36578,0.00318014543165921
36577,0.00318013313705523
36576,0.00318012141385039
36575,0.00318011026872168
36574,0.00318009970833186
36573,0.00318008973932929
36572,0.00318008036834779
36571,0.0031800716020064
36570,0.00318006344690923
36569,0.00318005590964528
36568,0.00318004899678825
36567,0.00318004271489637
36566,0.00318003707051219
36565,0.00318003207016246
36564,0.00318002772035789
36563,0.00318002402759299
36562,0.0031800209983459
36561,0.00318001863907819
36560,0.00318001695623472
36559,0.0031800159562434
36558,0.00318001564551506
36557,0.00318001603044324
36556,0.00318001711740404
36555,0.00318001891275592
36554,0.00318002142283951
36553,0.00318002465397744
36552,0.00318002861247421
36551,0.00318003330461591
36550,0.00318003873667014
36549,0.00318004491488576
36548,0.00318005184549277
36547,0.00318005953470209
36546,0.00318006798870537
36545,0.00318007721367488
36544,0.00318008721576326
36543,0.00318009800110337
36542,0.00318010957580814
36541,0.00318012194597033
36540,0.00318013511766242
36539,0.00318015057682387
36538,0.00318016696835812
36537,0.00318018429950046
36536,0.00318020257745854
36535,0.00318022180941219
36534,0.00318024200251315
36533,0.00318026316388485
36532,0.00318028530062214
36531,0.00318030841979108
36530,0.00318033252842868
36529,0.00318035763354267
36528,0.00318038374211127
36527,0.00318041086108294
36526,0.00318043899737614
36525,0.0031804681578791
36524,0.00318049834944959
36523,0.00318052957891467
36522,0.00318056185307046
36521,0.00318059517868191
36520,0.00318062956248255
36519,0.00318067060103212
36518,0.00318071300830022
36517,0.00318075679358372
36516,0.00318080196612669
36515,0.00318084853512003
36514,0.00318089650970099
36513,0.00318094589895286
36512,0.00318099671190446
36511,0.0031810489575298
36510,0.00318110264474767
36509,0.00318115778242118
36508,0.00318121437935742
36507,0.00316649393908042
36506,0.00316656981287459
36505,0.00316664715697433
36504,0.00316672597996846
36503,0.00316680629038775
36502,0.00316688809670453
36501,0.00316697140733227
36500,0.00316705623062522
36499,0.00316716143473657
36498,0.00316726833108054
36497,0.00316737692544399
36496,0.00316748722353745
36495,0.00316759923099492
36494,0.00316771295337352
36493,0.00316782839615324
36492,0.0031679455647367
36491,0.00316806446444884
36490,0.00316818510053666
36489,0.00316830747816899
36488,0.00316843160243617
36487,0.00316855747834984
36486,0.00316868511084265
36485,0.00316881450476804
36484,0.00316894566489996
36483,0.00316907859593261
36482,0.00316921330248023
36481,0.00316934978907682
36480,0.00316948806017594
36479,0.0031696456148646
36478,0.00316980524066186
36477,0.00316996694116917
36476,0.00317013071987597
36475,0.00317029658015939
36474,0.00317046452528409
36473,0.00317063455840198
36472,0.00317080668255202
36471,0.00317098090066
36470,0.00317115721553833
36469,0.00317133562988583
36468,0.00317151614628752
36467,0.00317169876721443
36466,0.00317188349502342
36465,0.00317207033195694
36464,0.0031722592801429
36463,0.00317245034159446
36462,0.00317264351820987
36461,0.00317283881177227
36460,0.00317303622394956
36459,0.00317326551934174
36458,0.00317349746026673
36457,0.00317373204692278
36456,0.00317396927932175
36455,0.00317420915728901
36454,0.0031744516804633
36453,0.00317469684829664
36452,0.00317494466005422
36451,0.0031751951148143
36450,0.00317544821146816
36449,0.00317570394872001
36448,0.00317596232508696
36447,0.0031762233388989
36446,0.00317648698829856
36445,0.00317675327124141
36444,0.00317702218549566
36443,0.00317729372864226
36442,0.0031775678980749
36441,0.00317784469100001
36440,0.00317812410443679
36439,0.00317839462758886
36438,0.00317866772545724
36437,0.00317894339671373
36436,0.00317922163985728
36435,0.00317950245321396
36434,0.0031797858349368
36433,0.00318007178300579
36432,0.00318036029522777
36431,0.00318065136923638
36430,0.003180945002492
36429,0.00318124119228173
36428,0.00318153993571935
36427,0.0031818412297453
36426,0.00318214507112663
36425,0.00318245145645704
36424,0.00318276038215685
36423,0.00318307184447303
36422,0.00318338583947919
36421,0.00318370236307563
36420,0.00318402141098936
36419,0.00318435976870218
36418,0.00318470113779803
36417,0.00318504551524321
36416,0.00318539289776828
36415,0.00318574328186793
36414,0.00318609666380078
36413,0.00318645303958929
36412,0.00318681240501962
36411,0.00318717475564151
36410,0.00318754008676817
36409,0.00318790839347626
36408,0.00318827967060572
36407,0.0031886539127598
36406,0.00318903111430495
36405,0.00318941126937082
36404,0.00318979437185023
36403,0.00319018041539916
36402,0.00319056939343675
36401,0.00319096129914533
36400,0.00319135612547043
36399,0.00319178229488583
36398,0.0031922115943364
36397,0.00319264401198105
36396,0.00319307953569094
36395,0.00319351815304985
36394,0.00319395985135465
36393,0.0031944046176157
36392,0.00319485243855736
36391,0.00319530330061844
36390,0.00319575718995271
36389,0.00319621409242942
36388,0.00319667399363383
36387,0.00319713687886778
36386,0.00319760273315023
36385,0.00319807154121788
36384,0.00319854328752574
36383,0.00319901795624781
36382,0.00319949553127766
36381,0.00319997599622912
36380,0.00320045933443694
36379,0.00320098433451131
36378,0.00320151267879294
36377,0.00320204434563333
36376,0.00320257931300452
36375,0.00320311755850016
36374,0.00320365905933661
36373,0.00320420379235407
36372,0.00320475173401767
36371,0.00320530286041873
36370,0.00320585714727588
36369,0.00320641456993635
36368,0.00320697510337719
36367,0.00320753872220656
36366,0.00320810540066504
36365,0.00320867511262698
36364,0.00320924783160183
36363,0.00320982353073556
36362,0.00321040218281206
36361,0.00321098376025456
36360,0.00321156823512714
36359,0.00321219934714404
36358,0.00321283377334504
36357,0.00321347147813886
36356,0.00321411242545905
36355,0.00321475657876617
36354,0.00321540390105011
36353,0.00321605435483234
36352,0.00321670790216826
36351,0.00321736450464959
36350,0.00321802412340677
36349,0.0032186867191114
36348,0.00321935225197875
36347,0.00322002068177031
36346,0.00322069196779628
36345,0.00322136606891827
36344,0.00322204294355184
36343,0.00322272254966927
36342,0.00322340484480221
36341,0.00322408978604446
36340,0.00322477733005473
36339,0.00322549974289053
36338,0.00322622465468622
36337,0.00322695201143647
36336,0.00322768175866265
36335,0.00322841384141703
36334,0.00322914820428705
36333,0.00322988479139969
36332,0.00325090554460789
36331,0.00325191388366959
36330,0.00325292737279313
36329,0.00325394598383906
36328,0.0032549696884253
36327,0.0032559984579319
36326,0.0032570322635058
36325,0.00325807107606559
36324,0.00325911486630629
36323,0.0032601636047042
36322,0.00326121726152167
36321,0.00326227580681203
36320,0.00326333921042439
36319,0.00326450608310893
36318,0.00326567825104803
36317,0.00326685567149588
36316,0.00326803830154734
36315,0.00326922609814636
36314,0.00327041901809432
36313,0.00327161701805839
36312,0.0032728200545799
36311,0.00327402808408266
36310,0.00327524106288134
36309,0.00327645894718972
36308,0.00327768169312907
36307,0.00327890925673637
36306,0.00328014159397263
36305,0.00328137866073111
36304,0.00328262041284556
36303,0.00328386680609842
36302,0.00328511779622901
36301,0.00328637333894165
36300,0.00328763338991382
36299,0.00328896285077743
36298,0.00329029750680862
36297,0.00329163730769025
36296,0.00329298220302189
36295,0.00329433214232979
36294,0.00329568707507665
36293,0.00329704695067155
36292,0.00329841171847971
36291,0.00329978132783232
36290,0.00330115572803625
36289,0.00330253486838383
36288,0.00330391869816245
36287,0.00330530716666433
36286,0.003306700223196
36285,0.00330809781708797
36284,0.00330949989770419
36283,0.00331090641445158
36282,0.00331231731678942
36281,0.00331373255423875
36280,0.0033151520763917
36279,0.00331655369310747
36278,0.00331795985552043
36277,0.0033193705160354
36276,0.00332078562701813
36275,0.00332220514080375
36274,0.00332362900970522
36273,0.00332505718602182
36272,0.00332648962204756
36271,0.0033279262700796
36270,0.00332936708242663
36269,0.00333081201141721
36268,0.00333226100940815
36267,0.00333371402879278
36266,0.00333517102200925
36265,0.00333663194154876
36264,0.00333809673996379
36263,0.00333956536987626
36262,0.0033410377839857
36261,0.00334251393507735
36260,0.00334399377603021
36259,0.0033456106429431
36258,0.00334723182357525
36257,0.00334885725723119
36256,0.00335048688337806
36255,0.00335212064165779
36254,0.00335375847189914
36253,0.00335540031412965
36252,0.00335704610858761
36251,0.00335869579573382
36250,0.00336034931626335
36249,0.00336200661111718
36248,0.00336366762149377
36247,0.00336533228886047
36246,0.00336700055496493
36245,0.00336867236184632
36244,0.00337034765184652
36243,0.00337202636762115
36242,0.00337370845215052
36241,0.00337539384875045
36240,0.003377082501083
36239,0.00337880013545338
36238,0.00338052178252281
36237,0.00338224737836532
36236,0.00338397685919368
36235,0.00338571016137326
36234,0.00338744722143572
36233,0.00338918797609283
36232,0.00339093236225004
36231,0.00339268031702017
36230,0.00339443177773693
36229,0.00339618668196846
36228,0.00339794496753074
36227,0.00339970657250101
36226,0.00338719950145183
36225,0.00338898543434743
36224,0.00339077448469393
36223,0.00339256659175703
36222,0.00339436169512943
36221,0.00340635054938987
36220,0.00340829574251544
36219,0.00341029040132998
36218,0.00341229006606762
36217,0.00341429469151505
36216,0.00341630423300442
36215,0.00341831864642961
36214,0.00342033788826243
36213,0.00342236191556874
36212,0.00342439068602443
36211,0.00342642415793132
36210,0.00342846229023291
36209,0.00343050504253
36208,0.00343255237509628
36207,0.00343460424889363
36206,0.00343666062558747
36205,0.00343872146756179
36204,0.00344078673793421
36203,0.00344285640057073
36202,0.00344493042010048
36201,0.00344700876193019
36200,0.0034490913922586
36199,0.00345118517645168
36198,0.00345328309382807
36197,0.00345538511793804
36196,0.00345749122324435
36195,0.00347130234395642
36194,0.00347353732563919
36193,0.00347577742463332
36192,0.0034780226276883
36191,0.0034802729225688
36190,0.00348252829806514
36189,0.0034847887440034
36188,0.00348705425125531
36187,0.00348932481174796
36186,0.00349160041847318
36185,0.00349388106549672
36184,0.00349616674796718
36183,0.00349845746212462
36182,0.00350075320530898
36181,0.00350305397596822
36180,0.00350535977366616
36179,0.00350760949898695
36178,0.00350986399215294
36177,0.00351212325570548
36176,0.00351438729321374
36175,0.0035166561092804
36174,0.00351892970954718
36173,0.00352120810070006
36172,0.00352349129047431
36171,0.00352577928765926
36170,0.00352807210210272
36169,0.00353036974471534
36168,0.00353267222747453
36167,0.00353497956342818
36166,0.00353729176669815
36165,0.00353960885248348
36164,0.00354193083706329
36163,0.0035442577377995
36162,0.00354658957313914
36161,0.00354892636261658
36160,0.00355126812685528
36159,0.00355360585351762
36158,0.00355594851631213
36157,0.00356866989412251
36156,0.00357117030844478
36155,0.0035736776266478
36154,0.00357619189180427
36153,0.00357871314829212
36152,0.00358124144179749
36151,0.00358377681931756
36150,0.00358631932916298
36149,0.00358886902096003
36148,0.00359142594565254
36147,0.0035939901555034
36146,0.00359656170409588
36145,0.00359914064633454
36144,0.00360172703844594
36143,0.00360432093797893
36142,0.00360692240380473
36141,0.00360953149611663
36140,0.00361214827642936
36139,0.00361472987955883
36138,0.00361731935338355
36137,0.00361991676943709
36136,0.00362252220033845
36135,0.0036251357197854
36134,0.0036277574025475
36133,0.00363038732445896
36132,0.00363302556241106
36131,0.00363567219434443
36130,0.00363832729924103
36129,0.00364099095711579
36128,0.00364366324900805
36127,0.00364634425697269
36126,0.00364903406407099
36125,0.00365173275436122
36124,0.00365444041288895
36123,0.00365715712567712
36122,0.00365988297971578
36121,0.00366261806295159
36120,0.00366536246427705
36119,0.00366788642787736
36118,0.00367041836660287
36117,0.00367295835097009
36116,0.00367550645213245
36115,0.00367806274187251
36114,0.00368062729259395
36113,0.00368320017731347
36112,0.00368578146965257
36111,0.00368837124382898
36110,0.00369096957464823
36109,0.00369357653749475
36108,0.00369619220832309
36107,0.0036988166636488
36106,0.00370144998053923
36105,0.00370409223660418
36104,0.00370674350998637
36103,0.0037094038793518
36102,0.00371207342387991
36101,0.00371475222325364
36100,0.0037174403576493
36099,0.00372003528039718
36098,0.00372263879601132
36097,0.00372525097615178
36096,0.00372787189296334
36095,0.00373050161906758
36094,0.00373314022755477
36093,0.00373578779197569
36092,0.00373844438633325
36091,0.00374111008507409
36090,0.00374378496307993
36089,0.00374646909565885
36088,0.00374916255853651
36087,0.00375186542784706
36086,0.00375457778012413
36085,0.00375729969229158
36084,0.00376003124165411
36083,0.00376277250588785
36082,0.00376552356303067
36081,0.00376828449147256
36080,0.00377105536994572
36079,0.00377361247487758
36078,0.00377617783031541
36077,0.00377875149982869
36076,0.00378133354739275
36075,0.00378392403738279
36074,0.00378652303456785
36073,0.00378913060410467
36072,0.00379174681153138
36071,0.00379437172276118
36070,0.00379700540407585
36069,0.00379964792211916
36068,0.00380229934389018
36067,0.00380495973673651
36066,0.00380762916834737
36065,0.00381030770674658
36064,0.00381299542028552
36063,0.00381569237763583
36062,0.00381839864778217
36061,0.00382111430001477
36060,0.00382383940392191
36059,0.00382619809406441
36058,0.00382856388444835
36057,0.00383093682101725
36056,0.00383331694989055
36055,0.00383570431735988
36054,0.0038380989698852
36053,0.00384050095409086
36052,0.00384291031676172
36051,0.00384532710483912
36050,0.00384775136541687
36049,0.00385018314573717
36048,0.00385262249318652
36047,0.00385506945529148
36046,0.00385752407971453
36045,0.00385998641424978
36044,0.0038624565068187
36043,0.00386493440546574
36042,0.00386742015835397
36041,0.00386991381376062
36040,0.00387241542007264
36039,0.00387482497889225
36038,0.0038772419516742
36037,0.00387966638183344
36036,0.00388209831286987
36035,0.00388453778836445
36034,0.00388698485197538
36033,0.00388943954743414
36032,0.0038919019185416
36031,0.00389437200916401
36030,0.00389684986322899
36029,0.00389933552472151
36028,0.00390182903767981
36027,0.00390433044619129
36026,0.00390683979438835
36025,0.00390935712644425
36024,0.00391188248656891
36023,0.00391441591900462
36022,0.00391695746802186
36021,0.00391950717791492
36020,0.00392206509299762
36019,0.00392420508899911
36018,0.00392635085613132
36017,0.00392850242137109
36016,0.00393065981171301
36015,0.0039328230541676
36014,0.00393499217575932
36013,0.00393716720352475
36012,0.00393934816451061
36011,0.0039415350857718
36010,0.00394372799436953
36009,0.0039459269173693
36008,0.00394813188183896
36007,0.00395034291484671
36006,0.00395256004345907
36005,0.00395478329473897
36004,0.00395701269574363
36003,0.0039592482735226
36002,0.00396149005511569
36001,0.0039637380675509
36000,0.00396599233784241
35999,0.00396817315502679
35998,0.00397035981133365
35997,0.00397255232856015
35996,0.00397475072846128
35995,0.0039769550327483
35994,0.0039791652630871
35993,0.00398138144109667
35992,0.00398360358834745
35991,0.00398583172635974
35990,0.00398806587660209
35989,0.00399030606048966
35988,0.00399255229938263
35987,0.00399480461458458
35986,0.00399706302734081
35985,0.00399932755883676
35984,0.00400159823019634
35983,0.0040038750624803
35982,0.00400615807668458
35981,0.00400844729373863
35980,0.00401074273450382
35979,0.00401272261250405
35978,0.00401470709271641
35977,0.00401669618677018
35976,0.00401868990624401
35975,0.00402068826266524
35974,0.00402269126750917
35973,0.00402469893219836
35972,0.0040267112681019
35971,0.00402872828653475
35970,0.00403074999875697
35969,0.00403277641597307
35968,0.00403480754933125
35967,0.0040368434099227
35966,0.00403888400878094
35965,0.00404092935688102
35964,0.00404297946513888
35963,0.00404503434441063
35962,0.00404709400549178
35961,0.00404915845911662
35960,0.0040512277159574
35959,0.00405308856016144
35958,0.00405495324632983
35957,0.00405682178046541
35956,0.00405869416852109
35955,0.00406057041639955
35954,0.00406245052995282
35953,0.004064334514982
35952,0.00406622237723682
35951,0.00406811412241538
35950,0.00407000975616374
35949,0.00407190928407557
35948,0.00407381271169181
35947,0.00407572004450035
35946,0.00407763128793563
35945,0.0040795464473783
35944,0.00408146552815492
35943,0.00408338853553755
35942,0.00408531547474343
35941,0.00408724635093465
35940,0.00408918116921779
35939,0.00409086120434952
35938,0.0040925442074785
35937,0.00409423018182655
35936,0.00409591913058344
35935,0.00409761105690676
35934,0.00409930596392168
35933,0.00410100385472084
35932,0.0041027047323642
35931,0.00410440859987879
35930,0.00410611546025865
35929,0.00410782531646458
35928,0.00410953817142401
35927,0.00411125402803084
35926,0.00411297288914526
35925,0.00411469475759362
35924,0.0041164196361682
35923,0.00411814752762709
35922,0.00411987843469407
35921,0.00412161236005834
35920,0.00412334930637447
35919,0.00412461374226889
35918,0.00412587992309261
35917,0.0041271478515109
35916,0.00412841753018232
35915,0.00412968896175861
35914,0.00413096214888468
35913,0.00413223709419849
35912,0.00413351380033101
35911,0.00413479226990614
35910,0.00413607250554061
35909,0.00413735450984399
35908,0.00413863828541851
35907,0.00413992383485909
35906,0.0041412111607532
35905,0.00414250026568084
35904,0.0041437911522144
35903,0.00414508382291867
35902,0.00414637828035073
35901,0.00414767452705986
35900,0.00414897256558749
35899,0.00414996080980653
35898,0.00415095024343277
35897,0.0041519408685227
35896,0.00415293268713084
35895,0.00415392570130988
35894,0.00415491991311047
35893,0.00415591532458128
35892,0.00415691193776894
35891,0.00415790975471796
35890,0.00415890877747075
35889,0.00415990900806751
35888,0.00416091044854621
35887,0.00416191310094262
35886,0.00416291696729012
35885,0.00416392204961981
35884,0.00416492834996035
35883,0.00416593587033798
35882,0.00416694461277647
35881,0.00416795457929706
35880,0.00416896577191842
35879,0.00416997819265662
35878,0.00417099184352506
35877,0.00417200672653446
35876,0.00417302284369278
35875,0.00417404019700523
35874,0.00417505878847416
35873,0.00417607862009904
35872,0.00417709969387645
35871,0.0041781220118
35870,0.00417914557586028
35869,0.00418017038804485
35868,0.00418119645033815
35867,0.00418222376472151
35866,0.00418325233317305
35865,0.00418428215766769
35864,0.00418531324017703
35863,0.00418634558266937
35862,0.00418737918710969
35861,0.0041884140554595
35860,0.00418945018967689
35859,0.00419034446828347
35858,0.00419123974132835
35857,0.00419213601030183
35856,0.00419303327669227
35855,0.00419393154198595
35854,0.00419483080766712
35853,0.00419573107521795
35852,0.00419663234611847
35851,0.0041975346218466
35850,0.00419843790387802
35849,0.00419934219368629
35848,0.00420024749274269
35847,0.00420115380251624
35846,0.0042020611244737
35845,0.00420296946007947
35844,0.00420387881079563
35843,0.00420478917808191
35842,0.00420570056339556
35841,0.00420661296819147
35840,0.00420752639392202
35839,0.00420836515681867
35838,0.00420920460933272
35837,0.00421004475185744
35836,0.00421088558478449
35835,0.00421172710850396
35834,0.00421256932340434
35833,0.00421341222987251
35832,0.00421425582829378
35831,0.00421510011905177
35830,0.00421594510252855
35829,0.00421679077910455
35828,0.00421763714915856
35827,0.00421848421306778
35826,0.00421933197120769
35825,0.0042201804239522
35824,0.00422102957167356
35823,0.00422187941474232
35822,0.00422272995352745
35821,0.00422358118839618
35820,0.0042244331197141
35819,0.00422543372353728
35818,0.0042264352724721
35817,0.00422743776702206
35816,0.00422844120768745
35815,0.00422944559496538
35814,0.00423045092934973
35813,0.00423145721133118
35812,0.00423246444139714
35811,0.00423347262003182
35810,0.00423448174771611
35809,0.00423549182492771
35808,0.00423650285214102
35807,0.00423751482982711
35806,0.00423852775845383
35805,0.00423954163848566
35804,0.00424055647038379
35803,0.00424157225460612
35802,0.00424258899160714
35801,0.00424360668183808
35800,0.00424462532574672
35799,0.00424576102236166
35798,0.00424689800215024
35797,0.00424803626623487
35796,0.00424917581573229
35795,0.00425031665175369
35794,0.00425145877540455
35793,0.00425260218778465
35792,0.00425374688998811
35791,0.00425489288310324
35790,0.00425604016821261
35789,0.00425718874639299
35788,0.00425833861871526
35787,0.0042594897862445
35786,0.00426064225003986
35785,0.00426179601115457
35784,0.00426295107063591
35783,0.00426410742952515
35782,0.00426526508885762
35781,0.00426642404966252
35780,0.00426758431296304
35779,0.00426893366277374
35778,0.00427028459876095
35777,0.00427163712148574
35776,0.00427299123149902
35775,0.00427434692934156
35774,0.00427570421554394
35773,0.00427706309062649
35772,0.00427842355509933
35771,0.00427978560946229
35770,0.00428114925420487
35769,0.00428251448980625
35768,0.00428388131673522
35767,0.00428524973545016
35766,0.00428661974639906
35765,0.0042879913500194
35764,0.0042893645467382
35763,0.00429073933697192
35762,0.00429211572112649
35761,0.00429349369959727
35760,0.00429487327276899
35759,0.00429641173754661
35758,0.00429795216680255
35757,0.00429949456092161
35756,0.00430103892027214
35755,0.004302585245206
35754,0.00430413353605852
35753,0.00430568379314841
35752,0.00430723601677776
35751,0.00430879020723197
35750,0.00431034636477971
35749,0.00431190448967286
35748,0.00431346458214647
35747,0.00431502664241872
35746,0.00431659067069088
35745,0.00431815666714721
35744,0.00431972463195501
35743,0.00432129456526448
35742,0.00432286646720871
35741,0.00432444033790365
35740,0.00432601617744805
35739,0.00432782141531956
35738,0.00432962896354891
35737,0.00433143881975007
35736,0.00433325098150611
35735,0.00433506544636929
35734,0.00433688221186093
35733,0.00433870127547144
35732,0.00434052263466032
35731,0.00434234628685604
35730,0.00434417222945613
35729,0.00434600045982708
35728,0.00434783097530436
35727,0.0043496637731924
35726,0.00435149885076451
35725,0.00435333620526292
35724,0.00435517583389877
35723,0.00435701773385203
35722,0.00435886190227153
35721,0.0043607083362749
35720,0.00436255703294861
35719,0.00436477176370374
35718,0.00436698963164085
35717,0.0043692106301346
35716,0.00437143475249161
35715,0.00437366199195054
35714,0.00437589234168203
35713,0.00437812579478871
35712,0.0043803623443053
35711,0.00438260198319848
35710,0.00438484470436702
35709,0.00438709050064171
35708,0.0043893393647854
35707,0.00439159128949307
35706,0.00439384626739173
35705,0.00439610429104056
35704,0.00439836535293086
35703,0.00440062944548605
35702,0.0044028965610618
35701,0.0044051666919459
35700,0.00440743983035845
35699,0.00440968317780201
35698,0.00441192956475722
35697,0.00441417898535891
35696,0.00441643143368163
35695,0.00441868690373971
35694,0.00442094538948717
35693,0.00442320688481771
35692,0.00442547138356476
35691,0.00442773887950135
35690,0.00443000936634022
35689,0.00443228283773368
35688,0.00443455928727368
35687,0.00443683870849178
35686,0.00443912109485909
35685,0.00444140643978638
35684,0.0044436947366239
35683,0.0044459859786615
35682,0.00444828015912861
35681,0.00445057727119415
35680,0.00445287730796665
35679,0.00445552989078874
35678,0.00445818636315568
35677,0.00446084671460047
35676,0.00447533009129119
35675,0.00447808221485222
35674,0.00448083871453569
35673,0.00448359958224368
35672,0.00448636480978297
35671,0.00448913438886511
35670,0.00449190831110638
35669,0.00449468656802786
35668,0.00449746915105539
35667,0.00450025605151966
35666,0.00450304726065618
35665,0.00450584276960534
35664,0.00450864256941242
35663,0.00451144665102762
35662,0.00451425500530613
35661,0.00451706762300811
35660,0.0045198844947988
35659,0.00452274073393194
35658,0.00452560113007723
35657,0.00452846567100476
35656,0.00453133434438373
35655,0.00453420713778256
35654,0.00453708403866908
35653,0.00453996503441072
35652,0.00454285011227461
35651,0.0045457392594278
35650,0.00454863246293742
35649,0.00455152970977082
35648,0.00455443098679582
35647,0.00455733628078082
35646,0.004560245578395
35645,0.00456315886620853
35644,0.00456607613069274
35643,0.00456899735822032
35642,0.00457192253506548
35641,0.00457485164740419
35640,0.00457778468131437
35639,0.00458079025264055
35638,0.00458379956058486
35637,0.00458681258443297
35636,0.00458982930335543
35635,0.0045928496964083
35634,0.00459587374253356
35633,0.00459890142055977
35632,0.00460193270920255
35631,0.00460496758706518
35630,0.0046080060326391
35629,0.00461104802430452
35628,0.00461409354033097
35627,0.00461714255887785
35626,0.00462019505799499
35625,0.00462325101562331
35624,0.00462631040959526
35623,0.00462937321763553
35622,0.00463243941736156
35621,0.00463550898628414
35620,0.00463858190180803
35619,0.00464162459909623
35618,0.00464467071228878
35617,0.00464772022206908
35616,0.00465077310902423
35615,0.00465382935364547
35614,0.00465688893632855
35613,0.00465995183737416
35612,0.0046630180369884
35611,0.00466608751528313
35610,0.00465844168802946
35609,0.00466153003787502
35608,0.00466462159343863
35607,0.00466771633447009
35606,0.00467081424062719
35605,0.00467391529147613
35604,0.00467701946649193
35603,0.00468012674505895
35602,0.00468323710647126
35601,0.00468635052993315
35600,0.0046795053338123
35599,0.00468308104388046
35598,0.00468666041399605
35597,0.00469024341631185
35596,0.00469383002283351
35595,0.00469742020542013
35594,0.00470101393578519
35593,0.00470461118549729
35592,0.00470821192598087
35591,0.00471181612851716
35590,0.00471542376424479
35589,0.00471903480416077
35588,0.0047226492191212
35587,0.00472626697984208
35586,0.00472988805690021
35585,0.00473351242073388
35584,0.00473714004164386
35583,0.0047407708897941
35582,0.00474440493521261
35581,0.00474804214779235
35580,0.00475168249729195
35579,0.0047553259533367
35578,0.00475897248541935
35577,0.00476262206290089
35576,0.00476627465501154
35575,0.00476993023085152
35574,0.00477358875939196
35573,0.00477725020947578
35572,0.00478091454981851
35571,0.00478458174900927
35570,0.00478825177551153
35569,0.00479192459766411
35568,0.00479560018368202
35567,0.00479927850165732
35566,0.00480295951956012
35565,0.00480664320523935
35564,0.00481032952642379
35563,0.00481401845072292
35562,0.00481770994562778
35561,0.00482140397851203
35560,0.00482510051663269
35559,0.00482901280573335
35558,0.00483292788430723
35557,0.00483684571389539
35556,0.00484076625589621
35555,0.00484468947156674
35554,0.00484861532202371
35553,0.00485254376824485
35552,0.00485647477107011
35551,0.00486040829120271
35550,0.00486434428921056
35549,0.00486828272552728
35548,0.00487222356045349
35547,0.00487616675415811
35546,0.00488011226667944
35545,0.0048840600579265
35544,0.00488801008768017
35543,0.00489196231559449
35542,0.00489591670119791
35541,0.00489987320389441
35540,0.00490383178296493
35539,0.00490803026314458
35538,0.00491223062678822
35537,0.00491643282115577
35536,0.00492063679337054
35535,0.00492484249042117
35534,0.00492904985916366
35533,0.00493325884632337
35532,0.00493746939849697
35531,0.00494168146215454
35530,0.0049458949836414
35529,0.00495010990918027
35528,0.0049543261848732
35527,0.00495854375670354
35526,0.00496276257053806
35525,0.00496698257212885
35524,0.00497120370711533
35523,0.00497542592102635
35522,0.00497964915928209
35521,0.00498387336719618
35520,0.0049880984899776
35519,0.00499277916871486
35518,0.00499746052013206
35517,0.0050021424659486
35516,0.00500682492775506
35515,0.00501150782701709
35514,0.00501619108507893
35513,0.00502087462316719
35512,0.00502555836239449
35511,0.00503024222376308
35510,0.00503492612816864
35509,0.00503960999640383
35508,0.00504429374916199
35507,0.00504897730704084
35506,0.005053660590546
35505,0.0050583435200948
35504,0.00506302601601978
35503,0.00506770799857243
35502,0.00507238938792672
35501,0.00507707010418277
35500,0.00508175006737046
35499,0.00508641792550246
35498,0.005091085481858
35497,0.00509575266237714
35496,0.00510041939290942
35495,0.00510508559921699
35494,0.00510975120697759
35493,0.00510040115137775
35492,0.00510507776791653
35491,0.00510975355305604
35490,0.00511442843217182
35489,0.00511910233057012
35488,0.00512377517349094
35487,0.00512844688611108
35486,0.00513311739354701
35485,0.00513778662085807
35484,0.00514245449304927
35483,0.00514712093507441
35482,0.00515178587183902
35481,0.00515644922820327
35480,0.00516111092898503
35479,0.00516620806678173
35478,0.00517130405626786
35477,0.00517639880653929
35476,0.00518149222657762
35475,0.00518658422525421
35474,0.00519167471133397
35473,0.00519676359347934
35472,0.00520185078025421
35471,0.00520693618012773
35470,0.00521201970147829
35469,0.00521710125259734
35468,0.00522218074169332
35467,0.00522725807689555
35466,0.00523233316625804
35465,0.00523740591776346
35464,0.0052424762393269
35463,0.00524754403879977
35462,0.00525260922397372
35461,0.00525767170258436
35460,0.00526273138231521
35459,0.00526845172385805
35458,0.00527416949209477
35457,0.00527988456091786
35456,0.00528559680404957
35455,0.00529130609504833
35454,0.00529701230731495
35453,0.00530271531409893
35452,0.00530841498850482
35451,0.00531411120349839
35450,0.00531980383191303
35449,0.00532549274645597
35448,0.00533117781971462
35447,0.00533685892416276
35446,0.00534253593216687
35445,0.00534820871599239
35444,0.00535387714780995
35443,0.00535954109970169
35442,0.00536520044366741
35441,0.00537085505163085
35440,0.00537650479544594
35439,0.00538239197387602
35438,0.005388275641527
35437,0.00539415566148787
35436,0.00540003189659822
35435,0.00540590420945497
35434,0.00541177246241943
35433,0.00541763651762413
35432,0.00542349623697974
35431,0.00542935148218211
35430,0.0054352021147191
35429,0.00544104799587767
35428,0.00544688898675076
35427,0.00545272494824429
35426,0.00545855574108421
35425,0.00546438122582338
35424,0.00547020126284872
35423,0.00547601571238813
35422,0.00548182443451747
35421,0.00548762728916771
35420,0.0054934241361318
35419,0.00549940725187857
35418,0.00551950003641649
35417,0.00552564612006218
35416,0.00553178609311003
35415,0.00553791981595873
35414,0.00554404714913563
35413,0.00555016795330559
35412,0.00555628208927966
35411,0.00556238941802379
35410,0.00556848980066756
35409,0.00557458309851275
35408,0.00558066917304203
35407,0.00558674788592758
35406,0.00559281909903957
35405,0.00559888267445484
35404,0.00560493847446527
35403,0.00561098636158635
35402,0.00561702619856562
35401,0.00562305784839107
35400,0.00562908117429954
35399,0.00563571750463514
35398,0.00564234236991515
35397,0.00564895558676284
35396,0.00565555697236507
35395,0.00566214634448564
35394,0.00566872352147832
35393,0.00567528832229983
35392,0.00568184056652281
35391,0.00568838007434853
35390,0.00569490666661968
35389,0.00570142016483291
35388,0.00570792039115131
35387,0.00571440716841683
35386,0.00572088032016247
35385,0.00572733967062452
35384,0.00573378504475457
35383,0.00574021626823143
35382,0.00574663316747297
35381,0.00575303556964779
35380,0.00575942330268682
35379,0.00576596844807459
35378,0.00577249661944461
35377,0.00577900763317115
35376,0.00578550130669633
35375,0.00579197745854179
35374,0.00579843590832049
35373,0.00580487647674806
35372,0.00581129898565404
35371,0.00581770325799309
35370,0.00582408911785575
35369,0.00582045496936645
35368,0.00582683005683647
35367,0.00583318615017428
35366,0.00583952307822712
35365,0.00584584067102966
35364,0.00585213875981389
35363,0.0058584171770186
35362,0.00586467575629871
35361,0.00587091433253459
35360,0.00587713274184088
35359,0.00588362004599246
35358,0.00589008764983564
35357,0.00589653536502189
35356,0.00590296300432389
35355,0.00588155978173472
35354,0.00588798431614207
35353,0.00589438817843889
35352,0.00590077118604237
35351,0.00590713315755454
35350,0.00591347391277463
35349,0.00591979327271094
35348,0.00592609105959271
35347,0.00593236709688184
35346,0.00593862120928423
35345,0.0059448532227611
35344,0.00595106296454007
35343,0.00595725026312604
35342,0.0059634149483119
35341,0.00596955685118899
35340,0.00597567580415748
35339,0.0059726488954067
35338,0.00597960052931872
35337,0.00598652307789445
35336,0.00599341630415857
35335,0.00600027997309539
35334,0.00600711385166894
35333,0.00601391770884244
35332,0.00602069131559752
35331,0.00602743444495317
35330,0.00603414687198409
35329,0.00604082837383896
35328,0.00604747872975806
35327,0.00605409772109069
35326,0.00606068513131213
35325,0.00606724074604025
35324,0.00607376435305175
35323,0.00608025574229797
35322,0.00608671470592029
35321,0.00609314103826527
35320,0.00609953453589921
35319,0.00610578857311173
35318,0.00611201188655649
35317,0.00613245816170876
35316,0.00613883563442012
35315,0.00614518475922731
35314,0.00615150538261043
35313,0.00615779735335899
35312,0.00616406052258708
35311,0.00617029474374818
35310,0.00617649987264971
35309,0.00618267576746711
35308,0.00618882228875767
35307,0.00619493929947392
35306,0.00620102666497667
35305,0.00620708425304775
35304,0.00621311193390232
35303,0.00621910958020081
35302,0.00622507706706055
35301,0.00623101427206689
35300,0.00623692107528417
35299,0.00624318303916837
35298,0.00624941121924081
35297,0.00625560546640764
35296,0.00626176563466453
35295,0.00626789158111325
35294,0.00627398316597757
35293,0.00628004025261871
35292,0.00627243975757207
35291,0.00627844976378587
35290,0.00628442485107154
35289,0.00629036489551033
35288,0.00629626977639012
35287,0.00630213937621764
35286,0.00630797358073006
35285,0.00631377227890614
35284,0.00631953536297672
35283,0.00632526272843471
35282,0.00633095427404453
35281,0.00633660990185088
35280,0.00634222951718711
35279,0.00634773620548389
35278,0.00635320868939726
35277,0.00635864687209278
35276,0.00636405065976278
35275,0.00636941996163605
35274,0.0063747546899872
35273,0.00638005476014538
35272,0.00638532009050246
35271,0.00639055060252088
35270,0.00639574622074075
35269,0.00640090687278662
35268,0.00640603248937358
35267,0.00641112300431296
35266,0.00641617835451744
35265,0.00642119848000559
35264,0.00642618332390601
35263,0.0064311328324608
35262,0.00643604695502858
35261,0.00644092564408695
35260,0.00644576885523442
35259,0.00645051064059949
35258,0.00645521699797543
35257,0.00645988790867456
35256,0.00646452335701438
35255,0.00646912333031243
35254,0.00647368781888068
35253,0.00646440818500218
35252,0.00646892191220566
35251,0.00647340011953977
35250,0.00647784280924659
35249,0.00648224998652704
35248,0.00648662165953228
35247,0.00649095783935452
35246,0.00649525854001745
35245,0.0064995237784661
35244,0.0065037535745562
35243,0.00650794795104309
35242,0.0065121069335701
35241,0.00651623055065644
35240,0.0065203188336846
35239,0.00652416054069276
35238,0.00652797065974273
35237,0.00653174922305037
35236,0.00653549626509742
35235,0.00653921182262057
35234,0.00654289593460001
35233,0.00654654864224779
35232,0.00655016998899574
35231,0.00655376002048308
35230,0.00655731878454371
35229,0.00656084633119311
35228,0.00656434271261495
35227,0.00656780798314731
35226,0.00657124219926867
35225,0.00657464541958342
35224,0.00657801770480719
35223,0.00658135911775174
35222,0.00658466972330958
35221,0.00658794958843825
35220,0.00659119878214428
35219,0.00659415299409556
35218,0.00659708161078387
35217,0.00659998468793622
35216,0.00660286228269156
35215,0.00660571445358984
35214,0.00660854126056086
35213,0.00661134276491295
35212,0.00661411902932147
35211,0.00661687011781714
35210,0.00661959609577418
35209,0.00662229702989826
35208,0.00662497298821429
35207,0.00662762404005404
35206,0.00663025025604356
35205,0.00663285170809045
35204,0.00663542846937095
35203,0.00663798061431689
35202,0.00664050821860238
35201,0.00664301135913047
35200,0.00664549011401954
35199,0.00664772587858068
35198,0.00664994165193441
35197,0.00665213749381857
35196,0.00665431346477832
35195,0.00665646962615749
35194,0.00665860604008984
35193,0.00666072276949025
35192,0.00666281987804585
35191,0.00666489743020697
35190,0.00666695549117808
35189,0.00666899412690865
35188,0.00667101340408389
35187,0.00667301339011536
35186,0.00667499415313168
35185,0.0066769557619689
35184,0.00667889828616101
35183,0.00668082179593024
35182,0.00668272636217735
35181,0.00668461205647181
35180,0.0066864789510419
35179,0.0066882479866093
35178,0.00669000088671248
35177,0.00669173769926538
35176,0.00669345847281066
35175,0.00669516325651409
35174,0.00669685210015896
35173,0.00669852505414038
35172,0.0067001821694595
35171,0.00670182349771764
35170,0.00670344909111046
35169,0.0067050590024219
35168,0.00670665328501819
35167,0.00670823199284174
35166,0.00670979518040492
35165,0.00671134290278385
35164,0.0067128752156121
35163,0.00671439217507427
35162,0.00671589383789962
35161,0.00671738026135548
35160,0.00671885150324076
35159,0.006719924718669
35158,0.00672098946904652
35157,0.00672204578187438
35156,0.00672309368477932
35155,0.00672413320551197
35154,0.00672516437194502
35153,0.00672618721207142
35152,0.00672720175400256
35151,0.00672820802596642
35150,0.00672920605630573
35149,0.00673019587347616
35148,0.00673117750604442
35147,0.00673215098268641
35146,0.0067331163321854
35145,0.00673407358343008
35144,0.00673502276541273
35143,0.00673596390722733
35142,0.00673689703806763
35141,0.00673782218722529
35140,0.00673873938408794
35139,0.0067394842482402
35138,0.00674022364033928
35137,0.00674095757854447
35136,0.00674168608104252
35135,0.00674240916604671
35134,0.00674312685179605
35133,0.00674383915655448
35132,0.00674454609860996
35131,0.00674524769627369
35130,0.00674594396787923
35129,0.00674663493178172
35128,0.00674732060635696
35127,0.00674800101000062
35126,0.0067486761611274
35125,0.00674934607817015
35124,0.00675001077957905
35123,0.00675067028382078
35122,0.00675132460937761
35121,0.00675197377474664
35120,0.00675261779843889
35119,0.00675304277874229
35118,0.00675346536309322
35117,0.00675388555787958
35116,0.00675430336948563
35115,0.0067547188042919
35114,0.00675513186867501
35113,0.00675554256900758
35112,0.00675595091165804
35111,0.0067563569029905
35110,0.00675676054936461
35109,0.00675716185713543
35108,0.00675756083265327
35107,0.00675795748226356
35106,0.00675835181230671
35105,0.00675874382911795
35104,0.00675913353902721
35103,0.00675952094835898
35102,0.00675990606343215
35101,0.00676028889055987
35100,0.00676066943604944
35099,0.00676095335163242
35098,0.00676123598999462
35097,0.00676151735379014
35096,0.00676179744567107
35095,0.00676207626828746
35094,0.00676235382428728
35093,0.00676263011631637
35092,0.00676290514701844
35091,0.00676317891903501
35090,0.00676345143500539
35089,0.00676372269756665
35088,0.00676399270935358
35087,0.00676426147299864
35086,0.00676452899113197
35085,0.00676479526638131
35084,0.006765060301372
35083,0.00676532409872693
35082,0.00676558666106651
35081,0.00676584799100866
35080,0.00676610809116872
35079,0.00676618908143309
35078,0.00676626987707248
35077,0.00676635047827905
35076,0.00676643088524453
35075,0.00676651109816013
35074,0.00676659111721657
35073,0.00676667094260409
35072,0.00676675057451245
35071,0.00676683001313092
35070,0.00676690925864828
35069,0.0067669883112528
35068,0.0067670671711323
35067,0.00676714583847407
35066,0.00676722431346494
35065,0.00676730259629124
35064,0.00676738068713879
35063,0.00676745858619295
35062,0.00676753629363855
35061,0.00676761380965997
35060,0.00676769113444106
35059,0.006767678810439
35058,0.00676766642249313
35057,0.00676765397060461
35056,0.00676764145477431
35055,0.0067676288750028
35054,0.00676761623129037
35053,0.00676760352363705
35052,0.00676759075204251
35051,0.00676757791650621
35050,0.00676756501702727
35049,0.00676755205360453
35048,0.00676753902623656
35047,0.00676752593492163
35046,0.00676751277965772
35045,0.00676749956044251
35044,0.00676748627727341
35043,0.00676747293014755
35042,0.00676745951906174
35041,0.00676744604401254
35040,0.00676743250499618
35039,0.0067673981914985
35038,0.00676736386075808
35037,0.00676732951277249
35036,0.00676729514753929
35035,0.00676726076505605
35034,0.00676722636532035
35033,0.00676719194832974
35032,0.0067671575140818
35031,0.0067671230625741
35030,0.00676708859380421
35029,0.00676705410776969
35028,0.00676701960446812
35027,0.00676698508389707
35026,0.00676695054605411
35025,0.00676691599093681
35024,0.00676688141854274
35023,0.00676684682886948
35022,0.0067668122219146
35021,0.00676677759767567
35020,0.00676674295615026
35019,0.00676668060208137
35018,0.00676661819985072
35017,0.00676655574944785
35016,0.00676649325086233
35015,0.00676643070408372
35014,0.0067663681091016
35013,0.00676630546590558
35012,0.00676624277448528
35011,0.00676618003483034
35010,0.0067661172469304
35009,0.00676605441077514
35008,0.00676599152635423
35007,0.00676592859365738
35006,0.0067658656126743
35005,0.00676580258339472
35004,0.00676573950580841
35003,0.00676567637990511
35002,0.00676561320567461
35001,0.00676554998310672
35000,0.00676548671219123
34999,0.00676545856701979
34998,0.00676543040694775
34997,0.00676540223197169
34996,0.00676537404208819
34995,0.00676534583729385
34994,0.00676531761758523
34993,0.00676528938295893
34992,0.00676526113341153
34991,0.00676523286893962
34990,0.00676520458953977
34989,0.00676517629520856
34988,0.00676514798594258
34987,0.00676511966173841
34986,0.00676509132259262
34985,0.00676506296850181
34984,0.00676503459946254
34983,0.0067650062154714
34982,0.00676497781652497
34981,0.00676494940261982
34980,0.00676492097375253
34979,0.00676489252991968
34978,0.00676486407111785
34977,0.0067648355973436
34976,0.00676480710859353
34975,0.00676477860486421
34974,0.0067647500861522
34973,0.00676472155245409
34972,0.00676469300376644
34971,0.00676466444008584
34970,0.00676463586140885
34969,0.00676460726773206
34968,0.00676457865905203
34967,0.00676455003536533
34966,0.00676452139666854
34965,0.00676449274295822
34964,0.00676446407423096
34963,0.00676443539048331
34962,0.00676440669171185
34961,0.00676437797791316
34960,0.00676434924908379
34959,0.00676434924908379
34958,0.00676434924908379
34957,0.00676434924908379
34956,0.00676434924908379
34955,0.00676434924908379
34954,0.00676434924908379
34953,0.00676434924908379
34952,0.00676434924908379
34951,0.00676434924908379
34950,0.00676434924908379
34949,0.00676434924908379
34948,0.00676434924908379
34947,0.00676434924908379
34946,0.00676434924908379
34945,0.00676434924908379
34944,0.00676434924908379
34943,0.00676434924908379
34942,0.00676434924908379
34941,0.00676434924908379
34940,0.00676434924908379
34939,0.00676440669171185
34938,0.00676446407423096
34937,0.00676452139666854
34936,0.00676457865905203
34935,0.00676463586140885
34934,0.00676469300376644
34933,0.0067647500861522
34932,0.00676480710859353
34931,0.00676486407111785
34930,0.00676492097375253
34929,0.00676497781652497
34928,0.00676503459946254
34927,0.00676509132259262
34926,0.00676514798594258
34925,0.00676520458953977
34924,0.00676526113341153
34923,0.00676531761758523
34922,0.00676537404208819
34921,0.00676543040694775
34920,0.00676548671219123
34919,0.0067656693595526
34918,0.00676585157061564
34917,0.00676603334573906
34916,0.00676621468528246
34915,0.0067663955896063
34914,0.00676657605907191
34913,0.00676675609404151
34912,0.00676693569487817
34911,0.00676711486194582
34910,0.00676729359560928
34909,0.00676747189623422
34908,0.00676764976418717
34907,0.00676782719983551
34906,0.0067680042035475
34905,0.00676818077569224
34904,0.00676835691663969
34903,0.00676853262676066
34902,0.0067687079064268
34901,0.00676888275601063
34900,0.0067690571758855
34899,0.00676931079350062
34898,0.0067695634067979
34897,0.0067698150173558
34896,0.00677006562675546
34895,0.00677031523658074
34894,0.00677056384841818
34893,0.00677081146385696
34892,0.00677105808448892
34891,0.00677130371190855
34890,0.00677154834771291
34889,0.00677179199350169
34888,0.00677203465087714
34887,0.00677227632144407
34886,0.00677251700680986
34885,0.00677275670858437
34884,0.00677299542838002
34883,0.00677323316781168
34882,0.00677346992849674
34881,0.00677370571205499
34880,0.00677394052010871
34879,0.00677424690905406
34878,0.00677455151859581
34877,0.0067748543530219
34876,0.00677515541662466
34875,0.00677545471370068
34874,0.00677575224855075
34873,0.00677604802547973
34872,0.00677634204879656
34871,0.00677663432281407
34870,0.00677692485184899
34869,0.00677721364022182
34868,0.00677750069225672
34867,0.00677778601228152
34866,0.00677806960462753
34865,0.00677835147362951
34864,0.00677863162362561
34863,0.00677891005895724
34862,0.006779186783969
34861,0.0067794618030086
34860,0.00677973512042679
34859,0.00678001924375615
34858,0.00678030125943124
34857,0.0067805811738776
34856,0.00678085899351433
34855,0.00678113472475395
34854,0.00678140837400221
34853,0.00678167994765799
34852,0.00678194945211308
34851,0.0067822168937521
34850,0.00678248227895227
34849,0.0067827456140833
34848,0.00678300690550724
34847,0.00678326615957832
34846,0.00678352338264276
34845,0.00678377858103867
34844,0.00678403176109587
34843,0.00678428292913575
34842,0.00678453209147109
34841,0.00678477925440593
34840,0.00678502442423541
34839,0.00678527566939772
34838,0.00678552447122825
34837,0.00678577083837559
34836,0.00678601477945669
34835,0.00678625630305655
34834,0.00678649541772803
34833,0.0067867321319915
34832,0.00678696645433464
34831,0.00678719839321212
34830,0.00678742795704539
34829,0.00678765515422235
34828,0.00678787999309715
34827,0.00678810248198988
34826,0.00678832262918635
34825,0.00678854044293778
34824,0.00678875593146059
34823,0.0067889691029361
34822,0.00678917996551029
34821,0.00678938852729354
34820,0.00678959479636039
34819,0.00678981641962327
34818,0.00679003489095439
34817,0.00679025022276489
34816,0.00679046242736418
34815,0.00679067151695941
34814,0.00679087750365486
34813,0.00679108039945145
34812,0.00679128021624609
34811,0.00679147696583122
34810,0.00679167065989422
34809,0.00679186131001689
34808,0.00679204892767487
34807,0.00679223352423718
34806,0.00679241511096561
34805,0.00679259369901424
34804,0.00679276929942893
34803,0.00679294192314677
34802,0.00679311158099557
34801,0.00679327828369339
34800,0.00679344204184797
34799,0.00679366994597624
34798,0.00679389312431133
34797,0.00679411160019491
34796,0.0067943253967522
34795,0.00679453453689027
34794,0.00679473904329632
34793,0.00679493893843595
34792,0.00678424338958055
34791,0.00678452389110389
34790,0.00678479918661599
34789,0.00678506930182123
34788,0.00678533426217438
34787,0.00678559409287897
34786,0.00678584881888576
34785,0.00678609846489113
34784,0.00678634305533556
34783,0.00678658261440208
34782,0.00678681716601476
34781,0.00678704673383713
34780,0.00678727134127078
34779,0.00678748671594122
34778,0.00678769643128949
34777,0.00678790051210105
34776,0.00678809898273528
34775,0.00678829186712363
34774,0.00678847918876793
34773,0.00678866097073865
34772,0.00678883723567317
34771,0.00678900800577416
34770,0.00678917330280791
34769,0.0067893331481027
34768,0.00678948756254725
34767,0.00678963656658914
34766,0.00678978018023327
34765,0.00678991842304036
34764,0.0067635499722322
34763,0.00676370250374994
34762,0.00676384970124619
34761,0.00676399158250028
34760,0.00676412816484027
34759,0.00676431903520072
34758,0.00676450327578164
34757,0.00676468092044174
34756,0.00676485200248337
34755,0.00676501655464901
34754,0.00676517460911792
34753,0.00676532619750277
34752,0.00676547135084627
34751,0.00676561009961793
34750,0.00676574247371076
34749,0.00676586850243812
34748,0.00676598821453049
34747,0.0067661016381324
34746,0.00676620880079926
34745,0.0067663097294944
34744,0.00676640445058602
34743,0.00676649298984421
34742,0.00676657537243804
34741,0.00676665162293269
34740,0.00676672176528658
34739,0.00676679055238621
34738,0.00676685175765158
34737,0.00676690541096434
34736,0.00676695154122972
34735,0.00676699017637205
34734,0.00676702134333039
34733,0.00676704506805431
34732,0.0067670613754996
34731,0.00676707028962429
34730,0.00676707183338451
34729,0.00676706602873064
34728,0.00676705289660346
34727,0.00676703245693037
34726,0.00676700472862173
34725,0.00676696972956733
34724,0.00676692747663284
34723,0.00676687798565648
34722,0.00676682127144567
34721,0.00676675734777384
34720,0.00676668622737729
34719,0.00676656376010356
34718,0.00676643360530855
34717,0.00676629575392218
34716,0.00676615019563447
34715,0.00676599691889553
34714,0.00676583591091571
34713,0.00676566715766584
34712,0.00676549064387761
34711,0.00676530635304408
34710,0.00676511426742027
34709,0.00676491436802394
34708,0.00676470663463643
34707,0.00676449104580366
34706,0.00676426757883719
34705,0.00676403620981555
34704,0.00676379691358547
34703,0.00676354966376344
34702,0.00676329443273726
34701,0.00676303119166778
34700,0.00676275991049071
34699,0.0067624533928588
34698,0.00676213702232184
34697,0.00676181075456173
34696,0.00676147454345721
34695,0.00676112834108758
34694,0.00676077209773673
34693,0.00676040576189739
34692,0.00676002928027553
34691,0.00675964259779507
34690,0.00675924565760273
34689,0.0067588384010731
34688,0.00675842076781399
34687,0.00675799269567193
34686,0.00675755412073791
34685,0.00675710497735331
34684,0.0067566451981161
34683,0.00675617471388717
34682,0.00675569345379697
34681,0.00675520134525225
34680,0.00675469831394313
34679,0.00675418428385026
34678,0.00675365917725231
34677,0.00675312291473355
34676,0.00675257541519176
34675,0.00675201659584623
34674,0.00675144637224607
34673,0.00675086465827863
34672,0.00675027136617823
34671,0.00674966640653499
34670,0.00674904968830394
34669,0.00674842111881433
34668,0.00674778060377905
34667,0.00674712804730441
34666,0.00674646335189997
34665,0.00674578641848862
34664,0.00674509714641697
34663,0.0067443954334657
34662,0.00674368117586035
34661,0.00674295426828218
34660,0.00674221460387921
34659,0.00674141133730457
34658,0.00674059376066235
34657,0.00673976174038947
34656,0.00673891514132608
34655,0.00673805382673221
34654,0.00673717765830476
34653,0.00673628649619467
34652,0.00673538019902427
34651,0.00673445862390495
34650,0.00673352162645486
34649,0.00673256906081703
34648,0.00673160077967753
34647,0.00673061663428392
34646,0.00672961647446385
34645,0.00672860014864394
34644,0.00672756750386876
34643,0.00672651838582007
34642,0.00672545263883624
34641,0.00672437010593188
34640,0.00672327062881757
34639,0.00672215404791992
34638,0.00672102020240172
34637,0.00671986893018225
34636,0.00671870006795788
34635,0.00671751345122272
34634,0.00671630891428956
34633,0.00671508629031089
34632,0.00671384541130014
34631,0.00671258610815311
34630,0.0067113082106695
34629,0.00671001154757463
34628,0.00670869594654139
34627,0.00670736123421222
34626,0.00670600723622135
34625,0.00670463377721716
34624,0.00670324068088465
34623,0.00670182776996818
34622,0.00670039486629416
34621,0.00669894179079409
34620,0.0066974683635276
34619,0.00669597292736649
34618,0.00669445636342561
34617,0.00669291848098298
34616,0.00669135908824518
34615,0.0066897779923724
34614,0.00668817499950347
34613,0.00668654991478125
34612,0.00668490254237806
34611,0.00668323268552133
34610,0.00668154014651942
34609,0.00667982472678761
34608,0.00667808622687421
34607,0.00667632444648689
34606,0.0066745391845191
34605,0.0066727302390767
34604,0.00667089740750469
34603,0.00666904048641413
34602,0.00666715927170915
34601,0.00666525355861416
34600,0.00666332314170113
34599,0.00666136781491708
34598,0.00665938737161164
34597,0.00665738160456471
34596,0.00665535030601436
34595,0.00665329326768472
34594,0.00665121028081407
34593,0.00664910113618301
34592,0.00664696562414273
34591,0.00664480353464342
34590,0.00664261465726275
34589,0.00664039878123446
34588,0.00663815569547707
34587,0.00663588518862266
34586,0.00663358704904568
34585,0.006631261064892
34584,0.00662890702410788
34583,0.00661652141030344
34582,0.00661414089121679
34581,0.00661173160094538
34580,0.00660929332707753
34579,0.00660688505297221
34578,0.00660444827237267
34577,0.00660198277424529
34576,0.00659948834735219
34575,0.00659696478027992
34574,0.00659441186146806
34573,0.00659182937923802
34572,0.00658921712182188
34571,0.00658657487739129
34570,0.00658390243408651
34569,0.00658119958004546
34568,0.00657846610343286
34567,0.00657570179246941
34566,0.0065729064354611
34565,0.0065700798208285
34564,0.00656722173713613
34563,0.00656433197312191
34562,0.00656141031772662
34561,0.00655845656012339
34560,0.00655547048974731
34559,0.0065526090762981
34558,0.00654971765070305
34557,0.00653436041514488
34556,0.00653142684263094
34555,0.0065284626538428
34554,0.00652546765517363
34553,0.00652244165320581
34552,0.0065193844547366
34551,0.00651629586680387
34550,0.00651317569671179
34549,0.00651002375205669
34548,0.00650683984075283
34547,0.00650362377105827
34546,0.00650037535160077
34545,0.00649709439140368
34544,0.0064937806999119
34543,0.00649043408701787
34542,0.00648705436308748
34541,0.00648364133898616
34540,0.00648019482610481
34539,0.00647656327650902
34538,0.00647289627877658
34537,0.00646919365717507
34536,0.00646545523704768
34535,0.00646168084483818
34534,0.00645787030811597
34533,0.00645402345560089
34532,0.006450140117188
34531,0.00644622012397227
34530,0.00644226330827317
34529,0.00643826950365914
34528,0.00643423854497199
34527,0.0064301702683511
34526,0.00642606451125769
34525,0.00642192111249872
34524,0.00641773991225098
34523,0.00641352075208478
34522,0.00640926347498766
34521,0.00640496792538799
34520,0.00640063394917834
34519,0.00639604701904625
34518,0.00639141818987356
34517,0.00638674730708578
34516,0.00638203421810393
34515,0.00637727877236986
34514,0.00637248082137137
34513,0.00636764021866698
34512,0.00636275681991065
34511,0.00635783048287607
34510,0.00635286106748091
34509,0.00634784843581068
34508,0.00634279245214239
34507,0.00633769298296797
34506,0.00633254989701747
34505,0.0063273630652819
34504,0.00632213236103597
34503,0.00631685765986044
34502,0.00631153883966422
34501,0.00630617578070628
34500,0.00630076836561723
34499,0.00629538057575775
34498,0.00628995005067828
34497,0.00628447670242502
34496,0.00627896044545389
34495,0.00627340119664606
34494,0.00626779887532332
34493,0.00626215340326302
34492,0.00625646470471283
34491,0.00625073270640517
34490,0.00624495733757127
34489,0.0062391385299551
34488,0.00623327621782684
34487,0.00622737033799607
34486,0.00622142082982482
34485,0.00620406322126342
34484,0.00619804552839729
34483,0.00619198401344582
34482,0.00618587862613119
34481,0.00617972931878805
34480,0.00617353604637447
34479,0.00616701993566615
34478,0.00616045653385388
34477,0.00615384581546212
34476,0.00614718775821827
34475,0.00614048234306101
34474,0.00613372955414829
34473,0.00612692937886473
34472,0.00612008180782878
34471,0.00611318683489929
34470,0.00610624445718175
34469,0.00609925467503409
34468,0.00609221749207199
34467,0.00608513291517383
34466,0.00607800095448511
34465,0.00607082162342259
34464,0.00606359493867787
34463,0.00605632092022058
34462,0.00604899959130118
34461,0.00604163097845319
34460,0.00603421511149522
34459,0.00602675202353237
34458,0.00601924175095726
34457,0.00601168433345072
34456,0.00600407981398182
34455,0.00599642823880782
34454,0.00598872965747337
34453,0.00598098412280945
34452,0.00597319169093188
34451,0.00596535242123926
34450,0.00595746637641078
34449,0.00594953362240329
34448,0.00594155422844815
34447,0.00593352826704759
34446,0.00592545581397062
34445,0.00591733694824865
34444,0.00590917175217054
34443,0.00590096031127733
34442,0.00589270271435654
34441,0.00588439905343602
34440,0.00587604942377747
34439,0.00586752415580024
34438,0.00585895046576955
34437,0.00585032844286209
34436,0.00584165817972824
34435,0.00583293977248749
34434,0.00582417332072332
34433,0.00581535892747771
34432,0.00580649669924515
34431,0.00579758674596627
34430,0.00578862918102096
34429,0.00577962412122115
34428,0.00577057168680306
34427,0.00576147200141906
34426,0.00575232519212916
34425,0.00574313138939191
34424,0.00573389072705508
34423,0.00572460334234572
34422,0.00571526937585996
34421,0.00570588897155227
34420,0.00569646227672438
34419,0.00568688504070224
34418,0.00567726206297515
34417,0.00566759352460532
34416,0.00565787960998628
34415,0.00564812050682477
34414,0.00563831640612216
34413,0.00562846750215555
34412,0.00561857399245843
34411,0.00560863607780089
34410,0.00559865396216954
34409,0.00558862785274699
34408,0.00557855795989092
34407,0.00556844449711279
34406,0.00555828768105625
34405,0.005548087731475
34404,0.0055378448712105
34403,0.00552755932616915
34402,0.00551723132529919
34401,0.00550686110056724
34400,0.00549644888693446
34399,0.00548629679711326
34398,0.00547610138657442
34397,0.00546586283017854
34396,0.00545558130583829
34395,0.00544525699450679
34394,0.00543489008016564
34393,0.00542448074981269
34392,0.00541402919344933
34391,0.00540353560406746
34390,0.00539300017763618
34389,0.00538242311308802
34388,0.00537180461230491
34387,0.00536114488010371
34386,0.00535044412422153
34385,0.00533970255530054
34384,0.00531875104066725
34383,0.00530803332106915
34382,0.00529727447079664
34381,0.00528647471954431
34380,0.00527563429978642
34379,0.00526475344675991
34378,0.0052538323984471
34377,0.00524287139555798
34376,0.00523187068151231
34375,0.00522083050242129
34374,0.00520975110706897
34373,0.00519863274689335
34372,0.00518747567596719
34371,0.00517628015097843
34370,0.00516504643121041
34369,0.00515377477852175
34368,0.00514246545732592
34367,0.00513111873457051
34366,0.00511973487971627
34365,0.00510831416471578
34364,0.00509685686399192
34363,0.00508536325441598
34362,0.00507383361528555
34361,0.00506226822830211
34360,0.00505066737754836
34359,0.00503870077139636
34358,0.00502669722698932
34357,0.00501465706065006
34356,0.00500258059126657
34355,0.00499046814026426
34354,0.0049783200315783
34353,0.00496613659162546
34352,0.00495391814927572
34351,0.00494166503582364
34350,0.00492937758495932
34349,0.00491705613273921
34348,0.00490470101755657
34347,0.00489231258011175
34346,0.00487989116338217
34345,0.00486743711259193
34344,0.00485495077518136
34343,0.00484243250077618
34342,0.00482988264115648
34341,0.00481730155022552
34340,0.00480468958397807
34339,0.0047924666760613
34338,0.00478021381897443
34337,0.00476793133148893
34336,0.00475561953436407
34335,0.00474327875032116
34334,0.00473090930401758
34333,0.00471851152202054
34332,0.0047060857327807
34331,0.00469363226660553
34330,0.00468115145563246
34329,0.00466864363380186
34328,0.00463615610616874
34327,0.00462387562604903
34326,0.00461156562378862
34325,0.00459922647807158
34324,0.00458685856893683
34323,0.00457446227775116
34322,0.00456203798718204
34321,0.00454958608117031
34320,0.00453710694490271
34319,0.00452453918967148
34318,0.0045119467785317
34317,0.00449933010868634
34316,0.00448668957821026
34315,0.00447402558602052
34314,0.00446133853184649
34313,0.00444862881619999
34312,0.00443589684034525
34311,0.00442314300626891
34310,0.00441036771664987
34309,0.00439757137482916
34308,0.0043847543847797
34307,0.004371917151076
34306,0.00435906007886387
34305,0.00434618357383005
34304,0.00433328804217177
34303,0.00432037389056639
34302,0.00430744152614086
34301,0.00429449135644126
34300,0.00428152378940228
34299,0.00426895267003999
34298,0.00425636410905798
34297,0.00424375847729743
34296,0.00423113614608844
34295,0.00421849748722428
34294,0.00420584287293539
34293,0.00419317267586348
34292,0.00418048726903552
34291,0.0041677870258376
34290,0.0041550723199891
34289,0.00414234352551638
34288,0.0041296010167268
34287,0.0041270051081443
34286,0.00411439453071929
34285,0.00410177353890726
34284,0.00408914253278778
34283,0.00407650191279406
34282,0.00406385207968711
34281,0.00405119343452977
34280,0.00403852637866099
34279,0.0040262052356144
34278,0.00401387885419639
34277,0.00400154760374105
34276,0.00398921185350036
34275,0.00397687197262148
34274,0.0039645283301245
34273,0.00395218129487997
34272,0.00393983123558638
34271,0.00392747852074808
34270,0.00391512351865269
34269,0.0039027665973491
34268,0.00389040812462512
34267,0.00387804846798521
34266,0.0038656879946286
34265,0.00385332707142697
34264,0.00384096606490258
34263,0.00382860534120626
34262,0.00381624526609538
34261,0.0038038862049122
34260,0.00379152852256183
34259,0.00377917214926438
34258,0.00376681593933216
34257,0.00375446025800428
34256,0.00374210547023054
34255,0.00372975194064928
34254,0.0037174000335657
34253,0.0037050501129299
34252,0.003692702542315
34251,0.00368035768489554
34250,0.00366801590342559
34249,0.00365567756021723
34248,0.00364334301711885
34247,0.0036310126354935
34246,0.0036186867761976
34245,0.00360636579955918
34244,0.00359405006535677
34243,0.00358173993279788
34242,0.0035694357604977
34241,0.00355713790645806
34240,0.00354484672804604
34239,0.00353330686893322
34238,0.00352177351075366
34237,0.00351024694812763
34236,0.0034987274751179
34235,0.00348721538521433
34234,0.00347571097131885
34233,0.00346421452573025
34232,0.00345272634012917
34231,0.00344124670556315
34230,0.00342977591243152
34229,0.00341831425047064
34228,0.00340686200873901
34227,0.00339541947560251
34226,0.00338398693871975
34225,0.00337256468502729
34224,0.00336115300072516
34223,0.00334975217126228
34222,0.00333836248132203
34221,0.00332698421480791
34220,0.00331561765482909
34219,0.00330495829847483
34218,0.00329430808486118
34217,0.00328366725100066
34216,0.00327303603339279
34215,0.00326241466801338
34214,0.0032518033903035
34213,0.00324120243515872
34212,0.00323061203691828
34211,0.00322003242935425
34210,0.00320946384566097
34209,0.00319890651844422
34208,0.00318836067971067
34207,0.00317782656085725
34206,0.00316730439266048
34205,0.00315679440526618
34204,0.00314629682817881
34203,0.00313581189025111
34202,0.00312533981967374
34201,0.00311488084396483
34200,0.00310443518995984
34199,0.00309389872965626
34198,0.00308337315868498
34197,0.00307285872294518
34196,0.00306235566785244
34195,0.00305186423832627
34194,0.0030413846787774
34193,0.00303091723309519
34192,0.00302046214463512
34191,0.00301001965620615
34190,0.00299959001005838
34189,0.00298917344787049
34188,0.00297877021073733
34187,0.00296838053915758
34186,0.00295800467302124
34185,0.00294764285159753
34184,0.00293729531352245
34183,0.0029269622967866
34182,0.002916644038723
34181,0.00290634077599482
34180,0.00289605274458344
34179,0.00288599613314219
34178,0.0028759516472596
34177,0.00286591952579802
34176,0.00285590000717197
34175,0.00284589332933451
34174,0.00283589972976388
34173,0.00282591944544998
34172,0.00281595271288086
34171,0.00280599976802948
34170,0.00279606084634007
34169,0.00278613618271503
34168,0.00277622601150143
34167,0.00276633056647767
34166,0.00275645008084037
34165,0.00274658478719093
34164,0.00273673491752249
34163,0.00272690070320666
34162,0.00271708237498033
34161,0.00270728016293276
34160,0.00269749429649224
34159,0.00268865384518279
34158,0.0026798254863455
34157,0.00267100940249144
34156,0.00266220577574693
34155,0.00265341478784392
34154,0.00264463662011042
34153,0.00263587145346088
34152,0.00262711946838662
34151,0.0026183808449463
34150,0.00260965576275635
34149,0.00260094440098151
34148,0.00259224693832532
34147,0.00258356355302063
34146,0.00257489442282024
34145,0.0025662397249874
34144,0.00255759963628649
34143,0.00254897433297363
34142,0.00253023111114917
34141,0.00252175476125251
34140,0.00251329250082348
34139,0.00250508301886564
34138,0.00249688605948766
34137,0.00248870180347983
34136,0.00248053043111474
34135,0.0024723721221377
34134,0.002464227055757
34133,0.00245609541063436
34132,0.00244797736487532
34131,0.00243987309601962
34130,0.00243178278103185
34129,0.00242370659629186
34128,0.00241564471758539
34127,0.00240759732009467
34126,0.002399564578389
34125,0.00239154666641562
34124,0.00238354375749029
34123,0.00237555602428813
34122,0.00236758363883452
34121,0.0023596267724958
34120,0.0023516855959704
34119,0.00234415046705338
34118,0.00233663033969756
34117,0.00232912535232681
34116,0.00232163564278403
34115,0.00231416134832491
34114,0.00230670260561208
34113,0.00229925955070897
34112,0.00229183231907386
34111,0.00228442104555405
34110,0.00227702586437983
34109,0.00226964690915877
34108,0.00226228431286985
34107,0.00225493820785763
34106,0.00224760872582672
34105,0.00224029599783583
34104,0.00223300015429238
34103,0.0022257213249468
34102,0.00221845963888688
34101,0.00221121522453246
34100,0.00220398820962978
34099,0.0021977373181915
34098,0.00218121979072938
34097,0.00217509563993165
34096,0.00216898417626392
34095,0.00216288548546586
34094,0.00215679965285437
34093,0.00215072676332114
34092,0.00214466690133018
34091,0.00213862015091541
34090,0.00213258659567829
34089,0.00212656631878538
34088,0.00212055940296607
34087,0.00211456593051018
34086,0.00210858598326565
34085,0.00210261964263632
34084,0.00209666698957958
34083,0.00209072810460416
34082,0.00208480306776793
34081,0.00207889195867567
34080,0.00207299485647688
34079,0.00206692699132197
34078,0.00206087498084754
34077,0.00205483890189774
34076,0.00204881883079953
34075,0.00204281484336074
34074,0.00203682701486842
34073,0.00203085542008708
34072,0.00202490013325696
34071,0.00201896122809242
34070,0.00201303877778018
34069,0.00200713285497772
34068,0.00200124353181171
34067,0.00199537087987631
34066,0.00198951497023174
34065,0.00198367587340262
34064,0.00197785365937647
34063,0.00197204839760224
34062,0.00196626015698878
34061,0.00196048900590349
34060,0.00195473501217074
34059,0.00194952052742613
34058,0.00194432221227318
34057,0.00193914010270029
34056,0.00193397423430704
34055,0.00192882464230393
34054,0.00192369136151227
34053,0.001918574426364
34052,0.00191347387090149
34051,0.00189838458062558
34050,0.00189332907327648
34049,0.00188829003307697
34048,0.00188326749251872
34047,0.00187826148370326
34046,0.00187327203834178
34045,0.0018682991877551
34044,0.00186334296287355
34043,0.0018584033942369
34042,0.00185348051199426
34041,0.00184857434590407
34040,0.001843684925334
34039,0.00183961941115565
34038,0.00183556618095154
34037,0.00183152524820212
34036,0.001827496626188
34035,0.00182348032799016
34034,0.00181947636648988
34033,0.00181548475436889
34032,0.00181150550410951
34031,0.0018075386279946
34030,0.00180358413810777
34029,0.00179964204633339
34028,0.00179571236435668
34027,0.0017917951036639
34026,0.00178789027554232
34025,0.00178399789108041
34024,0.00178011796116788
34023,0.0017762504964958
34022,0.00177239550755676
34021,0.00176855300464488
34020,0.00176472299785601
34019,0.001760998190393
34018,0.00175728607188255
34017,0.00175358664753276
34016,0.0017498999223541
34015,0.00174622590115973
34014,0.00174256458856561
34013,0.00173891598899077
34012,0.00173528010665755
34011,0.00173165694559171
34010,0.00172804650962278
34009,0.00172444880238419
34008,0.00172086382731348
34007,0.00171729158765265
34006,0.00171373208644819
34005,0.00171018532655152
34004,0.00170665131061904
34003,0.00170313004111244
34002,0.00169962152029899
34001,0.00169612575025163
34000,0.00169264273284938
33999,0.00168928732764126
33998,0.00168594311819504
33997,0.00168261010918933
33996,0.00167928830515003
33995,0.00167597771045034
33994,0.00167267832931096
33993,0.00166939016580021
33992,0.0016661132238341
33991,0.00166284750717655
33990,0.00165959301943942
33989,0.00165634976408271
33988,0.00165311774441466
33987,0.00164989696359186
33986,0.00164668742461949
33985,0.00164348913035132
33984,0.00164030208348991
33983,0.00163712628658677
33982,0.00163396174204245
33981,0.00163080845210674
33980,0.00162766641887877
33979,0.00162463067114244
33978,0.00162160624498381
33977,0.00161859313828732
33976,0.00161559134878959
33975,0.00161260087407952
33974,0.00160962171159857
33973,0.00160665385864096
33972,0.00160369731235387
33971,0.00160075206973773
33970,0.00159781812764634
33969,0.00159489548278713
33968,0.00159198413172142
33967,0.00158908407086455
33966,0.00158619529648625
33965,0.00158331780471071
33964,0.00158045159151689
33963,0.00157759665273873
33962,0.00157475298406539
33961,0.00157192058104149
33960,0.00156909943906729
33959,0.001566002451481
33958,0.00156291688136588
33957,0.00155984273511092
33956,0.0015567800189345
33955,0.00155372873888446
33954,0.00155068890083817
33953,0.00154766051050262
33952,0.00154464357341448
33951,0.0015416380949402
33950,0.00153864408027608
33949,0.00153566153444835
33948,0.00153269046231323
33947,0.00152973086855707
33946,0.00152678275769644
33945,0.00152384613407814
33944,0.00152092100187939
33943,0.00151800736510787
33942,0.00151510522760183
33941,0.00151221459303024
33940,0.00150933546489278
33939,0.00150661456370652
33938,0.00150390305491694
33937,0.00150120094741058
33936,0.00149850824993182
33935,0.00149582497108292
33934,0.00149315111932396
33933,0.00149048670297285
33932,0.0014878317302053
33931,0.00148518620905479
33930,0.00148255014741261
33929,0.00147992355302782
33928,0.00147730643350724
33927,0.0014746987963155
33926,0.00147210064877494
33925,0.00146951199806574
33924,0.00146693285122585
33923,0.00146436321515099
33922,0.00146180309659472
33921,0.00145925250216839
33920,0.00145671143834119
33919,0.00145402523639842
33918,0.00145134987799092
33917,0.00144868536958427
33916,0.00144603171746592
33915,0.00144338892774522
33914,0.00144075700635351
33913,0.00143813595904417
33912,0.00143552579139267
33911,0.00143292650879661
33910,0.00143033811647586
33909,0.00142776061947254
33908,0.00142519402265116
33907,0.00142263833069867
33906,0.00142009354812452
33905,0.00141755967926079
33904,0.00141503672826222
33903,0.00141252469910633
33902,0.00141002359559352
33901,0.00140753342134713
33900,0.00140505417981356
33899,0.00140272709201081
33898,0.00140040964097503
33897,0.00139810182975272
33896,0.0013958036612494
33895,0.0013935151382297
33894,0.00139123626331744
33893,0.00138896703899572
33892,0.00138670746760697
33891,0.00138445755135303
33890,0.00138221729229527
33889,0.00137998669235468
33888,0.00137776575331189
33887,0.00137555447680737
33886,0.00137335286434138
33885,0.00137116091727421
33884,0.00136897863682619
33883,0.00136680602407781
33882,0.00136464307996983
33881,0.00136248980530335
33880,0.00136034620073995
33879,0.00135820097268024
33878,0.00135606701904226
33877,0.00135394433055048
33876,0.00135183289778589
33875,0.00134973271118615
33874,0.0013476437610459
33873,0.00134556603751697
33872,0.00134349953060863
33871,0.00134144423018783
33870,0.00133940012597941
33869,0.00133736720756638
33868,0.00133534546439015
33867,0.00133333488575077
33866,0.0013313354608072
33865,0.00132934717857751
33864,0.00132737002793918
33863,0.0013254039976293
33862,0.00132344907624484
33861,0.00132150525224296
33860,0.00131957251394115
33859,0.00131784504072906
33858,0.00131612706881783
33857,0.00131441858603192
33856,0.00131271958009737
33855,0.00131103003864197
33854,0.00130934994919544
33853,0.00130767929918969
33852,0.001306018075959
33851,0.00130436626674026
33850,0.00130272385867312
33849,0.00130109083880029
33848,0.00129946719406766
33847,0.0012978529113246
33846,0.00129624797732411
33845,0.00129465237872308
33844,0.00129306610208247
33843,0.00129148913386755
33842,0.00127817449175657
33841,0.00127669506876528
33840,0.00127522443752016
33839,0.00127347126898231
33838,0.00127173072403723
33837,0.0012700027824611
33836,0.00126828742381496
33835,0.00126658462744527
33834,0.00126489437248457
33833,0.00126321663785207
33832,0.00126155140225422
33831,0.0012598986441854
33830,0.00125825834192848
33829,0.00125663047355547
33828,0.00125501501692813
33827,0.00125341194969857
33826,0.00125182124930996
33825,0.00125024289299704
33824,0.00124867685778687
33823,0.00124712312049941
33822,0.00124558165774812
33821,0.00124405244594069
33820,0.00124253546127961
33819,0.00124111395900249
33818,0.00123970332124361
33817,0.00123830352745448
33816,0.00123691455692531
33815,0.00123553638878564
33814,0.00123416900200473
33813,0.0012328123753921
33812,0.00123146648759805
33811,0.00123013131711411
33810,0.0012288068422736
33809,0.00122749304125209
33808,0.00122618989206791
33807,0.00122489737258269
33806,0.00122361546050184
33805,0.00122234413337509
33804,0.00122108336859696
33803,0.00121983314340733
33802,0.00121859343489191
33801,0.00121736421998278
33800,0.00121614547545896
33799,0.00121486351463134
33798,0.00121359425549716
33797,0.00121233766107386
33796,0.00121109369415969
33795,0.00120986231733475
33794,0.00120864349296206
33793,0.00120743718318859
33792,0.00120624334994635
33791,0.00120506195495346
33790,0.00120389295971522
33789,0.00120273632552519
33788,0.00120159201346628
33787,0.00120045998441185
33786,0.00119934019902674
33785,0.00119823261776844
33784,0.00119713720088818
33783,0.00119605390843196
33782,0.00119498270024177
33781,0.00119392353595659
33780,0.0011928763750136
33779,0.0011919058958592
33778,0.00119094702700812
33777,0.001189999723139
33776,0.00118906393874673
33775,0.00118813962814383
33774,0.00118722674546174
33773,0.0011863252446522
33772,0.00118543507948862
33771,0.00118455620356738
33770,0.00118368857030924
33769,0.0011828321329607
33768,0.00118198684459535
33767,0.00118115265811528
33766,0.00118032952625241
33765,0.00117951740156993
33764,0.00117871623646365
33763,0.00117792598316341
33762,0.00117714659373449
33761,0.00117637802007897
33760,0.00117562021393719
33759,0.0011747205544168
33758,0.00117383441906356
33757,0.00117296174782509
33756,0.00117210248038833
33755,0.00117125655618153
33754,0.00117042391437622
33753,0.00116960449388925
33752,0.00116879823338475
33751,0.00116800507127621
33750,0.00116722494572844
33749,0.00116645779465965
33748,0.00116570355574347
33747,0.00116496216641098
33746,0.0011642335638528
33745,0.00116351768502111
33744,0.00116281446663175
33743,0.00116212384516628
33742,0.00116144575687407
33741,0.00116078013777437
33740,0.00116012692365842
33739,0.00115948605009157
33738,0.00115885745241535
33737,0.00115824106574964
33736,0.00115763682499474
33735,0.00115704466483353
33734,0.00115646451973362
33733,0.00115589632394946
33732,0.00115534001152454
33731,0.0011547955162935
33730,0.00115426277188432
33729,0.00115374171172052
33728,0.00115323226902327
33727,0.00115273437681365
33726,0.0011522479679148
33725,0.00115177297495414
33724,0.00115130933036557
33723,0.00115085696639166
33722,0.00115041581508592
33721,0.001149985808315
33720,0.00114956687776091
33719,0.00114900399108042
33718,0.00114845387777164
33717,0.00114791647658144
33716,0.00114739172596132
33715,0.00114687956406938
33714,0.00114637992877225
33713,0.001145892757647
33712,0.00114541798798314
33711,0.00114495555678456
33710,0.00114450540077147
33709,0.00114406745638241
33708,0.00114364165977625
33707,0.00114322794683411
33706,0.00114282625316145
33705,0.00114243651409
33704,0.00114205866467982
33703,0.00114169263972133
33702,0.00114133837373731
33701,0.00114099580098497
33700,0.00114066485545799
33699,0.00114034547088856
33698,0.00114003758074947
33697,0.00113974111825618
33696,0.0011394560163689
33695,0.00113918220779467
33694,0.00113891962498946
33693,0.0011386682001603
33692,0.00113842786526736
33691,0.00113819855202611
33690,0.00113798019190941
33689,0.0011377727161497
33688,0.00113757605574109
33687,0.00113739014144157
33686,0.00113721490377515
33685,0.00113705027303404
33684,0.00113689617928079
33683,0.00113675255235056
33682,0.00113661932185326
33681,0.00113649641717576
33680,0.00113638376748411
33679,0.00113632125316348
33678,0.00113626652085961
33677,0.00113621951732122
33676,0.00113618018918194
33675,0.00113614848296168
33674,0.001136124345068
33673,0.00113610772179748
33672,0.00113609855933711
33671,0.00113609680376563
33670,0.00113610240105495
33669,0.0011361152970715
33668,0.00113613543757768
33667,0.00113616276823318
33666,0.00113619723459644
33665,0.00113623878212599
33664,0.00113628735618194
33663,0.00113634290202729
33662,0.00113640536482943
33661,0.0011364746896615
33660,0.00113655082150384
33659,0.00113662750346255
33658,0.00113671022890126
33657,0.00113679895082287
33656,0.00113689362215851
33655,0.00113699419576871
33654,0.00113710062444445
33653,0.00113721286090832
33652,0.00113733085781554
33651,0.00113745456775514
33650,0.00113758394325106
33649,0.00113771893676323
33648,0.00113785950068873
33647,0.00113800558736285
33646,0.00113815714906029
33645,0.00113831413799621
33644,0.0011384765063274
33643,0.00113864420615339
33642,0.00113881718951761
33641,0.00113899540840847
33640,0.00113917881476056
33639,0.00113939527445056
33638,0.00113961483327587
33637,0.00113983745673526
33636,0.00114006311033237
33635,0.00114029175957647
33634,0.0011405233699831
33633,0.00114075790707478
33632,0.00114099533638173
33631,0.0011412356234425
33630,0.00114147873380474
33629,0.00114172463302585
33628,0.00114197328667367
33627,0.0011422246603272
33626,0.00114247871957729
33625,0.00114273543002732
33624,0.00114299475729389
33623,0.00114325666700756
33622,0.00114352112481349
33621,0.00114378809637215
33620,0.00114405754736004
33619,0.00114428228017322
33618,0.00114450853654053
33617,0.00114473629799334
33616,0.00114496554607319
33615,0.00114519626233196
33614,0.00114542842833218
33613,0.00114566202564727
33612,0.00114589703586175
33611,0.00114613344057154
33610,0.0011463712213842
33609,0.00114661035991915
33608,0.00114685083780795
33607,0.00114709263669454
33606,0.00114733573823548
33605,0.00114758012410023
33604,0.00114782577597137
33603,0.00114807267554483
33602,0.00114832080453021
33601,0.00114857014465097
33600,0.00114882067764467
33599,0.00114900071322944
33598,0.00114918167109476
33597,0.00114936354298849
33596,0.00114954632065995
33595,0.00114972999585993
33594,0.0011499145603408
33593,0.00115010000585654
33592,0.00115028632416281
33591,0.00115047350701703
33590,0.00115066154617844
33589,0.00115085043340814
33588,0.00115104016046917
33587,0.00115123071912657
33586,0.00115142210114745
33585,0.00115161429830105
33584,0.00115180730235881
33583,0.00115200110509439
33582,0.00115219569828379
33581,0.00115239107370541
33580,0.00115258722314006
33579,0.00115273027345595
33578,0.00115287406777069
33577,0.00115301860163826
33576,0.00115316387061131
33575,0.00115330987024115
33574,0.00115345659607778
33573,0.0011536040436699
33572,0.00115375220856495
33571,0.00115390108630913
33570,0.00115405067244741
33569,0.00115420096252357
33568,0.0011543519520802
33567,0.00115450363665878
33566,0.0011546560117996
33565,0.00115480907304189
33564,0.00115496281592378
33563,0.00115511723598234
33562,0.00115527232875361
33561,0.00115542808977261
33560,0.00115558451457337
33559,0.00115567818109934
33558,0.00115577216637649
33557,0.00115586646923876
33556,0.00115596108851972
33555,0.00115605602305255
33554,0.00115615127167008
33553,0.00115624683320474
33552,0.00115634270648861
33551,0.00115643889035341
33550,0.00115653538363049
33549,0.00115663218515083
33548,0.00115672929374506
33547,0.00115682670824346
33546,0.00115692442747596
33545,0.00115702245027212
33544,0.00115712077546119
33543,0.00115721940187203
33542,0.00115731832833319
33541,0.00115741755367288
33540,0.00115751707671895
33539,0.00115760504299364
33538,0.00115769309675756
33537,0.00115778123748768
33536,0.00115786946466106
33535,0.00115795777775491
33534,0.00115804617624652
33533,0.0011581346596133
33532,0.00115822322733278
33531,0.00115831187888259
33530,0.00115840061374048
33529,0.00115848943138431
33528,0.00115857833129207
33527,0.00115866731294184
33526,0.00115875637581183
33525,0.00115884551938037
33524,0.0011589347431259
33523,0.00115902404652699
33522,0.0011591134290623
33521,0.00115920289021064
33520,0.00115929242945093
33519,0.00115939100657155
33518,0.00115948954609172
33517,0.00115958804746488
33516,0.00115968651014493
33515,0.00115978493358631
33514,0.001159883317244
33513,0.00115998166057347
33512,0.00116007996303071
33511,0.00116017822407226
33510,0.00116027644315517
33509,0.00116037461973699
33508,0.00116047275327583
33507,0.00116057084323029
33506,0.00116066888905954
33505,0.00116076689022323
33504,0.00116086484618158
33503,0.00116096275639529
33502,0.00116106062032564
33501,0.00116115843743441
33500,0.00116125620718392
33499,0.00116133147559148
33498,0.00116140669669788
33497,0.00116148187026226
33496,0.00116155699604397
33495,0.0011616320738026
33494,0.00116170710329799
33493,0.00116178208429019
33492,0.0011618570165395
33491,0.00116193189980645
33490,0.00116200673385181
33489,0.00116208151843659
33488,0.00116215625332203
33487,0.00116223093826959
33486,0.001162305573041
33485,0.0011623801573982
33484,0.00116245469110338
33483,0.00116252917391896
33482,0.00116260360560761
33481,0.00116267798593221
33480,0.0011627523146559
33479,0.00116286430601188
33478,0.0011629763902617
33477,0.00116308856640351
33476,0.00116320083343579
33475,0.00116331319035738
33474,0.00116342563616749
33473,0.00116353816986567
33472,0.00116365079045184
33471,0.0011637634969263
33470,0.00116387628828968
33469,0.00116398916354302
33468,0.0011641021216877
33467,0.00116421516172549
33466,0.00116432828265851
33465,0.00116444148348928
33464,0.00116455476322068
33463,0.00116466812085599
33462,0.00116478155539884
33461,0.00116489506585329
33460,0.00116500865122373
33459,0.00116511677072929
33458,0.00116522511942865
33457,0.0011653336961489
33456,0.00116544249971694
33455,0.0011655515289595
33454,0.00116566078270311
33453,0.00116577025977415
33452,0.0011658799589988
33451,0.00116598987920308
33450,0.00116610001921286
33449,0.00116621037785383
33448,0.0011663209539515
33447,0.00116643174633125
33446,0.00116654275381829
33445,0.00116665397523768
33444,0.00116676540941433
33443,0.00116687705517298
33442,0.00116698891133826
33441,0.00116710097673464
33440,0.00116721325018643
33439,0.00116736843563363
33438,0.00116752415731683
33437,0.00116768041162953
33436,0.00116783719496367
33435,0.00116799450370965
33434,0.00116815233425637
33433,0.00116831068299123
33432,0.00116846954630015
33431,0.0011686289205676
33430,0.00116878880217661
33429,0.00116894918750879
33428,0.00116911007294435
33427,0.00116927145486212
33426,0.00116943332963957
33425,0.00116959569365283
33424,0.0011697585432767
33423,0.00116992187488469
33422,0.001170085684849
33421,0.0011702499695406
33420,0.00117041472532918
33419,0.00117060071965791
33418,0.00117078775265996
33417,0.00117097581673568
33416,0.00117116490427736
33415,0.0011713550076693
33414,0.00115761549097716
33413,0.0011578761085884
33412,0.00115813740365178
33411,0.00115839936973839
33410,0.00115866200040882
33409,0.00115892528921319
33408,0.00115918922969127
33407,0.00115945381537249
33406,0.00115971903977609
33405,0.00115998489641114
33404,0.00116025137877666
33403,0.00116051848036167
33402,0.00116078619464528
33401,0.00116105451509676
33400,0.00116132343517565
33399,0.00116165028544093
33398,0.00116197757453482
33397,0.00116230529301635
33396,0.00116263343143705
33395,0.00116296198034103
33394,0.00116329093026508
33393,0.00116362027173889
33392,0.00116394999528505
33391,0.0011642800914193
33390,0.00116461055065054
33389,0.00116494136348106
33388,0.00116527252040661
33387,0.00116560401191651
33386,0.00116593582849385
33385,0.00116626796061553
33384,0.00116660039875248
33383,0.0011669331333697
33382,0.00116726615492645
33381,0.00116759945387635
33380,0.00116793302066754
33379,0.00116832180111558
33378,0.0011687105072002
33377,0.001169099125093
33376,0.00116948764096803
33375,0.00116987604100199
33374,0.00117026431137446
33373,0.0011706524382681
33372,0.00117104040786889
33371,0.00117142820636637
33370,0.00117181581995379
33369,0.00117220323482841
33368,0.00117259043719167
33367,0.00117297741324943
33366,0.0011733641492122
33365,0.00117375063129532
33364,0.00117413684571923
33363,0.00117452277870969
33362,0.00117490841649794
33361,0.00117529374532101
33360,0.00117567875142186
33359,0.00117608373947584
33358,0.00117648799027043
33357,0.00117689148804506
33356,0.00117729421705813
33355,0.00117769616158728
33354,0.00117809730592961
33353,0.00117849763440204
33352,0.00117889713134147
33351,0.00117929578110515
33350,0.00117969356807087
33349,0.00118009047663727
33348,0.00118048649122411
33347,0.0011808815962725
33346,0.00118127577624522
33345,0.00118166901562693
33344,0.00118206129892451
33343,0.00118245261066724
33342,0.00118284293540714
33341,0.0011832322577192
33340,0.00118362056220165
33339,0.00118405252934579
33338,0.00118448273735413
33337,0.00118491116443562
33336,0.00118533778885697
33335,0.00118576258894312
33334,0.00118618554307764
33333,0.00118660662970329
33332,0.00118702582732242
33331,0.00118744311449746
33330,0.00118785846985137
33329,0.00118827187206813
33328,0.00118868329989315
33327,0.00118909273213379
33326,0.00118950014765976
33325,0.00118990552540361
33324,0.00119030884436117
33323,0.00119071008359204
33322,0.00119110922221996
33321,0.00119150623943335
33320,0.00119190111448569
33319,0.00119233008569568
33318,0.00119275590324944
33317,0.00119317853891197
33316,0.0011935979645793
33315,0.00119401415227923
33314,0.00119442707417204
33313,0.00119483670255126
33312,0.00119524300984436
33311,0.00119564596861351
33310,0.00119604555155626
33309,0.00119644173150629
33308,0.00119683448143409
33307,0.00119722377444767
33306,0.00119760958379326
33305,0.00119799188285601
33304,0.00119837064516066
33303,0.00119874584437224
33302,0.00119911745429673
33301,0.00119948544888176
33300,0.00119984980221723
33299,0.00120022984766488
33298,0.00120060652342415
33297,0.00120097980205013
33296,0.00120134965622373
33295,0.00120171605875243
33294,0.00120207898257104
33293,0.00120243840074238
33292,0.00120279428645808
33291,0.00120314661303928
33290,0.00120349535393731
33289,0.00120384048273451
33288,0.00120418197314485
33287,0.00120451979901468
33286,0.00120485393432344
33285,0.00118517722555843
33284,0.00118552689366095
33283,0.00118587277196712
33282,0.00118621483501074
33281,0.0011865530574622
33280,0.00118688741412907
33279,0.00118725327008252
33278,0.00118761335677535
33277,0.00118796763705
33276,0.00118831607404477
33275,0.00118865863119513
33274,0.00118899527223485
33273,0.00118932596119727
33272,0.00118965066241645
33271,0.00118996934052838
33270,0.00119028196047209
33269,0.00119058848749084
33268,0.00119088888713321
33267,0.00119118312525423
33266,0.00119147116801648
33265,0.00119175298189113
33264,0.00119202853365908
33263,0.00119229779041191
33262,0.001192560719553
33261,0.00119281728879849
33260,0.00119306746617831
33259,0.00119331122003714
33258,0.00119354851903538
33257,0.00119377933215014
33256,0.00119400362867611
33255,0.00119422137822652
33254,0.00119443255073405
33253,0.00119463711645168
33252,0.00119483504595358
33251,0.00119502631013598
33250,0.00119521088021794
33249,0.00119538872774227
33248,0.00119555982457622
33247,0.00119572414291237
33246,0.0011958816552693
33245,0.00119603233449245
33244,0.00119617615375474
33243,0.00119631308655737
33242,0.0011964431067305
33241,0.00119656618843392
33240,0.00119668230615772
33239,0.00119682689315324
33238,0.00119696402401511
33237,0.00119709366592771
33236,0.00119721578645759
33235,0.00119733035355464
33234,0.00119743733555317
33233,0.00119753670117305
33232,0.00119762841952081
33231,0.00119771246009066
33230,0.00119778879276556
33229,0.00119785738781825
33228,0.00119791821591225
33227,0.00119797124810281
33226,0.00119801645583791
33225,0.00119805381095918
33224,0.00119808328570279
33223,0.0011981048527004
33222,0.00119811848498
33221,0.00119812415596674
33220,0.00119812183948382
33219,0.00119807981876222
33218,0.00119802876041047
33217,0.00119796864070356
33216,0.00119789943641637
33215,0.00119782112482403
33214,0.00119773368370233
33213,0.00119763709132805
33212,0.00119753132647924
33211,0.00119741636843551
33210,0.00119729219697827
33209,0.00119715879239097
33208,0.00119701613545922
33207,0.00119686420747101
33206,0.00118264188992986
33205,0.00118260638488621
33204,0.00118256038058398
33203,0.00118250386922643
33202,0.00118243684346571
33201,0.00118235929640302
33200,0.00118227122158875
33199,0.00118220977140294
33198,0.00118213786731729
33197,0.00118205549957795
33196,0.00118196265887023
33195,0.00118185933631915
33194,0.00118174552348984
33193,0.00118162121238802
33192,0.00118148639546036
33191,0.00118134106559483
33190,0.00118118521612109
33189,0.00118101884081073
33188,0.00118084193387761
33187,0.0011806544899781
33186,0.00118045650421124
33185,0.00118024797211902
33184,0.0011800288896865
33183,0.00117979925334191
33182,0.00117955905995684
33181,0.00117930830684624
33180,0.00117904699176849
33179,0.00117886275860786
33178,0.00117866884677891
33177,0.00117846524675889
33176,0.00117825194940757
33175,0.00117802894596809
33174,0.00117779622806772
33173,0.00117755378771863
33172,0.00117730161731865
33171,0.001177039709652
33170,0.00117676805788993
33169,0.00117648665559148
33168,0.00117619549670404
33167,0.00117589457556403
33166,0.00117558388689749
33165,0.00117526342582064
33164,0.00117493318784042
33163,0.00117459316885506
33162,0.00117424336515451
33161,0.001173883773421
33160,0.00117351439072942
33159,0.00117305495544339
33158,0.00117258389826856
33157,0.00117210122292465
33156,0.00117160693367168
33155,0.00117110103530981
33154,0.00117058353317902
33153,0.00117005443315882
33152,0.00116951374166787
33151,0.00116896146566365
33150,0.00116839761264196
33149,0.00116782219063653
33148,0.00116723520821842
33147,0.00116663667449556
33146,0.00116602659911209
33145,0.00116540499224779
33144,0.00116477186461738
33143,0.00116412722746982
33142,0.00116347109258757
33141,0.00116280347228582
33140,0.00116212437941163
33139,0.00116139465207277
33138,0.00116065467543485
33137,0.00115990447063295
33136,0.00114749818866471
33135,0.0011467976384764
33134,0.00114608654991619
33133,0.00114536494745338
33132,0.0011446328559533
33131,0.00114389030067548
33130,0.00114313730727184
33129,0.00114237390178478
33128,0.00114160011064529
33127,0.00114081596067108
33126,0.00114002147906457
33125,0.00113921669341099
33124,0.00113840163167638
33123,0.00113757632220554
33122,0.00113674079372004
33121,0.00113589507531619
33120,0.00113503919646288
33119,0.00113421114951479
33118,0.00113337390474863
33117,0.00113252748891038
33116,0.00113167192904774
33115,0.00113080725250841
33114,0.00112993348693828
33113,0.00112905066027969
33112,0.00112815880076965
33111,0.00112725793693798
33110,0.00112634809760554
33109,0.00112542931188236
33108,0.00112450160916578
33107,0.00112356501913864
33106,0.00112261957176732
33105,0.00112166529729991
33104,0.00112070222626425
33103,0.00111973038946603
33102,0.00111874981798686
33101,0.00111776054318232
33100,0.00111676259667995
33099,0.00111572200450614
33098,0.00111467298129347
33097,0.00111361556322017
33096,0.00111254978670862
33095,0.00111147568842295
33094,0.00111039330526659
33093,0.00110930267437984
33092,0.00110820383313749
33091,0.00110709681914634
33090,0.00110598167024275
33089,0.00110485842449017
33088,0.00110372712017669
33087,0.00110258779581257
33086,0.00110144049012774
33085,0.00110028524206929
33084,0.00109912209079903
33083,0.0010979510756909
33082,0.00109677223632854
33081,0.00109558561250272
33080,0.00109439124420882
33079,0.00109325346619854
33078,0.0010921075442262
33077,0.00109095351237426
33076,0.00108979140497429
33075,0.00108862125660494
33074,0.00108744310208999
33073,0.00108625697649636
33072,0.00108506291513212
33071,0.00108386095354445
33070,0.00108265112751762
33069,0.00108143347307097
33068,0.00108020802645683
33067,0.00107897482415848
33066,0.00107773390288808
33065,0.00107648529958459
33064,0.00107522905141165
33063,0.00107396519575549
33062,0.00107269377022285
33061,0.00107141481263879
33060,0.00107012836104463
33059,0.00106895800313936
33058,0.00106778157047735
33057,0.00106659909168202
33056,0.0010654105955162
33055,0.00106421611088077
33054,0.00106301566681334
33053,0.00106180929248693
33052,0.00106059701720861
33051,0.00105937887041819
33050,0.00105815488168685
33049,0.00105692508071579
33048,0.00105568949733492
33047,0.00105444816150142
33046,0.00105320110329844
33045,0.00105194835293372
33044,0.0010506899407382
33043,0.00104942589716467
33042,0.00104815625278638
33041,0.00104688103829563
33040,0.00104560028450242
33039,0.00104424617232537
33038,0.00104288599289398
33037,0.00104151978255594
33036,0.00104014757779636
33035,0.001038769415236
33034,0.00103738533162943
33033,0.00103599536386321
33032,0.00103459954895407
33031,0.00103319792404705
33030,0.00103179052641369
33029,0.0010303773934502
33028,0.00102895856267557
33027,0.00102753407172977
33026,0.00102610395837186
33025,0.00102466826047819
33024,0.00102322701604047
33023,0.00102178026316397
33022,0.00102032804006564
33021,0.00101887038507222
33020,0.00101740733661841
33019,0.00101598934007071
33018,0.00101456685278513
33017,0.00101313990933992
33016,0.00101170854436818
33015,0.00101027279255641
33014,0.00100883268864297
33013,0.00100738826741659
33012,0.00100593956371485
33011,0.00100448661242269
33010,0.0010030294484709
33009,0.00100156810683464
33008,0.0010001026225319
33007,0.000998633030622079
33006,0.000997159366204392
33005,0.000995681664416467
33004,0.000994199960432807
33003,0.000992714289463315
33002,0.000991224686751812
33001,0.000989731187574533
33000,0.000988233827238678
32999,0.000986712557841851
32998,0.000985187803789249
32997,0.000983659601806317
32996,0.000982127988616472
32995,0.000980593000939607
32994,0.000979054675490561
32993,0.000977513048977612
32992,0.000975968158100983
32991,0.000974420039551313
32990,0.000972868730008212
32989,0.000971314266138742
32988,0.000969756684595949
32987,0.000968196022017391
32986,0.00096663231502365
32985,0.000965065600216905
32984,0.000963495914179454
32983,0.000961923293472268
32982,0.000960347774633561
32981,0.000958769394177323
32980,0.000957188188591932
32979,0.000955767469533667
32978,0.000954344602752481
32977,0.000952919614522773
32976,0.000951492531094834
32975,0.000950063378694082
32974,0.000948632183520225
32973,0.000947198971746478
32972,0.000945763769518791
32971,0.000944326602955012
32970,0.000942887498144156
32969,0.000941446481145576
32968,0.000940003577988209
32967,0.000938558814669816
32966,0.000937112217156175
32965,0.00093566381138036
32964,0.000934213623241943
32963,0.000932761678606251
32962,0.000931308003303633
32961,0.000929852623128673
32960,0.000928395563839488
32959,0.000926838436804723
32958,0.000925279749611529
32957,0.000923719533488144
32956,0.00092215781959125
32955,0.000920594639004957
32954,0.000919030022739899
32953,0.000917464001732265
32952,0.000915896606842851
32951,0.000914327868856166
32950,0.000912757818479473
32949,0.000911186486341913
32948,0.000909613902993589
32947,0.000908040098904649
32946,0.000906465104464445
32945,0.000904888949980607
32944,0.000903311665678216
32943,0.000901733281698924
32942,0.000900153828100087
32941,0.000898573334853958
32940,0.000896991831846811
32939,0.000895506679022963
32938,0.000894020434246127
32937,0.000892533122089212
32936,0.000891044767071461
32935,0.000889555393657891
32934,0.000888065026258623
32933,0.000886573689228295
32932,0.000885081406865472
32931,0.000883588203412001
32930,0.000882094103052461
32929,0.00088059912991353
32928,0.000879103308063413
32927,0.00087760666151128
32926,0.00087610921420664
32925,0.000874610990038825
32924,0.000873112012836368
32923,0.000871612306366467
32922,0.000870111894334439
32921,0.000868610800383124
32920,0.000867109048092385
32919,0.000865606660978522
32918,0.000864103662493748
32917,0.000862600076025678
32916,0.000861095924896748
32915,0.00085959123236375
32914,0.000858086021617258
32913,0.000856580315781139
32912,0.00085507413791206
32911,0.000853567510998937
32910,0.000852060457962486
32909,0.000850553001654686
32908,0.000849045164858303
32907,0.000847536970286428
32906,0.000846028440581946
32905,0.00084451959831712
32904,0.000843010465993069
32903,0.000841501066039322
32902,0.000839991420813378
32901,0.000838481552600207
32900,0.000836971483611847
32899,0.000835373013979353
32898,0.00083377433306407
32897,0.000832175466996261
32896,0.000830576441814777
32895,0.000828977283466428
32894,0.000827378017805459
32893,0.000825778670592965
32892,0.000824179267496316
32891,0.000822579834088647
32890,0.000820980395848269
32889,0.000819380978158173
32888,0.000817781606305481
32887,0.000816182305480903
32886,0.00081458310077827
32885,0.000812984017193966
32884,0.000811385079626473
32883,0.000809786312875859
32882,0.000808187741643262
32881,0.000806589390530459
32880,0.000804991284039337
32879,0.000803572645251882
32878,0.000802154019186228
32877,0.000800735423304844
32876,0.000799316875017143
32875,0.000797898391679139
32874,0.000796479990593173
32873,0.000795061689007602
32872,0.000793643504116492
32871,0.000792225453059356
32870,0.000790807552920819
32869,0.000789389820730354
32868,0.00078797227346199
32867,0.000786554928034024
32866,0.000785137801308763
32865,0.00078372091009221
32864,0.000782304271133814
32863,0.000780887901126192
32862,0.000779471816704854
32861,0.000778056034447961
32860,0.000776640570876025
32859,0.000775226669886355
32858,0.000773813652515727
32857,0.00077240153385529
32856,0.00077099032891163
32855,0.000769580052606657
32854,0.000768170719777557
32853,0.000766762345176716
32852,0.000765354943471654
32851,0.000763948529244983
32850,0.00076254311699432
32849,0.000761138721132256
32848,0.000759735355986299
32847,0.000758333035798828
32846,0.000756931774727074
32845,0.000755531586843045
32844,0.000754132486133518
32843,0.000752734486500005
32842,0.000751337601758717
32841,0.000749941845640571
32840,0.000748547231791131
32839,0.00074724142730694
32838,0.000745936694402115
32837,0.000744633044018867
32836,0.000743330487031377
32835,0.000742029034245815
32834,0.000740728696400355
32833,0.000739429484165194
32832,0.000738131408142575
32831,0.000736834478866808
32830,0.000735538706804301
32829,0.000734244102353586
32828,0.000732950675845352
32827,0.000731658437542476
32826,0.000730367397640063
32825,0.000729077566265483
32824,0.000727788953478411
32823,0.000726501569270872
32822,0.000725215423567283
32821,0.000723930526224507
32820,0.000722646887031897
32819,0.000721548636565031
32818,0.000720451814845907
32817,0.00071935642728197
32816,0.000718262479222528
32815,0.000717169975958889
32814,0.000716078922724598
32813,0.000714989324695599
32812,0.000713901186990413
32811,0.000712814514670366
32810,0.00071172931273974
32809,0.000710645586146003
32808,0.00070956333977999
32807,0.000708482578476078
32806,0.000707403307012425
32805,0.000706325530111125
32804,0.000705249252438442
32803,0.000704174478605001
32802,0.000703101213165962
32801,0.000702029460621274
32800,0.000700959225415823
32799,0.000700053123379151
32798,0.000699148076622542
32797,0.000698244087811086
32796,0.000697341159583326
32795,0.000696439294551301
32794,0.000695538495300652
32793,0.000694638764390699
32792,0.000693740104354508
32791,0.000692842517699006
32790,0.000691946006905019
32789,0.000691050574427381
32788,0.00069015622269501
32787,0.000689262954110984
32786,0.000688370771052648
32785,0.000687479675871661
32784,0.000686589670894101
32783,0.000685700758420548
32782,0.000684812940726156
32781,0.000683926220060763
32780,0.000683040598648942
32779,0.0006822217639845
32778,0.000681403606726867
32777,0.000680586129052511
32776,0.000679769333125475
32775,0.000678953221097392
32774,0.000678137795107502
32773,0.00067732305728267
32772,0.000676509009737399
32771,0.000675695654573852
32770,0.000674882993881861
32769,0.000674071029738953
32768,0.000673259764210359
32767,0.000672449199349037
32766,0.000671639337195685
32765,0.000670830179778763
32764,0.000670021729114506
32763,0.000669213987206944
32762,0.00066840695604792
32761,0.000667600637617107
32760,0.000666795033882028
32759,0.000666227387587618
32758,0.000665660053924014
32757,0.000665093033644564
32756,0.000664526327499939
32755,0.000663959936238179
32754,0.000663393860604656
32753,0.000662828101342093
32752,0.00066226265919058
32751,0.000661697534887538
32750,0.000661132729167768
32749,0.000660568242763407
32748,0.000660004076403952
32747,0.000659440230816278
32746,0.000658876706724596
32745,0.000658313504850504
32744,0.00065775062591295
32743,0.000657188070628246
32742,0.000656625839710091
32741,0.00065606393386953
32740,0.000655502353815005
32739,0.000655011542509178
32738,0.000654520901250818
32737,0.000654030430658031
32736,0.000653540131347764
32735,0.000653050003935755
32734,0.000652560049036569
32733,0.00065207026726358
32732,0.000651580659228972
32731,0.000651091225543758
32730,0.000650601966817745
32729,0.000650112883659556
32728,0.000649623976676625
32727,0.000649135246475186
32726,0.000648646693660302
32725,0.000648158318835825
32724,0.000647670122604418
32723,0.00064718210556755
32722,0.00064669426832549
32721,0.000646206611477329
32720,0.000645719135620942
32719,0.000645475465751171
32718,0.000645231841353014
32717,0.000644988262500855
32716,0.000644744729269031
32715,0.000644501241731777
32714,0.000644257799963274
32713,0.000644014404037626
32712,0.000643771054028844
32711,0.000643527750010888
32710,0.00064328449205762
32709,0.000643041280242845
32708,0.000642798114640291
32707,0.000642554995323594
32706,0.000642311922366339
32705,0.000642068895842012
32704,0.000641825915824041
32703,0.000641582982385779
32702,0.000641340095600487
32701,0.000641097255541372
32700,0.000640854462281544
32699,0.000640866961498151
32698,0.000640879460560487
32697,0.000640891959463735
32696,0.000640904458203076
32695,0.000640916956773697
32694,0.000640929455170781
32693,0.000640941953389516
32692,0.000640954451425089
32691,0.00064096694927269
32690,0.000640979446927508
32689,0.000640991944384736
32688,0.000641004441639566
32687,0.000641016938687191
32686,0.000641029435522807
32685,0.000641041932141611
32684,0.000641054428538799
32683,0.000641066924709571
32682,0.000641079420649126
32681,0.000641091916352666
32680,0.000641104411815394
32679,0.000641266008236796
32678,0.000641427625290055
32677,0.000641589262953537
32676,0.00064175092120562
32675,0.000641912600024644
32674,0.000642074299388949
32673,0.000642236019276864
32672,0.000642397759666683
32671,0.000642559520536709
32670,0.000642721301865208
32669,0.000642883103630448
32668,0.000643044925810681
32667,0.000643206768384129
32666,0.000643368631329022
32665,0.000643530514623551
32664,0.000643692418245911
32663,0.000643854342174281
32662,0.000644016286386808
32661,0.000644178250861648
32660,0.000644340235576919
32659,0.000644664265641224
32658,0.000644988376404465
32657,0.000645312567691141
32656,0.000645636839325537
32655,0.000645961191131682
32654,0.000646285622933379
32653,0.000646610134554192
32652,0.000646934725817449
32651,0.000647259396546256
32650,0.00064758414656347
32649,0.000647908975691718
32648,0.000648233883753392
32647,0.000648558870570646
32646,0.000648883935965415
32645,0.000649209079759383
32644,0.000649534301774006
32643,0.000649859601830505
32642,0.000650184979749863
32641,0.000650510435352846
32640,0.000650835968459969
32639,0.000651324413047726
32638,0.000651813031007871
32637,0.000652301821731716
32636,0.000652790784609369
32635,0.000653279919029783
32634,0.000653769224380721
32633,0.000654258700048773
32632,0.000654748345419355
32631,0.000655238159876691
32630,0.000655728142803848
32629,0.000656218293582712
32628,0.000656708611593997
32627,0.000657199096217251
32626,0.00065768974683083
32625,0.00065818056281194
32624,0.000658671543536611
32623,0.000659162688379704
32622,0.000659653996714919
32621,0.000660145467914771
32620,0.000660637101350626
32619,0.000661353252979336
32618,0.000662070018118595
32617,0.000662787395483955
32616,0.00066350538378289
32615,0.000664223981714739
32614,0.000664943187970722
32613,0.000665663001233917
32612,0.000666383420179243
32611,0.000667104443473466
32610,0.000667826069775156
32609,0.000668548297734695
32608,0.000669271125994255
32607,0.000669994553187783
32606,0.000670718577941012
32605,0.000671443198871407
32604,0.000672168414588181
32603,0.000672894223692276
32602,0.000673620624776342
32601,0.000674347616424748
32600,0.000675075197213536
32599,0.000675886427088209
32598,0.000676698348683838
32597,0.000677510959921264
32596,0.000678324258709071
32595,0.00067913824294357
32594,0.000679952910508782
32593,0.000680768259276422
32592,0.000681584287105884
32591,0.000682400991844221
32590,0.000683218371326135
32589,0.000684036423373951
32588,0.000684855145797615
32587,0.000685674536394664
32586,0.000686494592950223
32585,0.00068731531323698
32584,0.000688136695015176
32583,0.000688958736032589
32582,0.000689781434024518
32581,0.000690604786713768
32580,0.000691428791810639
32579,0.000692169337382588
32578,0.000692910434599532
32577,0.000693652081826006
32576,0.000694394277417961
32575,0.00069513701972271
32574,0.000695880307078948
32573,0.000696624137816732
32572,0.000697368510257469
32571,0.000698113422713922
32570,0.000698858873490174
32569,0.000699604860881631
32568,0.000700351383175016
32567,0.000701098438648345
32566,0.000701846025570947
32565,0.000702594142203416
32564,0.000703342786797624
32563,0.000704091957596706
32562,0.000704841652835047
32561,0.000705591870738295
32560,0.000706342609523315
32559,0.000707192289796502
32558,0.000708042261854865
32557,0.000708892522230722
32556,0.000709743067447954
32555,0.000710593894022026
32554,0.000711444998460003
32553,0.000712296377260577
32552,0.000713148026914083
32551,0.000713999943902523
32550,0.000714852124699585
32549,0.000715704565770668
32548,0.000716557263572899
32547,0.000717410214555157
32546,0.000718263415158095
32545,0.000719116861814163
32544,0.000719970550947628
32543,0.000720824478974594
32542,0.000721678642303033
32541,0.000722533037332796
32540,0.000723387660455646
32539,0.000724146833304215
32538,0.000724906477722004
32537,0.000725666591727018
32536,0.000726427173328414
32535,0.000727188220526451
32534,0.000727949731312512
32533,0.000728711703669088
32532,0.000729474135569769
32531,0.00073023702497926
32530,0.000731000369853338
32529,0.00073176416813887
32528,0.000732528417773802
32527,0.000733293116687145
32526,0.000734058262798997
32525,0.000734823854020497
32524,0.000735589888253844
32523,0.000736356363392289
32522,0.000737123277320118
32521,0.000737890627912677
32520,0.000738658413036326
32519,0.000739168055358352
32518,0.000739677952574551
32517,0.000740188104092594
32516,0.000740698509317807
32515,0.000741209167653203
32514,0.000741720078499461
32513,0.000742231241254923
32512,0.000742742655315603
32511,0.000743254320075157
32510,0.000743766234924919
32509,0.000744278399253872
32508,0.000744790812448655
32507,0.000745303473893564
32506,0.000745816382970528
32505,0.00074632953905914
32504,0.000746842941536631
32503,0.000747356589777879
32502,0.000747870483155404
32501,0.000748384621039348
32500,0.000748899002797508
32499,0.000749324167431151
32498,0.000749749600750586
32497,0.000750175302392248
32496,0.000750601271990339
32495,0.000751027509176815
32494,0.000751454013581392
32493,0.000751880784831532
32492,0.000752307822552445
32491,0.000752735126367082
32490,0.000753162695896131
32489,0.000753590530758015
32488,0.000754018630568883
32487,0.000754446994942611
32486,0.000754875623490793
32485,0.00075530451582274
32484,0.000755733671545476
32483,0.000756163090263731
32482,0.00075659277157994
32481,0.000757022715094234
32480,0.000757452920404443
32479,0.000757798091189315
32478,0.000758143405755755
32477,0.00075848886390035
32476,0.000758834465418965
32475,0.000759180210106711
32474,0.000759526097757963
32473,0.00075987212816636
32472,0.000760218301124791
32471,0.000760564616425424
32470,0.000760911073859665
32469,0.000761257673218186
32468,0.000761604414290911
32467,0.000761951296867016
32466,0.000762298320734949
32465,0.000762645485682394
32464,0.000762992791496295
32463,0.000763340237962846
32462,0.000763687824867488
32461,0.000764035551994931
32460,0.000764383419129116
32459,0.000764557405131011
32458,0.000764731426053239
32457,0.000764905481868567
32456,0.000765079572549745
32455,0.000765253698069447
32454,0.000765427858400321
32453,0.000765602053514966
32452,0.000765776283385918
32451,0.000765950547985687
32450,0.000766124847286715
32449,0.000766299181261412
32448,0.000766473549882143
32447,0.000766647953121206
32446,0.000766822390950877
32445,0.00076699686334336
32444,0.00076717137027083
32443,0.000767345911705416
32442,0.000767520487619177
32441,0.000767695097984155
32440,0.000767869742772315
32439,0.000767867361951732
32438,0.000767864970581336
32437,0.000767862568686897
32436,0.000767860156294197
32435,0.000767857733429039
32434,0.000767855300117242
32433,0.000767852856384646
32432,0.000767850402257102
32431,0.000767847937760485
32430,0.000767845462920683
32429,0.000767842977763602
32428,0.000767840482315168
32427,0.000767837976601319
32426,0.000767835460648015
32425,0.000767832934481231
32424,0.000767830398126957
32423,0.000767827851611203
32422,0.000767825294959995
32421,0.000767822728199373
32420,0.000767820151355397
32419,0.000767816267240189
32418,0.000767812360584181
32417,0.00076780843147553
32416,0.000767804480002475
32415,0.000767800506253336
32414,0.000767796510316516
32413,0.000767792492280499
32412,0.000767788452233848
32411,0.000767784390265206
32410,0.000767780306463297
32409,0.000767776200916922
32408,0.000767772073714961
32407,0.000767767924946371
32406,0.000767763754700187
32405,0.000767759563065521
32404,0.00076775535013156
32403,0.000767751115987566
32402,0.000767746860722879
32401,0.000767742584426911
32400,0.000767738287189148
32399,0.000767642256951603
32398,0.0007675460860714
32397,0.000767449775211997
32396,0.000767353325038262
32395,0.000767256736216426
32394,0.000767160009414103
32393,0.000767063145300269
32392,0.000766966144545252
32391,0.000766869007820741
32390,0.000766771735799748
32389,0.000766674329156616
32388,0.000766576788567005
32387,0.000766479114707879
32386,0.00076638130825752
32385,0.00076628336989548
32384,0.000766185300302597
32383,0.000766087100160979
32382,0.00076598877015399
32381,0.000765890310966261
32380,0.000765791723283647
32379,0.000765515600311173
32378,0.00076523926227886
32377,0.000764962710131954
32376,0.000764685944817168
32375,0.000764408967282619
32374,0.000764131778477863
32373,0.000763854379353869
32372,0.000763576770862985
32371,0.000763298953958978
32370,0.00076302092959697
32369,0.000762742698733473
32368,0.00076246426232636
32367,0.000762185621334838
32366,0.000761906776719481
32365,0.000761627729442165
32364,0.000761348480466113
32363,0.000761069030755853
32362,0.0007607893812772
32361,0.000760509532997283
32360,0.000760229486884487
32359,0.000759771354250763
32358,0.000759313011188697
32357,0.000758854459104091
32356,0.000758395699403562
32355,0.00075793673349453
32354,0.000757477562785205
32353,0.000757018188684574
32352,0.000756558612602386
32351,0.000756098835949145
32350,0.000755638860136088
32349,0.00075517868657518
32348,0.000754718316679096
32347,0.000754257751861211
32346,0.000753796993535584
32345,0.00075333604311695
32344,0.000752874902020698
32343,0.000752413571662867
32342,0.00075195205346013
32341,0.000751490348829778
32340,0.000751028459189709
32339,0.000750392074852682
32338,0.000749755678397651
32337,0.000749119271564131
32336,0.000748482856090124
32335,0.000747846433712155
32334,0.000747210006165218
32333,0.000746573575182788
32332,0.000745937142496828
32331,0.000745300709837737
32330,0.000744664278934388
32329,0.000744027851514076
32328,0.000743391429302528
32327,0.000742755014023908
32326,0.000742118607400769
32325,0.000741482211154089
32324,0.00074084582700322
32323,0.000740209456665896
32322,0.000739573101858242
32321,0.000738936764294722
32320,0.00073830044568818
32319,0.000737393318389673
32318,0.000736486299160287
32317,0.000735579392656934
32316,0.00073467260352882
32315,0.000733765936417399
32314,0.000732859395956325
32313,0.000731952986771408
32312,0.000731046713480573
32311,0.000730140580693806
32310,0.000729234593013117
32309,0.000728328755032495
32308,0.000727423071337857
32307,0.000726517546507011
32306,0.000725612185109609
32305,0.000724706991707101
32304,0.000723801970852696
32303,0.000722897127091313
32302,0.000721992464959545
32301,0.000721087988985606
32300,0.000720183703689297
32299,0.000719021633665198
32298,0.000717860301698993
32297,0.000716699715553771
32296,0.000715539882960046
32295,0.000714380811615654
32294,0.000713222509185751
32293,0.000712064983302758
32292,0.000710908241566288
32291,0.000709752291543154
32290,0.000708597140767277
32289,0.000707442796739685
32288,0.00070628926692846
32287,0.000705136558768677
32286,0.000703984679662411
32285,0.000702833636978645
32284,0.000701683438053289
32283,0.000700534090189114
32282,0.000699385600655706
32281,0.000698237976689473
32280,0.000697091225493563
32279,0.000695656941797772
32278,0.000694223360216476
32277,0.000692790498904299
32276,0.000691358375955109
32275,0.000689927009401535
32274,0.000688496417214541
32273,0.000687066617302982
32272,0.000685637627513161
32271,0.000684209465628415
32270,0.000682782149368651
32269,0.00068135569638994
32268,0.000679930124284088
32267,0.00067850545057821
32266,0.000677081692734334
32265,0.000675658868148958
32264,0.000674236994152655
32263,0.000672816088009669
32262,0.000671396166917501
32261,0.000669977248006536
32260,0.000668559348339613
32259,0.000666986369080002
32258,0.000665415162207392
32257,0.000663845746731316
32256,0.000662278141544551
32255,0.000660712365422832
32254,0.00065914843702466
32253,0.000657586374891056
32252,0.000656026197445317
32251,0.000654467922992849
32250,0.000652911569720903
32249,0.000651357155698414
32248,0.00064980469887579
32247,0.000648254217084695
32246,0.000646705728037908
32245,0.000645159249329096
32244,0.000643614798432681
32243,0.000642072392703654
32242,0.000640532049377392
32241,0.000638993785569549
32240,0.000637457618275852
32239,0.000635764433226898
32238,0.000634074077371451
32237,0.000632386571313193
32236,0.000630701935467133
32235,0.000629020190059629
32234,0.00062734135512842
32233,0.000625665450522665
32232,0.000623992495903002
32231,0.000622322510741599
32230,0.000620655514322235
32229,0.000618991525740378
32228,0.000617330563903278
32227,0.000615672647530065
32226,0.000614017795151868
32225,0.000612366025111928
32224,0.000610717355565732
32223,0.000609071804481157
32222,0.000607429389638614
32221,0.00060579012863121
32220,0.000604154038864921
32219,0.000602451992785235
32218,0.00060075365772312
32217,0.000599059051062022
32216,0.00059736818995362
32215,0.000595681091318311
32214,0.000593997771845758
32213,0.000592318247995434
32212,0.000590642535997161
32211,0.0005889706518517
32210,0.000587302611331289
32209,0.000585638429980254
32208,0.000583978123115593
32207,0.000582321705827582
32206,0.000580669192980413
32205,0.000579020599212784
32204,0.000577375938938561
32203,0.000575735226347419
32202,0.000574098475405493
32201,0.000572465699856067
32200,0.000570836913220218
32199,0.00056922696178672
32198,0.000567621191419759
32197,0.000566019612894743
32196,0.000564422236762582
32195,0.00056282907335064
32194,0.000561240132763743
32193,0.000559655424885167
32192,0.000558074959377642
32191,0.000556498745684378
32190,0.000554926793030055
32189,0.000553359110421868
32188,0.000551795706650556
32187,0.000550236590291435
32186,0.000548681769705464
32185,0.00054713125304027
32184,0.000545585048231223
32183,0.000544043163002504
32182,0.000542505604868161
32181,0.00054097238113322
32180,0.00053944349889473
32179,0.000537844131376842
32178,0.000536249522551183
32177,0.000534659680176989
32176,0.000533074611768811
32175,0.00053149432459792
32174,0.000529918825693636
32173,0.00052834812184472
32172,0.000526782219600773
32171,0.000525221125273584
32170,0.000523664844938568
32169,0.000522113384436126
32168,0.000520566749373075
32167,0.000519024945124067
32166,0.000517487976832975
32165,0.000515955849414358
32164,0.00051442856755485
32163,0.000512906135714613
32162,0.000511388558128787
32161,0.000509875838808899
32160,0.000508367981544353
32159,0.000506900119868292
32158,0.00050543650457314
32157,0.000503977142510709
32156,0.00050252204034501
32155,0.000501071204553032
32154,0.000499624641425564
32153,0.000498182357068006
32152,0.000496744357401183
32151,0.000495310648162193
32150,0.000493881234905202
32149,0.000492456123002308
32148,0.000491035317644374
32147,0.000489618823841874
32146,0.000488206646425761
32145,0.000486798790048305
32144,0.000485395259183967
32143,0.000483996058130269
32142,0.000482601191008663
32141,0.000481210661765426
32140,0.000479824474172519
32139,0.000478509216587738
32138,0.000477197905997977
32137,0.000475890545129619
32136,0.000474587136568928
32135,0.000473287682762758
32134,0.000471992186019279
32133,0.000470700648508691
32132,0.000469413072263957
32131,0.000468129459181524
32130,0.000466849811022056
32129,0.000465574129411169
32128,0.000464302415840164
32127,0.000463034671666769
32126,0.000461770898115877
32125,0.000460511096280294
32124,0.000459255267121481
32123,0.000458003411470306
32122,0.000456755530027793
32121,0.000455511623365879
32120,0.000454271691928164
32119,0.000453060468557256
32118,0.000451852798594795
32117,0.000450648685585604
32116,0.0004494481329504
32115,0.000448251143986275
32114,0.000447057721867136
32113,0.000445867869644176
32112,0.000444681590246345
32111,0.000443498886480801
32110,0.000442319761033415
32109,0.000441144216469231
32108,0.000439972255232956
32107,0.000438803879649449
32106,0.000437639091924195
32105,0.000436477894143826
32104,0.000435320288276604
32103,0.000434166276172924
32102,0.000433015859565827
32101,0.000431869040071489
32100,0.000430725819189763
32099,0.000429567319447531
32098,0.000428412447579921
32097,0.000427261206487259
32096,0.000426113598938882
32095,0.000424969627573649
32094,0.000423829294900423
32093,0.000422692603298572
32092,0.000421559555018481
32091,0.000420430152182041
32090,0.000419304396783196
32089,0.000418182290688439
32088,0.000417063835637344
32087,0.000415949033243102
32086,0.000414837884993035
32085,0.000413730392249159
32084,0.000412626556248715
32083,0.000411526378104718
32082,0.000410429858806515
32081,0.000409336999220323
32080,0.000408247800089818
32079,0.000407143837723204
32078,0.000406043600650267
32077,0.000404947090830063
32076,0.000403854310080524
32075,0.00040276526007906
32074,0.00040167994236313
32073,0.000400598358330833
32072,0.000399520509241515
32071,0.000398446396216358
32070,0.000397376020239007
32069,0.000396309382156176
32068,0.000395246482678275
32067,0.000394187322380039
32066,0.000393131901701147
32065,0.000392080220946887
32064,0.000391032280288781
32063,0.000389988079765249
32062,0.000388947619282258
32061,0.000387910898613978
32060,0.000386877917403466
32059,0.000385866289682268
32058,0.000384858317293769
32057,0.000383853998233411
32056,0.000382853330388802
32055,0.000381856311540401
32054,0.000380862939362158
32053,0.000379873211422183
32052,0.000378887125183418
32051,0.000377904678004284
32050,0.000376925867139381
32049,0.000375950689740142
32048,0.000374979142855512
32047,0.000374011223432635
32046,0.000373046928317513
32045,0.000372086254255716
32044,0.000371129197893051
32043,0.000370175755776249
32042,0.000369225924353665
32041,0.000368279699975947
32040,0.000367337078896756
32039,0.000366462422007891
32038,0.000365590922711998
32037,0.000364722576826993
32036,0.000363857380107375
32035,0.000362995328244701
32034,0.000362136416868112
32033,0.000361280641544823
32032,0.000360427997780618
32031,0.000359578481020374
32030,0.000358732086648539
32029,0.000357888809989658
32028,0.000357048646308865
32027,0.000356211590812375
32026,0.000355377638648016
32025,0.0003545467849057
32024,0.000353719024617949
32023,0.000352894352760396
32022,0.000352072764252269
32021,0.000351254253956921
32020,0.000350438816682309
32019,0.000349582296848042
32018,0.000348729184174616
32017,0.000347879472317981
32016,0.00034703315486868
32015,0.000346190225352511
32014,0.000345350677231181
32013,0.000344514503902954
32012,0.00034368169870331
32011,0.000342852254905586
32010,0.000342026165721648
32009,0.000341203424302526
32008,0.000340384023739069
32007,0.000339567957062601
32006,0.000338755217245554
32005,0.000337945797202139
32004,0.000337139689788976
32003,0.000336336887805748
32002,0.00033553738399585
32001,0.000334741171047017
32000,0.000333948241591994
31999,0.000333188926378351
31998,0.00033243272579345
31997,0.000331679631152515
31996,0.000330929633740715
31995,0.000330182724813734
31994,0.000329438895598305
31993,0.00032869813729276
31992,0.000327960441067574
31991,0.000327225798065892
31990,0.000326494199404085
31989,0.000325765636172276
31988,0.00032504009943487
31987,0.000324317580231091
31986,0.000323598069575494
31985,0.00032288155845851
31984,0.000322168037846955
31983,0.00032145749868455
31982,0.000320749931892446
31981,0.000320045328369721
31980,0.000319343678993912
31979,0.000318630451590478
31978,0.000317920236502419
31977,0.000317213025005233
31976,0.000316508808345161
31975,0.000315807577739739
31974,0.000315109324378328
31973,0.000314414039422652
31972,0.000313721714007335
31971,0.000313032339240424
31970,0.00031234590620393
31969,0.000311662405954349
31968,0.00031098182952319
31967,0.000310304167917495
31966,0.000309629412120355
31965,0.000308957553091438
31964,0.0003082885817675
31963,0.000307622489062897
31962,0.000306959265870097
31961,0.000306298903060184
31960,0.000305641391483373
31959,0.000304965999895165
31958,0.000304293660587884
31957,0.000303624362471127
31956,0.000302958094441831
31955,0.000302294845384847
31954,0.000301634604173514
31953,0.000300977359670223
31952,0.000300323100726987
31951,0.000299671816185992
31950,0.000299023494880164
31949,0.000298378125633711
31948,0.000297735697262679
31947,0.00029709619857549
31946,0.000296459618373488
31945,0.000295825945451474
31944,0.000295195168598234
31943,0.000294567276597077
31942,0.00029394225822635
31941,0.000293320102259966
31940,0.000292700797467918
31939,0.000292071486319436
31938,0.000291445093980016
31937,0.000290821609411396
31936,0.000290201021563976
31935,0.000289583319377382
31934,0.00028896849178103
31933,0.00028835652769468
31932,0.000287747416028998
31931,0.0002871411456861
31930,0.000286537705560106
31929,0.000285937084537681
31928,0.000285339271498573
31927,0.000284744255316154
31926,0.000284152024857953
31925,0.00028356256898618
31924,0.000282975876558257
31923,0.000282391936427336
31922,0.000281810737442821
31921,0.000281232268450876
31920,0.000280656518294945
31919,0.000280083475816249
31918,0.000279513129854295
31917,0.000278945469247375
31916,0.000278380482833058
31915,0.000277818159448688
31914,0.000277258487931865
31913,0.000276701457120933
31912,0.000276147055855464
31911,0.000275595272976726
31910,0.000275046097328165
31909,0.000274499517755869
31908,0.000273955523109034
31907,0.000273414102240427
31906,0.000272875244006845
31905,0.000272338937269566
31904,0.000271805170894801
31903,0.000271273933754141
31902,0.000270745214725
31901,0.000270219002691052
31900,0.000269695286542669
31899,0.000269111192100144
31898,0.000268530203082328
31897,0.000267952304533675
31896,0.000267377481500893
31895,0.00026680571903377
31894,0.000266237002185954
31893,0.000265671316015754
31892,0.000265108645586931
31891,0.000264548975969465
31890,0.000263992292240336
31889,0.000263438579484282
31888,0.000262887822794557
31887,0.000262340007273691
31886,0.000261795118034219
31885,0.000261253140199433
31884,0.000260714058904098
31883,0.000260177859295184
31882,0.00025964452653258
31881,0.000259114045789801
31880,0.000258586402254694
31879,0.000258061581130127
31878,0.000257539567634682
31877,0.000257020347003337
31876,0.000256503904488133
31875,0.000255990225358855
31874,0.000255479294903674
31873,0.000254971098429815
31872,0.000254465621264199
31871,0.00025396284875408
31870,0.000253462766267682
31869,0.000252965359194819
31868,0.000252470612947519
31867,0.000251978512960635
31866,0.000251489044692444
31865,0.000251002193625258
31864,0.000250517945265998
31863,0.000250036285146791
31862,0.000249557198825546
31861,0.000249080671886518
31860,0.000248606689940878
31859,0.000248118996553178
31858,0.000247633979229174
31857,0.000247151620566622
31856,0.000246671903228183
31855,0.000246194809941801
31854,0.000245720323501058
31853,0.000245248426765527
31852,0.00024477910266112
31851,0.000244312334180412
31850,0.000243848104382979
31849,0.000243386396395705
31848,0.000242927193413092
31847,0.000242470478697561
31846,0.000242016235579733
31845,0.000241564447458723
31844,0.000241115097802403
31843,0.000240668170147669
31842,0.000240223648100699
31841,0.000239781515337193
31840,0.000229334828812953
31839,0.000228917368128212
31838,0.000228502214241666
31837,0.00022808935115323
31836,0.000227678762933431
31835,0.000227270433723615
31834,0.000226864347736134
31833,0.00022646048925453
31832,0.00022605884263371
31831,0.000225659392300111
31830,0.000225262122751868
31829,0.000224867018558961
31828,0.000224474064363362
31827,0.000224083244879175
31826,0.000223694544892761
31825,0.000223307949262872
31824,0.000222923442920759
31823,0.000222541010870287
31822,0.000222160638188037
31821,0.000221782310023396
31820,0.000221406011598657
31819,0.000221006302997144
31818,0.000220608872037375
31817,0.000220213700497162
31816,0.000219820770260281
31815,0.000219430063316428
31814,0.000219041561761198
31813,0.000218655247796033
31812,0.00021827110372817
31811,0.000217889111970579
31810,0.000217509255041889
31809,0.000217131515566304
31808,0.000216755876273519
31807,0.000216382319998615
31806,0.000216010829681961
31805,0.000215641388369084
31804,0.00021527397921056
31803,0.000214908585461873
31802,0.000214545190483274
31801,0.000214183777739644
31800,0.000213824330800325
31799,0.000213444061338444
31798,0.000213065973151093
31797,0.000212690046398312
31796,0.000212316261384434
31795,0.000211944598557676
31794,0.000211575038509739
31793,0.000211207561975385
31792,0.000210842149832009
31791,0.000210478783099206
31790,0.000210117442938319
31789,0.00020975811065199
31788,0.000209400767683692
31787,0.000209045395617259
31786,0.000208691976176407
31785,0.000208340491224237
31784,0.000207990922762753
31783,0.000207643252932347
31782,0.000207297464011287
31781,0.000206953538415208
31780,0.000206611458696574
31779,0.000206258329214972
31778,0.000205907152528458
31777,0.000205557909652149
31776,0.000205210581755401
31775,0.000204865150161163
31774,0.000204521596345325
31773,0.00020417990193606
31772,0.000203840048713154
31771,0.000203502018607332
31770,0.000203165793699584
31769,0.00020283135622047
31768,0.000202498688549433
31767,0.000202167773214094
31766,0.000201838592889551
31765,0.000201511130397667
31764,0.000201185368706353
31763,0.000200861290928847
31762,0.000200538880322985
31761,0.000200218120290472
31760,0.000199898994376143
31759,0.000199576868937103
31758,0.00019925641504183
31757,0.000198937616111426
31756,0.000198620455705351
31755,0.000198304917520791
31754,0.00019799098539202
31753,0.000197678643289753
31752,0.000197367875320498
31751,0.000197058665725898
31750,0.000186784259272543
31749,0.000186604251402934
31748,0.000186424276882608
31747,0.000186244335930267
31746,0.000186064428764438
31745,0.000185884555603466
31744,0.00018570471666552
31743,0.000185524912168589
31742,0.000185345142330482
31741,0.000185165407368826
31740,0.000184985707501066
31739,0.000184793557855232
31738,0.000184601447224186
31737,0.000184409375869427
31736,0.00018421734405223
31735,0.000184025352033648
31734,0.000183833400074505
31733,0.000183641488435405
31732,0.00018344961737672
31731,0.000183257787158598
31730,0.000183065998040956
31729,0.000182874250283484
31728,0.00018268254414564
31727,0.000182490879886649
31726,0.000182299257765508
31725,0.000182107678040978
31724,0.000181916140971585
31723,0.000181724646815623
31722,0.000181533195831147
31721,0.000181341788275977
31720,0.000181150424407694
31719,0.000180959104483642
31718,0.000180767828760924
31717,0.000180576597496401
31716,0.000180385410946696
31715,0.000180194269368188
31714,0.000180003173017013
31713,0.00017981212214906
31712,0.000179621117019977
31711,0.000179430157885165
31710,0.000179239244999777
31709,0.000179048378618718
31708,0.000178857558996645
31707,0.000178666786387966
31706,0.000178476061046838
31705,0.000178285383227167
31704,0.000178094753182605
31703,0.000177904171166553
31702,0.000177713637432156
31701,0.000177523152232306
31700,0.000177332715819639
31699,0.000177142223108524
31698,0.000176951778412159
31697,0.000176761381981703
31696,0.000176571034068071
31695,0.000176380734921925
31694,0.000176190484793683
31693,0.000176000283933512
31692,0.000175810132591327
31691,0.000175620031016794
31690,0.000175429979459326
31689,0.000175239978168082
31688,0.00017505002739197
31687,0.000174860127379639
31686,0.000174670278379487
31685,0.000174480480639653
31684,0.000174290734408019
31683,0.000174101039932209
31682,0.000173911397459588
31681,0.000173721807237262
31680,0.000173532269512077
31679,0.000173349017520634
31678,0.000173165816430544
31677,0.000172982666465382
31676,0.000172799567848476
31675,0.000172616520802914
31674,0.000172433525551536
31673,0.00017225058231694
31672,0.000172067691321475
31671,0.000171884852787244
31670,0.000171702066936103
31669,0.00017151933398966
31668,0.000171336654169274
31667,0.000171154027696053
31666,0.000170971454790857
31665,0.000170788935674294
31664,0.000170606470566719
31663,0.000170424059688236
31662,0.000170241703258697
31661,0.000170059401497697
31660,0.00016987715462458
31659,0.000169694832208461
31658,0.000169512563863045
31657,0.000169330349806525
31656,0.00016914819025685
31655,0.000168966085431721
31654,0.000168784035548593
31653,0.000168602040824671
31652,0.000168420101476916
31651,0.000168238217722036
31650,0.000168056389776491
31649,0.000167874617856491
31648,0.000167692902177994
31647,0.000167511242956706
31646,0.000167329640408084
31645,0.000167148094747327
31644,0.000166966606189384
31643,0.000166785174948948
31642,0.000166603801240458
31641,0.000166422485278097
31640,0.00016624122727579
31639,0.000166071972620204
31638,0.00016590276783001
31637,0.000165733613079482
31636,0.000165564508542708
31635,0.000165395454393581
31634,0.000165226450805807
31633,0.000165057497952898
31632,0.000164888596008174
31631,0.000164719745144764
31630,0.000164550945535601
31629,0.000164382197353429
31628,0.000164213500770794
31627,0.00016404485596005
31626,0.000163876263093356
31625,0.000163707722342675
31624,0.000163539233879775
31623,0.000163370797876227
31622,0.000163202414503406
31621,0.000163034083932491
31620,0.000162865806334461
31619,0.000162703588979301
31618,0.000162541421192573
31617,0.000162379303127063
31616,0.00016221723493538
31615,0.000162055216769964
31614,0.000161893248783079
31613,0.000161731331126818
31612,0.000161569463953099
31611,0.000161407647413665
31610,0.000161245881660086
31609,0.000161084166843758
31608,0.000160922503115899
31607,0.000160760890627554
31606,0.000160599329529589
31605,0.000160437819972697
31604,0.000160276362107393
31603,0.000160114956084013
31602,0.00015995360205272
31601,0.000159792300163494
31600,0.000159631050566141
31599,0.000159493569662363
31598,0.000159356126194376
31597,0.000159218720256189
31596,0.000159081351941723
31595,0.0001589440213448
31594,0.000158806728559154
31593,0.000158669473678424
31592,0.000158532256796153
31591,0.000158395078005794
31590,0.000158257937400704
31589,0.000158120835074147
31588,0.000157983771119293
31587,0.000157846745629216
31586,0.000157709758696898
31585,0.000157572810415223
31584,0.000157435900876984
31583,0.000157299030174876
31582,0.0001571621984015
31581,0.000157025405649363
31580,0.000156888652010872
31579,0.000156757538322706
31578,0.000156626459702948
31577,0.000156495416238482
31576,0.000156364408016104
31575,0.00015623343512253
31574,0.000156102497644389
31573,0.000155971595668228
31572,0.000155840729280509
31571,0.00015570989856761
31570,0.000155579103615824
31569,0.000155448344511359
31568,0.000155317621340339
31567,0.000155186934188803
31566,0.000155056283142704
31565,0.00015492566828791
31564,0.000154795089710203
31563,0.00015466454749528
31562,0.000154534041728754
31561,0.000154403572496147
31560,0.0001542731398829
31559,0.000154160113542105
31558,0.000154047114610197
31557,0.000153934143151795
31556,0.00015382119923146
31555,0.000153708282913694
31554,0.000153595394262941
31553,0.000153482533343588
31552,0.000153369700219961
31551,0.000153256894956327
31550,0.000153144117616897
31549,0.00015303136826582
31548,0.000152918646967187
31547,0.000152805953785029
31546,0.000152693288783319
31545,0.000152580652025967
31544,0.000152468043576829
31543,0.000152355463499695
31542,0.000152242911858301
31541,0.000152130388716317
31540,0.000152017894137357
31539,0.000151922716224142
31538,0.000151827559846652
31537,0.000151732425055576
31536,0.000151637311901561
31535,0.000151542220435208
31534,0.000151447150707072
31533,0.00015135210276766
31532,0.000151257076667436
31531,0.000151162072456816
31530,0.000151067090186172
31529,0.000150972129905828
31528,0.000150877191666061
31527,0.000140774702893639
31526,0.000140694127123888
31525,0.000140613553822427
31524,0.000140532983060761
31523,0.000140452414910344
31522,0.000140371849442572
31521,0.00014029128672879
31520,0.000140210726840286
31519,0.000140155241813017
31518,0.000140099757824881
31517,0.000140044274908892
31516,0.000139988793098041
31515,0.000139933312425297
31514,0.000139877832923612
31513,0.000139822354625915
31512,0.000139766877565114
31511,0.000139711401774099
31510,0.000139655927285736
31509,0.000139600454132873
31508,0.000139544982348336
31507,0.000139489511964928
31506,0.000139434043015436
31505,0.000139378575532623
31504,0.000139323109549229
31503,0.000139267645097977
31502,0.000139212182211566
31501,0.000139156720922676
31500,0.000139101261263965
31499,0.000139055873522959
31498,0.000139010486905628
31497,0.000138965101430814
31496,0.000138919717117349
31495,0.000138874333984057
31494,0.000138828952049749
31493,0.000138783571333227
31492,0.000138738191853281
31491,0.000138692813628692
31490,0.000138647436678231
31489,0.000138602061020656
31488,0.000138556686674717
31487,0.000138511313659153
31486,0.000138465941992691
31485,0.000138420571694049
31484,0.000138375202781934
31483,0.000138329835275042
31482,0.00013828446919206
31481,0.00013823910455166
31480,0.000138193741372509
31479,0.000138163500074092
31478,0.000138133259438933
31477,0.000138103019472555
31476,0.000138072780180478
31475,0.00013804254156822
31474,0.000138012303641298
31473,0.000137982066405224
31472,0.00013795182986551
31471,0.000137921594027667
31470,0.000137891358897201
31469,0.000137861124479617
31468,0.000137830890780419
31467,0.000137800657805108
31466,0.000137770425559182
31465,0.000137740194048138
31464,0.000137709963277471
31463,0.000137679733252673
31462,0.000137649503979233
31461,0.000137619275462642
31460,0.000137589047708383
31459,0.00013756382720581
31458,0.000137538607274638
31457,0.000137513387918862
31456,0.000137488169142477
31455,0.000137462950949475
31454,0.000137437733343847
31453,0.000137412516329582
31452,0.000137387299910668
31451,0.000137362084091092
31450,0.000137336868874838
31449,0.00013731165426589
31448,0.000137286440268231
31447,0.00013726122688584
31446,0.000137236014122697
31445,0.000137210801982779
31444,0.000137185590470062
31443,0.000137160379588522
31442,0.00013713516934213
31441,0.000137109959734859
31440,0.000137084750770678
31439,0.000137059634770278
31438,0.000137034519361213
31437,0.000137009404545445
31436,0.000136984290324935
31435,0.000136959176701645
31434,0.000136934063677534
31433,0.000136908951254561
31432,0.000136883839434687
31431,0.000136858728219868
31430,0.000136833617612063
31429,0.00013680850761323
31428,0.000136783398225325
31427,0.000136758289450305
31426,0.000136733181290125
31425,0.000136708073746742
31424,0.000136682966822109
31423,0.00013665786051818
31422,0.00013663275483691
31421,0.000136607649780252
31420,0.000136582545350158
31419,0.000136552485920347
31418,0.000136522427494809
31417,0.000136492370075942
31416,0.000136462313666141
31415,0.000136432258267802
31414,0.000136402203883319
31413,0.000136372150515085
31412,0.000136342098165493
31411,0.000136312046836937
31410,0.000136281996531808
31409,0.000136251947252496
31408,0.000136221899001393
31407,0.000136191851780887
31406,0.000136161805593369
31405,0.000136131760441226
31404,0.000136101716326846
31403,0.000136071673252616
31402,0.000136041631220922
31401,0.000136011590234151
31400,0.000135981550294686
31399,0.000135936563802501
31398,0.000135891579990973
31397,0.000135846598867294
31396,0.00013580162043865
31395,0.000135756644712226
31394,0.0001357116716952
31393,0.000135666701394753
31392,0.000135621733818057
31391,0.000135576768972285
31390,0.000135531806864604
31389,0.00013548684750218
31388,0.000135441890892175
31387,0.000135396937041749
31386,0.000135351985958055
31385,0.000135307037648248
31384,0.000135262092119477
31383,0.000135217149378889
31382,0.000135172209433627
31381,0.00013512727229083
31380,0.000135082337957637
31379,0.000135032414224646
31378,0.000134982493978889
31377,0.000134932577230143
31376,0.000134882663988181
31375,0.000134832754262769
31374,0.000134782848063669
31373,0.000134732945400639
31372,0.000134683046283432
31371,0.000134633150721795
31370,0.000134583258725472
31369,0.000134533370304202
31368,0.000134483485467717
31367,0.000134433604225746
31366,0.000134383726588014
31365,0.000134333852564239
31364,0.000134283982164136
31363,0.000134234115397415
31362,0.000134184252273779
31361,0.00013413439280293
31360,0.000134084536994561
31359,0.000134014745034263
31358,0.000133944960297994
31357,0.000133875182812309
31356,0.000133805412603747
31355,0.000133735649698825
31354,0.000133665894124043
31353,0.000133596145905883
31352,0.000133526405070807
31351,0.00013345667164526
31350,0.000133386945655666
31349,0.000133317227128433
31348,0.000133247516089949
31347,0.000133177812566584
31346,0.000133108116584688
31345,0.000133038428170593
31344,0.000132968747350612
31343,0.000132899074151041
31342,0.000132829408598155
31341,0.000132759750718211
31340,0.000132690100537448
31339,0.000132610509792063
31338,0.000132530929176105
31337,0.000132451358728648
31336,0.000132371798488739
31335,0.000132292248495388
31334,0.000132212708787575
31333,0.000132133179404248
31332,0.000132053660384322
31331,0.00013197415176668
31330,0.000131894653590174
31329,0.000131815165893621
31328,0.000131735688715808
31327,0.000131656222095488
31326,0.000131576766071384
31325,0.000131497320682185
31324,0.000131417885966547
31323,0.000131338461963095
31322,0.00013125904871042
31321,0.000131179646247082
31320,0.000131100254611609
31319,0.00013100109176708
31318,0.000130901946558561
31317,0.000130802819060782
31316,0.000130703709348392
31315,0.000130604617495957
31314,0.000130505543577962
31313,0.000130406487668809
31312,0.000130307449842818
31311,0.000130208430174228
31310,0.000130109428737195
31309,0.000130010445605792
31308,0.000129911480854011
31307,0.00012981253455576
31306,0.000129713606784865
31305,0.00012961469761507
31304,0.000129515807120035
31303,0.000129416935373339
31302,0.000129318082448478
31301,0.000129219248418863
31300,0.000129120433357824
31299,0.000128991981923116
31298,0.000128863562589274
31297,0.000128735175516735
31296,0.000128606820865702
31295,0.00012847849879614
31294,0.000128350209467779
31293,0.000128221953040113
31292,0.000128093729672397
31291,0.000127965539523652
31290,0.00012783738275266
31289,0.000127709259517967
31288,0.00012758116997788
31287,0.000127453114290469
31286,0.000127325092613565
31285,0.000127197105104763
31284,0.000127069151921417
31283,0.000126941233220643
31282,0.000126813349159318
31281,0.000126685499894081
31280,0.00012655768558133
31279,0.000126410466837171
31278,0.000126263298065864
31277,0.000126116179512119
31276,0.000125969111420168
31275,0.000125822094033767
31274,0.000125675127596195
31273,0.000125528212350251
31272,0.00012538134853826
31271,0.000125234536402066
31270,0.000125087776183034
31269,0.000124941068122049
31268,0.000124794412459518
31267,0.000124647809435367
31266,0.000124501259289041
31265,0.000124354762259503
31264,0.000124208318585236
31263,0.00012406192850424
31262,0.000123915592254034
31261,0.000123769310071652
31260,0.000123623082193647
31259,0.000123442992009718
31258,0.00012326298865068
31257,0.000123083072573029
31256,0.000122903244232014
31255,0.000122723504081643
31254,0.000122543852574675
31253,0.000122364290162621
31252,0.000122184817295747
31251,0.000122005434423065
31250,0.00012182614199234
31249,0.000121646940450082
31248,0.000121467830241548
31247,0.000121288811810745
31246,0.000121109885600421
31245,0.000120931052052069
31244,0.000120752311605925
31243,0.000120573664700967
31242,0.000120395111774914
31241,0.000120216653264225
31240,0.000120038289604097
31239,0.00011983594400814
31238,0.000119633721938202
31237,0.000119431624025501
31236,0.00011922965089915
31235,0.000119027803186153
31234,0.000118826081511408
31233,0.000118624486497699
31232,0.000118423018765699
31231,0.000118221678933967
31230,0.000118020467618949
31229,0.000117819385434971
31228,0.00011761843299424
31227,0.000117417610906849
31226,0.000117216919780762
31225,0.000117016360221828
31224,0.000116815932833768
31223,0.000116615638218177
31222,0.000116415476974528
31221,0.000116215449700161
31220,0.000116015556990293
31219,0.000115773048798355
31218,0.00011553074175315
31217,0.000115288636911749
31216,0.000115046735326531
31215,0.000114805038045177
31214,0.000114563546110673
31213,0.000114322260561302
31212,0.000114081182430646
31211,0.000113840312747582
31210,0.000113599652536276
31209,0.000113359202816188
31208,0.000113118964602064
31207,0.000112878938903935
31206,0.00011263912672712
31205,0.000112399529072215
31204,0.000112160146935102
31203,0.000111920981306938
31202,0.000111682033174158
31201,0.000111443303518474
31200,0.000111204793316874
31199,0.000110938297628283
31198,0.000110672074793562
31197,0.000110406126140177
31196,0.000110140452988499
31195,0.000109875056651814
31194,0.000109609938436308
31193,0.000109345099641079
31192,0.000109080541558126
31191,0.000108816265472351
31190,0.00010855227266156
31189,0.000108288564396459
31188,0.000108025141940655
31187,0.000107762006550657
31186,0.000107499159475871
31185,0.000107236601958604
31184,0.000106974335234064
31183,0.000106712360530356
31182,0.000106450679068489
31181,0.000106189292062368
31180,0.000105928200718804
31179,0.000105629986915298
31178,0.000105332145873463
31177,0.000105034679323056
31176,0.00010473758898303
31175,0.000104440876561538
31174,0.000104144543755934
31173,0.000103848592252768
31172,0.000103553023727792
31171,0.00010325783984596
31170,0.000102963042261425
31169,0.000102668632617545
31168,0.000102374612546884
31167,0.000102080983671213
31166,0.000101787747601511
31165,0.000101494905937972
31164,0.000101202460270001
31163,0.000100910412176226
31162,0.000100618763224491
31161,0.000100327514971868
31160,0.000100036668964657
31159,9.97278288845171e-05
31158,9.94194382989978e-05
31157,9.91114990305317e-05
31156,9.88040128883692e-05
31155,9.84969816685864e-05
31154,9.81904071540883e-05
31153,9.78842911146143e-05
31152,9.7578635306745e-05
31151,9.7273441473906e-05
31150,9.69687113463768e-05
31149,9.66644466412964e-05
31148,9.63606490626701e-05
31147,9.60573203013775e-05
31146,9.57544620351791e-05
31145,9.5452075928726e-05
31144,9.51501636335671e-05
31143,9.48487267881583e-05
31142,9.45477670178714e-05
31141,9.42472859350027e-05
31140,9.39472851387843e-05
31139,9.36424173640965e-05
31138,9.33380376955887e-05
31137,9.30341478206377e-05
31136,9.27307494131598e-05
31135,9.24278441336185e-05
31134,9.21254336290328e-05
31133,9.18235195329865e-05
31132,9.15221034656372e-05
31131,9.12211870337258e-05
31130,9.09207718305862e-05
31129,9.06208594361557e-05
31128,9.03214514169853e-05
31127,9.00225493262508e-05
31126,8.97241547037635e-05
31125,8.94262690759822e-05
31124,8.91288939560245e-05
31123,8.88320308436792e-05
31122,8.85356812254188e-05
31121,8.8239846574412e-05
31120,8.79445283505367e-05
31119,8.7648397474609e-05
31118,8.7352780043284e-05
31117,8.70576775923195e-05
31116,8.6763091643859e-05
31115,8.64690237064427e-05
31114,8.61754752750185e-05
31113,8.58824478309542e-05
31112,8.5589942842049e-05
31111,8.52979617625459e-05
31110,8.50065060331443e-05
31109,8.47155770810133e-05
31108,8.44251763198047e-05
31107,8.41353051496667e-05
31106,8.38459649572582e-05
31105,8.35571571157626e-05
31104,8.32688829849029e-05
31103,8.29811439109563e-05
31102,8.26939412267699e-05
31101,8.2407276251776e-05
31100,8.21211502920084e-05
31099,8.18547864465908e-05
31098,8.15888902756745e-05
31097,8.13234629009413e-05
31096,8.10585054333423e-05
31095,8.07940189731091e-05
31094,8.05300046097649e-05
31093,8.02664634221362e-05
31092,8.00033964783645e-05
31091,7.97408048359184e-05
31090,7.94786895416056e-05
31089,7.92170516315859e-05
31088,7.89558921313838e-05
31087,7.86952120559012e-05
31086,7.84350124094309e-05
31085,7.81752941856705e-05
31084,7.79160583677353e-05
31083,7.76573059281729e-05
31082,7.73990378289773e-05
31081,7.71412550216033e-05
31080,7.6883958446981e-05
31079,7.66503785381721e-05
31078,7.64172026046955e-05
31077,7.61844313644871e-05
31076,7.59520655280138e-05
31075,7.57201057982858e-05
31074,7.5488552870865e-05
31073,7.52574074338757e-05
31072,7.50266701680153e-05
31071,7.47963417465632e-05
31070,7.45664228353938e-05
31069,7.43369140929853e-05
31068,7.41078161704317e-05
31067,7.38791297114533e-05
31066,7.36508553524073e-05
31065,7.34229937223008e-05
31064,7.31955454428006e-05
31063,7.29685111282458e-05
31062,7.27418913856589e-05
31061,7.25156868147576e-05
31060,7.22898980079675e-05
31059,7.2086704043574e-05
31058,7.18838515658463e-05
31057,7.16813410369631e-05
31056,7.14791729138254e-05
31055,7.12773476480633e-05
31054,7.10758656860456e-05
31053,7.08747274688874e-05
31052,7.06739334324578e-05
31051,7.04734840073901e-05
31050,7.02733796190886e-05
31049,7.00736206877386e-05
31048,6.98742076283147e-05
31047,6.96751408505889e-05
31046,6.9476420759141e-05
31045,6.9278047753366e-05
31044,6.90800222274846e-05
31043,6.88823445705518e-05
31042,6.86850151664653e-05
31041,6.84880343939769e-05
31040,6.82914026266994e-05
31039,6.813165974276e-05
31038,6.7972151409233e-05
31037,6.7812877839192e-05
31036,6.76538392432338e-05
31035,6.74950358294802e-05
31034,6.73364678035838e-05
31033,6.71781353687315e-05
31032,6.70200387256474e-05
31031,6.68621780725987e-05
31030,6.67045536053977e-05
31029,6.65471655174079e-05
31028,6.63900139995471e-05
31027,6.62330992402909e-05
31026,6.60764214256787e-05
31025,6.59199807393158e-05
31024,6.57637773623794e-05
31023,6.56078114736222e-05
31022,6.54520832493758e-05
31021,6.52965928635571e-05
31020,6.514134048767e-05
31019,6.50151387306013e-05
31018,6.48890949564531e-05
31017,6.47632092544516e-05
31016,6.46374817127676e-05
31015,6.45119124185191e-05
31014,6.43865014577718e-05
31013,6.42612489155416e-05
31012,6.41361548757956e-05
31011,6.40112194214543e-05
31010,6.38864426343927e-05
31009,6.37618245954423e-05
31008,6.36373653843928e-05
31007,6.35130650799934e-05
31006,6.33889237599547e-05
31005,6.32649415009505e-05
31004,6.31411183786192e-05
31003,6.30174544675659e-05
31002,6.28939498413635e-05
31001,6.2770604572555e-05
31000,6.26474187326549e-05
30999,6.25422680758807e-05
30998,6.24372319118745e-05
30997,6.2332310278368e-05
30996,6.22275032126103e-05
30995,6.21228107513687e-05
30994,6.20182329309293e-05
30993,6.19137697870978e-05
30992,6.18094213552003e-05
30991,6.17051876700834e-05
30990,6.16010687661157e-05
30989,6.14970646771878e-05
30988,6.13931754367134e-05
30987,6.12894010776299e-05
30986,6.11857416323991e-05
30985,6.10821971330078e-05
30984,6.09787676109687e-05
30983,6.08754530973209e-05
30982,6.07722536226307e-05
30981,6.06691692169923e-05
30980,6.05661999100285e-05
30979,6.04774209830231e-05
30978,6.03887264299102e-05
30977,6.03001162653467e-05
30976,6.02115905037647e-05
30975,6.01231491593702e-05
30974,6.00347922461446e-05
30973,5.99465197778443e-05
30972,5.98583317680013e-05
30971,5.9770228229924e-05
30970,5.96822091766964e-05
30969,5.95942746211791e-05
30968,5.95064245760093e-05
30967,5.94186590536012e-05
30966,5.9330978066147e-05
30965,5.92433816256157e-05
30964,5.91558697437545e-05
30963,5.90684424320888e-05
30962,5.89810997019222e-05
30961,5.88938415643381e-05
30960,5.88066680301978e-05
30959,5.87363883031759e-05
30958,5.86661635595865e-05
30957,5.85959938044659e-05
30956,5.85258790427605e-05
30955,5.84558192793251e-05
30954,5.83858145189241e-05
30953,5.83158647662311e-05
30952,5.82459700258293e-05
30951,5.81761303022119e-05
30950,5.81063455997812e-05
30949,5.80366159228497e-05
30948,5.79669412756395e-05
30947,5.78973216622828e-05
30946,5.78277570868222e-05
30945,5.77582475532103e-05
30944,5.76887930653097e-05
30943,5.76193936268938e-05
30942,5.75500492416462e-05
30941,5.74807599131617e-05
30940,5.7411525644945e-05
30939,5.73428142094777e-05
30938,5.72741575018125e-05
30937,5.7205555523019e-05
30936,5.71370082740852e-05
30935,5.70685157559165e-05
30934,5.70000779693363e-05
30933,5.69316949150864e-05
30932,5.68633665938261e-05
30931,5.67950930061342e-05
30930,5.67268741525069e-05
30929,5.66587100333592e-05
30928,5.65906006490247e-05
30927,5.65225459997553e-05
30926,5.64545460857228e-05
30925,5.63866009070168e-05
30924,5.63187104636462e-05
30923,5.62508747555392e-05
30922,5.61830937825427e-05
30921,5.61153675444237e-05
30920,5.60476960408679e-05
30919,5.59768532367295e-05
30918,5.59060704910542e-05
30917,5.58353478032341e-05
30916,5.57646851725636e-05
30915,5.56940825982415e-05
30914,5.56235400793699e-05
30913,5.55530576149545e-05
30912,5.54826352039057e-05
30911,5.54122728450372e-05
30910,5.53419705370676e-05
30909,5.52717282786194e-05
30908,5.52015460682194e-05
30907,5.51314239042997e-05
30906,5.50613617851963e-05
30905,5.49913597091508e-05
30904,5.49214176743092e-05
30903,5.48515356787226e-05
30902,5.47817137203481e-05
30901,5.4711951797047e-05
30900,5.46422499065871e-05
30899,5.4563094117924e-05
30898,5.44840158100452e-05
30897,5.4405014979369e-05
30896,5.43260916221567e-05
30895,5.42472457345136e-05
30894,5.41684773123889e-05
30893,5.4089786351576e-05
30892,5.40111728477127e-05
30891,5.39326367962815e-05
30890,5.38541781926098e-05
30889,5.37757970318703e-05
30888,5.3697493309081e-05
30887,5.36192670191054e-05
30886,5.35411181566533e-05
30885,5.34630467162803e-05
30884,5.33850526923884e-05
30883,5.33071360792264e-05
30882,5.32292968708899e-05
30881,5.31515350613216e-05
30880,5.30738506443115e-05
30879,5.29962436134973e-05
30878,5.29187139623645e-05
30877,5.28412616842468e-05
30876,5.27638867723261e-05
30875,5.26865892196328e-05
30874,5.26093690190464e-05
30873,5.25322261632954e-05
30872,5.24551606449574e-05
30871,5.23781724564598e-05
30870,5.23012615900797e-05
30869,5.22244280379443e-05
30868,5.21476717920311e-05
30867,5.20709928441681e-05
30866,5.19943911860342e-05
30865,5.19178668091593e-05
30864,5.18414197049246e-05
30863,5.17650498645626e-05
30862,5.1688757279158e-05
30861,5.16125419396474e-05
30860,5.15364038368193e-05
30859,5.14544137416109e-05
30858,5.13725140230646e-05
30857,5.12907046678507e-05
30856,5.12089856624369e-05
30855,5.11273569930903e-05
30854,5.10458186458764e-05
30853,5.09643706066602e-05
30852,5.08830128611068e-05
30851,5.08017453946809e-05
30850,5.07205681926485e-05
30849,5.06394812400758e-05
30848,5.05584845218304e-05
30847,5.04775780225822e-05
30846,5.03967617268022e-05
30845,5.03160356187649e-05
30844,5.02353996825467e-05
30843,5.01548539020274e-05
30842,5.00743982608911e-05
30841,4.99940327426249e-05
30840,4.99137573305212e-05
30839,4.98274407703025e-05
30838,4.97412277464046e-05
30837,4.96551182390681e-05
30836,4.95691122282776e-05
30835,4.94832096937633e-05
30834,4.93974106150004e-05
30833,4.931171497121e-05
30832,4.92261227413603e-05
30831,4.91406339041653e-05
30830,4.90552484380876e-05
30829,4.89699663213373e-05
30828,4.88847875318735e-05
30827,4.87997120474041e-05
30826,4.87147398453863e-05
30825,4.86298709030281e-05
30824,4.85451051972878e-05
30823,4.8460442704875e-05
30822,4.83758834022513e-05
30821,4.82914272656299e-05
30820,4.82070742709773e-05
30819,4.81195720579987e-05
30818,4.80321803256449e-05
30817,4.794489904917e-05
30816,4.785772820354e-05
30815,4.77706677634328e-05
30814,4.76837177032393e-05
30813,4.7596877997064e-05
30812,4.75101486187255e-05
30811,4.74235295417571e-05
30810,4.73370207394076e-05
30809,4.72506221846415e-05
30808,4.71643338501403e-05
30807,4.70781557083025e-05
30806,4.69920877312446e-05
30805,4.69061298908015e-05
30804,4.68202821585273e-05
30803,4.67345445056959e-05
30802,4.66489169033014e-05
30801,4.65633993220591e-05
30800,4.64779917324057e-05
30799,4.63983659850167e-05
30798,4.63188360236866e-05
30797,4.62394018237855e-05
30796,4.61600633604751e-05
30795,4.60808206087064e-05
30794,4.60016735432223e-05
30793,4.59226221385574e-05
30792,4.58436663690373e-05
30791,4.5764806208781e-05
30790,4.56860416316997e-05
30789,4.56073726114984e-05
30788,4.55287991216757e-05
30787,4.5450321135524e-05
30786,4.53719386261311e-05
30785,4.52936515663791e-05
30784,4.52154599289463e-05
30783,4.51373636863067e-05
30782,4.50593628107305e-05
30781,4.49814572742855e-05
30780,4.49036470488358e-05
30779,4.48339072727671e-05
30778,4.47642446174518e-05
30777,4.46946590633983e-05
30776,4.46251505909724e-05
30775,4.45557191803981e-05
30774,4.4486364811757e-05
30773,4.44170874649895e-05
30772,4.43478871198946e-05
30771,4.42787637561299e-05
30770,4.42097173532127e-05
30769,4.41407478905196e-05
30768,4.4071855347287e-05
30767,4.40030397026116e-05
30766,4.39343009354502e-05
30765,4.38656390246204e-05
30764,4.3797053948801e-05
30763,4.37285456865317e-05
30762,4.3660114216214e-05
30761,4.3591759516111e-05
30760,4.35234815643481e-05
30759,4.34659560495217e-05
30758,4.34084859389595e-05
30757,4.33510712194141e-05
30756,4.32937118775604e-05
30755,4.32364078999943e-05
30754,4.31791592732341e-05
30753,4.312196598372e-05
30752,4.30648280178142e-05
30751,4.30077453618018e-05
30750,4.29507180018899e-05
30749,4.28937459242085e-05
30748,4.28368291148101e-05
30747,4.27799675596703e-05
30746,4.27231612446882e-05
30745,4.26664101556854e-05
30744,4.26097142784073e-05
30743,4.25530735985226e-05
30742,4.24964881016236e-05
30741,4.2439957773227e-05
30740,4.23834825987727e-05
30739,4.23378397298252e-05
30738,4.22922327939442e-05
30737,4.22466617833361e-05
30736,4.22011266901753e-05
30735,4.21556275066057e-05
30734,4.21101642247389e-05
30733,4.20647368366555e-05
30732,4.20193453344052e-05
30731,4.19739897100059e-05
30730,4.19286699554451e-05
30729,4.18833860626783e-05
30728,4.18381380236304e-05
30727,4.17929258301954e-05
30726,4.1747749474236e-05
30725,4.17026089475844e-05
30724,4.16575042420414e-05
30723,4.16124353493773e-05
30722,4.15674022613317e-05
30721,4.15224049696131e-05
30720,4.14774434658999e-05
30719,4.14458820301018e-05
30718,4.14143379509086e-05
30717,4.13828112254101e-05
30716,4.13513018506893e-05
30715,4.13198098238232e-05
30714,4.12883351418819e-05
30713,4.1256877801929e-05
30712,4.12254378010226e-05
30711,4.11940151362133e-05
30710,4.11626098045463e-05
30709,4.11312218030597e-05
30708,4.10998511287853e-05
30707,4.1068497778749e-05
30706,4.10371617499698e-05
30705,4.1005843039461e-05
30704,4.0974541644229e-05
30703,4.09432575612737e-05
30702,4.09119907875895e-05
30701,4.08807413201635e-05
30700,4.08495091559775e-05
30699,4.0831377473126e-05
30698,4.08132516194497e-05
30697,4.07951315943318e-05
30696,4.07770173971539e-05
30695,4.07589090272978e-05
30694,4.0740806484144e-05
30693,4.07227097670724e-05
30692,4.07046188754626e-05
30691,4.06865338086931e-05
30690,4.06684545661421e-05
30689,4.06503811471868e-05
30688,4.06323135512038e-05
30687,4.06142517775693e-05
30686,4.05961958256583e-05
30685,4.05781456948458e-05
30684,4.05601013845057e-05
30683,4.0542062894011e-05
30682,4.05240302227347e-05
30681,4.05060033700485e-05
30680,4.0487982335324e-05
30679,4.04829699337826e-05
30678,4.04779581170827e-05
30677,4.04729468851942e-05
30676,4.04679362380865e-05
30675,4.04629261757297e-05
30674,4.04579166980933e-05
30673,4.04529078051467e-05
30672,4.04478994968601e-05
30671,4.04428917732026e-05
30670,4.04378846341445e-05
30669,4.04328780796549e-05
30668,4.04278721097035e-05
30667,4.04228667242603e-05
30666,4.04178619232944e-05
30665,4.04128577067758e-05
30664,4.04078540746739e-05
30663,4.04028510269581e-05
30662,4.03978485635985e-05
30661,4.0392846684564e-05
30660,4.03878453898247e-05
30659,4.03905524471096e-05
30658,4.03932597455922e-05
30657,4.03959672852782e-05
30656,4.03986750661724e-05
30655,4.04013830882804e-05
30654,4.04040913516075e-05
30653,4.04067998561592e-05
30652,4.04095086019408e-05
30651,4.04122175889573e-05
30650,4.04149268172143e-05
30649,4.0417636286717e-05
30648,4.04203459974708e-05
30647,4.04230559494812e-05
30646,4.04257661427531e-05
30645,4.0428476577292e-05
30644,4.04311872531032e-05
30643,4.0433898170192e-05
30642,4.04366093285639e-05
30641,4.04393207282239e-05
30640,4.04420323691773e-05
30639,4.04524603360639e-05
30638,4.04628903374718e-05
30637,4.04733223735234e-05
30636,4.04837564443414e-05
30635,4.04941925500481e-05
30634,4.05046306907655e-05
30633,4.05150708666159e-05
30632,4.0525513077721e-05
30631,4.05359573242031e-05
30630,4.05464036061838e-05
30629,4.05568519237847e-05
30628,4.05673022771275e-05
30627,4.05777546663334e-05
30626,4.05882090915241e-05
30625,4.05986655528206e-05
30624,4.06091240503442e-05
30623,4.06195845842158e-05
30622,4.06300471545561e-05
30621,4.06405117614864e-05
30620,4.06509784051271e-05
30619,4.06666108224974e-05
30618,4.06822476620302e-05
30617,4.06978889241121e-05
30616,4.07135346091289e-05
30615,4.07291847174666e-05
30614,4.07448392495103e-05
30613,4.07604982056448e-05
30612,4.07761615862547e-05
30611,4.07918293917235e-05
30610,4.08075016224348e-05
30609,4.08231782787715e-05
30608,4.08388593611162e-05
30607,4.0854544869851e-05
30606,4.08702348053573e-05
30605,4.08859291680164e-05
30604,4.09016279582089e-05
30603,4.0917331176315e-05
30602,4.09330388227148e-05
30601,4.09487508977872e-05
30600,4.09644674019111e-05
30599,4.09827846969841e-05
30598,4.10011079736969e-05
30597,4.10194372326443e-05
30596,4.1037772474421e-05
30595,4.10561136996201e-05
30594,4.10744609088345e-05
30593,4.10928141026564e-05
30592,4.11111732816764e-05
30591,4.11295384464852e-05
30590,4.11479095976719e-05
30589,4.11662867358252e-05
30588,4.11846698615332e-05
30587,4.12030589753826e-05
30586,4.12214540779599e-05
30585,4.12398551698501e-05
30584,4.1258262251638e-05
30583,4.12766753239074e-05
30582,4.12950943872411e-05
30581,4.13135194422213e-05
30580,4.13319504894291e-05
30579,4.13500917343423e-05
30578,4.13682389122548e-05
30577,4.1386392023852e-05
30576,4.14045510698192e-05
30575,4.14227160508401e-05
30574,4.14408869675983e-05
30573,4.14590638207768e-05
30572,4.14772466110573e-05
30571,4.14954353391212e-05
30570,4.15136300056488e-05
30569,4.15318306113201e-05
30568,4.15500371568142e-05
30567,4.15682496428092e-05
30566,4.1586468069983e-05
30565,4.16046924390121e-05
30564,4.16229227505729e-05
30563,4.16411590053408e-05
30562,4.16594012039902e-05
30561,4.16776493471954e-05
30560,4.16959034356292e-05
30559,4.17116794680206e-05
30558,4.17274598030777e-05
30557,4.17432444411679e-05
30556,4.17590333826578e-05
30555,4.17748266279138e-05
30554,4.17906241773021e-05
30553,4.18064260311884e-05
30552,4.18222321899382e-05
30551,4.1838042653916e-05
30550,4.18538574234866e-05
30549,4.18696764990141e-05
30548,4.18854998808624e-05
30547,4.19013275693952e-05
30546,4.19171595649749e-05
30545,4.19329958679646e-05
30544,4.19488364787265e-05
30543,4.19646813976225e-05
30542,4.19805306250143e-05
30541,4.19963841612627e-05
30540,4.20122420067286e-05
30539,4.20226703025899e-05
30538,4.20331006169617e-05
30537,4.20435329499881e-05
30536,4.2053967301814e-05
30535,4.20644036725833e-05
30534,4.20748420624401e-05
30533,4.20852824715284e-05
30532,4.20957248999919e-05
30531,4.2106169347975e-05
30530,4.2116615815621e-05
30529,4.21270643030736e-05
30528,4.21375148104764e-05
30527,4.21479673379726e-05
30526,4.2158421885706e-05
30525,4.21688784538196e-05
30524,4.21793370424565e-05
30523,4.21897976517599e-05
30522,4.22002602818725e-05
30521,4.22107249329375e-05
30520,4.22211916050976e-05
30519,4.22211916050976e-05
30518,4.22211916050976e-05
30517,4.22211916050976e-05
30516,4.22211916050976e-05
30515,4.22211916050976e-05
30514,4.22211916050976e-05
30513,4.22211916050976e-05
30512,4.22211916050976e-05
30511,4.22211916050976e-05
30510,4.22211916050976e-05
30509,4.22211916050976e-05
30508,4.22211916050976e-05
30507,4.22211916050976e-05
30506,4.22211916050976e-05
30505,4.22211916050976e-05
30504,4.22211916050976e-05
30503,4.22211916050976e-05
30502,4.22211916050976e-05
30501,4.22211916050976e-05
30500,4.22211916050976e-05
30499,4.2213233517244e-05
30498,4.22052765079973e-05
30497,4.21973205773126e-05
30496,4.21893657251459e-05
30495,4.21814119514521e-05
30494,4.21734592561871e-05
30493,4.21655076393065e-05
30492,4.21575571007653e-05
30491,4.21496076405193e-05
30490,4.21416592585236e-05
30489,4.21337119547336e-05
30488,4.2125765729105e-05
30487,4.21178205815927e-05
30486,4.21098765121523e-05
30485,4.21019335207387e-05
30484,4.20939916073075e-05
30483,4.20860507718139e-05
30482,4.20781110142128e-05
30481,4.20701723344598e-05
30480,4.20622347325096e-05
30479,4.20410730628938e-05
30478,4.20199190564845e-05
30477,4.19987727124282e-05
30476,4.19776340298713e-05
30475,4.19565030079579e-05
30474,4.19353796458319e-05
30473,4.19142639426356e-05
30472,4.18931558975098e-05
30471,4.18720555095947e-05
30470,4.18509627780285e-05
30469,4.1829877701949e-05
30468,4.18088002804927e-05
30467,4.17877305127942e-05
30466,4.17666683979878e-05
30465,4.17456139352059e-05
30464,4.17245671235802e-05
30463,4.17035279622411e-05
30462,4.16824964503174e-05
30461,4.16614725869374e-05
30460,4.16404563712275e-05
30459,4.16012149827291e-05
30458,4.15620005289482e-05
30457,4.1522813003784e-05
30456,4.14836524011207e-05
30455,4.14445187148282e-05
30454,4.14054119387617e-05
30453,4.1366332066762e-05
30452,4.13272790926553e-05
30451,4.12882530102533e-05
30450,4.12492538133533e-05
30449,4.12102814957379e-05
30448,4.11713360511755e-05
30447,4.11324174734201e-05
30446,4.10935257562112e-05
30445,4.10546608932739e-05
30444,4.10158228783191e-05
30443,4.09770117050432e-05
30442,4.09382273671284e-05
30441,4.08994698582425e-05
30440,4.08607391720391e-05
30439,4.08092368176649e-05
30438,4.0757782326144e-05
30437,4.07063756817986e-05
30436,4.06550168689054e-05
30435,4.06037058716956e-05
30434,4.05524426743549e-05
30433,4.05012272610236e-05
30432,4.04500596157969e-05
30431,4.0398939722725e-05
30430,4.03478675658127e-05
30429,4.029684312902e-05
30428,4.02458663962622e-05
30427,4.01949373514096e-05
30426,4.01440559782879e-05
30425,4.00932222606782e-05
30424,4.00424361823171e-05
30423,3.99916977268967e-05
30422,3.9941006878065e-05
30421,3.98903636194254e-05
30420,3.98397679345375e-05
30419,3.97790562358702e-05
30418,3.97184128303652e-05
30417,3.96578376898429e-05
30416,3.95973307860334e-05
30415,3.95368920905776e-05
30414,3.94765215750269e-05
30413,3.94162192108434e-05
30412,3.93559849694008e-05
30411,3.92958188219829e-05
30410,3.92357207397861e-05
30409,3.91756906939181e-05
30408,3.91157286553985e-05
30407,3.90558345951593e-05
30406,3.89960084840442e-05
30405,3.89362502928101e-05
30404,3.88765599921266e-05
30403,3.88169375525761e-05
30402,3.87573829446546e-05
30401,3.8697896138771e-05
30400,3.86384771052483e-05
30399,3.85691896539858e-05
30398,3.84999942415703e-05
30397,3.84308908209434e-05
30396,3.83618793448899e-05
30395,3.8292959766037e-05
30394,3.82241320368558e-05
30393,3.81553961096615e-05
30392,3.80867519366128e-05
30391,3.80181994697144e-05
30390,3.79497386608154e-05
30389,3.7881369461611e-05
30388,3.78130918236431e-05
30387,3.77449056982993e-05
30386,3.76768110368153e-05
30385,3.76088077902739e-05
30384,3.7540895909606e-05
30383,3.74730753455916e-05
30382,3.74053460488587e-05
30381,3.73377079698858e-05
30380,3.72701610590005e-05
30379,3.72004424057968e-05
30378,3.71308218261791e-05
30377,3.70612992627941e-05
30376,3.69918746581149e-05
30375,3.69225479544426e-05
30374,3.68533190939062e-05
30373,3.67841880184635e-05
30372,3.67151546699016e-05
30371,3.6646218989837e-05
30370,3.65773809197169e-05
30369,3.65086404008197e-05
30368,3.64399973742549e-05
30367,3.63714517809645e-05
30366,3.63030035617228e-05
30365,3.62346526571376e-05
30364,3.61663990076505e-05
30363,3.60982425535375e-05
30362,3.60301832349098e-05
30361,3.59622209917135e-05
30360,3.58943557637313e-05
30359,3.58261053916894e-05
30358,3.57579514512847e-05
30357,3.56898938860449e-05
30356,3.56219326393348e-05
30355,3.55540676543589e-05
30354,3.54862988741602e-05
30353,3.54186262416217e-05
30352,3.53510496994667e-05
30351,3.52835691902587e-05
30350,3.52161846564029e-05
30349,3.51488960401462e-05
30348,3.50817032835777e-05
30347,3.50146063286295e-05
30346,3.49476051170765e-05
30345,3.48806995905377e-05
30344,3.48138896904768e-05
30343,3.47471753582018e-05
30342,3.46805565348666e-05
30341,3.46140331614703e-05
30340,3.45476051788591e-05
30339,3.44833997293072e-05
30338,3.44192834008211e-05
30337,3.4355256140257e-05
30336,3.42913178943359e-05
30335,3.42274686096426e-05
30334,3.41637082326275e-05
30333,3.41000367096067e-05
30332,3.40364539867615e-05
30331,3.39729600101403e-05
30330,3.39095547256577e-05
30329,3.3846238079096e-05
30328,3.37830100161051e-05
30327,3.37198704822027e-05
30326,3.36568194227756e-05
30325,3.35938567830789e-05
30324,3.35309825082377e-05
30323,3.3468196543247e-05
30322,3.34054988329714e-05
30321,3.33428893221472e-05
30320,3.32803679553809e-05
30319,3.32223802546922e-05
30318,3.31644684918108e-05
30317,3.31066326221025e-05
30316,3.30488726008388e-05
30315,3.29911883831961e-05
30314,3.29335799242567e-05
30313,3.28760471790092e-05
30312,3.28185901023484e-05
30311,3.27612086490759e-05
30310,3.27039027739001e-05
30309,3.2646672431437e-05
30308,3.25895175762099e-05
30307,3.25324381626497e-05
30306,3.24754341450964e-05
30305,3.24185054777976e-05
30304,3.23616521149101e-05
30303,3.23048740104996e-05
30302,3.2248171118541e-05
30301,3.21915433929195e-05
30300,3.21349907874297e-05
30299,3.20847084614259e-05
30298,3.20344861087398e-05
30297,3.19843236966005e-05
30296,3.19342211921748e-05
30295,3.1884178562566e-05
30294,3.1834195774815e-05
30293,3.17842727959005e-05
30292,3.1734409592738e-05
30291,3.16846061321821e-05
30290,3.16348623810241e-05
30289,3.15851783059946e-05
30288,3.15355538737625e-05
30287,3.14859890509347e-05
30286,3.14364838040577e-05
30285,3.13870380996162e-05
30284,3.13376519040348e-05
30283,3.12883251836774e-05
30282,3.12390579048468e-05
30281,3.11898500337864e-05
30280,3.11407015366789e-05
30279,3.10982402828138e-05
30278,3.10558230141763e-05
30277,3.10134497089106e-05
30276,3.0971120345131e-05
30275,3.09288349009224e-05
30274,3.08865933543399e-05
30273,3.08443956834095e-05
30272,3.08022418661273e-05
30271,3.07601318804606e-05
30270,3.07180657043471e-05
30269,3.06760433156957e-05
30268,3.0634064692386e-05
30267,3.05921298122686e-05
30266,3.05502386531653e-05
30265,3.05083911928691e-05
30264,3.04665874091442e-05
30263,3.04248272797261e-05
30262,3.03831107823218e-05
30261,3.03414378946096e-05
30260,3.02998085942397e-05
30259,3.02644371766499e-05
30258,3.02290972692963e-05
30257,3.0193788858394e-05
30256,3.01585119301427e-05
30255,3.01232664707278e-05
30254,3.00880524663197e-05
30253,3.00528699030738e-05
30252,3.00177187671312e-05
30251,2.9982599044618e-05
30250,2.9947510721646e-05
30249,2.9912453784312e-05
30248,2.98774282186983e-05
30247,2.98424340108731e-05
30246,2.98074711468893e-05
30245,2.97725396127862e-05
30244,2.97376393945881e-05
30243,2.97027704783048e-05
30242,2.96679328499324e-05
30241,2.96331264954519e-05
30240,2.95983514008307e-05
30239,2.95637426622176e-05
30238,2.95291649254374e-05
30237,2.94946181763852e-05
30236,2.94601024009423e-05
30235,2.94256175849771e-05
30234,2.93911637143447e-05
30233,2.93567407748866e-05
30232,2.9322348752432e-05
30231,2.92879876327961e-05
30230,2.92536574017817e-05
30229,2.92193580451782e-05
30228,2.9185089548762e-05
30227,2.91508518982967e-05
30226,2.91166450795327e-05
30225,2.90824690782078e-05
30224,2.90483238800467e-05
30223,2.90142094707612e-05
30222,2.89801258360505e-05
30221,2.89460729616007e-05
30220,2.89120508330857e-05
30219,2.88819229521679e-05
30218,2.88518192038432e-05
30217,2.88217395782444e-05
30216,2.8791684065496e-05
30215,2.87616526557146e-05
30214,2.87316453390082e-05
30213,2.87016621054767e-05
30212,2.8671702945212e-05
30211,2.86417678482976e-05
30210,2.86118568048089e-05
30209,2.85819698048134e-05
30208,2.85521068383702e-05
30207,2.85222678955304e-05
30206,2.8492452966337e-05
30205,2.84626620408252e-05
30204,2.84328951090218e-05
30203,2.84031521609458e-05
30202,2.83734331866081e-05
30201,2.83437381760118e-05
30200,2.83140671191518e-05
30199,2.82807476910075e-05
30198,2.82474587057593e-05
30197,2.82142001485173e-05
30196,2.81809720043794e-05
30195,2.81477742584324e-05
30194,2.81146068957509e-05
30193,2.80814699013981e-05
30192,2.80483632604259e-05
30191,2.80152869578741e-05
30190,2.79822409787716e-05
30189,2.79492253081354e-05
30188,2.7916239930971e-05
30187,2.78832848322731e-05
30186,2.78503599970243e-05
30185,2.78174654101965e-05
30184,2.77846010567497e-05
30183,2.77517669216329e-05
30182,2.77189629897841e-05
30181,2.76861892461296e-05
30180,2.7653445675585e-05
30179,2.76152026592261e-05
30178,2.75770018746054e-05
30177,2.75388432953494e-05
30176,2.7500726895063e-05
30175,2.74626526473291e-05
30174,2.74246205257092e-05
30173,2.7386630503743e-05
30172,2.73486825549492e-05
30171,2.73107766528246e-05
30170,2.72729127708452e-05
30169,2.72350908824654e-05
30168,2.71973109611189e-05
30167,2.71595729802179e-05
30166,2.71218769131542e-05
30165,2.70842227332984e-05
30164,2.70466104140004e-05
30163,2.70090399285895e-05
30162,2.69715112503745e-05
30161,2.69340243526434e-05
30160,2.68965792086641e-05
30159,2.68478400570146e-05
30158,2.67991709166357e-05
30157,2.67505717304344e-05
30156,2.67020424412622e-05
30155,2.66535829919141e-05
30154,2.66051933251301e-05
30153,2.65568733835948e-05
30152,2.65086231099378e-05
30151,2.64604424467344e-05
30150,2.64123313365052e-05
30149,2.63642897217172e-05
30148,2.63163175447832e-05
30147,2.62684147480627e-05
30146,2.62205812738624e-05
30145,2.61728170644359e-05
30144,2.61251220619839e-05
30143,2.60774962086554e-05
30142,2.60299394465469e-05
30141,2.59824517177037e-05
30140,2.59350329641194e-05
30139,2.58789258522635e-05
30138,2.58229183110746e-05
30137,2.57670102340835e-05
30136,2.57112015147153e-05
30135,2.56554920462888e-05
30134,2.55998817220181e-05
30133,2.55443704350133e-05
30132,2.54889580782812e-05
30131,2.54336445447265e-05
30130,2.53784297271522e-05
30129,2.53233135182605e-05
30128,2.52682958106538e-05
30127,2.52133764968353e-05
30126,2.51585554692104e-05
30125,2.51038326200865e-05
30124,2.50492078416748e-05
30123,2.49946810260904e-05
30122,2.49402520653536e-05
30121,2.48859208513907e-05
30120,2.48316872760343e-05
30119,2.47649875601867e-05
30118,2.46984321708271e-05
30117,2.46320209202898e-05
30116,2.45657536207128e-05
30115,2.44996300840393e-05
30114,2.44336501220194e-05
30113,2.43678135462126e-05
30112,2.43021201679888e-05
30111,2.42365697985312e-05
30110,2.41711622488374e-05
30109,2.41058973297216e-05
30108,2.40407748518169e-05
30107,2.3975794625576e-05
30106,2.39109564612746e-05
30105,2.38462601690118e-05
30104,2.37817055587132e-05
30103,2.37172924401322e-05
30102,2.36530206228514e-05
30101,2.35888899162855e-05
30100,2.35249001296822e-05
30099,2.34527136409439e-05
30098,2.33807073060319e-05
30097,2.33088808458732e-05
30096,2.3237233981135e-05
30095,2.31657664322278e-05
30094,2.30944779193087e-05
30093,2.30233681622855e-05
30092,2.29524368808193e-05
30091,2.28816837943286e-05
30090,2.28111086219919e-05
30089,2.27407110827523e-05
30088,2.26704908953197e-05
30087,2.26004477781745e-05
30086,2.25305814495717e-05
30085,2.2460891627543e-05
30084,2.23913780299012e-05
30083,2.23220403742433e-05
30082,2.2252878377953e-05
30081,2.21838917582055e-05
30080,2.21150802319692e-05
30079,2.20393276194129e-05
30078,2.19637822814714e-05
30077,2.18884438693662e-05
30076,2.1813312034011e-05
30075,2.17383864260173e-05
30074,2.16636666956979e-05
30073,2.1589152493072e-05
30072,2.15148434678698e-05
30071,2.14407392695364e-05
30070,2.13668395472367e-05
30069,2.12931439498595e-05
30068,2.12196521260222e-05
30067,2.11463637240753e-05
30066,2.10732783921062e-05
30065,2.10003957779446e-05
30064,2.09277155291657e-05
30063,2.08552372930953e-05
30062,2.07829607168143e-05
30061,2.07108854471624e-05
30060,2.06390111307429e-05
30059,2.05656475186792e-05
30058,2.04924930647392e-05
30057,2.04195473939048e-05
30056,2.03468101309071e-05
30055,2.02742809002298e-05
30054,2.0201959326115e-05
30053,2.01298450325677e-05
30052,2.00579376433595e-05
30051,1.9986236782035e-05
30050,1.99147420719148e-05
30049,1.9843453136101e-05
30048,1.97723695974821e-05
30047,1.97014910787366e-05
30046,1.96308172023387e-05
30045,1.95603475905619e-05
30044,1.94900818654843e-05
30043,1.94200196489932e-05
30042,1.93501605627887e-05
30041,1.92805042283895e-05
30040,1.92110502671364e-05
30039,1.91401982576729e-05
30038,1.90695568615891e-05
30037,1.89991256764622e-05
30036,1.89289042996816e-05
30035,1.88588923284543e-05
30034,1.87890893598092e-05
30033,1.87194949906029e-05
30032,1.8650108817524e-05
30031,1.85809304370978e-05
30030,1.8511959445692e-05
30029,1.84431954395209e-05
30028,1.83746380146505e-05
30027,1.83062867670034e-05
30026,1.82381412923633e-05
30025,1.81702011863801e-05
30024,1.81024660445748e-05
30023,1.80349354623439e-05
30022,1.79676090349645e-05
30021,1.79004863575988e-05
30020,1.78335670252988e-05
30019,1.77694196627528e-05
30018,1.7705459314569e-05
30017,1.76416856228364e-05
30016,1.75780982295538e-05
30015,1.7514696776634e-05
30014,1.74514809059072e-05
30013,1.73884502591251e-05
30012,1.73256044779647e-05
30011,1.72629432040319e-05
30010,1.72004660788655e-05
30009,1.71381727439408e-05
30008,1.70760628406733e-05
30007,1.70141360104228e-05
30006,1.69523918944965e-05
30005,1.68908301341536e-05
30004,1.6829450370608e-05
30003,1.67682522450326e-05
30002,1.67072353985632e-05
30001,1.66463994723011e-05
30000,1.65857441073183e-05
29999,1.65262655148252e-05
29998,1.64669609815324e-05
29997,1.64078301671149e-05
29996,1.63488727312115e-05
29995,1.62900883334277e-05
29994,1.62314766333392e-05
29993,1.61730372904956e-05
29992,1.61147699644235e-05
29991,1.60566743146304e-05
29990,1.59987500006072e-05
29989,1.59409966818326e-05
29988,1.58834140177755e-05
29987,1.5826001667899e-05
29986,1.57687592916635e-05
29985,1.571168654853e-05
29984,1.56547830979635e-05
29983,1.55980485994361e-05
29982,1.55414827124304e-05
29981,1.5485085096443e-05
29980,1.54288554109873e-05
29979,1.53764185529994e-05
29978,1.53241280471404e-05
29977,1.52719836148226e-05
29976,1.521998497748e-05
29975,1.51681318565694e-05
29974,1.51164239735738e-05
29973,1.5064861050004e-05
29972,1.50134428074009e-05
29971,1.49621689673384e-05
29970,1.49110392514247e-05
29969,1.48600533813056e-05
29968,1.48092110786658e-05
29967,1.47585120652318e-05
29966,1.47079560627738e-05
29965,1.4657542793108e-05
29964,1.46072719780989e-05
29963,1.45571433396616e-05
29962,1.45071565997635e-05
29961,1.4457311480427e-05
29960,1.44076077037315e-05
29959,1.43604527892251e-05
29958,1.43134251712782e-05
29957,1.42665246110552e-05
29956,1.42197508697789e-05
29955,1.41731037087323e-05
29954,1.412658288926e-05
29953,1.408018817277e-05
29952,1.40339193207352e-05
29951,1.39877760946952e-05
29950,1.39417582562577e-05
29949,1.38958655671e-05
29948,1.3850097788971e-05
29947,1.38044546836921e-05
29946,1.37589360131595e-05
29945,1.37135415393455e-05
29944,1.36682710242998e-05
29943,1.36231242301513e-05
29942,1.35781009191096e-05
29941,1.35332008534666e-05
29940,1.34884237955981e-05
29939,1.34478674970312e-05
29938,1.34074128122703e-05
29937,1.33670595615625e-05
29936,1.33268075652078e-05
29935,1.32866566435614e-05
29934,1.32466066170341e-05
29933,1.32066573060931e-05
29932,1.31668085312637e-05
29931,1.31270601131297e-05
29930,1.30874118723347e-05
29929,1.3047863629583e-05
29928,1.30084152056407e-05
29927,1.29690664213368e-05
29926,1.29298170975637e-05
29925,1.28906670552788e-05
29924,1.28516161155052e-05
29923,1.28126640993325e-05
29922,1.27738108279184e-05
29921,1.27350561224887e-05
29920,1.26963998043394e-05
29919,1.26610357922136e-05
29918,1.2625754019958e-05
29917,1.25905543507725e-05
29916,1.25554366479099e-05
29915,1.25204007746767e-05
29914,1.24854465944334e-05
29913,1.24505739705956e-05
29912,1.2415782766634e-05
29911,1.23810728460751e-05
29910,1.23464440725022e-05
29909,1.23118963095556e-05
29908,1.22774294209333e-05
29907,1.22430432703916e-05
29906,1.22087377217455e-05
29905,1.21745126388696e-05
29904,1.21403678856985e-05
29903,1.21063033262272e-05
29902,1.20723188245121e-05
29901,1.2038414244671e-05
29900,1.20045894508841e-05
29899,1.19755621922676e-05
29898,1.19465947312925e-05
29897,1.19176869779585e-05
29896,1.18888388422996e-05
29895,1.18600502343845e-05
29894,1.18313210643171e-05
29893,1.18026512422369e-05
29892,1.1774040678319e-05
29891,1.17454892827744e-05
29890,1.17169969658507e-05
29889,1.16885636378321e-05
29888,1.16601892090398e-05
29887,1.16318735898326e-05
29886,1.16036166906063e-05
29885,1.15754184217952e-05
29884,1.15472786938717e-05
29883,1.15191974173467e-05
29882,1.14911745027701e-05
29881,1.14632098607306e-05
29880,1.14353034018569e-05
29879,1.14113202934551e-05
29878,1.13873800621616e-05
29877,1.13634826514797e-05
29876,1.13396280049347e-05
29875,1.13158160660745e-05
29874,1.12920467784695e-05
29873,1.12683200857125e-05
29872,1.12446359314192e-05
29871,1.1220994259228e-05
29870,1.11973950128007e-05
29869,1.11738381358218e-05
29868,1.11503235719993e-05
29867,1.11268512650648e-05
29866,1.1103421158773e-05
29865,1.10800331969028e-05
29864,1.10566873232565e-05
29863,1.10333834816607e-05
29862,1.10101216159657e-05
29861,1.09869016700465e-05
29860,1.09637235878019e-05
29859,1.09443156514274e-05
29858,1.09249369714295e-05
29857,1.09055875151106e-05
29856,1.08862672497853e-05
29855,1.08669761427804e-05
29854,1.0847714161435e-05
29853,1.08284812731007e-05
29852,1.08092774451411e-05
29851,1.07901026449326e-05
29850,1.0770956839864e-05
29849,1.07518399973366e-05
29848,1.07327520847641e-05
29847,1.07136930695729e-05
29846,1.06946629192026e-05
29845,1.06756616011048e-05
29844,1.06566890827442e-05
29843,1.06377453315985e-05
29842,1.06188303151579e-05
29841,1.0599944000926e-05
29840,1.05810863564189e-05
29839,1.05657221850074e-05
29838,1.05503776071589e-05
29837,1.05350526038609e-05
29836,1.05197471561072e-05
29835,1.05044612448979e-05
29834,1.04891948512398e-05
29833,1.04739479561457e-05
29832,1.04587205406354e-05
29831,1.04435125857348e-05
29830,1.04283240724765e-05
29829,1.04131549818996e-05
29828,1.03980052950498e-05
29827,1.03828749929794e-05
29826,1.03677640567472e-05
29825,1.03526724674187e-05
29824,1.03376002060662e-05
29823,1.03225472537685e-05
29822,1.03075135916111e-05
29821,1.02924992006863e-05
29820,1.02775040620932e-05
29819,1.02652598788313e-05
29818,1.02530281746407e-05
29817,1.02408089399726e-05
29816,1.02286021652809e-05
29815,1.02164078410226e-05
29814,1.02042259576572e-05
29813,1.0192056505647e-05
29812,1.01798994754573e-05
29811,1.01677548575557e-05
29810,1.01556226424132e-05
29809,1.01435028205032e-05
29808,1.0131395382302e-05
29807,1.01193003182889e-05
29806,1.01072176189456e-05
29805,1.00951472747569e-05
29804,1.00830892762105e-05
29803,1.00710436137969e-05
29802,1.00590102780092e-05
29801,1.00469892593437e-05
29800,1.00349805482993e-05
29799,1.00264388995415e-05
29798,1.00179034284845e-05
29797,0
29796,0
29795,0
29794,0
29793,0
29792,0
29791,0
29790,0
29789,0
29788,0
29787,0
29786,0
29785,0
29784,0
29783,0
29782,0
29781,0
29780,0
29779,0
29778,0
29777,0
29776,0
29775,0
29774,0
29773,0
29772,0
29771,0
29770,0
29769,0
29768,0
29767,0
29766,0
29765,0
29764,0
29763,0
29762,0
29761,0
29760,0
29759,0
29758,0
29757,0
29756,0
29755,0
29754,0
29753,0
29752,0
29751,0
29750,0
29749,0
29748,0
29747,0
29746,0
29745,0
29744,0
29743,0
29742,0
29741,0
29740,0
29739,0
29738,0
29737,0
29736,0
29735,0
29734,0
29733,0
29732,0
29731,0
29730,0
29729,0
29728,0
29727,0
29726,0
29725,0
29724,0
29723,0
29722,0
29721,0
29720,0
29719,0
29718,0
29717,0
29716,0
29715,0
29714,0
29713,0
29712,0
29711,0
29710,0
29709,0
29708,0
29707,0
29706,0
29705,0
29704,0
29703,0
29702,0
29701,0
29700,0
29699,0
29698,0
29697,0
29696,0
29695,0
29694,0
29693,0
29692,0
29691,0
29690,0
29689,0
29688,0
29687,0
29686,0
29685,0
29684,0
29683,0
29682,0
29681,0
29680,0
29679,0
29678,0
29677,0
29676,0
29675,0
29674,0
29673,0
29672,0
29671,0
29670,0
29669,0
29668,0
29667,0
29666,0
29665,0
29664,0
29663,0
29662,0
29661,0
29660,0
29659,0
29658,0
29657,0
29656,0
29655,0
29654,0
29653,0
29652,0
29651,0
29650,0
29649,0
29648,0
29647,0
29646,0
29645,0
29644,0
29643,0
29642,0
29641,0
29640,0
29639,0
29638,0
29637,0
29636,0
29635,0
29634,0
29633,0
29632,0
29631,0
29630,0
29629,0
29628,0
29627,0
29626,0
29625,0
29624,0
29623,0
29622,0
29621,0
29620,0
29619,0
29618,0
29617,0
29616,0
29615,0
29614,0
29613,0
29612,0
29611,0
29610,0
29609,0
29608,0
29607,0
29606,0
29605,0
29604,0
29603,0
29602,0
29601,0
29600,0
29599,0
29598,0
29597,0
29596,0
29595,0
29594,0
29593,0
29592,0
29591,0
29590,0
29589,0
29588,0
29587,0
29586,0
29585,0
29584,0
29583,0
29582,0
29581,0
29580,0
29579,0
29578,0
29577,0
29576,0
29575,0
29574,0
29573,0
29572,0
29571,0
29570,0
29569,0
29568,0
29567,0
29566,0
29565,0
29564,0
29563,0
29562,0
29561,0
29560,0
29559,0
29558,0
29557,0
29556,0
29555,0
29554,0
29553,0
29552,0
29551,0
29550,0
29549,0
29548,0
29547,0
29546,0
29545,0
29544,0
29543,0
29542,0
29541,0
29540,0
29539,0
29538,0
29537,0
29536,0
29535,0
29534,0
29533,0
29532,0
29531,0
29530,0
29529,0
29528,0
29527,0
29526,0
29525,0
29524,0
29523,0
29522,0
29521,0
29520,0
29519,0
29518,0
29517,0
29516,0
29515,0
29514,0
29513,0
29512,0
29511,0
29510,0
29509,0
29508,0
29507,0
29506,0
29505,0
29504,0
29503,0
29502,0
29501,0
29500,0
29499,0
29498,0
29497,0
29496,0
29495,0
29494,0
29493,0
29492,0
29491,0
29490,0
29489,0
29488,0
29487,0
29486,0
29485,0
29484,0
29483,0
29482,0
29481,0
29480,0
29479,0
29478,0
29477,0
29476,0
29475,0
29474,0
29473,0
29472,0
29471,0
29470,0
29469,0
29468,0
29467,0
29466,0
29465,0
29464,0
29463,0
29462,0
29461,0
29460,0
29459,0
29458,0
29457,0
29456,0
29455,0
29454,0
29453,0
29452,0
29451,0
29450,0
29449,0
29448,0
29447,0
29446,0
29445,0
29444,0
29443,0
29442,0
29441,0
29440,0
29439,0
29438,0
29437,0
29436,0
29435,0
29434,0
29433,0
29432,0
29431,0
29430,0
29429,0
29428,0
29427,0
29426,0
29425,0
29424,0
29423,0
29422,0
29421,0
29420,0
29419,0
29418,0
29417,0
29416,0
29415,0
29414,0
29413,0
29412,0
29411,0
29410,0
29409,0
29408,0
29407,0
29406,0
29405,0
29404,0
29403,0
29402,0
29401,0
29400,0
29399,0
29398,0
29397,0
29396,0
29395,0
29394,0
29393,0
29392,0
29391,0
29390,0
29389,0
29388,0
29387,0
29386,0
29385,0
29384,0
29383,0
29382,0
29381,0
29380,0
29379,0
29378,0
29377,0
29376,0
29375,0
29374,0
29373,0
29372,0
29371,0
29370,0
29369,0
29368,0
29367,0
29366,0
29365,0
29364,0
29363,0
29362,0
29361,0
29360,0
29359,0
29358,0
29357,0
29356,0
29355,0
29354,0
29353,0
29352,0
29351,0
29350,0
29349,0
29348,0
29347,0
29346,0
29345,0
29344,0
29343,0
29342,0
29341,0
29340,0
29339,0
29338,0
29337,0
29336,0
29335,0
29334,0
29333,0
29332,0
29331,0
29330,0
29329,0
29328,0
29327,0
29326,0
29325,0
29324,0
29323,0
29322,0
29321,0
29320,0
29319,0
29318,0
29317,0
29316,0
29315,0
29314,0
29313,0
29312,0
29311,0
29310,0
29309,0
29308,0
29307,0
29306,0
29305,0
29304,0
29303,0
29302,0
29301,0
29300,0
29299,0
29298,0
29297,0
29296,0
29295,0
29294,0
29293,0
29292,0
29291,0
29290,0
29289,0
29288,0
29287,0
29286,0
29285,0
29284,0
29283,0
29282,0
29281,0
29280,0
29279,0
29278,0
29277,0
29276,0
29275,0
29274,0
29273,0
29272,0
29271,0
29270,0
29269,0
29268,0
29267,0
29266,0
29265,0
29264,0
29263,0
29262,0
29261,0
29260,0
29259,0
29258,0
29257,0
29256,0
29255,0
29254,0
29253,0
29252,0
29251,0
29250,0
29249,0
29248,0
29247,0
29246,0
29245,0
29244,0
29243,0
29242,0
29241,0
29240,0
29239,0
29238,0
29237,0
29236,0
29235,0
29234,0
29233,0
29232,0
29231,0
29230,0
29229,0
29228,0
29227,0
29226,0
29225,0
29224,0
29223,0
29222,0
29221,0
29220,0
29219,0
29218,0
29217,0
29216,0
29215,0
29214,0
29213,0
29212,0
29211,0
29210,0
29209,0
29208,0
29207,0
29206,0
29205,0
29204,0
29203,0
29202,0
29201,0
29200,0
29199,0
29198,0
29197,0
29196,0
29195,0
29194,0
29193,0
29192,0
29191,0
29190,0
29189,0
29188,0
29187,0
29186,0
29185,0
29184,0
29183,0
29182,0
29181,0
29180,0
29179,0
29178,0
29177,0
29176,0
29175,0
29174,0
29173,0
29172,0
29171,0
29170,0
29169,0
29168,0
29167,0
29166,0
29165,0
29164,0
29163,0
29162,0
29161,0
29160,0
29159,0
29158,0
29157,0
29156,0
29155,0
29154,0
29153,0
29152,0
29151,0
29150,0
29149,0
29148,0
29147,0
29146,0
29145,0
29144,0
29143,0
29142,0
29141,0
29140,0
29139,0
29138,0
29137,0
29136,0
29135,0
29134,0
29133,0
29132,0
29131,0
29130,0
29129,0
29128,0
29127,0
29126,0
29125,0
29124,0
29123,0
29122,0
29121,0
29120,0
29119,0
29118,0
29117,0
29116,0
29115,0
29114,0
29113,0
29112,0
29111,0
29110,0
29109,0
29108,0
29107,0
29106,0
29105,0
29104,0
29103,0
29102,0
29101,0
29100,0
29099,0
29098,0
29097,0
29096,0
29095,0
29094,0
29093,0
29092,0
29091,0
29090,0
29089,0
29088,0
29087,0
29086,0
29085,0
29084,0
29083,0
29082,0
29081,0
29080,0
29079,0
29078,0
29077,0
29076,0
29075,0
29074,0
29073,0
29072,0
29071,0
29070,0
29069,0
29068,0
29067,0
29066,0
29065,0
29064,0
29063,0
29062,0
29061,0
29060,0
29059,0
29058,0
29057,0
29056,0
29055,0
29054,0
29053,0
29052,0
29051,0
29050,0
29049,0
29048,0
29047,0
29046,0
29045,0
29044,0
29043,0
29042,0
29041,0
29040,0
29039,0
29038,0
29037,0
29036,0
29035,0
29034,0
29033,0
29032,0
29031,0
29030,0
29029,0
29028,0
29027,0
29026,0
29025,0
29024,0
29023,0
29022,0
29021,0
29020,0
29019,0
29018,0
29017,0
29016,0
29015,0
29014,0
29013,0
29012,0
29011,0
29010,0
29009,0
29008,0
29007,0
29006,0
29005,0
29004,0
29003,0
29002,0
29001,0
29000,0
28999,0
28998,0
28997,0
28996,0
28995,0
28994,0
28993,0
28992,0
28991,0
28990,0
28989,0
28988,0
28987,0
28986,0
28985,0
28984,0
28983,0
28982,0
28981,0
28980,0
28979,0
28978,0
28977,0
28976,0
28975,0
28974,0
28973,0
28972,0
28971,0
28970,0
28969,0
28968,0
28967,0
28966,0
28965,0
28964,0
28963,0
28962,0
28961,0
28960,0
28959,0
28958,0
28957,0
28956,0
28955,0
28954,0
28953,0
28952,0
28951,0
28950,0
28949,0
28948,0
28947,0
28946,0
28945,0
28944,0
28943,0
28942,0
28941,0
28940,0
28939,0
28938,0
28937,0
28936,0
28935,0
28934,0
28933,0
28932,0
28931,0
28930,0
28929,0
28928,0
28927,0
28926,0
28925,0
28924,0
28923,0
28922,0
28921,0
28920,0
28919,0
28918,0
28917,0
28916,0
28915,0
28914,0
28913,0
28912,0
28911,0
28910,0
28909,0
28908,0
28907,0
28906,0
28905,0
28904,0
28903,0
28902,0
28901,0
28900,0
28899,0
28898,0
28897,0
28896,0
28895,0
28894,0
28893,0
28892,0
28891,0
28890,0
28889,0
28888,0
28887,0
28886,0
28885,0
28884,0
28883,0
28882,0
28881,0
28880,0
28879,0
28878,0
28877,0
28876,0
28875,0
28874,0
28873,0
28872,0
28871,0
28870,0
28869,0
28868,0
28867,0
28866,0
28865,0
28864,0
28863,0
28862,0
28861,0
28860,0
28859,0
28858,0
28857,0
28856,0
28855,0
28854,0
28853,0
28852,0
28851,0
28850,0
28849,0
28848,0
28847,0
28846,0
28845,0
28844,0
28843,0
28842,0
28841,0
28840,0
28839,0
28838,0
28837,0
28836,0
28835,0
28834,0
28833,0
28832,0
28831,0
28830,0
28829,0
28828,0
28827,0
28826,0
28825,0
28824,0
28823,0
28822,0
28821,0
28820,0
28819,0
28818,0
28817,0
28816,0
28815,0
28814,0
28813,0
28812,0
28811,0
28810,0
28809,0
28808,0
28807,0
28806,0
28805,0
28804,0
28803,0
28802,0
28801,0
28800,0
28799,0
28798,0
28797,0
28796,0
28795,0
28794,0
28793,0
28792,0
28791,0
28790,0
28789,0
28788,0
28787,0
28786,0
28785,0
28784,0
28783,0
28782,0
28781,0
28780,0
28779,0
28778,0
28777,0
28776,0
28775,0
28774,0
28773,0
28772,0
28771,0
28770,0
28769,0
28768,0
28767,0
28766,0
28765,0
28764,0
28763,0
28762,0
28761,0
28760,0
28759,0
28758,0
28757,0
28756,0
28755,0
28754,0
28753,0
28752,0
28751,0
28750,0
28749,0
28748,0
28747,0
28746,0
28745,0
28744,0
28743,0
28742,0
28741,0
28740,0
28739,0
28738,0
28737,0
28736,0
28735,0
28734,0
28733,0
28732,0
28731,0
28730,0
28729,0
28728,0
28727,0
28726,0
28725,0
28724,0
28723,0
28722,0
28721,0
28720,0
28719,0
28718,0
28717,0
28716,0
28715,0
28714,0
28713,0
28712,0
28711,0
28710,0
28709,0
28708,0
28707,0
28706,0
28705,0
28704,0
28703,0
28702,0
28701,0
28700,0
28699,0
28698,0
28697,0
28696,0
28695,0
28694,0
28693,0
28692,0
28691,0
28690,0
28689,0
28688,0
28687,0
28686,0
28685,0
28684,0
28683,0
28682,0
28681,0
28680,0
28679,0
28678,0
28677,0
28676,0
28675,0
28674,0
28673,0
28672,0
28671,0
28670,0
28669,0
28668,0
28667,0
28666,0
28665,0
28664,0
28663,0
28662,0
28661,0
28660,0
28659,0
28658,0
28657,0
28656,0
28655,0
28654,0
28653,0
28652,0
28651,0
28650,0
28649,0
28648,0
28647,0
28646,0
28645,0
28644,0
28643,0
28642,0
28641,0
28640,0
28639,0
28638,0
28637,0
28636,0
28635,0
28634,0
28633,0
28632,0
28631,0
28630,0
28629,0
28628,0
28627,0
28626,0
28625,0
28624,0
28623,0
28622,0
28621,0
28620,0
28619,0
28618,0
28617,0
28616,0
28615,0
28614,0
28613,0
28612,0
28611,0
28610,0
28609,0
28608,0
28607,0
28606,0
28605,0
28604,0
28603,0
28602,0
28601,0
28600,0
28599,0
28598,0
28597,0
28596,0
28595,0
28594,0
28593,0
28592,0
28591,0
28590,0
28589,0
28588,0
28587,0
28586,0
28585,0
28584,0
28583,0
28582,0
28581,0
28580,0
28579,0
28578,0
28577,0
28576,0
28575,0
28574,0
28573,0
28572,0
28571,0
28570,0
28569,0
28568,0
28567,0
28566,0
28565,0
28564,0
28563,0
28562,0
28561,0
28560,0
28559,0
28558,0
28557,0
28556,0
28555,0
28554,0
28553,0
28552,0
28551,0
28550,0
28549,0
28548,0
28547,0
28546,0
28545,0
28544,0
28543,0
28542,0
28541,0
28540,0
28539,0
28538,0
28537,0
28536,0
28535,0
28534,0
28533,0
28532,0
28531,0
28530,0
28529,0
28528,0
28527,0
28526,0
28525,0
28524,0
28523,0
28522,0
28521,0
28520,0
28519,0
28518,0
28517,0
28516,0
28515,0
28514,0
28513,0
28512,0
28511,0
28510,0
28509,0
28508,0
28507,0
28506,0
28505,0
28504,0
28503,0
28502,0
28501,0
28500,0
28499,0
28498,0
28497,0
28496,0
28495,0
28494,0
28493,0
28492,0
28491,0
28490,0
28489,0
28488,0
28487,0
28486,0
28485,0
28484,0
28483,0
28482,0
28481,0
28480,0
28479,0
28478,0
28477,0
28476,0
28475,0
28474,0
28473,0
28472,0
28471,0
28470,0
28469,0
28468,0
28467,0
28466,0
28465,0
28464,0
28463,0
28462,0
28461,0
28460,0
28459,0
28458,0
28457,0
28456,0
28455,0
28454,0
28453,0
28452,0
28451,0
28450,0
28449,0
28448,0
28447,0
28446,0
28445,0
28444,0
28443,0
28442,0
28441,0
28440,0
28439,0
28438,0
28437,0
28436,0
28435,0
28434,0
28433,0
28432,0
28431,0
28430,0
28429,0
28428,0
28427,0
28426,0
28425,0
28424,0
28423,0
28422,0
28421,0
28420,0
28419,0
28418,0
28417,0
28416,0
28415,0
28414,0
28413,0
28412,0
28411,0
28410,0
28409,0
28408,0
28407,0
28406,0
28405,0
28404,0
28403,0
28402,0
28401,0
28400,0
28399,0
28398,0
28397,0
28396,0
28395,0
28394,0
28393,0
28392,0
28391,0
28390,0
28389,0
28388,0
28387,0
28386,0
28385,0
28384,0
28383,0
28382,0
28381,0
28380,0
28379,0
28378,0
28377,0
28376,0
28375,0
28374,0
28373,0
28372,0
28371,0
28370,0
28369,0
28368,0
28367,0
28366,0
28365,0
28364,0
28363,0
28362,0
28361,0
28360,0
28359,0
28358,0
28357,0
28356,0
28355,0
28354,0
28353,0
28352,0
28351,0
28350,0
28349,0
28348,0
28347,0
28346,0
28345,0
28344,0
28343,0
28342,0
28341,0
28340,0
28339,0
28338,0
28337,0
28336,0
28335,0
28334,0
28333,0
28332,0
28331,0
28330,0
28329,0
28328,0
28327,0
28326,0
28325,0
28324,0
28323,0
28322,0
28321,0
28320,0
28319,0
28318,0
28317,0
28316,0
28315,0
28314,0
28313,0
28312,0
28311,0
28310,0
28309,0
28308,0
28307,0
28306,0
28305,0
28304,0
28303,0
28302,0
28301,0
28300,0
28299,0
28298,0
28297,0
28296,0
28295,0
28294,0
28293,0
28292,0
28291,0
28290,0
28289,0
28288,0
28287,0
28286,0
28285,0
28284,0
28283,0
28282,0
28281,0
28280,0
28279,0
28278,0
28277,0
28276,0
28275,0
28274,0
28273,0
28272,0
28271,0
28270,0
28269,0
28268,0
28267,0
28266,0
28265,0
28264,0
28263,0
28262,0
28261,0
28260,0
28259,0
28258,0
28257,0
28256,0
28255,0
28254,0
28253,0
28252,0
28251,0
28250,0
28249,0
28248,0
28247,0
28246,0
28245,0
28244,0
28243,0
28242,0
28241,0
28240,0
28239,0
28238,0
28237,0
28236,0
28235,0
28234,0
28233,0
28232,0
28231,0
28230,0
28229,0
28228,0
28227,0
28226,0
28225,0
28224,0
28223,0
28222,0
28221,0
28220,0
28219,0
28218,0
28217,0
28216,0
28215,0
28214,0
28213,0
28212,0
28211,0
28210,0
28209,0
28208,0
28207,0
28206,0
28205,0
28204,0
28203,0
28202,0
28201,0
28200,0
28199,0
28198,0
28197,0
28196,0
28195,0
28194,0
28193,0
28192,0
28191,0
28190,0
28189,0
28188,0
28187,0
28186,0
28185,0
28184,0
28183,0
28182,0
28181,0
28180,0
28179,0
28178,0
28177,0
28176,0
28175,0
28174,0
28173,0
28172,0
28171,0
28170,0
28169,0
28168,0
28167,0
28166,0
28165,0
28164,0
28163,0
28162,0
28161,0
28160,0
28159,0
28158,0
28157,0
28156,0
28155,0
28154,0
28153,0
28152,0
28151,0
28150,0
28149,0
28148,0
28147,0
28146,0
28145,0
28144,0
28143,0
28142,0
28141,0
28140,0
28139,0
28138,0
28137,0
28136,0
28135,0
28134,0
28133,0
28132,0
28131,0
28130,0
28129,0
28128,0
28127,0
28126,0
28125,0
28124,0
28123,0
28122,0
28121,0
28120,0
28119,0
28118,0
28117,0
28116,0
28115,0
28114,0
28113,0
28112,0
28111,0
28110,0
28109,0
28108,0
28107,0
28106,0
28105,0
28104,0
28103,0
28102,0
28101,0
28100,0
28099,0
28098,0
28097,0
28096,0
28095,0
28094,0
28093,0
28092,0
28091,0
28090,0
28089,0
28088,0
28087,0
28086,0
28085,0
28084,0
28083,0
28082,0
28081,0
28080,0
28079,0
28078,0
28077,0
28076,0
28075,0
28074,0
28073,0
28072,0
28071,0
28070,0
28069,0
28068,0
28067,0
28066,0
28065,0
28064,0
28063,0
28062,0
28061,0
28060,0
28059,0
28058,0
28057,0
28056,0
28055,0
28054,0
28053,0
28052,0
28051,0
28050,0
28049,0
28048,0
28047,0
28046,0
28045,0
28044,0
28043,0
28042,0
28041,0
28040,0
28039,0
28038,0
28037,0
28036,0
28035,0
28034,0
28033,0
28032,0
28031,0
28030,0
28029,0
28028,0
28027,0
28026,0
28025,0
28024,0
28023,0
28022,0
28021,0
28020,0
28019,0
28018,0
28017,0
28016,0
28015,0
28014,0
28013,0
28012,0
28011,0
28010,0
28009,0
28008,0
28007,0
28006,0
28005,0
28004,0
28003,0
28002,0
28001,0
28000,0
27999,0
27998,0
27997,0
27996,0
27995,0
27994,0
27993,0
27992,0
27991,0
27990,0
27989,0
27988,0
27987,0
27986,0
27985,0
27984,0
27983,0
27982,0
27981,0
27980,0
27979,0
27978,0
27977,0
27976,0
27975,0
27974,0
27973,0
27972,0
27971,0
27970,0
27969,0
27968,0
27967,0
27966,0
27965,0
27964,0
27963,0
27962,0
27961,0
27960,0
27959,0
27958,0
27957,0
27956,0
27955,0
27954,0
27953,0
27952,0
27951,0
27950,0
27949,0
27948,0
27947,0
27946,0
27945,0
27944,0
27943,0
27942,0
27941,0
27940,0
27939,0
27938,0
27937,0
27936,0
27935,0
27934,0
27933,0
27932,0
27931,0
27930,0
27929,0
27928,0
27927,0
27926,0
27925,0
27924,0
27923,0
27922,0
27921,0
27920,0
27919,0
27918,0
27917,0
27916,0
27915,0
27914,0
27913,0
27912,0
27911,0
27910,0
27909,0
27908,0
27907,0
27906,0
27905,0
27904,0
27903,0
27902,0
27901,0
27900,0
27899,0
27898,0
27897,0
27896,0
27895,0
27894,0
27893,0
27892,0
27891,0
27890,0
27889,0
27888,0
27887,0
27886,0
27885,0
27884,0
27883,0
27882,0
27881,0
27880,0
27879,0
27878,0
27877,0
27876,0
27875,0
27874,0
27873,0
27872,0
27871,0
27870,0
27869,0
27868,0
27867,0
27866,0
27865,0
27864,0
27863,0
27862,0
27861,0
27860,0
27859,0
27858,0
27857,0
27856,0
27855,0
27854,0
27853,0
27852,0
27851,0
27850,0
27849,0
27848,0
27847,0
27846,0
27845,0
27844,0
27843,0
27842,0
27841,0
27840,0
27839,0
27838,0
27837,0
27836,0
27835,0
27834,0
27833,0
27832,0
27831,0
27830,0
27829,0
27828,0
27827,0
27826,0
27825,0
27824,0
27823,0
27822,0
27821,0
27820,0
27819,0
27818,0
27817,0
27816,0
27815,0
27814,0
27813,0
27812,0
27811,0
27810,0
27809,0
27808,0
27807,0
27806,0
27805,0
27804,0
27803,0
27802,0
27801,0
27800,0
27799,0
27798,0
27797,0
27796,0
27795,0
27794,0
27793,0
27792,0
27791,0
27790,0
27789,0
27788,0
27787,0
27786,0
27785,0
27784,0
27783,0
27782,0
27781,0
27780,0
27779,0
27778,0
27777,0
27776,0
27775,0
27774,0
27773,0
27772,0
27771,0
27770,0
27769,0
27768,0
27767,0
27766,0
27765,0
27764,0
27763,0
27762,0
27761,0
27760,0
27759,0
27758,0
27757,0
27756,0
27755,0
27754,0
27753,0
27752,0
27751,0
27750,0
27749,0
27748,0
27747,0
27746,0
27745,0
27744,0
27743,0
27742,0
27741,0
27740,0
27739,0
27738,0
27737,0
27736,0
27735,0
27734,0
27733,0
27732,0
27731,0
27730,0
27729,0
27728,0
27727,0
27726,0
27725,0
27724,0
27723,0
27722,0
27721,0
27720,0
27719,0
27718,0
27717,0
27716,0
27715,0
27714,0
27713,0
27712,0
27711,0
27710,0
27709,0
27708,0
27707,0
27706,0
27705,0
27704,0
27703,0
27702,0
27701,0
27700,0
27699,0
27698,0
27697,0
27696,0
27695,0
27694,0
27693,0
27692,0
27691,0
27690,0
27689,0
27688,0
27687,0
27686,0
27685,0
27684,0
27683,0
27682,0
27681,0
27680,0
27679,0
27678,0
27677,0
27676,0
27675,0
27674,0
27673,0
27672,0
27671,0
27670,0
27669,0
27668,0
27667,0
27666,0
27665,0
27664,0
27663,0
27662,0
27661,0
27660,0
27659,0
27658,0
27657,0
27656,0
27655,0
27654,0
27653,0
27652,0
27651,0
27650,0
27649,0
27648,0
27647,0
27646,0
27645,0
27644,0
27643,0
27642,0
27641,0
27640,0
27639,0
27638,0
27637,0
27636,0
27635,0
27634,0
27633,0
27632,0
27631,0
27630,0
27629,0
27628,0
27627,0
27626,0
27625,0
27624,0
27623,0
27622,0
27621,0
27620,0
27619,0
27618,0
27617,0
27616,0
27615,0
27614,0
27613,0
27612,0
27611,0
27610,0
27609,0
27608,0
27607,0
27606,0
27605,0
27604,0
27603,0
27602,0
27601,0
27600,0
27599,0
27598,0
27597,0
27596,0
27595,0
27594,0
27593,0
27592,0
27591,0
27590,0
27589,0
27588,0
27587,0
27586,0
27585,0
27584,0
27583,0
27582,0
27581,0
27580,0
27579,0
27578,0
27577,0
27576,0
27575,0
27574,0
27573,0
27572,0
27571,0
27570,0
27569,0
27568,0
27567,0
27566,0
27565,0
27564,0
27563,0
27562,0
27561,0
27560,0
27559,0
27558,0
27557,0
27556,0
27555,0
27554,0
27553,0
27552,0
27551,0
27550,0
27549,0
27548,0
27547,0
27546,0
27545,0
27544,0
27543,0
27542,0
27541,0
27540,0
27539,0
27538,0
27537,0
27536,0
27535,0
27534,0
27533,0
27532,0
27531,0
27530,0
27529,0
27528,0
27527,0
27526,0
27525,0
27524,0
27523,0
27522,0
27521,0
27520,0
27519,0
27518,0
27517,0
27516,0
27515,0
27514,0
27513,0
27512,0
27511,0
27510,0
27509,0
27508,0
27507,0
27506,0
27505,0
27504,0
27503,0
27502,0
27501,0
27500,0
27499,0
27498,0
27497,0
27496,0
27495,0
27494,0
27493,0
27492,0
27491,0
27490,0
27489,0
27488,0
27487,0
27486,0
27485,0
27484,0
27483,0
27482,0
27481,0
27480,0
27479,0
27478,0
27477,0
27476,0
27475,0
27474,0
27473,0
27472,0
27471,0
27470,0
27469,0
27468,0
27467,0
27466,0
27465,0
27464,0
27463,0
27462,0
27461,0
27460,0
27459,0
27458,0
27457,0
27456,0
27455,0
27454,0
27453,0
27452,0
27451,0
27450,0
27449,0
27448,0
27447,0
27446,0
27445,0
27444,0
27443,0
27442,0
27441,0
27440,0
27439,0
27438,0
27437,0
27436,0
27435,0
27434,0
27433,0
27432,0
27431,0
27430,0
27429,0
27428,0
27427,0
27426,0
27425,0
27424,0
27423,0
27422,0
27421,0
27420,0
27419,0
27418,0
27417,0
27416,0
27415,0
27414,0
27413,0
27412,0
27411,0
27410,0
27409,0
27408,0
27407,0
27406,0
27405,0
27404,0
27403,0
27402,0
27401,0
27400,0
27399,0
27398,0
27397,0
27396,0
27395,0
27394,0
27393,0
27392,0
27391,0
27390,0
27389,0
27388,0
27387,0
27386,0
27385,0
27384,0
27383,0
27382,0
27381,0
27380,0
27379,0
27378,0
27377,0
27376,0
27375,0
27374,0
27373,0
27372,0
27371,0
27370,0
27369,0
27368,0
27367,0
27366,0
27365,0
27364,0
27363,0
27362,0
27361,0
27360,0
27359,0
27358,0
27357,0
27356,0
27355,0
27354,0
27353,0
27352,0
27351,0
27350,0
27349,0
27348,0
27347,0
27346,0
27345,0
27344,0
27343,0
27342,0
27341,0
27340,0
27339,0
27338,0
27337,0
27336,0
27335,0
27334,0
27333,0
27332,0
27331,0
27330,0
27329,0
27328,0
27327,0
27326,0
27325,0
27324,0
27323,0
27322,0
27321,0
27320,0
27319,0
27318,0
27317,0
27316,0
27315,0
27314,0
27313,0
27312,0
27311,0
27310,0
27309,0
27308,0
27307,0
27306,0
27305,0
27304,0
27303,0
27302,0
27301,0
27300,0
27299,0
27298,0
27297,0
27296,0
27295,0
27294,0
27293,0
27292,0
27291,0
27290,0
27289,0
27288,0
27287,0
27286,0
27285,0
27284,0
27283,0
27282,0
27281,0
27280,0
27279,0
27278,0
27277,0
27276,0
27275,0
27274,0
27273,0
27272,0
27271,0
27270,0
27269,0
27268,0
27267,0
27266,0
27265,0
27264,0
27263,0
27262,0
27261,0
27260,0
27259,0
27258,0
27257,0
27256,0
27255,0
27254,0
27253,0
27252,0
27251,0
27250,0
27249,0
27248,0
27247,0
27246,0
27245,0
27244,0
27243,0
27242,0
27241,0
27240,0
27239,0
27238,0
27237,0
27236,0
27235,0
27234,0
27233,0
27232,0
27231,0
27230,0
27229,0
27228,0
27227,0
27226,0
27225,0
27224,0
27223,0
27222,0
27221,0
27220,0
27219,0
27218,0
27217,0
27216,0
27215,0
27214,0
27213,0
27212,0
27211,0
27210,0
27209,0
27208,0
27207,0
27206,0
27205,0
27204,0
27203,0
27202,0
27201,0
27200,0
27199,0
27198,0
27197,0
27196,0
27195,0
27194,0
27193,0
27192,0
27191,0
27190,0
27189,0
27188,0
27187,0
27186,0
27185,0
27184,0
27183,0
27182,0
27181,0
27180,0
27179,0
27178,0
27177,0
27176,0
27175,0
27174,0
27173,0
27172,0
27171,0
27170,0
27169,0
27168,0
27167,0
27166,0
27165,0
27164,0
27163,0
27162,0
27161,0
27160,0
27159,0
27158,0
27157,0
27156,0
27155,0
27154,0
27153,0
27152,0
27151,0
27150,0
27149,0
27148,0
27147,0
27146,0
27145,0
27144,0
27143,0
27142,0
27141,0
27140,0
27139,0
27138,0
27137,0
27136,0
27135,0
27134,0
27133,0
27132,0
27131,0
27130,0
27129,0
27128,0
27127,0
27126,0
27125,0
27124,0
27123,0
27122,0
27121,0
27120,0
27119,0
27118,0
27117,0
27116,0
27115,0
27114,0
27113,0
27112,0
27111,0
27110,0
27109,0
27108,0
27107,0
27106,0
27105,0
27104,0
27103,0
27102,0
27101,0
27100,0
27099,0
27098,0
27097,0
27096,0
27095,0
27094,0
27093,0
27092,0
27091,0
27090,0
27089,0
27088,0
27087,0
27086,0
27085,0
27084,0
27083,0
27082,0
27081,0
27080,0
27079,0
27078,0
27077,0
27076,0
27075,0
27074,0
27073,0
27072,0
27071,0
27070,0
27069,0
27068,0
27067,0
27066,0
27065,0
27064,0
27063,0
27062,0
27061,0
27060,0
27059,0
27058,0
27057,0
27056,0
27055,0
27054,0
27053,0
27052,0
27051,0
27050,0
27049,0
27048,0
27047,0
27046,0
27045,0
27044,0
27043,0
27042,0
27041,0
27040,0
27039,0
27038,0
27037,0
27036,0
27035,0
27034,0
27033,0
27032,0
27031,0
27030,0
27029,0
27028,0
27027,0
27026,0
27025,0
27024,0
27023,0
27022,0
27021,0
27020,0
27019,0
27018,0
27017,0
27016,0
27015,0
27014,0
27013,0
27012,0
27011,0
27010,0
27009,0
27008,0
27007,0
27006,0
27005,0
27004,0
27003,0
27002,0
27001,0
27000,0
26999,0
26998,0
26997,0
26996,0
26995,0
26994,0
26993,0
26992,0
26991,0
26990,0
26989,0
26988,0
26987,0
26986,0
26985,0
26984,0
26983,0
26982,0
26981,0
26980,0
26979,0
26978,0
26977,0
26976,0
26975,0
26974,0
26973,0
26972,0
26971,0
26970,0
26969,0
26968,0
26967,0
26966,0
26965,0
26964,0
26963,0
26962,0
26961,0
26960,0
26959,0
26958,0
26957,0
26956,0
26955,0
26954,0
26953,0
26952,0
26951,0
26950,0
26949,0
26948,0
26947,0
26946,0
26945,0
26944,0
26943,0
26942,0
26941,0
26940,0
26939,0
26938,0
26937,0
26936,0
26935,0
26934,0
26933,0
26932,0
26931,0
26930,0
26929,0
26928,0
26927,0
26926,0
26925,0
26924,0
26923,0
26922,0
26921,0
26920,0
26919,0
26918,0
26917,0
26916,0
26915,0
26914,0
26913,0
26912,0
26911,0
26910,0
26909,0
26908,0
26907,0
26906,0
26905,0
26904,0
26903,0
26902,0
26901,0
26900,0
26899,0
26898,0
26897,0
26896,0
26895,0
26894,0
26893,0
26892,0
26891,0
26890,0
26889,0
26888,0
26887,0
26886,0
26885,0
26884,0
26883,0
26882,0
26881,0
26880,0
26879,0
26878,0
26877,0
26876,0
26875,0
26874,0
26873,0
26872,0
26871,0
26870,0
26869,0
26868,0
26867,0
26866,0
26865,0
26864,0
26863,0
26862,0
26861,0
26860,0
26859,0
26858,0
26857,0
26856,0
26855,0
26854,0
26853,0
26852,0
26851,0
26850,0
26849,0
26848,0
26847,0
26846,0
26845,0
26844,0
26843,0
26842,0
26841,0
26840,0
26839,0
26838,0
26837,0
26836,0
26835,0
26834,0
26833,0
26832,0
26831,0
26830,0
26829,0
26828,0
26827,0
26826,0
26825,0
26824,0
26823,0
26822,0
26821,0
26820,0
26819,0
26818,0
26817,0
26816,0
26815,0
26814,0
26813,0
26812,0
26811,0
26810,0
26809,0
26808,0
26807,0
26806,0
26805,0
26804,0
26803,0
26802,0
26801,0
26800,0
26799,0
26798,0
26797,0
26796,0
26795,0
26794,0
26793,0
26792,0
26791,0
26790,0
26789,0
26788,0
26787,0
26786,0
26785,0
26784,0
26783,0
26782,0
26781,0
26780,0
26779,0
26778,0
26777,0
26776,0
26775,0
26774,0
26773,0
26772,0
26771,0
26770,0
26769,0
26768,0
26767,0
26766,0
26765,0
26764,0
26763,0
26762,0
26761,0
26760,0
26759,0
26758,0
26757,0
26756,0
26755,0
26754,0
26753,0
26752,0
26751,0
26750,0
26749,0
26748,0
26747,0
26746,0
26745,0
26744,0
26743,0
26742,0
26741,0
26740,0
26739,0
26738,0
26737,0
26736,0
26735,0
26734,0
26733,0
26732,0
26731,0
26730,0
26729,0
26728,0
26727,0
26726,0
26725,0
26724,0
26723,0
26722,0
26721,0
26720,0
26719,0
26718,0
26717,0
26716,0
26715,0
26714,0
26713,0
26712,0
26711,0
26710,0
26709,0
26708,0
26707,0
26706,0
26705,0
26704,0
26703,0
26702,0
26701,0
26700,0
26699,0
26698,0
26697,0
26696,0
26695,0
26694,0
26693,0
26692,0
26691,0
26690,0
26689,0
26688,0
26687,0
26686,0
26685,0
26684,0
26683,0
26682,0
26681,0
26680,0
26679,0
26678,0
26677,0
26676,0
26675,0
26674,0
26673,0
26672,0
26671,0
26670,0
26669,0
26668,0
26667,0
26666,0
26665,0
26664,0
26663,0
26662,0
26661,0
26660,0
26659,0
26658,0
26657,0
26656,0
26655,0
26654,0
26653,0
26652,0
26651,0
26650,0
26649,0
26648,0
26647,0
26646,0
26645,0
26644,0
26643,0
26642,0
26641,0
26640,0
26639,0
26638,0
26637,0
26636,0
26635,0
26634,0
26633,0
26632,0
26631,0
26630,0
26629,0
26628,0
26627,0
26626,0
26625,0
26624,0
26623,0
26622,0
26621,0
26620,0
26619,0
26618,0
26617,0
26616,0
26615,0
26614,0
26613,0
26612,0
26611,0
26610,0
26609,0
26608,0
26607,0
26606,0
26605,0
26604,0
26603,0
26602,0
26601,0
26600,0
26599,0
26598,0
26597,0
26596,0
26595,0
26594,0
26593,0
26592,0
26591,0
26590,0
26589,0
26588,0
26587,0
26586,0
26585,0
26584,0
26583,0
26582,0
26581,0
26580,0
26579,0
26578,0
26577,0
26576,0
26575,0
26574,0
26573,0
26572,0
26571,0
26570,0
26569,0
26568,0
26567,0
26566,0
26565,0
26564,0
26563,0
26562,0
26561,0
26560,0
26559,0
26558,0
26557,0
26556,0
26555,0
26554,0
26553,0
26552,0
26551,0
26550,0
26549,0
26548,0
26547,0
26546,0
26545,0
26544,0
26543,0
26542,0
26541,0
26540,0
26539,0
26538,0
26537,0
26536,0
26535,0
26534,0
26533,0
26532,0
26531,0
26530,0
26529,0
26528,0
26527,0
26526,0
26525,0
26524,0
26523,0
26522,0
26521,0
26520,0
26519,0
26518,0
26517,0
26516,0
26515,0
26514,0
26513,0
26512,0
26511,0
26510,0
26509,0
26508,0
26507,0
26506,0
26505,0
26504,0
26503,0
26502,0
26501,0
26500,0
26499,0
26498,0
26497,0
26496,0
26495,0
26494,0
26493,0
26492,0
26491,0
26490,0
26489,0
26488,0
26487,0
26486,0
26485,0
26484,0
26483,0
26482,0
26481,0
26480,0
26479,0
26478,0
26477,0
26476,0
26475,0
26474,0
26473,0
26472,0
26471,0
26470,0
26469,0
26468,0
26467,0
26466,0
26465,0
26464,0
26463,0
26462,0
26461,0
26460,0
26459,0
26458,0
26457,0
26456,0
26455,0
26454,0
26453,0
26452,0
26451,0
26450,0
26449,0
26448,0
26447,0
26446,0
26445,0
26444,0
26443,0
26442,0
26441,0
26440,0
26439,0
26438,0
26437,0
26436,0
26435,0
26434,0
26433,0
26432,0
26431,0
26430,0
26429,0
26428,0
26427,0
26426,0
26425,0
26424,0
26423,0
26422,0
26421,0
26420,0
26419,0
26418,0
26417,0
26416,0
26415,0
26414,0
26413,0
26412,0
26411,0
26410,0
26409,0
26408,0
26407,0
26406,0
26405,0
26404,0
26403,0
26402,0
26401,0
26400,0
26399,0
26398,0
26397,0
26396,0
26395,0
26394,0
26393,0
26392,0
26391,0
26390,0
26389,0
26388,0
26387,0
26386,0
26385,0
26384,0
26383,0
26382,0
26381,0
26380,0
26379,0
26378,0
26377,0
26376,0
26375,0
26374,0
26373,0
26372,0
26371,0
26370,0
26369,0
26368,0
26367,0
26366,0
26365,0
26364,0
26363,0
26362,0
26361,0
26360,0
26359,0
26358,0
26357,0
26356,0
26355,0
26354,0
26353,0
26352,0
26351,0
26350,0
26349,0
26348,0
26347,0
26346,0
26345,0
26344,0
26343,0
26342,0
26341,0
26340,0
26339,0
26338,0
26337,0
26336,0
26335,0
26334,0
26333,0
26332,0
26331,0
26330,0
26329,0
26328,0
26327,0
26326,0
26325,0
26324,0
26323,0
26322,0
26321,0
26320,0
26319,0
26318,0
26317,0
26316,0
26315,0
26314,0
26313,0
26312,0
26311,0
26310,0
26309,0
26308,0
26307,0
26306,0
26305,0
26304,0
26303,0
26302,0
26301,0
26300,0
26299,0
26298,0
26297,0
26296,0
26295,0
26294,0
26293,0
26292,0
26291,0
26290,0
26289,0
26288,0
26287,0
26286,0
26285,0
26284,0
26283,0
26282,0
26281,0
26280,0
26279,0
26278,0
26277,0
26276,0
26275,0
26274,0
26273,0
26272,0
26271,0
26270,0
26269,0
26268,0
26267,0
26266,0
26265,0
26264,0
26263,0
26262,0
26261,0
26260,0
26259,0
26258,0
26257,0
26256,0
26255,0
26254,0
26253,0
26252,0
26251,0
26250,0
26249,0
26248,0
26247,0
26246,0
26245,0
26244,0
26243,0
26242,0
26241,0
26240,0
26239,0
26238,0
26237,0
26236,0
26235,0
26234,0
26233,0
26232,0
26231,0
26230,0
26229,0
26228,0
26227,0
26226,0
26225,0
26224,0
26223,0
26222,0
26221,0
26220,0
26219,0
26218,0
26217,0
26216,0
26215,0
26214,0
26213,0
26212,0
26211,0
26210,0
26209,0
26208,0
26207,0
26206,0
26205,0
26204,0
26203,0
26202,0
26201,0
26200,0
26199,0
26198,0
26197,0
26196,0
26195,0
26194,0
26193,0
26192,0
26191,0
26190,0
26189,0
26188,0
26187,0
26186,0
26185,0
26184,0
26183,0
26182,0
26181,0
26180,0
26179,0
26178,0
26177,0
26176,0
26175,0
26174,0
26173,0
26172,0
26171,0
26170,0
26169,0
26168,0
26167,0
26166,0
26165,0
26164,0
26163,0
26162,0
26161,0
26160,0
26159,0
26158,0
26157,0
26156,0
26155,0
26154,0
26153,0
26152,0
26151,0
26150,0
26149,0
26148,0
26147,0
26146,0
26145,0
26144,0
26143,0
26142,0
26141,0
26140,0
26139,0
26138,0
26137,0
26136,0
26135,0
26134,0
26133,0
26132,0
26131,0
26130,0
26129,0
26128,0
26127,0
26126,0
26125,0
26124,0
26123,0
26122,0
26121,0
26120,0
26119,0
26118,0
26117,0
26116,0
26115,0
26114,0
26113,0
26112,0
26111,0
26110,0
26109,0
26108,0
26107,0
26106,0
26105,0
26104,0
26103,0
26102,0
26101,0
26100,0
26099,0
26098,0
26097,0
26096,0
26095,0
26094,0
26093,0
26092,0
26091,0
26090,0
26089,0
26088,0
26087,0
26086,0
26085,0
26084,0
26083,0
26082,0
26081,0
26080,0
26079,0
26078,0
26077,0
26076,0
26075,0
26074,0
26073,0
26072,0
26071,0
26070,0
26069,0
26068,0
26067,0
26066,0
26065,0
26064,0
26063,0
26062,0
26061,0
26060,0
26059,0
26058,0
26057,0
26056,0
26055,0
26054,0
26053,0
26052,0
26051,0
26050,0
26049,0
26048,0
26047,0
26046,0
26045,0
26044,0
26043,0
26042,0
26041,0
26040,0
26039,0
26038,0
26037,0
26036,0
26035,0
26034,0
26033,0
26032,0
26031,0
26030,0
26029,0
26028,0
26027,0
26026,0
26025,0
26024,0
26023,0
26022,0
26021,0
26020,0
26019,0
26018,0
26017,0
26016,0
26015,0
26014,0
26013,0
26012,0
26011,0
26010,0
26009,0
26008,0
26007,0
26006,0
26005,0
26004,0
26003,0
26002,0
26001,0
26000,0
25999,0
25998,0
25997,0
25996,0
25995,0
25994,0
25993,0
25992,0
25991,0
25990,0
25989,0
25988,0
25987,0
25986,0
25985,0
25984,0
25983,0
25982,0
25981,0
25980,0
25979,0
25978,0
25977,0
25976,0
25975,0
25974,0
25973,0
25972,0
25971,0
25970,0
25969,0
25968,0
25967,0
25966,0
25965,0
25964,0
25963,0
25962,0
25961,0
25960,0
25959,0
25958,0
25957,0
25956,0
25955,0
25954,0
25953,0
25952,0
25951,0
25950,0
25949,0
25948,0
25947,0
25946,0
25945,0
25944,0
25943,0
25942,0
25941,0
25940,0
25939,0
25938,0
25937,0
25936,0
25935,0
25934,0
25933,0
25932,0
25931,0
25930,0
25929,0
25928,0
25927,0
25926,0
25925,0
25924,0
25923,0
25922,0
25921,0
25920,0
25919,0
25918,0
25917,0
25916,0
25915,0
25914,0
25913,0
25912,0
25911,0
25910,0
25909,0
25908,0
25907,0
25906,0
25905,0
25904,0
25903,0
25902,0
25901,0
25900,0
25899,0
25898,0
25897,0
25896,0
25895,0
25894,0
25893,0
25892,0
25891,0
25890,0
25889,0
25888,0
25887,0
25886,0
25885,0
25884,0
25883,0
25882,0
25881,0
25880,0
25879,0
25878,0
25877,0
25876,0
25875,0
25874,0
25873,0
25872,0
25871,0
25870,0
25869,0
25868,0
25867,0
25866,0
25865,0
25864,0
25863,0
25862,0
25861,0
25860,0
25859,0
25858,0
25857,0
25856,0
25855,0
25854,0
25853,0
25852,0
25851,0
25850,0
25849,0
25848,0
25847,0
25846,0
25845,0
25844,0
25843,0
25842,0
25841,0
25840,0
25839,0
25838,0
25837,0
25836,0
25835,0
25834,0
25833,0
25832,0
25831,0
25830,0
25829,0
25828,0
25827,0
25826,0
25825,0
25824,0
25823,0
25822,0
25821,0
25820,0
25819,0
25818,0
25817,0
25816,0
25815,0
25814,0
25813,0
25812,0
25811,0
25810,0
25809,0
25808,0
25807,0
25806,0
25805,0
25804,0
25803,0
25802,0
25801,0
25800,0
25799,0
25798,0
25797,0
25796,0
25795,0
25794,0
25793,0
25792,0
25791,0
25790,0
25789,0
25788,0
25787,0
25786,0
25785,0
25784,0
25783,0
25782,0
25781,0
25780,0
25779,0
25778,0
25777,0
25776,0
25775,0
25774,0
25773,0
25772,0
25771,0
25770,0
25769,0
25768,0
25767,0
25766,0
25765,0
25764,0
25763,0
25762,0
25761,0
25760,0
25759,0
25758,0
25757,0
25756,0
25755,0
25754,0
25753,0
25752,0
25751,0
25750,0
25749,0
25748,0
25747,0
25746,0
25745,0
25744,0
25743,0
25742,0
25741,0
25740,0
25739,0
25738,0
25737,0
25736,0
25735,0
25734,0
25733,0
25732,0
25731,0
25730,0
25729,0
25728,0
25727,0
25726,0
25725,0
25724,0
25723,0
25722,0
25721,0
25720,0
25719,0
25718,0
25717,0
25716,0
25715,0
25714,0
25713,0
25712,0
25711,0
25710,0
25709,0
25708,0
25707,0
25706,0
25705,0
25704,0
25703,0
25702,0
25701,0
25700,0
25699,0
25698,0
25697,0
25696,0
25695,0
25694,0
25693,0
25692,0
25691,0
25690,0
25689,0
25688,0
25687,0
25686,0
25685,0
25684,0
25683,0
25682,0
25681,0
25680,0
25679,0
25678,0
25677,0
25676,0
25675,0
25674,0
25673,0
25672,0
25671,0
25670,0
25669,0
25668,0
25667,0
25666,0
25665,0
25664,0
25663,0
25662,0
25661,0
25660,0
25659,0
25658,0
25657,0
25656,0
25655,0
25654,0
25653,0
25652,0
25651,0
25650,0
25649,0
25648,0
25647,0
25646,0
25645,0
25644,0
25643,0
25642,0
25641,0
25640,0
25639,0
25638,0
25637,0
25636,0
25635,0
25634,0
25633,0
25632,0
25631,0
25630,0
25629,0
25628,0
25627,0
25626,0
25625,0
25624,0
25623,0
25622,0
25621,0
25620,0
25619,0
25618,0
25617,0
25616,0
25615,0
25614,0
25613,0
25612,0
25611,0
25610,0
25609,0
25608,0
25607,0
25606,0
25605,0
25604,0
25603,0
25602,0
25601,0
25600,0
25599,0
25598,0
25597,0
25596,0
25595,0
25594,0
25593,0
25592,0
25591,0
25590,0
25589,0
25588,0
25587,0
25586,0
25585,0
25584,0
25583,0
25582,0
25581,0
25580,0
25579,0
25578,0
25577,0
25576,0
25575,0
25574,0
25573,0
25572,0
25571,0
25570,0
25569,0
25568,0
25567,0
25566,0
25565,0
25564,0
25563,0
25562,0
25561,0
25560,0
25559,0
25558,0
25557,0
25556,0
25555,0
25554,0
25553,0
25552,0
25551,0
25550,0
25549,0
25548,0
25547,0
25546,0
25545,0
25544,0
25543,0
25542,0
25541,0
25540,0
25539,0
25538,0
25537,0
25536,0
25535,0
25534,0
25533,0
25532,0
25531,0
25530,0
25529,0
25528,0
25527,0
25526,0
25525,0
25524,0
25523,0
25522,0
25521,0
25520,0
25519,0
25518,0
25517,0
25516,0
25515,0
25514,0
25513,0
25512,0
25511,0
25510,0
25509,0
25508,0
25507,0
25506,0
25505,0
25504,0
25503,0
25502,0
25501,0
25500,0
25499,0
25498,0
25497,0
25496,0
25495,0
25494,0
25493,0
25492,0
25491,0
25490,0
25489,0
25488,0
25487,0
25486,0
25485,0
25484,0
25483,0
25482,0
25481,0
25480,0
25479,0
25478,0
25477,0
25476,0
25475,0
25474,0
25473,0
25472,0
25471,0
25470,0
25469,0
25468,0
25467,0
25466,0
25465,0
25464,0
25463,0
25462,0
25461,0
25460,0
25459,0
25458,0
25457,0
25456,0
25455,0
25454,0
25453,0
25452,0
25451,0
25450,0
25449,0
25448,0
25447,0
25446,0
25445,0
25444,0
25443,0
25442,0
25441,0
25440,0
25439,0
25438,0
25437,0
25436,0
25435,0
25434,0
25433,0
25432,0
25431,0
25430,0
25429,0
25428,0
25427,0
25426,0
25425,0
25424,0
25423,0
25422,0
25421,0
25420,0
25419,0
25418,0
25417,0
25416,0
25415,0
25414,0
25413,0
25412,0
25411,0
25410,0
25409,0
25408,0
25407,0
25406,0
25405,0
25404,0
25403,0
25402,0
25401,0
25400,0
25399,0
25398,0
25397,0
25396,0
25395,0
25394,0
25393,0
25392,0
25391,0
25390,0
25389,0
25388,0
25387,0
25386,0
25385,0
25384,0
25383,0
25382,0
25381,0
25380,0
25379,0
25378,0
25377,0
25376,0
25375,0
25374,0
25373,0
25372,0
25371,0
25370,0
25369,0
25368,0
25367,0
25366,0
25365,0
25364,0
25363,0
25362,0
25361,0
25360,0
25359,0
25358,0
25357,0
25356,0
25355,0
25354,0
25353,0
25352,0
25351,0
25350,0
25349,0
25348,0
25347,0
25346,0
25345,0
25344,0
25343,0
25342,0
25341,0
25340,0
25339,0
25338,0
25337,0
25336,0
25335,0
25334,0
25333,0
25332,0
25331,0
25330,0
25329,0
25328,0
25327,0
25326,0
25325,0
25324,0
25323,0
25322,0
25321,0
25320,0
25319,0
25318,0
25317,0
25316,0
25315,0
25314,0
25313,0
25312,0
25311,0
25310,0
25309,0
25308,0
25307,0
25306,0
25305,0
25304,0
25303,0
25302,0
25301,0
25300,0
25299,0
25298,0
25297,0
25296,0
25295,0
25294,0
25293,0
25292,0
25291,0
25290,0
25289,0
25288,0
25287,0
25286,0
25285,0
25284,0
25283,0
25282,0
25281,0
25280,0
25279,0
25278,0
25277,0
25276,0
25275,0
25274,0
25273,0
25272,0
25271,0
25270,0
25269,0
25268,0
25267,0
25266,0
25265,0
25264,0
25263,0
25262,0
25261,0
25260,0
25259,0
25258,0
25257,0
25256,0
25255,0
25254,0
25253,0
25252,0
25251,0
25250,0
25249,0
25248,0
25247,0
25246,0
25245,0
25244,0
25243,0
25242,0
25241,0
25240,0
25239,0
25238,0
25237,0
25236,0
25235,0
25234,0
25233,0
25232,0
25231,0
25230,0
25229,0
25228,0
25227,0
25226,0
25225,0
25224,0
25223,0
25222,0
25221,0
25220,0
25219,0
25218,0
25217,0
25216,0
25215,0
25214,0
25213,0
25212,0
25211,0
25210,0
25209,0
25208,0
25207,0
25206,0
25205,0
25204,0
25203,0
25202,0
25201,0
25200,0
25199,0
25198,0
25197,0
25196,0
25195,0
25194,0
25193,0
25192,0
25191,0
25190,0
25189,0
25188,0
25187,0
25186,0
25185,0
25184,0
25183,0
25182,0
25181,0
25180,0
25179,0
25178,0
25177,0
25176,0
25175,0
25174,0
25173,0
25172,0
25171,0
25170,0
25169,0
25168,0
25167,0
25166,0
25165,0
25164,0
25163,0
25162,0
25161,0
25160,0
25159,0
25158,0
25157,0
25156,0
25155,0
25154,0
25153,0
25152,0
25151,0
25150,0
25149,0
25148,0
25147,0
25146,0
25145,0
25144,0
25143,0
25142,0
25141,0
25140,0
25139,0
25138,0
25137,0
25136,0
25135,0
25134,0
25133,0
25132,0
25131,0
25130,0
25129,0
25128,0
25127,0
25126,0
25125,0
25124,0
25123,0
25122,0
25121,0
25120,0
25119,0
25118,0
25117,0
25116,0
25115,0
25114,0
25113,0
25112,0
25111,0
25110,0
25109,0
25108,0
25107,0
25106,0
25105,0
25104,0
25103,0
25102,0
25101,0
25100,0
25099,0
25098,0
25097,0
25096,0
25095,0
25094,0
25093,0
25092,0
25091,0
25090,0
25089,0
25088,0
25087,0
25086,0
25085,0
25084,0
25083,0
25082,0
25081,0
25080,0
25079,0
25078,0
25077,0
25076,0
25075,0
25074,0
25073,0
25072,0
25071,0
25070,0
25069,0
25068,0
25067,0
25066,0
25065,0
25064,0
25063,0
25062,0
25061,0
25060,0
25059,0
25058,0
25057,0
25056,0
25055,0
25054,0
25053,0
25052,0
25051,0
25050,0
25049,0
25048,0
25047,0
25046,0
25045,0
25044,0
25043,0
25042,0
25041,0
25040,0
25039,0
25038,0
25037,0
25036,0
25035,0
25034,0
25033,0
25032,0
25031,0
25030,0
25029,0
25028,0
25027,0
25026,0
25025,0
25024,0
25023,0
25022,0
25021,0
25020,0
25019,0
25018,0
25017,0
25016,0
25015,0
25014,0
25013,0
25012,0
25011,0
25010,0
25009,0
25008,0
25007,0
25006,0
25005,0
25004,0
25003,0
25002,0
25001,0
25000,0
24999,0
24998,0
24997,0
24996,0
24995,0
24994,0
24993,0
24992,0
24991,0
24990,0
24989,0
24988,0
24987,0
24986,0
24985,0
24984,0
24983,0
24982,0
24981,0
24980,0
24979,0
24978,0
24977,0
24976,0
24975,0
24974,0
24973,0
24972,0
24971,0
24970,0
24969,0
24968,0
24967,0
24966,0
24965,0
24964,0
24963,0
24962,0
24961,0
24960,0
24959,0
24958,0
24957,0
24956,0
24955,0
24954,0
24953,0
24952,0
24951,0
24950,0
24949,0
24948,0
24947,0
24946,0
24945,0
24944,0
24943,0
24942,0
24941,0
24940,0
24939,0
24938,0
24937,0
24936,0
24935,0
24934,0
24933,0
24932,0
24931,0
24930,0
24929,0
24928,0
24927,0
24926,0
24925,0
24924,0
24923,0
24922,0
24921,0
24920,0
24919,0
24918,0
24917,0
24916,0
24915,0
24914,0
24913,0
24912,0
24911,0
24910,0
24909,0
24908,0
24907,0
24906,0
24905,0
24904,0
24903,0
24902,0
24901,0
24900,0
24899,0
24898,0
24897,0
24896,0
24895,0
24894,0
24893,0
24892,0
24891,0
24890,0
24889,0
24888,0
24887,0
24886,0
24885,0
24884,0
24883,0
24882,0
24881,0
24880,0
24879,0
24878,0
24877,0
24876,0
24875,0
24874,0
24873,0
24872,0
24871,0
24870,0
24869,0
24868,0
24867,0
24866,0
24865,0
24864,0
24863,0
24862,0
24861,0
24860,0
24859,0
24858,0
24857,0
24856,0
24855,0
24854,0
24853,0
24852,0
24851,0
24850,0
24849,0
24848,0
24847,0
24846,0
24845,0
24844,0
24843,0
24842,0
24841,0
24840,0
24839,0
24838,0
24837,0
24836,0
24835,0
24834,0
24833,0
24832,0
24831,0
24830,0
24829,0
24828,0
24827,0
24826,0
24825,0
24824,0
24823,0
24822,0
24821,0
24820,0
24819,0
24818,0
24817,0
24816,0
24815,0
24814,0
24813,0
24812,0
24811,0
24810,0
24809,0
24808,0
24807,0
24806,0
24805,0
24804,0
24803,0
24802,0
24801,0
24800,0
24799,0
24798,0
24797,0
24796,0
24795,0
24794,0
24793,0
24792,0
24791,0
24790,0
24789,0
24788,0
24787,0
24786,0
24785,0
24784,0
24783,0
24782,0
24781,0
24780,0
24779,0
24778,0
24777,0
24776,0
24775,0
24774,0
24773,0
24772,0
24771,0
24770,0
24769,0
24768,0
24767,0
24766,0
24765,0
24764,0
24763,0
24762,0
24761,0
24760,0
24759,0
24758,0
24757,0
24756,0
24755,0
24754,0
24753,0
24752,0
24751,0
24750,0
24749,0
24748,0
24747,0
24746,0
24745,0
24744,0
24743,0
24742,0
24741,0
24740,0
24739,0
24738,0
24737,0
24736,0
24735,0
24734,0
24733,0
24732,0
24731,0
24730,0
24729,0
24728,0
24727,0
24726,0
24725,0
24724,0
24723,0
24722,0
24721,0
24720,0
24719,0
24718,0
24717,0
24716,0
24715,0
24714,0
24713,0
24712,0
24711,0
24710,0
24709,0
24708,0
24707,0
24706,0
24705,0
24704,0
24703,0
24702,0
24701,0
24700,0
24699,0
24698,0
24697,0
24696,0
24695,0
24694,0
24693,0
24692,0
24691,0
24690,0
24689,0
24688,0
24687,0
24686,0
24685,0
24684,0
24683,0
24682,0
24681,0
24680,0
24679,0
24678,0
24677,0
24676,0
24675,0
24674,0
24673,0
24672,0
24671,0
24670,0
24669,0
24668,0
24667,0
24666,0
24665,0
24664,0
24663,0
24662,0
24661,0
24660,0
24659,0
24658,0
24657,0
24656,0
24655,0
24654,0
24653,0
24652,0
24651,0
24650,0
24649,0
24648,0
24647,0
24646,0
24645,0
24644,0
24643,0
24642,0
24641,0
24640,0
24639,0
24638,0
24637,0
24636,0
24635,0
24634,0
24633,0
24632,0
24631,0
24630,0
24629,0
24628,0
24627,0
24626,0
24625,0
24624,0
24623,0
24622,0
24621,0
24620,0
24619,0
24618,0
24617,0
24616,0
24615,0
24614,0
24613,0
24612,0
24611,0
24610,0
24609,0
24608,0
24607,0
24606,0
24605,0
24604,0
24603,0
24602,0
24601,0
24600,0
24599,0
24598,0
24597,0
24596,0
24595,0
24594,0
24593,0
24592,0
24591,0
24590,0
24589,0
24588,0
24587,0
24586,0
24585,0
24584,0
24583,0
24582,0
24581,0
24580,0
24579,0
24578,0
24577,0
24576,0
24575,0
24574,0
24573,0
24572,0
24571,0
24570,0
24569,0
24568,0
24567,0
24566,0
24565,0
24564,0
24563,0
24562,0
24561,0
24560,0
24559,0
24558,0
24557,0
24556,0
24555,0
24554,0
24553,0
24552,0
24551,0
24550,0
24549,0
24548,0
24547,0
24546,0
24545,0
24544,0
24543,0
24542,0
24541,0
24540,0
24539,0
24538,0
24537,0
24536,0
24535,0
24534,0
24533,0
24532,0
24531,0
24530,0
24529,0
24528,0
24527,0
24526,0
24525,0
24524,0
24523,0
24522,0
24521,0
24520,0
24519,0
24518,0
24517,0
24516,0
24515,0
24514,0
24513,0
24512,0
24511,0
24510,0
24509,0
24508,0
24507,0
24506,0
24505,0
24504,0
24503,0
24502,0
24501,0
24500,0
24499,0
24498,0
24497,0
24496,0
24495,0
24494,0
24493,0
24492,0
24491,0
24490,0
24489,0
24488,0
24487,0
24486,0
24485,0
24484,0
24483,0
24482,0
24481,0
24480,0
24479,0
24478,0
24477,0
24476,0
24475,0
24474,0
24473,0
24472,0
24471,0
24470,0
24469,0
24468,0
24467,0
24466,0
24465,0
24464,0
24463,0
24462,0
24461,0
24460,0
24459,0
24458,0
24457,0
24456,0
24455,0
24454,0
24453,0
24452,0
24451,0
24450,0
24449,0
24448,0
24447,0
24446,0
24445,0
24444,0
24443,0
24442,0
24441,0
24440,0
24439,0
24438,0
24437,0
24436,0
24435,0
24434,0
24433,0
24432,0
24431,0
24430,0
24429,0
24428,0
24427,0
24426,0
24425,0
24424,0
24423,0
24422,0
24421,0
24420,0
24419,0
24418,0
24417,0
24416,0
24415,0
24414,0
24413,0
24412,0
24411,0
24410,0
24409,0
24408,0
24407,0
24406,0
24405,0
24404,0
24403,0
24402,0
24401,0
24400,0
24399,0
24398,0
24397,0
24396,0
24395,0
24394,0
24393,0
24392,0
24391,0
24390,0
24389,0
24388,0
24387,0
24386,0
24385,0
24384,0
24383,0
24382,0
24381,0
24380,0
24379,0
24378,0
24377,0
24376,0
24375,0
24374,0
24373,0
24372,0
24371,0
24370,0
24369,0
24368,0
24367,0
24366,0
24365,0
24364,0
24363,0
24362,0
24361,0
24360,0
24359,0
24358,0
24357,0
24356,0
24355,0
24354,0
24353,0
24352,0
24351,0
24350,0
24349,0
24348,0
24347,0
24346,0
24345,0
24344,0
24343,0
24342,0
24341,0
24340,0
24339,0
24338,0
24337,0
24336,0
24335,0
24334,0
24333,0
24332,0
24331,0
24330,0
24329,0
24328,0
24327,0
24326,0
24325,0
24324,0
24323,0
24322,0
24321,0
24320,0
24319,0
24318,0
24317,0
24316,0
24315,0
24314,0
24313,0
24312,0
24311,0
24310,0
24309,0
24308,0
24307,0
24306,0
24305,0
24304,0
24303,0
24302,0
24301,0
24300,0
24299,0
24298,0
24297,0
24296,0
24295,0
24294,0
24293,0
24292,0
24291,0
24290,0
24289,0
24288,0
24287,0
24286,0
24285,0
24284,0
24283,0
24282,0
24281,0
24280,0
24279,0
24278,0
24277,0
24276,0
24275,0
24274,0
24273,0
24272,0
24271,0
24270,0
24269,0
24268,0
24267,0
24266,0
24265,0
24264,0
24263,0
24262,0
24261,0
24260,0
24259,0
24258,0
24257,0
24256,0
24255,0
24254,0
24253,0
24252,0
24251,0
24250,0
24249,0
24248,0
24247,0
24246,0
24245,0
24244,0
24243,0
24242,0
24241,0
24240,0
24239,0
24238,0
24237,0
24236,0
24235,0
24234,0
24233,0
24232,0
24231,0
24230,0
24229,0
24228,0
24227,0
24226,0
24225,0
24224,0
24223,0
24222,0
24221,0
24220,0
24219,0
24218,0
24217,0
24216,0
24215,0
24214,0
24213,0
24212,0
24211,0
24210,0
24209,0
24208,0
24207,0
24206,0
24205,0
24204,0
24203,0
24202,0
24201,0
24200,0
24199,0
24198,0
24197,0
24196,0
24195,0
24194,0
24193,0
24192,0
24191,0
24190,0
24189,0
24188,0
24187,0
24186,0
24185,0
24184,0
24183,0
24182,0
24181,0
24180,0
24179,0
24178,0
24177,0
24176,0
24175,0
24174,0
24173,0
24172,0
24171,0
24170,0
24169,0
24168,0
24167,0
24166,0
24165,0
24164,0
24163,0
24162,0
24161,0
24160,0
24159,0
24158,0
24157,0
24156,0
24155,0
24154,0
24153,0
24152,0
24151,0
24150,0
24149,0
24148,0
24147,0
24146,0
24145,0
24144,0
24143,0
24142,0
24141,0
24140,0
24139,0
24138,0
24137,0
24136,0
24135,0
24134,0
24133,0
24132,0
24131,0
24130,0
24129,0
24128,0
24127,0
24126,0
24125,0
24124,0
24123,0
24122,0
24121,0
24120,0
24119,0
24118,0
24117,0
24116,0
24115,0
24114,0
24113,0
24112,0
24111,0
24110,0
24109,0
24108,0
24107,0
24106,0
24105,0
24104,0
24103,0
24102,0
24101,0
24100,0
24099,0
24098,0
24097,0
24096,0
24095,0
24094,0
24093,0
24092,0
24091,0
24090,0
24089,0
24088,0
24087,0
24086,0
24085,0
24084,0
24083,0
24082,0
24081,0
24080,0
24079,0
24078,0
24077,0
24076,0
24075,0
24074,0
24073,0
24072,0
24071,0
24070,0
24069,0
24068,0
24067,0
24066,0
24065,0
24064,0
24063,0
24062,0
24061,0
24060,0
24059,0
24058,0
24057,0
24056,0
24055,0
24054,0
24053,0
24052,0
24051,0
24050,0
24049,0
24048,0
24047,0
24046,0
24045,0
24044,0
24043,0
24042,0
24041,0
24040,0
24039,0
24038,0
24037,0
24036,0
24035,0
24034,0
24033,0
24032,0
24031,0
24030,0
24029,0
24028,0
24027,0
24026,0
24025,0
24024,0
24023,0
24022,0
24021,0
24020,0
24019,0
24018,0
24017,0
24016,0
24015,0
24014,0
24013,0
24012,0
24011,0
24010,0
24009,0
24008,0
24007,0
24006,0
24005,0
24004,0
24003,0
24002,0
24001,0
24000,0
23999,0
23998,0
23997,0
23996,0
23995,0
23994,0
23993,0
23992,0
23991,0
23990,0
23989,0
23988,0
23987,0
23986,0
23985,0
23984,0
23983,0
23982,0
23981,0
23980,0
23979,0
23978,0
23977,0
23976,0
23975,0
23974,0
23973,0
23972,0
23971,0
23970,0
23969,0
23968,0
23967,0
23966,0
23965,0
23964,0
23963,0
23962,0
23961,0
23960,0
23959,0
23958,0
23957,0
23956,0
23955,0
23954,0
23953,0
23952,0
23951,0
23950,0
23949,0
23948,0
23947,0
23946,0
23945,0
23944,0
23943,0
23942,0
23941,0
23940,0
23939,0
23938,0
23937,0
23936,0
23935,0
23934,0
23933,0
23932,0
23931,0
23930,0
23929,0
23928,0
23927,0
23926,0
23925,0
23924,0
23923,0
23922,0
23921,0
23920,0
23919,0
23918,0
23917,0
23916,0
23915,0
23914,0
23913,0
23912,0
23911,0
23910,0
23909,0
23908,0
23907,0
23906,0
23905,0
23904,0
23903,0
23902,0
23901,0
23900,0
23899,0
23898,0
23897,0
23896,0
23895,0
23894,0
23893,0
23892,0
23891,0
23890,0
23889,0
23888,0
23887,0
23886,0
23885,0
23884,0
23883,0
23882,0
23881,0
23880,0
23879,0
23878,0
23877,0
23876,0
23875,0
23874,0
23873,0
23872,0
23871,0
23870,0
23869,0
23868,0
23867,0
23866,0
23865,0
23864,0
23863,0
23862,0
23861,0
23860,0
23859,0
23858,0
23857,0
23856,0
23855,0
23854,0
23853,0
23852,0
23851,0
23850,0
23849,0
23848,0
23847,0
23846,0
23845,0
23844,0
23843,0
23842,0
23841,0
23840,0
23839,0
23838,0
23837,0
23836,0
23835,0
23834,0
23833,0
23832,0
23831,0
23830,0
23829,0
23828,0
23827,0
23826,0
23825,0
23824,0
23823,0
23822,0
23821,0
23820,0
23819,0
23818,0
23817,0
23816,0
23815,0
23814,0
23813,0
23812,0
23811,0
23810,0
23809,0
23808,0
23807,0
23806,0
23805,0
23804,0
23803,0
23802,0
23801,0
23800,0
23799,0
23798,0
23797,0
23796,0
23795,0
23794,0
23793,0
23792,0
23791,0
23790,0
23789,0
23788,0
23787,0
23786,0
23785,0
23784,0
23783,0
23782,0
23781,0
23780,0
23779,0
23778,0
23777,0
23776,0
23775,0
23774,0
23773,0
23772,0
23771,0
23770,0
23769,0
23768,0
23767,0
23766,0
23765,0
23764,0
23763,0
23762,0
23761,0
23760,0
23759,0
23758,0
23757,0
23756,0
23755,0
23754,0
23753,0
23752,0
23751,0
23750,0
23749,0
23748,0
23747,0
23746,0
23745,0
23744,0
23743,0
23742,0
23741,0
23740,0
23739,0
23738,0
23737,0
23736,0
23735,0
23734,0
23733,0
23732,0
23731,0
23730,0
23729,0
23728,0
23727,0
23726,0
23725,0
23724,0
23723,0
23722,0
23721,0
23720,0
23719,0
23718,0
23717,0
23716,0
23715,0
23714,0
23713,0
23712,0
23711,0
23710,0
23709,0
23708,0
23707,0
23706,0
23705,0
23704,0
23703,0
23702,0
23701,0
23700,0
23699,0
23698,0
23697,0
23696,0
23695,0
23694,0
23693,0
23692,0
23691,0
23690,0
23689,0
23688,0
23687,0
23686,0
23685,0
23684,0
23683,0
23682,0
23681,0
23680,0
23679,0
23678,0
23677,0
23676,0
23675,0
23674,0
23673,0
23672,0
23671,0
23670,0
23669,0
23668,0
23667,0
23666,0
23665,0
23664,0
23663,0
23662,0
23661,0
23660,0
23659,0
23658,0
23657,0
23656,0
23655,0
23654,0
23653,0
23652,0
23651,0
23650,0
23649,0
23648,0
23647,0
23646,0
23645,0
23644,0
23643,0
23642,0
23641,0
23640,0
23639,0
23638,0
23637,0
23636,0
23635,0
23634,0
23633,0
23632,0
23631,0
23630,0
23629,0
23628,0
23627,0
23626,0
23625,0
23624,0
23623,0
23622,0
23621,0
23620,0
23619,0
23618,0
23617,0
23616,0
23615,0
23614,0
23613,0
23612,0
23611,0
23610,0
23609,0
23608,0
23607,0
23606,0
23605,0
23604,0
23603,0
23602,0
23601,0
23600,0
23599,0
23598,0
23597,0
23596,0
23595,0
23594,0
23593,0
23592,0
23591,0
23590,0
23589,0
23588,0
23587,0
23586,0
23585,0
23584,0
23583,0
23582,0
23581,0
23580,0
23579,0
23578,0
23577,0
23576,0
23575,0
23574,0
23573,0
23572,0
23571,0
23570,0
23569,0
23568,0
23567,0
23566,0
23565,0
23564,0
23563,0
23562,0
23561,0
23560,0
23559,0
23558,0
23557,0
23556,0
23555,0
23554,0
23553,0
23552,0
23551,0
23550,0
23549,0
23548,0
23547,0
23546,0
23545,0
23544,0
23543,0
23542,0
23541,0
23540,0
23539,0
23538,0
23537,0
23536,0
23535,0
23534,0
23533,0
23532,0
23531,0
23530,0
23529,0
23528,0
23527,0
23526,0
23525,0
23524,0
23523,0
23522,0
23521,0
23520,0
23519,0
23518,0
23517,0
23516,0
23515,0
23514,0
23513,0
23512,0
23511,0
23510,0
23509,0
23508,0
23507,0
23506,0
23505,0
23504,0
23503,0
23502,0
23501,0
23500,0
23499,0
23498,0
23497,0
23496,0
23495,0
23494,0
23493,0
23492,0
23491,0
23490,0
23489,0
23488,0
23487,0
23486,0
23485,0
23484,0
23483,0
23482,0
23481,0
23480,0
23479,0
23478,0
23477,0
23476,0
23475,0
23474,0
23473,0
23472,0
23471,0
23470,0
23469,0
23468,0
23467,0
23466,0
23465,0
23464,0
23463,0
23462,0
23461,0
23460,0
23459,0
23458,0
23457,0
23456,0
23455,0
23454,0
23453,0
23452,0
23451,0
23450,0
23449,0
23448,0
23447,0
23446,0
23445,0
23444,0
23443,0
23442,0
23441,0
23440,0
23439,0
23438,0
23437,0
23436,0
23435,0
23434,0
23433,0
23432,0
23431,0
23430,0
23429,0
23428,0
23427,0
23426,0
23425,0
23424,0
23423,0
23422,0
23421,0
23420,0
23419,0
23418,0
23417,0
23416,0
23415,0
23414,0
23413,0
23412,0
23411,0
23410,0
23409,0
23408,0
23407,0
23406,0
23405,0
23404,0
23403,0
23402,0
23401,0
23400,0
23399,0
23398,0
23397,0
23396,0
23395,0
23394,0
23393,0
23392,0
23391,0
23390,0
23389,0
23388,0
23387,0
23386,0
23385,0
23384,0
23383,0
23382,0
23381,0
23380,0
23379,0
23378,0
23377,0
23376,0
23375,0
23374,0
23373,0
23372,0
23371,0
23370,0
23369,0
23368,0
23367,0
23366,0
23365,0
23364,0
23363,0
23362,0
23361,0
23360,0
23359,0
23358,0
23357,0
23356,0
23355,0
23354,0
23353,0
23352,0
23351,0
23350,0
23349,0
23348,0
23347,0
23346,0
23345,0
23344,0
23343,0
23342,0
23341,0
23340,0
23339,0
23338,0
23337,0
23336,0
23335,0
23334,0
23333,0
23332,0
23331,0
23330,0
23329,0
23328,0
23327,0
23326,0
23325,0
23324,0
23323,0
23322,0
23321,0
23320,0
23319,0
23318,0
23317,0
23316,0
23315,0
23314,0
23313,0
23312,0
23311,0
23310,0
23309,0
23308,0
23307,0
23306,0
23305,0
23304,0
23303,0
23302,0
23301,0
23300,0
23299,0
23298,0
23297,0
23296,0
23295,0
23294,0
23293,0
23292,0
23291,0
23290,0
23289,0
23288,0
23287,0
23286,0
23285,0
23284,0
23283,0
23282,0
23281,0
23280,0
23279,0
23278,0
23277,0
23276,0
23275,0
23274,0
23273,0
23272,0
23271,0
23270,0
23269,0
23268,0
23267,0
23266,0
23265,0
23264,0
23263,0
23262,0
23261,0
23260,0
23259,0
23258,0
23257,0
23256,0
23255,0
23254,0
23253,0
23252,0
23251,0
23250,0
23249,0
23248,0
23247,0
23246,0
23245,0
23244,0
23243,0
23242,0
23241,0
23240,0
23239,0
23238,0
23237,0
23236,0
23235,0
23234,0
23233,0
23232,0
23231,0
23230,0
23229,0
23228,0
23227,0
23226,0
23225,0
23224,0
23223,0
23222,0
23221,0
23220,0
23219,0
23218,0
23217,0
23216,0
23215,0
23214,0
23213,0
23212,0
23211,0
23210,0
23209,0
23208,0
23207,0
23206,0
23205,0
23204,0
23203,0
23202,0
23201,0
23200,0
23199,0
23198,0
23197,0
23196,0
23195,0
23194,0
23193,0
23192,0
23191,0
23190,0
23189,0
23188,0
23187,0
23186,0
23185,0
23184,0
23183,0
23182,0
23181,0
23180,0
23179,0
23178,0
23177,0
23176,0
23175,0
23174,0
23173,0
23172,0
23171,0
23170,0
23169,0
23168,0
23167,0
23166,0
23165,0
23164,0
23163,0
23162,0
23161,0
23160,0
23159,0
23158,0
23157,0
23156,0
23155,0
23154,0
23153,0
23152,0
23151,0
23150,0
23149,0
23148,0
23147,0
23146,0
23145,0
23144,0
23143,0
23142,0
23141,0
23140,0
23139,0
23138,0
23137,0
23136,0
23135,0
23134,0
23133,0
23132,0
23131,0
23130,0
23129,0
23128,0
23127,0
23126,0
23125,0
23124,0
23123,0
23122,0
23121,0
23120,0
23119,0
23118,0
23117,0
23116,0
23115,0
23114,0
23113,0
23112,0
23111,0
23110,0
23109,0
23108,0
23107,0
23106,0
23105,0
23104,0
23103,0
23102,0
23101,0
23100,0
23099,0
23098,0
23097,0
23096,0
23095,0
23094,0
23093,0
23092,0
23091,0
23090,0
23089,0
23088,0
23087,0
23086,0
23085,0
23084,0
23083,0
23082,0
23081,0
23080,0
23079,0
23078,0
23077,0
23076,0
23075,0
23074,0
23073,0
23072,0
23071,0
23070,0
23069,0
23068,0
23067,0
23066,0
23065,0
23064,0
23063,0
23062,0
23061,0
23060,0
23059,0
23058,0
23057,0
23056,0
23055,0
23054,0
23053,0
23052,0
23051,0
23050,0
23049,0
23048,0
23047,0
23046,0
23045,0
23044,0
23043,0
23042,0
23041,0
23040,0
23039,0
23038,0
23037,0
23036,0
23035,0
23034,0
23033,0
23032,0
23031,0
23030,0
23029,0
23028,0
23027,0
23026,0
23025,0
23024,0
23023,0
23022,0
23021,0
23020,0
23019,0
23018,0
23017,0
23016,0
23015,0
23014,0
23013,0
23012,0
23011,0
23010,0
23009,0
23008,0
23007,0
23006,0
23005,0
23004,0
23003,0
23002,0
23001,0
23000,0
22999,0
22998,0
22997,0
22996,0
22995,0
22994,0
22993,0
22992,0
22991,0
22990,0
22989,0
22988,0
22987,0
22986,0
22985,0
22984,0
22983,0
22982,0
22981,0
22980,0
22979,0
22978,0
22977,0
22976,0
22975,0
22974,0
22973,0
22972,0
22971,0
22970,0
22969,0
22968,0
22967,0
22966,0
22965,0
22964,0
22963,0
22962,0
22961,0
22960,0
22959,0
22958,0
22957,0
22956,0
22955,0
22954,0
22953,0
22952,0
22951,0
22950,0
22949,0
22948,0
22947,0
22946,0
22945,0
22944,0
22943,0
22942,0
22941,0
22940,0
22939,0
22938,0
22937,0
22936,0
22935,0
22934,0
22933,0
22932,0
22931,0
22930,0
22929,0
22928,0
22927,0
22926,0
22925,0
22924,0
22923,0
22922,0
22921,0
22920,0
22919,0
22918,0
22917,0
22916,0
22915,0
22914,0
22913,0
22912,0
22911,0
22910,0
22909,0
22908,0
22907,0
22906,0
22905,0
22904,0
22903,0
22902,0
22901,0
22900,0
22899,0
22898,0
22897,0
22896,0
22895,0
22894,0
22893,0
22892,0
22891,0
22890,0
22889,0
22888,0
22887,0
22886,0
22885,0
22884,0
22883,0
22882,0
22881,0
22880,0
22879,0
22878,0
22877,0
22876,0
22875,0
22874,0
22873,0
22872,0
22871,0
22870,0
22869,0
22868,0
22867,0
22866,0
22865,0
22864,0
22863,0
22862,0
22861,0
22860,0
22859,0
22858,0
22857,0
22856,0
22855,0
22854,0
22853,0
22852,0
22851,0
22850,0
22849,0
22848,0
22847,0
22846,0
22845,0
22844,0
22843,0
22842,0
22841,0
22840,0
22839,0
22838,0
22837,0
22836,0
22835,0
22834,0
22833,0
22832,0
22831,0
22830,0
22829,0
22828,0
22827,0
22826,0
22825,0
22824,0
22823,0
22822,0
22821,0
22820,0
22819,0
22818,0
22817,0
22816,0
22815,0
22814,0
22813,0
22812,0
22811,0
22810,0
22809,0
22808,0
22807,0
22806,0
22805,0
22804,0
22803,0
22802,0
22801,0
22800,0
22799,0
22798,0
22797,0
22796,0
22795,0
22794,0
22793,0
22792,0
22791,0
22790,0
22789,0
22788,0
22787,0
22786,0
22785,0
22784,0
22783,0
22782,0
22781,0
22780,0
22779,0
22778,0
22777,0
22776,0
22775,0
22774,0
22773,0
22772,0
22771,0
22770,0
22769,0
22768,0
22767,0
22766,0
22765,0
22764,0
22763,0
22762,0
22761,0
22760,0
22759,0
22758,0
22757,0
22756,0
22755,0
22754,0
22753,0
22752,0
22751,0
22750,0
22749,0
22748,0
22747,0
22746,0
22745,0
22744,0
22743,0
22742,0
22741,0
22740,0
22739,0
22738,0
22737,0
22736,0
22735,0
22734,0
22733,0
22732,0
22731,0
22730,0
22729,0
22728,0
22727,0
22726,0
22725,0
22724,0
22723,0
22722,0
22721,0
22720,0
22719,0
22718,0
22717,0
22716,0
22715,0
22714,0
22713,0
22712,0
22711,0
22710,0
22709,0
22708,0
22707,0
22706,0
22705,0
22704,0
22703,0
22702,0
22701,0
22700,0
22699,0
22698,0
22697,0
22696,0
22695,0
22694,0
22693,0
22692,0
22691,0
22690,0
22689,0
22688,0
22687,0
22686,0
22685,0
22684,0
22683,0
22682,0
22681,0
22680,0
22679,0
22678,0
22677,0
22676,0
22675,0
22674,0
22673,0
22672,0
22671,0
22670,0
22669,0
22668,0
22667,0
22666,0
22665,0
22664,0
22663,0
22662,0
22661,0
22660,0
22659,0
22658,0
22657,0
22656,0
22655,0
22654,0
22653,0
22652,0
22651,0
22650,0
22649,0
22648,0
22647,0
22646,0
22645,0
22644,0
22643,0
22642,0
22641,0
22640,0
22639,0
22638,0
22637,0
22636,0
22635,0
22634,0
22633,0
22632,0
22631,0
22630,0
22629,0
22628,0
22627,0
22626,0
22625,0
22624,0
22623,0
22622,0
22621,0
22620,0
22619,0
22618,0
22617,0
22616,0
22615,0
22614,0
22613,0
22612,0
22611,0
22610,0
22609,0
22608,0
22607,0
22606,0
22605,0
22604,0
22603,0
22602,0
22601,0
22600,0
22599,0
22598,0
22597,0
22596,0
22595,0
22594,0
22593,0
22592,0
22591,0
22590,0
22589,0
22588,0
22587,0
22586,0
22585,0
22584,0
22583,0
22582,0
22581,0
22580,0
22579,0
22578,0
22577,0
22576,0
22575,0
22574,0
22573,0
22572,0
22571,0
22570,0
22569,0
22568,0
22567,0
22566,0
22565,0
22564,0
22563,0
22562,0
22561,0
22560,0
22559,0
22558,0
22557,0
22556,0
22555,0
22554,0
22553,0
22552,0
22551,0
22550,0
22549,0
22548,0
22547,0
22546,0
22545,0
22544,0
22543,0
22542,0
22541,0
22540,0
22539,0
22538,0
22537,0
22536,0
22535,0
22534,0
22533,0
22532,0
22531,0
22530,0
22529,0
22528,0
22527,0
22526,0
22525,0
22524,0
22523,0
22522,0
22521,0
22520,0
22519,0
22518,0
22517,0
22516,0
22515,0
22514,0
22513,0
22512,0
22511,0
22510,0
22509,0
22508,0
22507,0
22506,0
22505,0
22504,0
22503,0
22502,0
22501,0
22500,0
22499,0
22498,0
22497,0
22496,0
22495,0
22494,0
22493,0
22492,0
22491,0
22490,0
22489,0
22488,0
22487,0
22486,0
22485,0
22484,0
22483,0
22482,0
22481,0
22480,0
22479,0
22478,0
22477,0
22476,0
22475,0
22474,0
22473,0
22472,0
22471,0
22470,0
22469,0
22468,0
22467,0
22466,0
22465,0
22464,0
22463,0
22462,0
22461,0
22460,0
22459,0
22458,0
22457,0
22456,0
22455,0
22454,0
22453,0
22452,0
22451,0
22450,0
22449,0
22448,0
22447,0
22446,0
22445,0
22444,0
22443,0
22442,0
22441,0
22440,0
22439,0
22438,0
22437,0
22436,0
22435,0
22434,0
22433,0
22432,0
22431,0
22430,0
22429,0
22428,0
22427,0
22426,0
22425,0
22424,0
22423,0
22422,0
22421,0
22420,0
22419,0
22418,0
22417,0
22416,0
22415,0
22414,0
22413,0
22412,0
22411,0
22410,0
22409,0
22408,0
22407,0
22406,0
22405,0
22404,0
22403,0
22402,0
22401,0
22400,0
22399,0
22398,0
22397,0
22396,0
22395,0
22394,0
22393,0
22392,0
22391,0
22390,0
22389,0
22388,0
22387,0
22386,0
22385,0
22384,0
22383,0
22382,0
22381,0
22380,0
22379,0
22378,0
22377,0
22376,0
22375,0
22374,0
22373,0
22372,0
22371,0
22370,0
22369,0
22368,0
22367,0
22366,0
22365,0
22364,0
22363,0
22362,0
22361,0
22360,0
22359,0
22358,0
22357,0
22356,0
22355,0
22354,0
22353,0
22352,0
22351,0
22350,0
22349,0
22348,0
22347,0
22346,0
22345,0
22344,0
22343,0
22342,0
22341,0
22340,0
22339,0
22338,0
22337,0
22336,0
22335,0
22334,0
22333,0
22332,0
22331,0
22330,0
22329,0
22328,0
22327,0
22326,0
22325,0
22324,0
22323,0
22322,0
22321,0
22320,0
22319,0
22318,0
22317,0
22316,0
22315,0
22314,0
22313,0
22312,0
22311,0
22310,0
22309,0
22308,0
22307,0
22306,0
22305,0
22304,0
22303,0
22302,0
22301,0
22300,0
22299,0
22298,0
22297,0
22296,0
22295,0
22294,0
22293,0
22292,0
22291,0
22290,0
22289,0
22288,0
22287,0
22286,0
22285,0
22284,0
22283,0
22282,0
22281,0
22280,0
22279,0
22278,0
22277,0
22276,0
22275,0
22274,0
22273,0
22272,0
22271,0
22270,0
22269,0
22268,0
22267,0
22266,0
22265,0
22264,0
22263,0
22262,0
22261,0
22260,0
22259,0
22258,0
22257,0
22256,0
22255,0
22254,0
22253,0
22252,0
22251,0
22250,0
22249,0
22248,0
22247,0
22246,0
22245,0
22244,0
22243,0
22242,0
22241,0
22240,0
22239,0
22238,0
22237,0
22236,0
22235,0
22234,0
22233,0
22232,0
22231,0
22230,0
22229,0
22228,0
22227,0
22226,0
22225,0
22224,0
22223,0
22222,0
22221,0
22220,0
22219,0
22218,0
22217,0
22216,0
22215,0
22214,0
22213,0
22212,0
22211,0
22210,0
22209,0
22208,0
22207,0
22206,0
22205,0
22204,0
22203,0
22202,0
22201,0
22200,0
22199,0
22198,0
22197,0
22196,0
22195,0
22194,0
22193,0
22192,0
22191,0
22190,0
22189,0
22188,0
22187,0
22186,0
22185,0
22184,0
22183,0
22182,0
22181,0
22180,0
22179,0
22178,0
22177,0
22176,0
22175,0
22174,0
22173,0
22172,0
22171,0
22170,0
22169,0
22168,0
22167,0
22166,0
22165,0
22164,0
22163,0
22162,0
22161,0
22160,0
22159,0
22158,0
22157,0
22156,0
22155,0
22154,0
22153,0
22152,0
22151,0
22150,0
22149,0
22148,0
22147,0
22146,0
22145,0
22144,0
22143,0
22142,0
22141,0
22140,0
22139,0
22138,0
22137,0
22136,0
22135,0
22134,0
22133,0
22132,0
22131,0
22130,0
22129,0
22128,0
22127,0
22126,0
22125,0
22124,0
22123,0
22122,0
22121,0
22120,0
22119,0
22118,0
22117,0
22116,0
22115,0
22114,0
22113,0
22112,0
22111,0
22110,0
22109,0
22108,0
22107,0
22106,0
22105,0
22104,0
22103,0
22102,0
22101,0
22100,0
22099,0
22098,0
22097,0
22096,0
22095,0
22094,0
22093,0
22092,0
22091,0
22090,0
22089,0
22088,0
22087,0
22086,0
22085,0
22084,0
22083,0
22082,0
22081,0
22080,0
22079,0
22078,0
22077,0
22076,0
22075,0
22074,0
22073,0
22072,0
22071,0
22070,0
22069,0
22068,0
22067,0
22066,0
22065,0
22064,0
22063,0
22062,0
22061,0
22060,0
22059,0
22058,0
22057,0
22056,0
22055,0
22054,0
22053,0
22052,0
22051,0
22050,0
22049,0
22048,0
22047,0
22046,0
22045,0
22044,0
22043,0
22042,0
22041,0
22040,0
22039,0
22038,0
22037,0
22036,0
22035,0
22034,0
22033,0
22032,0
22031,0
22030,0
22029,0
22028,0
22027,0
22026,0
22025,0
22024,0
22023,0
22022,0
22021,0
22020,0
22019,0
22018,0
22017,0
22016,0
22015,0
22014,0
22013,0
22012,0
22011,0
22010,0
22009,0
22008,0
22007,0
22006,0
22005,0
22004,0
22003,0
22002,0
22001,0
22000,0
21999,0
21998,0
21997,0
21996,0
21995,0
21994,0
21993,0
21992,0
21991,0
21990,0
21989,0
21988,0
21987,0
21986,0
21985,0
21984,0
21983,0
21982,0
21981,0
21980,0
21979,0
21978,0
21977,0
21976,0
21975,0
21974,0
21973,0
21972,0
21971,0
21970,0
21969,0
21968,0
21967,0
21966,0
21965,0
21964,0
21963,0
21962,0
21961,0
21960,0
21959,0
21958,0
21957,0
21956,0
21955,0
21954,0
21953,0
21952,0
21951,0
21950,0
21949,0
21948,0
21947,0
21946,0
21945,0
21944,0
21943,0
21942,0
21941,0
21940,0
21939,0
21938,0
21937,0
21936,0
21935,0
21934,0
21933,0
21932,0
21931,0
21930,0
21929,0
21928,0
21927,0
21926,0
21925,0
21924,0
21923,0
21922,0
21921,0
21920,0
21919,0
21918,0
21917,0
21916,0
21915,0
21914,0
21913,0
21912,0
21911,0
21910,0
21909,0
21908,0
21907,0
21906,0
21905,0
21904,0
21903,0
21902,0
21901,0
21900,0
21899,0
21898,0
21897,0
21896,0
21895,0
21894,0
21893,0
21892,0
21891,0
21890,0
21889,0
21888,0
21887,0
21886,0
21885,0
21884,0
21883,0
21882,0
21881,0
21880,0
21879,0
21878,0
21877,0
21876,0
21875,0
21874,0
21873,0
21872,0
21871,0
21870,0
21869,0
21868,0
21867,0
21866,0
21865,0
21864,0
21863,0
21862,0
21861,0
21860,0
21859,0
21858,0
21857,0
21856,0
21855,0
21854,0
21853,0
21852,0
21851,0
21850,0
21849,0
21848,0
21847,0
21846,0
21845,0
21844,0
21843,0
21842,0
21841,0
21840,0
21839,0
21838,0
21837,0
21836,0
21835,0
21834,0
21833,0
21832,0
21831,0
21830,0
21829,0
21828,0
21827,0
21826,0
21825,0
21824,0
21823,0
21822,0
21821,0
21820,0
21819,0
21818,0
21817,0
21816,0
21815,0
21814,0
21813,0
21812,0
21811,0
21810,0
21809,0
21808,0
21807,0
21806,0
21805,0
21804,0
21803,0
21802,0
21801,0
21800,0
21799,0
21798,0
21797,0
21796,0
21795,0
21794,0
21793,0
21792,0
21791,0
21790,0
21789,0
21788,0
21787,0
21786,0
21785,0
21784,0
21783,0
21782,0
21781,0
21780,0
21779,0
21778,0
21777,0
21776,0
21775,0
21774,0
21773,0
21772,0
21771,0
21770,0
21769,0
21768,0
21767,0
21766,0
21765,0
21764,0
21763,0
21762,0
21761,0
21760,0
21759,0
21758,0
21757,0
21756,0
21755,0
21754,0
21753,0
21752,0
21751,0
21750,0
21749,0
21748,0
21747,0
21746,0
21745,0
21744,0
21743,0
21742,0
21741,0
21740,0
21739,0
21738,0
21737,0
21736,0
21735,0
21734,0
21733,0
21732,0
21731,0
21730,0
21729,0
21728,0
21727,0
21726,0
21725,0
21724,0
21723,0
21722,0
21721,0
21720,0
21719,0
21718,0
21717,0
21716,0
21715,0
21714,0
21713,0
21712,0
21711,0
21710,0
21709,0
21708,0
21707,0
21706,0
21705,0
21704,0
21703,0
21702,0
21701,0
21700,0
21699,0
21698,0
21697,0
21696,0
21695,0
21694,0
21693,0
21692,0
21691,0
21690,0
21689,0
21688,0
21687,0
21686,0
21685,0
21684,0
21683,0
21682,0
21681,0
21680,0
21679,0
21678,0
21677,0
21676,0
21675,0
21674,0
21673,0
21672,0
21671,0
21670,0
21669,0
21668,0
21667,0
21666,0
21665,0
21664,0
21663,0
21662,0
21661,0
21660,0
21659,0
21658,0
21657,0
21656,0
21655,0
21654,0
21653,0
21652,0
21651,0
21650,0
21649,0
21648,0
21647,0
21646,0
21645,0
21644,0
21643,0
21642,0
21641,0
21640,0
21639,0
21638,0
21637,0
21636,0
21635,0
21634,0
21633,0
21632,0
21631,0
21630,0
21629,0
21628,0
21627,0
21626,0
21625,0
21624,0
21623,0
21622,0
21621,0
21620,0
21619,0
21618,0
21617,0
21616,0
21615,0
21614,0
21613,0
21612,0
21611,0
21610,0
21609,0
21608,0
21607,0
21606,0
21605,0
21604,0
21603,0
21602,0
21601,0
21600,0
21599,0
21598,0
21597,0
21596,0
21595,0
21594,0
21593,0
21592,0
21591,0
21590,0
21589,0
21588,0
21587,0
21586,0
21585,0
21584,0
21583,0
21582,0
21581,0
21580,0
21579,0
21578,0
21577,0
21576,0
21575,0
21574,0
21573,0
21572,0
21571,0
21570,0
21569,0
21568,0
21567,0
21566,0
21565,0
21564,0
21563,0
21562,0
21561,0
21560,0
21559,0
21558,0
21557,0
21556,0
21555,0
21554,0
21553,0
21552,0
21551,0
21550,0
21549,0
21548,0
21547,0
21546,0
21545,0
21544,0
21543,0
21542,0
21541,0
21540,0
21539,0
21538,0
21537,0
21536,0
21535,0
21534,0
21533,0
21532,0
21531,0
21530,0
21529,0
21528,0
21527,0
21526,0
21525,0
21524,0
21523,0
21522,0
21521,0
21520,0
21519,0
21518,0
21517,0
21516,0
21515,0
21514,0
21513,0
21512,0
21511,0
21510,0
21509,0
21508,0
21507,0
21506,0
21505,0
21504,0
21503,0
21502,0
21501,0
21500,0
21499,0
21498,0
21497,0
21496,0
21495,0
21494,0
21493,0
21492,0
21491,0
21490,0
21489,0
21488,0
21487,0
21486,0
21485,0
21484,0
21483,0
21482,0
21481,0
21480,0
21479,0
21478,0
21477,0
21476,0
21475,0
21474,0
21473,0
21472,0
21471,0
21470,0
21469,0
21468,0
21467,0
21466,0
21465,0
21464,0
21463,0
21462,0
21461,0
21460,0
21459,0
21458,0
21457,0
21456,0
21455,0
21454,0
21453,0
21452,0
21451,0
21450,0
21449,0
21448,0
21447,0
21446,0
21445,0
21444,0
21443,0
21442,0
21441,0
21440,0
21439,0
21438,0
21437,0
21436,0
21435,0
21434,0
21433,0
21432,0
21431,0
21430,0
21429,0
21428,0
21427,0
21426,0
21425,0
21424,0
21423,0
21422,0
21421,0
21420,0
21419,0
21418,0
21417,0
21416,0
21415,0
21414,0
21413,0
21412,0
21411,0
21410,0
21409,0
21408,0
21407,0
21406,0
21405,0
21404,0
21403,0
21402,0
21401,0
21400,0
21399,0
21398,0
21397,0
21396,0
21395,0
21394,0
21393,0
21392,0
21391,0
21390,0
21389,0
21388,0
21387,0
21386,0
21385,0
21384,0
21383,0
21382,0
21381,0
21380,0
21379,0
21378,0
21377,0
21376,0
21375,0
21374,0
21373,0
21372,0
21371,0
21370,0
21369,0
21368,0
21367,0
21366,0
21365,0
21364,0
21363,0
21362,0
21361,0
21360,0
21359,0
21358,0
21357,0
21356,0
21355,0
21354,0
21353,0
21352,0
21351,0
21350,0
21349,0
21348,0
21347,0
21346,0
21345,0
21344,0
21343,0
21342,0
21341,0
21340,0
21339,0
21338,0
21337,0
21336,0
21335,0
21334,0
21333,0
21332,0
21331,0
21330,0
21329,0
21328,0
21327,0
21326,0
21325,0
21324,0
21323,0
21322,0
21321,0
21320,0
21319,0
21318,0
21317,0
21316,0
21315,0
21314,0
21313,0
21312,0
21311,0
21310,0
21309,0
21308,0
21307,0
21306,0
21305,0
21304,0
21303,0
21302,0
21301,0
21300,0
21299,0
21298,0
21297,0
21296,0
21295,0
21294,0
21293,0
21292,0
21291,0
21290,0
21289,0
21288,0
21287,0
21286,0
21285,0
21284,0
21283,0
21282,0
21281,0
21280,0
21279,0
21278,0
21277,0
21276,0
21275,0
21274,0
21273,0
21272,0
21271,0
21270,0
21269,0
21268,0
21267,0
21266,0
21265,0
21264,0
21263,0
21262,0
21261,0
21260,0
21259,0
21258,0
21257,0
21256,0
21255,0
21254,0
21253,0
21252,0
21251,0
21250,0
21249,0
21248,0
21247,0
21246,0
21245,0
21244,0
21243,0
21242,0
21241,0
21240,0
21239,0
21238,0
21237,0
21236,0
21235,0
21234,0
21233,0
21232,0
21231,0
21230,0
21229,0
21228,0
21227,0
21226,0
21225,0
21224,0
21223,0
21222,0
21221,0
21220,0
21219,0
21218,0
21217,0
21216,0
21215,0
21214,0
21213,0
21212,0
21211,0
21210,0
21209,0
21208,0
21207,0
21206,0
21205,0
21204,0
21203,0
21202,0
21201,0
21200,0
21199,0
21198,0
21197,0
21196,0
21195,0
21194,0
21193,0
21192,0
21191,0
21190,0
21189,0
21188,0
21187,0
21186,0
21185,0
21184,0
21183,0
21182,0
21181,0
21180,0
21179,0
21178,0
21177,0
21176,0
21175,0
21174,0
21173,0
21172,0
21171,0
21170,0
21169,0
21168,0
21167,0
21166,0
21165,0
21164,0
21163,0
21162,0
21161,0
21160,0
21159,0
21158,0
21157,0
21156,0
21155,0
21154,0
21153,0
21152,0
21151,0
21150,0
21149,0
21148,0
21147,0
21146,0
21145,0
21144,0
21143,0
21142,0
21141,0
21140,0
21139,0
21138,0
21137,0
21136,0
21135,0
21134,0
21133,0
21132,0
21131,0
21130,0
21129,0
21128,0
21127,0
21126,0
21125,0
21124,0
21123,0
21122,0
21121,0
21120,0
21119,0
21118,0
21117,0
21116,0
21115,0
21114,0
21113,0
21112,0
21111,0
21110,0
21109,0
21108,0
21107,0
21106,0
21105,0
21104,0
21103,0
21102,0
21101,0
21100,0
21099,0
21098,0
21097,0
21096,0
21095,0
21094,0
21093,0
21092,0
21091,0
21090,0
21089,0
21088,0
21087,0
21086,0
21085,0
21084,0
21083,0
21082,0
21081,0
21080,0
21079,0
21078,0
21077,0
21076,0
21075,0
21074,0
21073,0
21072,0
21071,0
21070,0
21069,0
21068,0
21067,0
21066,0
21065,0
21064,0
21063,0
21062,0
21061,0
21060,0
21059,0
21058,0
21057,0
21056,0
21055,0
21054,0
21053,0
21052,0
21051,0
21050,0
21049,0
21048,0
21047,0
21046,0
21045,0
21044,0
21043,0
21042,0
21041,0
21040,0
21039,0
21038,0
21037,0
21036,0
21035,0
21034,0
21033,0
21032,0
21031,0
21030,0
21029,0
21028,0
21027,0
21026,0
21025,0
21024,0
21023,0
21022,0
21021,0
21020,0
21019,0
21018,0
21017,0
21016,0
21015,0
21014,0
21013,0
21012,0
21011,0
21010,0
21009,0
21008,0
21007,0
21006,0
21005,0
21004,0
21003,0
21002,0
21001,0
21000,0
20999,0
20998,0
20997,0
20996,0
20995,0
20994,0
20993,0
20992,0
20991,0
20990,0
20989,0
20988,0
20987,0
20986,0
20985,0
20984,0
20983,0
20982,0
20981,0
20980,0
20979,0
20978,0
20977,0
20976,0
20975,0
20974,0
20973,0
20972,0
20971,0
20970,0
20969,0
20968,0
20967,0
20966,0
20965,0
20964,0
20963,0
20962,0
20961,0
20960,0
20959,0
20958,0
20957,0
20956,0
20955,0
20954,0
20953,0
20952,0
20951,0
20950,0
20949,0
20948,0
20947,0
20946,0
20945,0
20944,0
20943,0
20942,0
20941,0
20940,0
20939,0
20938,0
20937,0
20936,0
20935,0
20934,0
20933,0
20932,0
20931,0
20930,0
20929,0
20928,0
20927,0
20926,0
20925,0
20924,0
20923,0
20922,0
20921,0
20920,0
20919,0
20918,0
20917,0
20916,0
20915,0
20914,0
20913,0
20912,0
20911,0
20910,0
20909,0
20908,0
20907,0
20906,0
20905,0
20904,0
20903,0
20902,0
20901,0
20900,0
20899,0
20898,0
20897,0
20896,0
20895,0
20894,0
20893,0
20892,0
20891,0
20890,0
20889,0
20888,0
20887,0
20886,0
20885,0
20884,0
20883,0
20882,0
20881,0
20880,0
20879,0
20878,0
20877,0
20876,0
20875,0
20874,0
20873,0
20872,0
20871,0
20870,0
20869,0
20868,0
20867,0
20866,0
20865,0
20864,0
20863,0
20862,0
20861,0
20860,0
20859,0
20858,0
20857,0
20856,0
20855,0
20854,0
20853,0
20852,0
20851,0
20850,0
20849,0
20848,0
20847,0
20846,0
20845,0
20844,0
20843,0
20842,0
20841,0
20840,0
20839,0
20838,0
20837,0
20836,0
20835,0
20834,0
20833,0
20832,0
20831,0
20830,0
20829,0
20828,0
20827,0
20826,0
20825,0
20824,0
20823,0
20822,0
20821,0
20820,0
20819,0
20818,0
20817,0
20816,0
20815,0
20814,0
20813,0
20812,0
20811,0
20810,0
20809,0
20808,0
20807,0
20806,0
20805,0
20804,0
20803,0
20802,0
20801,0
20800,0
20799,0
20798,0
20797,0
20796,0
20795,0
20794,0
20793,0
20792,0
20791,0
20790,0
20789,0
20788,0
20787,0
20786,0
20785,0
20784,0
20783,0
20782,0
20781,0
20780,0
20779,0
20778,0
20777,0
20776,0
20775,0
20774,0
20773,0
20772,0
20771,0
20770,0
20769,0
20768,0
20767,0
20766,0
20765,0
20764,0
20763,0
20762,0
20761,0
20760,0
20759,0
20758,0
20757,0
20756,0
20755,0
20754,0
20753,0
20752,0
20751,0
20750,0
20749,0
20748,0
20747,0
20746,0
20745,0
20744,0
20743,0
20742,0
20741,0
20740,0
20739,0
20738,0
20737,0
20736,0
20735,0
20734,0
20733,0
20732,0
20731,0
20730,0
20729,0
20728,0
20727,0
20726,0
20725,0
20724,0
20723,0
20722,0
20721,0
20720,0
20719,0
20718,0
20717,0
20716,0
20715,0
20714,0
20713,0
20712,0
20711,0
20710,0
20709,0
20708,0
20707,0
20706,0
20705,0
20704,0
20703,0
20702,0
20701,0
20700,0
20699,0
20698,0
20697,0
20696,0
20695,0
20694,0
20693,0
20692,0
20691,0
20690,0
20689,0
20688,0
20687,0
20686,0
20685,0
20684,0
20683,0
20682,0
20681,0
20680,0
20679,0
20678,0
20677,0
20676,0
20675,0
20674,0
20673,0
20672,0
20671,0
20670,0
20669,0
20668,0
20667,0
20666,0
20665,0
20664,0
20663,0
20662,0
20661,0
20660,0
20659,0
20658,0
20657,0
20656,0
20655,0
20654,0
20653,0
20652,0
20651,0
20650,0
20649,0
20648,0
20647,0
20646,0
20645,0
20644,0
20643,0
20642,0
20641,0
20640,0
20639,0
20638,0
20637,0
20636,0
20635,0
20634,0
20633,0
20632,0
20631,0
20630,0
20629,0
20628,0
20627,0
20626,0
20625,0
20624,0
20623,0
20622,0
20621,0
20620,0
20619,0
20618,0
20617,0
20616,0
20615,0
20614,0
20613,0
20612,0
20611,0
20610,0
20609,0
20608,0
20607,0
20606,0
20605,0
20604,0
20603,0
20602,0
20601,0
20600,0
20599,0
20598,0
20597,0
20596,0
20595,0
20594,0
20593,0
20592,0
20591,0
20590,0
20589,0
20588,0
20587,0
20586,0
20585,0
20584,0
20583,0
20582,0
20581,0
20580,0
20579,0
20578,0
20577,0
20576,0
20575,0
20574,0
20573,0
20572,0
20571,0
20570,0
20569,0
20568,0
20567,0
20566,0
20565,0
20564,0
20563,0
20562,0
20561,0
20560,0
20559,0
20558,0
20557,0
20556,0
20555,0
20554,0
20553,0
20552,0
20551,0
20550,0
20549,0
20548,0
20547,0
20546,0
20545,0
20544,0
20543,0
20542,0
20541,0
20540,0
20539,0
20538,0
20537,0
20536,0
20535,0
20534,0
20533,0
20532,0
20531,0
20530,0
20529,0
20528,0
20527,0
20526,0
20525,0
20524,0
20523,0
20522,0
20521,0
20520,0
20519,0
20518,0
20517,0
20516,0
20515,0
20514,0
20513,0
20512,0
20511,0
20510,0
20509,0
20508,0
20507,0
20506,0
20505,0
20504,0
20503,0
20502,0
20501,0
20500,0
20499,0
20498,0
20497,0
20496,0
20495,0
20494,0
20493,0
20492,0
20491,0
20490,0
20489,0
20488,0
20487,0
20486,0
20485,0
20484,0
20483,0
20482,0
20481,0
20480,0
20479,0
20478,0
20477,0
20476,0
20475,0
20474,0
20473,0
20472,0
20471,0
20470,0
20469,0
20468,0
20467,0
20466,0
20465,0
20464,0
20463,0
20462,0
20461,0
20460,0
20459,0
20458,0
20457,0
20456,0
20455,0
20454,0
20453,0
20452,0
20451,0
20450,0
20449,0
20448,0
20447,0
20446,0
20445,0
20444,0
20443,0
20442,0
20441,0
20440,0
20439,0
20438,0
20437,0
20436,0
20435,0
20434,0
20433,0
20432,0
20431,0
20430,0
20429,0
20428,0
20427,0
20426,0
20425,0
20424,0
20423,0
20422,0
20421,0
20420,0
20419,0
20418,0
20417,0
20416,0
20415,0
20414,0
20413,0
20412,0
20411,0
20410,0
20409,0
20408,0
20407,0
20406,0
20405,0
20404,0
20403,0
20402,0
20401,0
20400,0
20399,0
20398,0
20397,0
20396,0
20395,0
20394,0
20393,0
20392,0
20391,0
20390,0
20389,0
20388,0
20387,0
20386,0
20385,0
20384,0
20383,0
20382,0
20381,0
20380,0
20379,0
20378,0
20377,0
20376,0
20375,0
20374,0
20373,0
20372,0
20371,0
20370,0
20369,0
20368,0
20367,0
20366,0
20365,0
20364,0
20363,0
20362,0
20361,0
20360,0
20359,0
20358,0
20357,0
20356,0
20355,0
20354,0
20353,0
20352,0
20351,0
20350,0
20349,0
20348,0
20347,0
20346,0
20345,0
20344,0
20343,0
20342,0
20341,0
20340,0
20339,0
20338,0
20337,0
20336,0
20335,0
20334,0
20333,0
20332,0
20331,0
20330,0
20329,0
20328,0
20327,0
20326,0
20325,0
20324,0
20323,0
20322,0
20321,0
20320,0
20319,0
20318,0
20317,0
20316,0
20315,0
20314,0
20313,0
20312,0
20311,0
20310,0
20309,0
20308,0
20307,0
20306,0
20305,0
20304,0
20303,0
20302,0
20301,0
20300,0
20299,0
20298,0
20297,0
20296,0
20295,0
20294,0
20293,0
20292,0
20291,0
20290,0
20289,0
20288,0
20287,0
20286,0
20285,0
20284,0
20283,0
20282,0
20281,0
20280,0
20279,0
20278,0
20277,0
20276,0
20275,0
20274,0
20273,0
20272,0
20271,0
20270,0
20269,0
20268,0
20267,0
20266,0
20265,0
20264,0
20263,0
20262,0
20261,0
20260,0
20259,0
20258,0
20257,0
20256,0
20255,0
20254,0
20253,0
20252,0
20251,0
20250,0
20249,0
20248,0
20247,0
20246,0
20245,0
20244,0
20243,0
20242,0
20241,0
20240,0
20239,0
20238,0
20237,0
20236,0
20235,0
20234,0
20233,0
20232,0
20231,0
20230,0
20229,0
20228,0
20227,0
20226,0
20225,0
20224,0
20223,0
20222,0
20221,0
20220,0
20219,0
20218,0
20217,0
20216,0
20215,0
20214,0
20213,0
20212,0
20211,0
20210,0
20209,0
20208,0
20207,0
20206,0
20205,0
20204,0
20203,0
20202,0
20201,0
20200,0
20199,0
20198,0
20197,0
20196,0
20195,0
20194,0
20193,0
20192,0
20191,0
20190,0
20189,0
20188,0
20187,0
20186,0
20185,0
20184,0
20183,0
20182,0
20181,0
20180,0
20179,0
20178,0
20177,0
20176,0
20175,0
20174,0
20173,0
20172,0
20171,0
20170,0
20169,0
20168,0
20167,0
20166,0
20165,0
20164,0
20163,0
20162,0
20161,0
20160,0
20159,0
20158,0
20157,0
20156,0
20155,0
20154,0
20153,0
20152,0
20151,0
20150,0
20149,0
20148,0
20147,0
20146,0
20145,0
20144,0
20143,0
20142,0
20141,0
20140,0
20139,0
20138,0
20137,0
20136,0
20135,0
20134,0
20133,0
20132,0
20131,0
20130,0
20129,0
20128,0
20127,0
20126,0
20125,0
20124,0
20123,0
20122,0
20121,0
20120,0
20119,0
20118,0
20117,0
20116,0
20115,0
20114,0
20113,0
20112,0
20111,0
20110,0
20109,0
20108,0
20107,0
20106,0
20105,0
20104,0
20103,0
20102,0
20101,0
20100,0
20099,0
20098,0
20097,0
20096,0
20095,0
20094,0
20093,0
20092,0
20091,0
20090,0
20089,0
20088,0
20087,0
20086,0
20085,0
20084,0
20083,0
20082,0
20081,0
20080,0
20079,0
20078,0
20077,0
20076,0
20075,0
20074,0
20073,0
20072,0
20071,0
20070,0
20069,0
20068,0
20067,0
20066,0
20065,0
20064,0
20063,0
20062,0
20061,0
20060,0
20059,0
20058,0
20057,0
20056,0
20055,0
20054,0
20053,0
20052,0
20051,0
20050,0
20049,0
20048,0
20047,0
20046,0
20045,0
20044,0
20043,0
20042,0
20041,0
20040,0
20039,0
20038,0
20037,0
20036,0
20035,0
20034,0
20033,0
20032,0
20031,0
20030,0
20029,0
20028,0
20027,0
20026,0
20025,0
20024,0
20023,0
20022,0
20021,0
20020,0
20019,0
20018,0
20017,0
20016,0
20015,0
20014,0
20013,0
20012,0
20011,0
20010,0
20009,0
20008,0
20007,0
20006,0
20005,0
20004,0
20003,0
20002,0
20001,0
20000,0
19999,0
19998,0
19997,0
19996,0
19995,0
19994,0
19993,0
19992,0
19991,0
19990,0
19989,0
19988,0
19987,0
19986,0
19985,0
19984,0
19983,0
19982,0
19981,0
19980,0
19979,0
19978,0
19977,0
19976,0
19975,0
19974,0
19973,0
19972,0
19971,0
19970,0
19969,0
19968,0
19967,0
19966,0
19965,0
19964,0
19963,0
19962,0
19961,0
19960,0
19959,0
19958,0
19957,0
19956,0
19955,0
19954,0
19953,0
19952,0
19951,0
19950,0
19949,0
19948,0
19947,0
19946,0
19945,0
19944,0
19943,0
19942,0
19941,0
19940,0
19939,0
19938,0
19937,0
19936,0
19935,0
19934,0
19933,0
19932,0
19931,0
19930,0
19929,0
19928,0
19927,0
19926,0
19925,0
19924,0
19923,0
19922,0
19921,0
19920,0
19919,0
19918,0
19917,0
19916,0
19915,0
19914,0
19913,0
19912,0
19911,0
19910,0
19909,0
19908,0
19907,0
19906,0
19905,0
19904,0
19903,0
19902,0
19901,0
19900,0
19899,0
19898,0
19897,0
19896,0
19895,0
19894,0
19893,0
19892,0
19891,0
19890,0
19889,0
19888,0
19887,0
19886,0
19885,0
19884,0
19883,0
19882,0
19881,0
19880,0
19879,0
19878,0
19877,0
19876,0
19875,0
19874,0
19873,0
19872,0
19871,0
19870,0
19869,0
19868,0
19867,0
19866,0
19865,0
19864,0
19863,0
19862,0
19861,0
19860,0
19859,0
19858,0
19857,0
19856,0
19855,0
19854,0
19853,0
19852,0
19851,0
19850,0
19849,0
19848,0
19847,0
19846,0
19845,0
19844,0
19843,0
19842,0
19841,0
19840,0
19839,0
19838,0
19837,0
19836,0
19835,0
19834,0
19833,0
19832,0
19831,0
19830,0
19829,0
19828,0
19827,0
19826,0
19825,0
19824,0
19823,0
19822,0
19821,0
19820,0
19819,0
19818,0
19817,0
19816,0
19815,0
19814,0
19813,0
19812,0
19811,0
19810,0
19809,0
19808,0
19807,0
19806,0
19805,0
19804,0
19803,0
19802,0
19801,0
19800,0
19799,0
19798,0
19797,0
19796,0
19795,0
19794,0
19793,0
19792,0
19791,0
19790,0
19789,0
19788,0
19787,0
19786,0
19785,0
19784,0
19783,0
19782,0
19781,0
19780,0
19779,0
19778,0
19777,0
19776,0
19775,0
19774,0
19773,0
19772,0
19771,0
19770,0
19769,0
19768,0
19767,0
19766,0
19765,0
19764,0
19763,0
19762,0
19761,0
19760,0
19759,0
19758,0
19757,0
19756,0
19755,0
19754,0
19753,0
19752,0
19751,0
19750,0
19749,0
19748,0
19747,0
19746,0
19745,0
19744,0
19743,0
19742,0
19741,0
19740,0
19739,0
19738,0
19737,0
19736,0
19735,0
19734,0
19733,0
19732,0
19731,0
19730,0
19729,0
19728,0
19727,0
19726,0
19725,0
19724,0
19723,0
19722,0
19721,0
19720,0
19719,0
19718,0
19717,0
19716,0
19715,0
19714,0
19713,0
19712,0
19711,0
19710,0
19709,0
19708,0
19707,0
19706,0
19705,0
19704,0
19703,0
19702,0
19701,0
19700,0
19699,0
19698,0
19697,0
19696,0
19695,0
19694,0
19693,0
19692,0
19691,0
19690,0
19689,0
19688,0
19687,0
19686,0
19685,0
19684,0
19683,0
19682,0
19681,0
19680,0
19679,0
19678,0
19677,0
19676,0
19675,0
19674,0
19673,0
19672,0
19671,0
19670,0
19669,0
19668,0
19667,0
19666,0
19665,0
19664,0
19663,0
19662,0
19661,0
19660,0
19659,0
19658,0
19657,0
19656,0
19655,0
19654,0
19653,0
19652,0
19651,0
19650,0
19649,0
19648,0
19647,0
19646,0
19645,0
19644,0
19643,0
19642,0
19641,0
19640,0
19639,0
19638,0
19637,0
19636,0
19635,0
19634,0
19633,0
19632,0
19631,0
19630,0
19629,0
19628,0
19627,0
19626,0
19625,0
19624,0
19623,0
19622,0
19621,0
19620,0
19619,0
19618,0
19617,0
19616,0
19615,0
19614,0
19613,0
19612,0
19611,0
19610,0
19609,0
19608,0
19607,0
19606,0
19605,0
19604,0
19603,0
19602,0
19601,0
19600,0
19599,0
19598,0
19597,0
19596,0
19595,0
19594,0
19593,0
19592,0
19591,0
19590,0
19589,0
19588,0
19587,0
19586,0
19585,0
19584,0
19583,0
19582,0
19581,0
19580,0
19579,0
19578,0
19577,0
19576,0
19575,0
19574,0
19573,0
19572,0
19571,0
19570,0
19569,0
19568,0
19567,0
19566,0
19565,0
19564,0
19563,0
19562,0
19561,0
19560,0
19559,0
19558,0
19557,0
19556,0
19555,0
19554,0
19553,0
19552,0
19551,0
19550,0
19549,0
19548,0
19547,0
19546,0
19545,0
19544,0
19543,0
19542,0
19541,0
19540,0
19539,0
19538,0
19537,0
19536,0
19535,0
19534,0
19533,0
19532,0
19531,0
19530,0
19529,0
19528,0
19527,0
19526,0
19525,0
19524,0
19523,0
19522,0
19521,0
19520,0
19519,0
19518,0
19517,0
19516,0
19515,0
19514,0
19513,0
19512,0
19511,0
19510,0
19509,0
19508,0
19507,0
19506,0
19505,0
19504,0
19503,0
19502,0
19501,0
19500,0
19499,0
19498,0
19497,0
19496,0
19495,0
19494,0
19493,0
19492,0
19491,0
19490,0
19489,0
19488,0
19487,0
19486,0
19485,0
19484,0
19483,0
19482,0
19481,0
19480,0
19479,0
19478,0
19477,0
19476,0
19475,0
19474,0
19473,0
19472,0
19471,0
19470,0
19469,0
19468,0
19467,0
19466,0
19465,0
19464,0
19463,0
19462,0
19461,0
19460,0
19459,0
19458,0
19457,0
19456,0
19455,0
19454,0
19453,0
19452,0
19451,0
19450,0
19449,0
19448,0
19447,0
19446,0
19445,0
19444,0
19443,0
19442,0
19441,0
19440,0
19439,0
19438,0
19437,0
19436,0
19435,0
19434,0
19433,0
19432,0
19431,0
19430,0
19429,0
19428,0
19427,0
19426,0
19425,0
19424,0
19423,0
19422,0
19421,0
19420,0
19419,0
19418,0
19417,0
19416,0
19415,0
19414,0
19413,0
19412,0
19411,0
19410,0
19409,0
19408,0
19407,0
19406,0
19405,0
19404,0
19403,0
19402,0
19401,0
19400,0
19399,0
19398,0
19397,0
19396,0
19395,0
19394,0
19393,0
19392,0
19391,0
19390,0
19389,0
19388,0
19387,0
19386,0
19385,0
19384,0
19383,0
19382,0
19381,0
19380,0
19379,0
19378,0
19377,0
19376,0
19375,0
19374,0
19373,0
19372,0
19371,0
19370,0
19369,0
19368,0
19367,0
19366,0
19365,0
19364,0
19363,0
19362,0
19361,0
19360,0
19359,0
19358,0
19357,0
19356,0
19355,0
19354,0
19353,0
19352,0
19351,0
19350,0
19349,0
19348,0
19347,0
19346,0
19345,0
19344,0
19343,0
19342,0
19341,0
19340,0
19339,0
19338,0
19337,0
19336,0
19335,0
19334,0
19333,0
19332,0
19331,0
19330,0
19329,0
19328,0
19327,0
19326,0
19325,0
19324,0
19323,0
19322,0
19321,0
19320,0
19319,0
19318,0
19317,0
19316,0
19315,0
19314,0
19313,0
19312,0
19311,0
19310,0
19309,0
19308,0
19307,0
19306,0
19305,0
19304,0
19303,0
19302,0
19301,0
19300,0
19299,0
19298,0
19297,0
19296,0
19295,0
19294,0
19293,0
19292,0
19291,0
19290,0
19289,0
19288,0
19287,0
19286,0
19285,0
19284,0
19283,0
19282,0
19281,0
19280,0
19279,0
19278,0
19277,0
19276,0
19275,0
19274,0
19273,0
19272,0
19271,0
19270,0
19269,0
19268,0
19267,0
19266,0
19265,0
19264,0
19263,0
19262,0
19261,0
19260,0
19259,0
19258,0
19257,0
19256,0
19255,0
19254,0
19253,0
19252,0
19251,0
19250,0
19249,0
19248,0
19247,0
19246,0
19245,0
19244,0
19243,0
19242,0
19241,0
19240,0
19239,0
19238,0
19237,0
19236,0
19235,0
19234,0
19233,0
19232,0
19231,0
19230,0
19229,0
19228,0
19227,0
19226,0
19225,0
19224,0
19223,0
19222,0
19221,0
19220,0
19219,0
19218,0
19217,0
19216,0
19215,0
19214,0
19213,0
19212,0
19211,0
19210,0
19209,0
19208,0
19207,0
19206,0
19205,0
19204,0
19203,0
19202,0
19201,0
19200,0
19199,0
19198,0
19197,0
19196,0
19195,0
19194,0
19193,0
19192,0
19191,0
19190,0
19189,0
19188,0
19187,0
19186,0
19185,0
19184,0
19183,0
19182,0
19181,0
19180,0
19179,0
19178,0
19177,0
19176,0
19175,0
19174,0
19173,0
19172,0
19171,0
19170,0
19169,0
19168,0
19167,0
19166,0
19165,0
19164,0
19163,0
19162,0
19161,0
19160,0
19159,0
19158,0
19157,0
19156,0
19155,0
19154,0
19153,0
19152,0
19151,0
19150,0
19149,0
19148,0
19147,0
19146,0
19145,0
19144,0
19143,0
19142,0
19141,0
19140,0
19139,0
19138,0
19137,0
19136,0
19135,0
19134,0
19133,0
19132,0
19131,0
19130,0
19129,0
19128,0
19127,0
19126,0
19125,0
19124,0
19123,0
19122,0
19121,0
19120,0
19119,0
19118,0
19117,0
19116,0
19115,0
19114,0
19113,0
19112,0
19111,0
19110,0
19109,0
19108,0
19107,0
19106,0
19105,0
19104,0
19103,0
19102,0
19101,0
19100,0
19099,0
19098,0
19097,0
19096,0
19095,0
19094,0
19093,0
19092,0
19091,0
19090,0
19089,0
19088,0
19087,0
19086,0
19085,0
19084,0
19083,0
19082,0
19081,0
19080,0
19079,0
19078,0
19077,0
19076,0
19075,0
19074,0
19073,0
19072,0
19071,0
19070,0
19069,0
19068,0
19067,0
19066,0
19065,0
19064,0
19063,0
19062,0
19061,0
19060,0
19059,0
19058,0
19057,0
19056,0
19055,0
19054,0
19053,0
19052,0
19051,0
19050,0
19049,0
19048,0
19047,0
19046,0
19045,0
19044,0
19043,0
19042,0
19041,0
19040,0
19039,0
19038,0
19037,0
19036,0
19035,0
19034,0
19033,0
19032,0
19031,0
19030,0
19029,0
19028,0
19027,0
19026,0
19025,0
19024,0
19023,0
19022,0
19021,0
19020,0
19019,0
19018,0
19017,0
19016,0
19015,0
19014,0
19013,0
19012,0
19011,0
19010,0
19009,0
19008,0
19007,0
19006,0
19005,0
19004,0
19003,0
19002,0
19001,0
19000,0
18999,0
18998,0
18997,0
18996,0
18995,0
18994,0
18993,0
18992,0
18991,0
18990,0
18989,0
18988,0
18987,0
18986,0
18985,0
18984,0
18983,0
18982,0
18981,0
18980,0
18979,0
18978,0
18977,0
18976,0
18975,0
18974,0
18973,0
18972,0
18971,0
18970,0
18969,0
18968,0
18967,0
18966,0
18965,0
18964,0
18963,0
18962,0
18961,0
18960,0
18959,0
18958,0
18957,0
18956,0
18955,0
18954,0
18953,0
18952,0
18951,0
18950,0
18949,0
18948,0
18947,0
18946,0
18945,0
18944,0
18943,0
18942,0
18941,0
18940,0
18939,0
18938,0
18937,0
18936,0
18935,0
18934,0
18933,0
18932,0
18931,0
18930,0
18929,0
18928,0
18927,0
18926,0
18925,0
18924,0
18923,0
18922,0
18921,0
18920,0
18919,0
18918,0
18917,0
18916,0
18915,0
18914,0
18913,0
18912,0
18911,0
18910,0
18909,0
18908,0
18907,0
18906,0
18905,0
18904,0
18903,0
18902,0
18901,0
18900,0
18899,0
18898,0
18897,0
18896,0
18895,0
18894,0
18893,0
18892,0
18891,0
18890,0
18889,0
18888,0
18887,0
18886,0
18885,0
18884,0
18883,0
18882,0
18881,0
18880,0
18879,0
18878,0
18877,0
18876,0
18875,0
18874,0
18873,0
18872,0
18871,0
18870,0
18869,0
18868,0
18867,0
18866,0
18865,0
18864,0
18863,0
18862,0
18861,0
18860,0
18859,0
18858,0
18857,0
18856,0
18855,0
18854,0
18853,0
18852,0
18851,0
18850,0
18849,0
18848,0
18847,0
18846,0
18845,0
18844,0
18843,0
18842,0
18841,0
18840,0
18839,0
18838,0
18837,0
18836,0
18835,0
18834,0
18833,0
18832,0
18831,0
18830,0
18829,0
18828,0
18827,0
18826,0
18825,0
18824,0
18823,0
18822,0
18821,0
18820,0
18819,0
18818,0
18817,0
18816,0
18815,0
18814,0
18813,0
18812,0
18811,0
18810,0
18809,0
18808,0
18807,0
18806,0
18805,0
18804,0
18803,0
18802,0
18801,0
18800,0
18799,0
18798,0
18797,0
18796,0
18795,0
18794,0
18793,0
18792,0
18791,0
18790,0
18789,0
18788,0
18787,0
18786,0
18785,0
18784,0
18783,0
18782,0
18781,0
18780,0
18779,0
18778,0
18777,0
18776,0
18775,0
18774,0
18773,0
18772,0
18771,0
18770,0
18769,0
18768,0
18767,0
18766,0
18765,0
18764,0
18763,0
18762,0
18761,0
18760,0
18759,0
18758,0
18757,0
18756,0
18755,0
18754,0
18753,0
18752,0
18751,0
18750,0
18749,0
18748,0
18747,0
18746,0
18745,0
18744,0
18743,0
18742,0
18741,0
18740,0
18739,0
18738,0
18737,0
18736,0
18735,0
18734,0
18733,0
18732,0
18731,0
18730,0
18729,0
18728,0
18727,0
18726,0
18725,0
18724,0
18723,0
18722,0
18721,0
18720,0
18719,0
18718,0
18717,0
18716,0
18715,0
18714,0
18713,0
18712,0
18711,0
18710,0
18709,0
18708,0
18707,0
18706,0
18705,0
18704,0
18703,0
18702,0
18701,0
18700,0
18699,0
18698,0
18697,0
18696,0
18695,0
18694,0
18693,0
18692,0
18691,0
18690,0
18689,0
18688,0
18687,0
18686,0
18685,0
18684,0
18683,0
18682,0
18681,0
18680,0
18679,0
18678,0
18677,0
18676,0
18675,0
18674,0
18673,0
18672,0
18671,0
18670,0
18669,0
18668,0
18667,0
18666,0
18665,0
18664,0
18663,0
18662,0
18661,0
18660,0
18659,0
18658,0
18657,0
18656,0
18655,0
18654,0
18653,0
18652,0
18651,0
18650,0
18649,0
18648,0
18647,0
18646,0
18645,0
18644,0
18643,0
18642,0
18641,0
18640,0
18639,0
18638,0
18637,0
18636,0
18635,0
18634,0
18633,0
18632,0
18631,0
18630,0
18629,0
18628,0
18627,0
18626,0
18625,0
18624,0
18623,0
18622,0
18621,0
18620,0
18619,0
18618,0
18617,0
18616,0
18615,0
18614,0
18613,0
18612,0
18611,0
18610,0
18609,0
18608,0
18607,0
18606,0
18605,0
18604,0
18603,0
18602,0
18601,0
18600,0
18599,0
18598,0
18597,0
18596,0
18595,0
18594,0
18593,0
18592,0
18591,0
18590,0
18589,0
18588,0
18587,0
18586,0
18585,0
18584,0
18583,0
18582,0
18581,0
18580,0
18579,0
18578,0
18577,0
18576,0
18575,0
18574,0
18573,0
18572,0
18571,0
18570,0
18569,0
18568,0
18567,0
18566,0
18565,0
18564,0
18563,0
18562,0
18561,0
18560,0
18559,0
18558,0
18557,0
18556,0
18555,0
18554,0
18553,0
18552,0
18551,0
18550,0
18549,0
18548,0
18547,0
18546,0
18545,0
18544,0
18543,0
18542,0
18541,0
18540,0
18539,0
18538,0
18537,0
18536,0
18535,0
18534,0
18533,0
18532,0
18531,0
18530,0
18529,0
18528,0
18527,0
18526,0
18525,0
18524,0
18523,0
18522,0
18521,0
18520,0
18519,0
18518,0
18517,0
18516,0
18515,0
18514,0
18513,0
18512,0
18511,0
18510,0
18509,0
18508,0
18507,0
18506,0
18505,0
18504,0
18503,0
18502,0
18501,0
18500,0
18499,0
18498,0
18497,0
18496,0
18495,0
18494,0
18493,0
18492,0
18491,0
18490,0
18489,0
18488,0
18487,0
18486,0
18485,0
18484,0
18483,0
18482,0
18481,0
18480,0
18479,0
18478,0
18477,0
18476,0
18475,0
18474,0
18473,0
18472,0
18471,0
18470,0
18469,0
18468,0
18467,0
18466,0
18465,0
18464,0
18463,0
18462,0
18461,0
18460,0
18459,0
18458,0
18457,0
18456,0
18455,0
18454,0
18453,0
18452,0
18451,0
18450,0
18449,0
18448,0
18447,0
18446,0
18445,0
18444,0
18443,0
18442,0
18441,0
18440,0
18439,0
18438,0
18437,0
18436,0
18435,0
18434,0
18433,0
18432,0
18431,0
18430,0
18429,0
18428,0
18427,0
18426,0
18425,0
18424,0
18423,0
18422,0
18421,0
18420,0
18419,0
18418,0
18417,0
18416,0
18415,0
18414,0
18413,0
18412,0
18411,0
18410,0
18409,0
18408,0
18407,0
18406,0
18405,0
18404,0
18403,0
18402,0
18401,0
18400,0
18399,0
18398,0
18397,0
18396,0
18395,0
18394,0
18393,0
18392,0
18391,0
18390,0
18389,0
18388,0
18387,0
18386,0
18385,0
18384,0
18383,0
18382,0
18381,0
18380,0
18379,0
18378,0
18377,0
18376,0
18375,0
18374,0
18373,0
18372,0
18371,0
18370,0
18369,0
18368,0
18367,0
18366,0
18365,0
18364,0
18363,0
18362,0
18361,0
18360,0
18359,0
18358,0
18357,0
18356,0
18355,0
18354,0
18353,0
18352,0
18351,0
18350,0
18349,0
18348,0
18347,0
18346,0
18345,0
18344,0
18343,0
18342,0
18341,0
18340,0
18339,0
18338,0
18337,0
18336,0
18335,0
18334,0
18333,0
18332,0
18331,0
18330,0
18329,0
18328,0
18327,0
18326,0
18325,0
18324,0
18323,0
18322,0
18321,0
18320,0
18319,0
18318,0
18317,0
18316,0
18315,0
18314,0
18313,0
18312,0
18311,0
18310,0
18309,0
18308,0
18307,0
18306,0
18305,0
18304,0
18303,0
18302,0
18301,0
18300,0
18299,0
18298,0
18297,0
18296,0
18295,0
18294,0
18293,0
18292,0
18291,0
18290,0
18289,0
18288,0
18287,0
18286,0
18285,0
18284,0
18283,0
18282,0
18281,0
18280,0
18279,0
18278,0
18277,0
18276,0
18275,0
18274,0
18273,0
18272,0
18271,0
18270,0
18269,0
18268,0
18267,0
18266,0
18265,0
18264,0
18263,0
18262,0
18261,0
18260,0
18259,0
18258,0
18257,0
18256,0
18255,0
18254,0
18253,0
18252,0
18251,0
18250,0
18249,0
18248,0
18247,0
18246,0
18245,0
18244,0
18243,0
18242,0
18241,0
18240,0
18239,0
18238,0
18237,0
18236,0
18235,0
18234,0
18233,0
18232,0
18231,0
18230,0
18229,0
18228,0
18227,0
18226,0
18225,0
18224,0
18223,0
18222,0
18221,0
18220,0
18219,0
18218,0
18217,0
18216,0
18215,0
18214,0
18213,0
18212,0
18211,0
18210,0
18209,0
18208,0
18207,0
18206,0
18205,0
18204,0
18203,0
18202,0
18201,0
18200,0
18199,0
18198,0
18197,0
18196,0
18195,0
18194,0
18193,0
18192,0
18191,0
18190,0
18189,0
18188,0
18187,0
18186,0
18185,0
18184,0
18183,0
18182,0
18181,0
18180,0
18179,0
18178,0
18177,0
18176,0
18175,0
18174,0
18173,0
18172,0
18171,0
18170,0
18169,0
18168,0
18167,0
18166,0
18165,0
18164,0
18163,0
18162,0
18161,0
18160,0
18159,0
18158,0
18157,0
18156,0
18155,0
18154,0
18153,0
18152,0
18151,0
18150,0
18149,0
18148,0
18147,0
18146,0
18145,0
18144,0
18143,0
18142,0
18141,0
18140,0
18139,0
18138,0
18137,0
18136,0
18135,0
18134,0
18133,0
18132,0
18131,0
18130,0
18129,0
18128,0
18127,0
18126,0
18125,0
18124,0
18123,0
18122,0
18121,0
18120,0
18119,0
18118,0
18117,0
18116,0
18115,0
18114,0
18113,0
18112,0
18111,0
18110,0
18109,0
18108,0
18107,0
18106,0
18105,0
18104,0
18103,0
18102,0
18101,0
18100,0
18099,0
18098,0
18097,0
18096,0
18095,0
18094,0
18093,0
18092,0
18091,0
18090,0
18089,0
18088,0
18087,0
18086,0
18085,0
18084,0
18083,0
18082,0
18081,0
18080,0
18079,0
18078,0
18077,0
18076,0
18075,0
18074,0
18073,0
18072,0
18071,0
18070,0
18069,0
18068,0
18067,0
18066,0
18065,0
18064,0
18063,0
18062,0
18061,0
18060,0
18059,0
18058,0
18057,0
18056,0
18055,0
18054,0
18053,0
18052,0
18051,0
18050,0
18049,0
18048,0
18047,0
18046,0
18045,0
18044,0
18043,0
18042,0
18041,0
18040,0
18039,0
18038,0
18037,0
18036,0
18035,0
18034,0
18033,0
18032,0
18031,0
18030,0
18029,0
18028,0
18027,0
18026,0
18025,0
18024,0
18023,0
18022,0
18021,0
18020,0
18019,0
18018,0
18017,0
18016,0
18015,0
18014,0
18013,0
18012,0
18011,0
18010,0
18009,0
18008,0
18007,0
18006,0
18005,0
18004,0
18003,0
18002,0
18001,0
18000,0
17999,0
17998,0
17997,0
17996,0
17995,0
17994,0
17993,0
17992,0
17991,0
17990,0
17989,0
17988,0
17987,0
17986,0
17985,0
17984,0
17983,0
17982,0
17981,0
17980,0
17979,0
17978,0
17977,0
17976,0
17975,0
17974,0
17973,0
17972,0
17971,0
17970,0
17969,0
17968,0
17967,0
17966,0
17965,0
17964,0
17963,0
17962,0
17961,0
17960,0
17959,0
17958,0
17957,0
17956,0
17955,0
17954,0
17953,0
17952,0
17951,0
17950,0
17949,0
17948,0
17947,0
17946,0
17945,0
17944,0
17943,0
17942,0
17941,0
17940,0
17939,0
17938,0
17937,0
17936,0
17935,0
17934,0
17933,0
17932,0
17931,0
17930,0
17929,0
17928,0
17927,0
17926,0
17925,0
17924,0
17923,0
17922,0
17921,0
17920,0
17919,0
17918,0
17917,0
17916,0
17915,0
17914,0
17913,0
17912,0
17911,0
17910,0
17909,0
17908,0
17907,0
17906,0
17905,0
17904,0
17903,0
17902,0
17901,0
17900,0
17899,0
17898,0
17897,0
17896,0
17895,0
17894,0
17893,0
17892,0
17891,0
17890,0
17889,0
17888,0
17887,0
17886,0
17885,0
17884,0
17883,0
17882,0
17881,0
17880,0
17879,0
17878,0
17877,0
17876,0
17875,0
17874,0
17873,0
17872,0
17871,0
17870,0
17869,0
17868,0
17867,0
17866,0
17865,0
17864,0
17863,0
17862,0
17861,0
17860,0
17859,0
17858,0
17857,0
17856,0
17855,0
17854,0
17853,0
17852,0
17851,0
17850,0
17849,0
17848,0
17847,0
17846,0
17845,0
17844,0
17843,0
17842,0
17841,0
17840,0
17839,0
17838,0
17837,0
17836,0
17835,0
17834,0
17833,0
17832,0
17831,0
17830,0
17829,0
17828,0
17827,0
17826,0
17825,0
17824,0
17823,0
17822,0
17821,0
17820,0
17819,0
17818,0
17817,0
17816,0
17815,0
17814,0
17813,0
17812,0
17811,0
17810,0
17809,0
17808,0
17807,0
17806,0
17805,0
17804,0
17803,0
17802,0
17801,0
17800,0
17799,0
17798,0
17797,0
17796,0
17795,0
17794,0
17793,0
17792,0
17791,0
17790,0
17789,0
17788,0
17787,0
17786,0
17785,0
17784,0
17783,0
17782,0
17781,0
17780,0
17779,0
17778,0
17777,0
17776,0
17775,0
17774,0
17773,0
17772,0
17771,0
17770,0
17769,0
17768,0
17767,0
17766,0
17765,0
17764,0
17763,0
17762,0
17761,0
17760,0
17759,0
17758,0
17757,0
17756,0
17755,0
17754,0
17753,0
17752,0
17751,0
17750,0
17749,0
17748,0
17747,0
17746,0
17745,0
17744,0
17743,0
17742,0
17741,0
17740,0
17739,0
17738,0
17737,0
17736,0
17735,0
17734,0
17733,0
17732,0
17731,0
17730,0
17729,0
17728,0
17727,0
17726,0
17725,0
17724,0
17723,0
17722,0
17721,0
17720,0
17719,0
17718,0
17717,0
17716,0
17715,0
17714,0
17713,0
17712,0
17711,0
17710,0
17709,0
17708,0
17707,0
17706,0
17705,0
17704,0
17703,0
17702,0
17701,0
17700,0
17699,0
17698,0
17697,0
17696,0
17695,0
17694,0
17693,0
17692,0
17691,0
17690,0
17689,0
17688,0
17687,0
17686,0
17685,0
17684,0
17683,0
17682,0
17681,0
17680,0
17679,0
17678,0
17677,0
17676,0
17675,0
17674,0
17673,0
17672,0
17671,0
17670,0
17669,0
17668,0
17667,0
17666,0
17665,0
17664,0
17663,0
17662,0
17661,0
17660,0
17659,0
17658,0
17657,0
17656,0
17655,0
17654,0
17653,0
17652,0
17651,0
17650,0
17649,0
17648,0
17647,0
17646,0
17645,0
17644,0
17643,0
17642,0
17641,0
17640,0
17639,0
17638,0
17637,0
17636,0
17635,0
17634,0
17633,0
17632,0
17631,0
17630,0
17629,0
17628,0
17627,0
17626,0
17625,0
17624,0
17623,0
17622,0
17621,0
17620,0
17619,0
17618,0
17617,0
17616,0
17615,0
17614,0
17613,0
17612,0
17611,0
17610,0
17609,0
17608,0
17607,0
17606,0
17605,0
17604,0
17603,0
17602,0
17601,0
17600,0
17599,0
17598,0
17597,0
17596,0
17595,0
17594,0
17593,0
17592,0
17591,0
17590,0
17589,0
17588,0
17587,0
17586,0
17585,0
17584,0
17583,0
17582,0
17581,0
17580,0
17579,0
17578,0
17577,0
17576,0
17575,0
17574,0
17573,0
17572,0
17571,0
17570,0
17569,0
17568,0
17567,0
17566,0
17565,0
17564,0
17563,0
17562,0
17561,0
17560,0
17559,0
17558,0
17557,0
17556,0
17555,0
17554,0
17553,0
17552,0
17551,0
17550,0
17549,0
17548,0
17547,0
17546,0
17545,0
17544,0
17543,0
17542,0
17541,0
17540,0
17539,0
17538,0
17537,0
17536,0
17535,0
17534,0
17533,0
17532,0
17531,0
17530,0
17529,0
17528,0
17527,0
17526,0
17525,0
17524,0
17523,0
17522,0
17521,0
17520,0
17519,0
17518,0
17517,0
17516,0
17515,0
17514,0
17513,0
17512,0
17511,0
17510,0
17509,0
17508,0
17507,0
17506,0
17505,0
17504,0
17503,0
17502,0
17501,0
17500,0
17499,0
17498,0
17497,0
17496,0
17495,0
17494,0
17493,0
17492,0
17491,0
17490,0
17489,0
17488,0
17487,0
17486,0
17485,0
17484,0
17483,0
17482,0
17481,0
17480,0
17479,0
17478,0
17477,0
17476,0
17475,0
17474,0
17473,0
17472,0
17471,0
17470,0
17469,0
17468,0
17467,0
17466,0
17465,0
17464,0
17463,0
17462,0
17461,0
17460,0
17459,0
17458,0
17457,0
17456,0
17455,0
17454,0
17453,0
17452,0
17451,0
17450,0
17449,0
17448,0
17447,0
17446,0
17445,0
17444,0
17443,0
17442,0
17441,0
17440,0
17439,0
17438,0
17437,0
17436,0
17435,0
17434,0
17433,0
17432,0
17431,0
17430,0
17429,0
17428,0
17427,0
17426,0
17425,0
17424,0
17423,0
17422,0
17421,0
17420,0
17419,0
17418,0
17417,0
17416,0
17415,0
17414,0
17413,0
17412,0
17411,0
17410,0
17409,0
17408,0
17407,0
17406,0
17405,0
17404,0
17403,0
17402,0
17401,0
17400,0
17399,0
17398,0
17397,0
17396,0
17395,0
17394,0
17393,0
17392,0
17391,0
17390,0
17389,0
17388,0
17387,0
17386,0
17385,0
17384,0
17383,0
17382,0
17381,0
17380,0
17379,0
17378,0
17377,0
17376,0
17375,0
17374,0
17373,0
17372,0
17371,0
17370,0
17369,0
17368,0
17367,0
17366,0
17365,0
17364,0
17363,0
17362,0
17361,0
17360,0
17359,0
17358,0
17357,0
17356,0
17355,0
17354,0
17353,0
17352,0
17351,0
17350,0
17349,0
17348,0
17347,0
17346,0
17345,0
17344,0
17343,0
17342,0
17341,0
17340,0
17339,0
17338,0
17337,0
17336,0
17335,0
17334,0
17333,0
17332,0
17331,0
17330,0
17329,0
17328,0
17327,0
17326,0
17325,0
17324,0
17323,0
17322,0
17321,0
17320,0
17319,0
17318,0
17317,0
17316,0
17315,0
17314,0
17313,0
17312,0
17311,0
17310,0
17309,0
17308,0
17307,0
17306,0
17305,0
17304,0
17303,0
17302,0
17301,0
17300,0
17299,0
17298,0
17297,0
17296,0
17295,0
17294,0
17293,0
17292,0
17291,0
17290,0
17289,0
17288,0
17287,0
17286,0
17285,0
17284,0
17283,0
17282,0
17281,0
17280,0
17279,0
17278,0
17277,0
17276,0
17275,0
17274,0
17273,0
17272,0
17271,0
17270,0
17269,0
17268,0
17267,0
17266,0
17265,0
17264,0
17263,0
17262,0
17261,0
17260,0
17259,0
17258,0
17257,0
17256,0
17255,0
17254,0
17253,0
17252,0
17251,0
17250,0
17249,0
17248,0
17247,0
17246,0
17245,0
17244,0
17243,0
17242,0
17241,0
17240,0
17239,0
17238,0
17237,0
17236,0
17235,0
17234,0
17233,0
17232,0
17231,0
17230,0
17229,0
17228,0
17227,0
17226,0
17225,0
17224,0
17223,0
17222,0
17221,0
17220,0
17219,0
17218,0
17217,0
17216,0
17215,0
17214,0
17213,0
17212,0
17211,0
17210,0
17209,0
17208,0
17207,0
17206,0
17205,0
17204,0
17203,0
17202,0
17201,0
17200,0
17199,0
17198,0
17197,0
17196,0
17195,0
17194,0
17193,0
17192,0
17191,0
17190,0
17189,0
17188,0
17187,0
17186,0
17185,0
17184,0
17183,0
17182,0
17181,0
17180,0
17179,0
17178,0
17177,0
17176,0
17175,0
17174,0
17173,0
17172,0
17171,0
17170,0
17169,0
17168,0
17167,0
17166,0
17165,0
17164,0
17163,0
17162,0
17161,0
17160,0
17159,0
17158,0
17157,0
17156,0
17155,0
17154,0
17153,0
17152,0
17151,0
17150,0
17149,0
17148,0
17147,0
17146,0
17145,0
17144,0
17143,0
17142,0
17141,0
17140,0
17139,0
17138,0
17137,0
17136,0
17135,0
17134,0
17133,0
17132,0
17131,0
17130,0
17129,0
17128,0
17127,0
17126,0
17125,0
17124,0
17123,0
17122,0
17121,0
17120,0
17119,0
17118,0
17117,0
17116,0
17115,0
17114,0
17113,0
17112,0
17111,0
17110,0
17109,0
17108,0
17107,0
17106,0
17105,0
17104,0
17103,0
17102,0
17101,0
17100,0
17099,0
17098,0
17097,0
17096,0
17095,0
17094,0
17093,0
17092,0
17091,0
17090,0
17089,0
17088,0
17087,0
17086,0
17085,0
17084,0
17083,0
17082,0
17081,0
17080,0
17079,0
17078,0
17077,0
17076,0
17075,0
17074,0
17073,0
17072,0
17071,0
17070,0
17069,0
17068,0
17067,0
17066,0
17065,0
17064,0
17063,0
17062,0
17061,0
17060,0
17059,0
17058,0
17057,0
17056,0
17055,0
17054,0
17053,0
17052,0
17051,0
17050,0
17049,0
17048,0
17047,0
17046,0
17045,0
17044,0
17043,0
17042,0
17041,0
17040,0
17039,0
17038,0
17037,0
17036,0
17035,0
17034,0
17033,0
17032,0
17031,0
17030,0
17029,0
17028,0
17027,0
17026,0
17025,0
17024,0
17023,0
17022,0
17021,0
17020,0
17019,0
17018,0
17017,0
17016,0
17015,0
17014,0
17013,0
17012,0
17011,0
17010,0
17009,0
17008,0
17007,0
17006,0
17005,0
17004,0
17003,0
17002,0
17001,0
17000,0
16999,0
16998,0
16997,0
16996,0
16995,0
16994,0
16993,0
16992,0
16991,0
16990,0
16989,0
16988,0
16987,0
16986,0
16985,0
16984,0
16983,0
16982,0
16981,0
16980,0
16979,0
16978,0
16977,0
16976,0
16975,0
16974,0
16973,0
16972,0
16971,0
16970,0
16969,0
16968,0
16967,0
16966,0
16965,0
16964,0
16963,0
16962,0
16961,0
16960,0
16959,0
16958,0
16957,0
16956,0
16955,0
16954,0
16953,0
16952,0
16951,0
16950,0
16949,0
16948,0
16947,0
16946,0
16945,0
16944,0
16943,0
16942,0
16941,0
16940,0
16939,0
16938,0
16937,0
16936,0
16935,0
16934,0
16933,0
16932,0
16931,0
16930,0
16929,0
16928,0
16927,0
16926,0
16925,0
16924,0
16923,0
16922,0
16921,0
16920,0
16919,0
16918,0
16917,0
16916,0
16915,0
16914,0
16913,0
16912,0
16911,0
16910,0
16909,0
16908,0
16907,0
16906,0
16905,0
16904,0
16903,0
16902,0
16901,0
16900,0
16899,0
16898,0
16897,0
16896,0
16895,0
16894,0
16893,0
16892,0
16891,0
16890,0
16889,0
16888,0
16887,0
16886,0
16885,0
16884,0
16883,0
16882,0
16881,0
16880,0
16879,0
16878,0
16877,0
16876,0
16875,0
16874,0
16873,0
16872,0
16871,0
16870,0
16869,0
16868,0
16867,0
16866,0
16865,0
16864,0
16863,0
16862,0
16861,0
16860,0
16859,0
16858,0
16857,0
16856,0
16855,0
16854,0
16853,0
16852,0
16851,0
16850,0
16849,0
16848,0
16847,0
16846,0
16845,0
16844,0
16843,0
16842,0
16841,0
16840,0
16839,0
16838,0
16837,0
16836,0
16835,0
16834,0
16833,0
16832,0
16831,0
16830,0
16829,0
16828,0
16827,0
16826,0
16825,0
16824,0
16823,0
16822,0
16821,0
16820,0
16819,0
16818,0
16817,0
16816,0
16815,0
16814,0
16813,0
16812,0
16811,0
16810,0
16809,0
16808,0
16807,0
16806,0
16805,0
16804,0
16803,0
16802,0
16801,0
16800,0
16799,0
16798,0
16797,0
16796,0
16795,0
16794,0
16793,0
16792,0
16791,0
16790,0
16789,0
16788,0
16787,0
16786,0
16785,0
16784,0
16783,0
16782,0
16781,0
16780,0
16779,0
16778,0
16777,0
16776,0
16775,0
16774,0
16773,0
16772,0
16771,0
16770,0
16769,0
16768,0
16767,0
16766,0
16765,0
16764,0
16763,0
16762,0
16761,0
16760,0
16759,0
16758,0
16757,0
16756,0
16755,0
16754,0
16753,0
16752,0
16751,0
16750,0
16749,0
16748,0
16747,0
16746,0
16745,0
16744,0
16743,0
16742,0
16741,0
16740,0
16739,0
16738,0
16737,0
16736,0
16735,0
16734,0
16733,0
16732,0
16731,0
16730,0
16729,0
16728,0
16727,0
16726,0
16725,0
16724,0
16723,0
16722,0
16721,0
16720,0
16719,0
16718,0
16717,0
16716,0
16715,0
16714,0
16713,0
16712,0
16711,0
16710,0
16709,0
16708,0
16707,0
16706,0
16705,0
16704,0
16703,0
16702,0
16701,0
16700,0
16699,0
16698,0
16697,0
16696,0
16695,0
16694,0
16693,0
16692,0
16691,0
16690,0
16689,0
16688,0
16687,0
16686,0
16685,0
16684,0
16683,0
16682,0
16681,0
16680,0
16679,0
16678,0
16677,0
16676,0
16675,0
16674,0
16673,0
16672,0
16671,0
16670,0
16669,0
16668,0
16667,0
16666,0
16665,0
16664,0
16663,0
16662,0
16661,0
16660,0
16659,0
16658,0
16657,0
16656,0
16655,0
16654,0
16653,0
16652,0
16651,0
16650,0
16649,0
16648,0
16647,0
16646,0
16645,0
16644,0
16643,0
16642,0
16641,0
16640,0
16639,0
16638,0
16637,0
16636,0
16635,0
16634,0
16633,0
16632,0
16631,0
16630,0
16629,0
16628,0
16627,0
16626,0
16625,0
16624,0
16623,0
16622,0
16621,0
16620,0
16619,0
16618,0
16617,0
16616,0
16615,0
16614,0
16613,0
16612,0
16611,0
16610,0
16609,0
16608,0
16607,0
16606,0
16605,0
16604,0
16603,0
16602,0
16601,0
16600,0
16599,0
16598,0
16597,0
16596,0
16595,0
16594,0
16593,0
16592,0
16591,0
16590,0
16589,0
16588,0
16587,0
16586,0
16585,0
16584,0
16583,0
16582,0
16581,0
16580,0
16579,0
16578,0
16577,0
16576,0
16575,0
16574,0
16573,0
16572,0
16571,0
16570,0
16569,0
16568,0
16567,0
16566,0
16565,0
16564,0
16563,0
16562,0
16561,0
16560,0
16559,0
16558,0
16557,0
16556,0
16555,0
16554,0
16553,0
16552,0
16551,0
16550,0
16549,0
16548,0
16547,0
16546,0
16545,0
16544,0
16543,0
16542,0
16541,0
16540,0
16539,0
16538,0
16537,0
16536,0
16535,0
16534,0
16533,0
16532,0
16531,0
16530,0
16529,0
16528,0
16527,0
16526,0
16525,0
16524,0
16523,0
16522,0
16521,0
16520,0
16519,0
16518,0
16517,0
16516,0
16515,0
16514,0
16513,0
16512,0
16511,0
16510,0
16509,0
16508,0
16507,0
16506,0
16505,0
16504,0
16503,0
16502,0
16501,0
16500,0
16499,0
16498,0
16497,0
16496,0
16495,0
16494,0
16493,0
16492,0
16491,0
16490,0
16489,0
16488,0
16487,0
16486,0
16485,0
16484,0
16483,0
16482,0
16481,0
16480,0
16479,0
16478,0
16477,0
16476,0
16475,0
16474,0
16473,0
16472,0
16471,0
16470,0
16469,0
16468,0
16467,0
16466,0
16465,0
16464,0
16463,0
16462,0
16461,0
16460,0
16459,0
16458,0
16457,0
16456,0
16455,0
16454,0
16453,0
16452,0
16451,0
16450,0
16449,0
16448,0
16447,0
16446,0
16445,0
16444,0
16443,0
16442,0
16441,0
16440,0
16439,0
16438,0
16437,0
16436,0
16435,0
16434,0
16433,0
16432,0
16431,0
16430,0
16429,0
16428,0
16427,0
16426,0
16425,0
16424,0
16423,0
16422,0
16421,0
16420,0
16419,0
16418,0
16417,0
16416,0
16415,0
16414,0
16413,0
16412,0
16411,0
16410,0
16409,0
16408,0
16407,0
16406,0
16405,0
16404,0
16403,0
16402,0
16401,0
16400,0
16399,0
16398,0
16397,0
16396,0
16395,0
16394,0
16393,0
16392,0
16391,0
16390,0
16389,0
16388,0
16387,0
16386,0
16385,0
16384,0
16383,0
16382,0
16381,0
16380,0
16379,0
16378,0
16377,0
16376,0
16375,0
16374,0
16373,0
16372,0
16371,0
16370,0
16369,0
16368,0
16367,0
16366,0
16365,0
16364,0
16363,0
16362,0
16361,0
16360,0
16359,0
16358,0
16357,0
16356,0
16355,0
16354,0
16353,0
16352,0
16351,0
16350,0
16349,0
16348,0
16347,0
16346,0
16345,0
16344,0
16343,0
16342,0
16341,0
16340,0
16339,0
16338,0
16337,0
16336,0
16335,0
16334,0
16333,0
16332,0
16331,0
16330,0
16329,0
16328,0
16327,0
16326,0
16325,0
16324,0
16323,0
16322,0
16321,0
16320,0
16319,0
16318,0
16317,0
16316,0
16315,0
16314,0
16313,0
16312,0
16311,0
16310,0
16309,0
16308,0
16307,0
16306,0
16305,0
16304,0
16303,0
16302,0
16301,0
16300,0
16299,0
16298,0
16297,0
16296,0
16295,0
16294,0
16293,0
16292,0
16291,0
16290,0
16289,0
16288,0
16287,0
16286,0
16285,0
16284,0
16283,0
16282,0
16281,0
16280,0
16279,0
16278,0
16277,0
16276,0
16275,0
16274,0
16273,0
16272,0
16271,0
16270,0
16269,0
16268,0
16267,0
16266,0
16265,0
16264,0
16263,0
16262,0
16261,0
16260,0
16259,0
16258,0
16257,0
16256,0
16255,0
16254,0
16253,0
16252,0
16251,0
16250,0
16249,0
16248,0
16247,0
16246,0
16245,0
16244,0
16243,0
16242,0
16241,0
16240,0
16239,0
16238,0
16237,0
16236,0
16235,0
16234,0
16233,0
16232,0
16231,0
16230,0
16229,0
16228,0
16227,0
16226,0
16225,0
16224,0
16223,0
16222,0
16221,0
16220,0
16219,0
16218,0
16217,0
16216,0
16215,0
16214,0
16213,0
16212,0
16211,0
16210,0
16209,0
16208,0
16207,0
16206,0
16205,0
16204,0
16203,0
16202,0
16201,0
16200,0
16199,0
16198,0
16197,0
16196,0
16195,0
16194,0
16193,0
16192,0
16191,0
16190,0
16189,0
16188,0
16187,0
16186,0
16185,0
16184,0
16183,0
16182,0
16181,0
16180,0
16179,0
16178,0
16177,0
16176,0
16175,0
16174,0
16173,0
16172,0
16171,0
16170,0
16169,0
16168,0
16167,0
16166,0
16165,0
16164,0
16163,0
16162,0
16161,0
16160,0
16159,0
16158,0
16157,0
16156,0
16155,0
16154,0
16153,0
16152,0
16151,0
16150,0
16149,0
16148,0
16147,0
16146,0
16145,0
16144,0
16143,0
16142,0
16141,0
16140,0
16139,0
16138,0
16137,0
16136,0
16135,0
16134,0
16133,0
16132,0
16131,0
16130,0
16129,0
16128,0
16127,0
16126,0
16125,0
16124,0
16123,0
16122,0
16121,0
16120,0
16119,0
16118,0
16117,0
16116,0
16115,0
16114,0
16113,0
16112,0
16111,0
16110,0
16109,0
16108,0
16107,0
16106,0
16105,0
16104,0
16103,0
16102,0
16101,0
16100,0
16099,0
16098,0
16097,0
16096,0
16095,0
16094,0
16093,0
16092,0
16091,0
16090,0
16089,0
16088,0
16087,0
16086,0
16085,0
16084,0
16083,0
16082,0
16081,0
16080,0
16079,0
16078,0
16077,0
16076,0
16075,0
16074,0
16073,0
16072,0
16071,0
16070,0
16069,0
16068,0
16067,0
16066,0
16065,0
16064,0
16063,0
16062,0
16061,0
16060,0
16059,0
16058,0
16057,0
16056,0
16055,0
16054,0
16053,0
16052,0
16051,0
16050,0
16049,0
16048,0
16047,0
16046,0
16045,0
16044,0
16043,0
16042,0
16041,0
16040,0
16039,0
16038,0
16037,0
16036,0
16035,0
16034,0
16033,0
16032,0
16031,0
16030,0
16029,0
16028,0
16027,0
16026,0
16025,0
16024,0
16023,0
16022,0
16021,0
16020,0
16019,0
16018,0
16017,0
16016,0
16015,0
16014,0
16013,0
16012,0
16011,0
16010,0
16009,0
16008,0
16007,0
16006,0
16005,0
16004,0
16003,0
16002,0
16001,0
16000,0
15999,0
15998,0
15997,0
15996,0
15995,0
15994,0
15993,0
15992,0
15991,0
15990,0
15989,0
15988,0
15987,0
15986,0
15985,0
15984,0
15983,0
15982,0
15981,0
15980,0
15979,0
15978,0
15977,0
15976,0
15975,0
15974,0
15973,0
15972,0
15971,0
15970,0
15969,0
15968,0
15967,0
15966,0
15965,0
15964,0
15963,0
15962,0
15961,0
15960,0
15959,0
15958,0
15957,0
15956,0
15955,0
15954,0
15953,0
15952,0
15951,0
15950,0
15949,0
15948,0
15947,0
15946,0
15945,0
15944,0
15943,0
15942,0
15941,0
15940,0
15939,0
15938,0
15937,0
15936,0
15935,0
15934,0
15933,0
15932,0
15931,0
15930,0
15929,0
15928,0
15927,0
15926,0
15925,0
15924,0
15923,0
15922,0
15921,0
15920,0
15919,0
15918,0
15917,0
15916,0
15915,0
15914,0
15913,0
15912,0
15911,0
15910,0
15909,0
15908,0
15907,0
15906,0
15905,0
15904,0
15903,0
15902,0
15901,0
15900,0
15899,0
15898,0
15897,0
15896,0
15895,0
15894,0
15893,0
15892,0
15891,0
15890,0
15889,0
15888,0
15887,0
15886,0
15885,0
15884,0
15883,0
15882,0
15881,0
15880,0
15879,0
15878,0
15877,0
15876,0
15875,0
15874,0
15873,0
15872,0
15871,0
15870,0
15869,0
15868,0
15867,0
15866,0
15865,0
15864,0
15863,0
15862,0
15861,0
15860,0
15859,0
15858,0
15857,0
15856,0
15855,0
15854,0
15853,0
15852,0
15851,0
15850,0
15849,0
15848,0
15847,0
15846,0
15845,0
15844,0
15843,0
15842,0
15841,0
15840,0
15839,0
15838,0
15837,0
15836,0
15835,0
15834,0
15833,0
15832,0
15831,0
15830,0
15829,0
15828,0
15827,0
15826,0
15825,0
15824,0
15823,0
15822,0
15821,0
15820,0
15819,0
15818,0
15817,0
15816,0
15815,0
15814,0
15813,0
15812,0
15811,0
15810,0
15809,0
15808,0
15807,0
15806,0
15805,0
15804,0
15803,0
15802,0
15801,0
15800,0
15799,0
15798,0
15797,0
15796,0
15795,0
15794,0
15793,0
15792,0
15791,0
15790,0
15789,0
15788,0
15787,0
15786,0
15785,0
15784,0
15783,0
15782,0
15781,0
15780,0
15779,0
15778,0
15777,0
15776,0
15775,0
15774,0
15773,0
15772,0
15771,0
15770,0
15769,0
15768,0
15767,0
15766,0
15765,0
15764,0
15763,0
15762,0
15761,0
15760,0
15759,0
15758,0
15757,0
15756,0
15755,0
15754,0
15753,0
15752,0
15751,0
15750,0
15749,0
15748,0
15747,0
15746,0
15745,0
15744,0
15743,0
15742,0
15741,0
15740,0
15739,0
15738,0
15737,0
15736,0
15735,0
15734,0
15733,0
15732,0
15731,0
15730,0
15729,0
15728,0
15727,0
15726,0
15725,0
15724,0
15723,0
15722,0
15721,0
15720,0
15719,0
15718,0
15717,0
15716,0
15715,0
15714,0
15713,0
15712,0
15711,0
15710,0
15709,0
15708,0
15707,0
15706,0
15705,0
15704,0
15703,0
15702,0
15701,0
15700,0
15699,0
15698,0
15697,0
15696,0
15695,0
15694,0
15693,0
15692,0
15691,0
15690,0
15689,0
15688,0
15687,0
15686,0
15685,0
15684,0
15683,0
15682,0
15681,0
15680,0
15679,0
15678,0
15677,0
15676,0
15675,0
15674,0
15673,0
15672,0
15671,0
15670,0
15669,0
15668,0
15667,0
15666,0
15665,0
15664,0
15663,0
15662,0
15661,0
15660,0
15659,0
15658,0
15657,0
15656,0
15655,0
15654,0
15653,0
15652,0
15651,0
15650,0
15649,0
15648,0
15647,0
15646,0
15645,0
15644,0
15643,0
15642,0
15641,0
15640,0
15639,0
15638,0
15637,0
15636,0
15635,0
15634,0
15633,0
15632,0
15631,0
15630,0
15629,0
15628,0
15627,0
15626,0
15625,0
15624,0
15623,0
15622,0
15621,0
15620,0
15619,0
15618,0
15617,0
15616,0
15615,0
15614,0
15613,0
15612,0
15611,0
15610,0
15609,0
15608,0
15607,0
15606,0
15605,0
15604,0
15603,0
15602,0
15601,0
15600,0
15599,0
15598,0
15597,0
15596,0
15595,0
15594,0
15593,0
15592,0
15591,0
15590,0
15589,0
15588,0
15587,0
15586,0
15585,0
15584,0
15583,0
15582,0
15581,0
15580,0
15579,0
15578,0
15577,0
15576,0
15575,0
15574,0
15573,0
15572,0
15571,0
15570,0
15569,0
15568,0
15567,0
15566,0
15565,0
15564,0
15563,0
15562,0
15561,0
15560,0
15559,0
15558,0
15557,0
15556,0
15555,0
15554,0
15553,0
15552,0
15551,0
15550,0
15549,0
15548,0
15547,0
15546,0
15545,0
15544,0
15543,0
15542,0
15541,0
15540,0
15539,0
15538,0
15537,0
15536,0
15535,0
15534,0
15533,0
15532,0
15531,0
15530,0
15529,0
15528,0
15527,0
15526,0
15525,0
15524,0
15523,0
15522,0
15521,0
15520,0
15519,0
15518,0
15517,0
15516,0
15515,0
15514,0
15513,0
15512,0
15511,0
15510,0
15509,0
15508,0
15507,0
15506,0
15505,0
15504,0
15503,0
15502,0
15501,0
15500,0
15499,0
15498,0
15497,0
15496,0
15495,0
15494,0
15493,0
15492,0
15491,0
15490,0
15489,0
15488,0
15487,0
15486,0
15485,0
15484,0
15483,0
15482,0
15481,0
15480,0
15479,0
15478,0
15477,0
15476,0
15475,0
15474,0
15473,0
15472,0
15471,0
15470,0
15469,0
15468,0
15467,0
15466,0
15465,0
15464,0
15463,0
15462,0
15461,0
15460,0
15459,0
15458,0
15457,0
15456,0
15455,0
15454,0
15453,0
15452,0
15451,0
15450,0
15449,0
15448,0
15447,0
15446,0
15445,0
15444,0
15443,0
15442,0
15441,0
15440,0
15439,0
15438,0
15437,0
15436,0
15435,0
15434,0
15433,0
15432,0
15431,0
15430,0
15429,0
15428,0
15427,0
15426,0
15425,0
15424,0
15423,0
15422,0
15421,0
15420,0
15419,0
15418,0
15417,0
15416,0
15415,0
15414,0
15413,0
15412,0
15411,0
15410,0
15409,0
15408,0
15407,0
15406,0
15405,0
15404,0
15403,0
15402,0
15401,0
15400,0
15399,0
15398,0
15397,0
15396,0
15395,0
15394,0
15393,0
15392,0
15391,0
15390,0
15389,0
15388,0
15387,0
15386,0
15385,0
15384,0
15383,0
15382,0
15381,0
15380,0
15379,0
15378,0
15377,0
15376,0
15375,0
15374,0
15373,0
15372,0
15371,0
15370,0
15369,0
15368,0
15367,0
15366,0
15365,0
15364,0
15363,0
15362,0
15361,0
15360,0
15359,0
15358,0
15357,0
15356,0
15355,0
15354,0
15353,0
15352,0
15351,0
15350,0
15349,0
15348,0
15347,0
15346,0
15345,0
15344,0
15343,0
15342,0
15341,0
15340,0
15339,0
15338,0
15337,0
15336,0
15335,0
15334,0
15333,0
15332,0
15331,0
15330,0
15329,0
15328,0
15327,0
15326,0
15325,0
15324,0
15323,0
15322,0
15321,0
15320,0
15319,0
15318,0
15317,0
15316,0
15315,0
15314,0
15313,0
15312,0
15311,0
15310,0
15309,0
15308,0
15307,0
15306,0
15305,0
15304,0
15303,0
15302,0
15301,0
15300,0
15299,0
15298,0
15297,0
15296,0
15295,0
15294,0
15293,0
15292,0
15291,0
15290,0
15289,0
15288,0
15287,0
15286,0
15285,0
15284,0
15283,0
15282,0
15281,0
15280,0
15279,0
15278,0
15277,0
15276,0
15275,0
15274,0
15273,0
15272,0
15271,0
15270,0
15269,0
15268,0
15267,0
15266,0
15265,0
15264,0
15263,0
15262,0
15261,0
15260,0
15259,0
15258,0
15257,0
15256,0
15255,0
15254,0
15253,0
15252,0
15251,0
15250,0
15249,0
15248,0
15247,0
15246,0
15245,0
15244,0
15243,0
15242,0
15241,0
15240,0
15239,0
15238,0
15237,0
15236,0
15235,0
15234,0
15233,0
15232,0
15231,0
15230,0
15229,0
15228,0
15227,0
15226,0
15225,0
15224,0
15223,0
15222,0
15221,0
15220,0
15219,0
15218,0
15217,0
15216,0
15215,0
15214,0
15213,0
15212,0
15211,0
15210,0
15209,0
15208,0
15207,0
15206,0
15205,0
15204,0
15203,0
15202,0
15201,0
15200,0
15199,0
15198,0
15197,0
15196,0
15195,0
15194,0
15193,0
15192,0
15191,0
15190,0
15189,0
15188,0
15187,0
15186,0
15185,0
15184,0
15183,0
15182,0
15181,0
15180,0
15179,0
15178,0
15177,0
15176,0
15175,0
15174,0
15173,0
15172,0
15171,0
15170,0
15169,0
15168,0
15167,0
15166,0
15165,0
15164,0
15163,0
15162,0
15161,0
15160,0
15159,0
15158,0
15157,0
15156,0
15155,0
15154,0
15153,0
15152,0
15151,0
15150,0
15149,0
15148,0
15147,0
15146,0
15145,0
15144,0
15143,0
15142,0
15141,0
15140,0
15139,0
15138,0
15137,0
15136,0
15135,0
15134,0
15133,0
15132,0
15131,0
15130,0
15129,0
15128,0
15127,0
15126,0
15125,0
15124,0
15123,0
15122,0
15121,0
15120,0
15119,0
15118,0
15117,0
15116,0
15115,0
15114,0
15113,0
15112,0
15111,0
15110,0
15109,0
15108,0
15107,0
15106,0
15105,0
15104,0
15103,0
15102,0
15101,0
15100,0
15099,0
15098,0
15097,0
15096,0
15095,0
15094,0
15093,0
15092,0
15091,0
15090,0
15089,0
15088,0
15087,0
15086,0
15085,0
15084,0
15083,0
15082,0
15081,0
15080,0
15079,0
15078,0
15077,0
15076,0
15075,0
15074,0
15073,0
15072,0
15071,0
15070,0
15069,0
15068,0
15067,0
15066,0
15065,0
15064,0
15063,0
15062,0
15061,0
15060,0
15059,0
15058,0
15057,0
15056,0
15055,0
15054,0
15053,0
15052,0
15051,0
15050,0
15049,0
15048,0
15047,0
15046,0
15045,0
15044,0
15043,0
15042,0
15041,0
15040,0
15039,0
15038,0
15037,0
15036,0
15035,0
15034,0
15033,0
15032,0
15031,0
15030,0
15029,0
15028,0
15027,0
15026,0
15025,0
15024,0
15023,0
15022,0
15021,0
15020,0
15019,0
15018,0
15017,0
15016,0
15015,0
15014,0
15013,0
15012,0
15011,0
15010,0
15009,0
15008,0
15007,0
15006,0
15005,0
15004,0
15003,0
15002,0
15001,0
15000,0
14999,0
14998,0
14997,0
14996,0
14995,0
14994,0
14993,0
14992,0
14991,0
14990,0
14989,0
14988,0
14987,0
14986,0
14985,0
14984,0
14983,0
14982,0
14981,0
14980,0
14979,0
14978,0
14977,0
14976,0
14975,0
14974,0
14973,0
14972,0
14971,0
14970,0
14969,0
14968,0
14967,0
14966,0
14965,0
14964,0
14963,0
14962,0
14961,0
14960,0
14959,0
14958,0
14957,0
14956,0
14955,0
14954,0
14953,0
14952,0
14951,0
14950,0
14949,0
14948,0
14947,0
14946,0
14945,0
14944,0
14943,0
14942,0
14941,0
14940,0
14939,0
14938,0
14937,0
14936,0
14935,0
14934,0
14933,0
14932,0
14931,0
14930,0
14929,0
14928,0
14927,0
14926,0
14925,0
14924,0
14923,0
14922,0
14921,0
14920,0
14919,0
14918,0
14917,0
14916,0
14915,0
14914,0
14913,0
14912,0
14911,0
14910,0
14909,0
14908,0
14907,0
14906,0
14905,0
14904,0
14903,0
14902,0
14901,0
14900,0
14899,0
14898,0
14897,0
14896,0
14895,0
14894,0
14893,0
14892,0
14891,0
14890,0
14889,0
14888,0
14887,0
14886,0
14885,0
14884,0
14883,0
14882,0
14881,0
14880,0
14879,0
14878,0
14877,0
14876,0
14875,0
14874,0
14873,0
14872,0
14871,0
14870,0
14869,0
14868,0
14867,0
14866,0
14865,0
14864,0
14863,0
14862,0
14861,0
14860,0
14859,0
14858,0
14857,0
14856,0
14855,0
14854,0
14853,0
14852,0
14851,0
14850,0
14849,0
14848,0
14847,0
14846,0
14845,0
14844,0
14843,0
14842,0
14841,0
14840,0
14839,0
14838,0
14837,0
14836,0
14835,0
14834,0
14833,0
14832,0
14831,0
14830,0
14829,0
14828,0
14827,0
14826,0
14825,0
14824,0
14823,0
14822,0
14821,0
14820,0
14819,0
14818,0
14817,0
14816,0
14815,0
14814,0
14813,0
14812,0
14811,0
14810,0
14809,0
14808,0
14807,0
14806,0
14805,0
14804,0
14803,0
14802,0
14801,0
14800,0
14799,0
14798,0
14797,0
14796,0
14795,0
14794,0
14793,0
14792,0
14791,0
14790,0
14789,0
14788,0
14787,0
14786,0
14785,0
14784,0
14783,0
14782,0
14781,0
14780,0
14779,0
14778,0
14777,0
14776,0
14775,0
14774,0
14773,0
14772,0
14771,0
14770,0
14769,0
14768,0
14767,0
14766,0
14765,0
14764,0
14763,0
14762,0
14761,0
14760,0
14759,0
14758,0
14757,0
14756,0
14755,0
14754,0
14753,0
14752,0
14751,0
14750,0
14749,0
14748,0
14747,0
14746,0
14745,0
14744,0
14743,0
14742,0
14741,0
14740,0
14739,0
14738,0
14737,0
14736,0
14735,0
14734,0
14733,0
14732,0
14731,0
14730,0
14729,0
14728,0
14727,0
14726,0
14725,0
14724,0
14723,0
14722,0
14721,0
14720,0
14719,0
14718,0
14717,0
14716,0
14715,0
14714,0
14713,0
14712,0
14711,0
14710,0
14709,0
14708,0
14707,0
14706,0
14705,0
14704,0
14703,0
14702,0
14701,0
14700,0
14699,0
14698,0
14697,0
14696,0
14695,0
14694,0
14693,0
14692,0
14691,0
14690,0
14689,0
14688,0
14687,0
14686,0
14685,0
14684,0
14683,0
14682,0
14681,0
14680,0
14679,0
14678,0
14677,0
14676,0
14675,0
14674,0
14673,0
14672,0
14671,0
14670,0
14669,0
14668,0
14667,0
14666,0
14665,0
14664,0
14663,0
14662,0
14661,0
14660,0
14659,0
14658,0
14657,0
14656,0
14655,0
14654,0
14653,0
14652,0
14651,0
14650,0
14649,0
14648,0
14647,0
14646,0
14645,0
14644,0
14643,0
14642,0
14641,0
14640,0
14639,0
14638,0
14637,0
14636,0
14635,0
14634,0
14633,0
14632,0
14631,0
14630,0
14629,0
14628,0
14627,0
14626,0
14625,0
14624,0
14623,0
14622,0
14621,0
14620,0
14619,0
14618,0
14617,0
14616,0
14615,0
14614,0
14613,0
14612,0
14611,0
14610,0
14609,0
14608,0
14607,0
14606,0
14605,0
14604,0
14603,0
14602,0
14601,0
14600,0
14599,0
14598,0
14597,0
14596,0
14595,0
14594,0
14593,0
14592,0
14591,0
14590,0
14589,0
14588,0
14587,0
14586,0
14585,0
14584,0
14583,0
14582,0
14581,0
14580,0
14579,0
14578,0
14577,0
14576,0
14575,0
14574,0
14573,0
14572,0
14571,0
14570,0
14569,0
14568,0
14567,0
14566,0
14565,0
14564,0
14563,0
14562,0
14561,0
14560,0
14559,0
14558,0
14557,0
14556,0
14555,0
14554,0
14553,0
14552,0
14551,0
14550,0
14549,0
14548,0
14547,0
14546,0
14545,0
14544,0
14543,0
14542,0
14541,0
14540,0
14539,0
14538,0
14537,0
14536,0
14535,0
14534,0
14533,0
14532,0
14531,0
14530,0
14529,0
14528,0
14527,0
14526,0
14525,0
14524,0
14523,0
14522,0
14521,0
14520,0
14519,0
14518,0
14517,0
14516,0
14515,0
14514,0
14513,0
14512,0
14511,0
14510,0
14509,0
14508,0
14507,0
14506,0
14505,0
14504,0
14503,0
14502,0
14501,0
14500,0
14499,0
14498,0
14497,0
14496,0
14495,0
14494,0
14493,0
14492,0
14491,0
14490,0
14489,0
14488,0
14487,0
14486,0
14485,0
14484,0
14483,0
14482,0
14481,0
14480,0
14479,0
14478,0
14477,0
14476,0
14475,0
14474,0
14473,0
14472,0
14471,0
14470,0
14469,0
14468,0
14467,0
14466,0
14465,0
14464,0
14463,0
14462,0
14461,0
14460,0
14459,0
14458,0
14457,0
14456,0
14455,0
14454,0
14453,0
14452,0
14451,0
14450,0
14449,0
14448,0
14447,0
14446,0
14445,0
14444,0
14443,0
14442,0
14441,0
14440,0
14439,0
14438,0
14437,0
14436,0
14435,0
14434,0
14433,0
14432,0
14431,0
14430,0
14429,0
14428,0
14427,0
14426,0
14425,0
14424,0
14423,0
14422,0
14421,0
14420,0
14419,0
14418,0
14417,0
14416,0
14415,0
14414,0
14413,0
14412,0
14411,0
14410,0
14409,0
14408,0
14407,0
14406,0
14405,0
14404,0
14403,0
14402,0
14401,0
14400,0
14399,0
14398,0
14397,0
14396,0
14395,0
14394,0
14393,0
14392,0
14391,0
14390,0
14389,0
14388,0
14387,0
14386,0
14385,0
14384,0
14383,0
14382,0
14381,0
14380,0
14379,0
14378,0
14377,0
14376,0
14375,0
14374,0
14373,0
14372,0
14371,0
14370,0
14369,0
14368,0
14367,0
14366,0
14365,0
14364,0
14363,0
14362,0
14361,0
14360,0
14359,0
14358,0
14357,0
14356,0
14355,0
14354,0
14353,0
14352,0
14351,0
14350,0
14349,0
14348,0
14347,0
14346,0
14345,0
14344,0
14343,0
14342,0
14341,0
14340,0
14339,0
14338,0
14337,0
14336,0
14335,0
14334,0
14333,0
14332,0
14331,0
14330,0
14329,0
14328,0
14327,0
14326,0
14325,0
14324,0
14323,0
14322,0
14321,0
14320,0
14319,0
14318,0
14317,0
14316,0
14315,0
14314,0
14313,0
14312,0
14311,0
14310,0
14309,0
14308,0
14307,0
14306,0
14305,0
14304,0
14303,0
14302,0
14301,0
14300,0
14299,0
14298,0
14297,0
14296,0
14295,0
14294,0
14293,0
14292,0
14291,0
14290,0
14289,0
14288,0
14287,0
14286,0
14285,0
14284,0
14283,0
14282,0
14281,0
14280,0
14279,0
14278,0
14277,0
14276,0
14275,0
14274,0
14273,0
14272,0
14271,0
14270,0
14269,0
14268,0
14267,0
14266,0
14265,0
14264,0
14263,0
14262,0
14261,0
14260,0
14259,0
14258,0
14257,0
14256,0
14255,0
14254,0
14253,0
14252,0
14251,0
14250,0
14249,0
14248,0
14247,0
14246,0
14245,0
14244,0
14243,0
14242,0
14241,0
14240,0
14239,0
14238,0
14237,0
14236,0
14235,0
14234,0
14233,0
14232,0
14231,0
14230,0
14229,0
14228,0
14227,0
14226,0
14225,0
14224,0
14223,0
14222,0
14221,0
14220,0
14219,0
14218,0
14217,0
14216,0
14215,0
14214,0
14213,0
14212,0
14211,0
14210,0
14209,0
14208,0
14207,0
14206,0
14205,0
14204,0
14203,0
14202,0
14201,0
14200,0
14199,0
14198,0
14197,0
14196,0
14195,0
14194,0
14193,0
14192,0
14191,0
14190,0
14189,0
14188,0
14187,0
14186,0
14185,0
14184,0
14183,0
14182,0
14181,0
14180,0
14179,0
14178,0
14177,0
14176,0
14175,0
14174,0
14173,0
14172,0
14171,0
14170,0
14169,0
14168,0
14167,0
14166,0
14165,0
14164,0
14163,0
14162,0
14161,0
14160,0
14159,0
14158,0
14157,0
14156,0
14155,0
14154,0
14153,0
14152,0
14151,0
14150,0
14149,0
14148,0
14147,0
14146,0
14145,0
14144,0
14143,0
14142,0
14141,0
14140,0
14139,0
14138,0
14137,0
14136,0
14135,0
14134,0
14133,0
14132,0
14131,0
14130,0
14129,0
14128,0
14127,0
14126,0
14125,0
14124,0
14123,0
14122,0
14121,0
14120,0
14119,0
14118,0
14117,0
14116,0
14115,0
14114,0
14113,0
14112,0
14111,0
14110,0
14109,0
14108,0
14107,0
14106,0
14105,0
14104,0
14103,0
14102,0
14101,0
14100,0
14099,0
14098,0
14097,0
14096,0
14095,0
14094,0
14093,0
14092,0
14091,0
14090,0
14089,0
14088,0
14087,0
14086,0
14085,0
14084,0
14083,0
14082,0
14081,0
14080,0
14079,0
14078,0
14077,0
14076,0
14075,0
14074,0
14073,0
14072,0
14071,0
14070,0
14069,0
14068,0
14067,0
14066,0
14065,0
14064,0
14063,0
14062,0
14061,0
14060,0
14059,0
14058,0
14057,0
14056,0
14055,0
14054,0
14053,0
14052,0
14051,0
14050,0
14049,0
14048,0
14047,0
14046,0
14045,0
14044,0
14043,0
14042,0
14041,0
14040,0
14039,0
14038,0
14037,0
14036,0
14035,0
14034,0
14033,0
14032,0
14031,0
14030,0
14029,0
14028,0
14027,0
14026,0
14025,0
14024,0
14023,0
14022,0
14021,0
14020,0
14019,0
14018,0
14017,0
14016,0
14015,0
14014,0
14013,0
14012,0
14011,0
14010,0
14009,0
14008,0
14007,0
14006,0
14005,0
14004,0
14003,0
14002,0
14001,0
14000,0
13999,0
13998,0
13997,0
13996,0
13995,0
13994,0
13993,0
13992,0
13991,0
13990,0
13989,0
13988,0
13987,0
13986,0
13985,0
13984,0
13983,0
13982,0
13981,0
13980,0
13979,0
13978,0
13977,0
13976,0
13975,0
13974,0
13973,0
13972,0
13971,0
13970,0
13969,0
13968,0
13967,0
13966,0
13965,0
13964,0
13963,0
13962,0
13961,0
13960,0
13959,0
13958,0
13957,0
13956,0
13955,0
13954,0
13953,0
13952,0
13951,0
13950,0
13949,0
13948,0
13947,0
13946,0
13945,0
13944,0
13943,0
13942,0
13941,0
13940,0
13939,0
13938,0
13937,0
13936,0
13935,0
13934,0
13933,0
13932,0
13931,0
13930,0
13929,0
13928,0
13927,0
13926,0
13925,0
13924,0
13923,0
13922,0
13921,0
13920,0
13919,0
13918,0
13917,0
13916,0
13915,0
13914,0
13913,0
13912,0
13911,0
13910,0
13909,0
13908,0
13907,0
13906,0
13905,0
13904,0
13903,0
13902,0
13901,0
13900,0
13899,0
13898,0
13897,0
13896,0
13895,0
13894,0
13893,0
13892,0
13891,0
13890,0
13889,0
13888,0
13887,0
13886,0
13885,0
13884,0
13883,0
13882,0
13881,0
13880,0
13879,0
13878,0
13877,0
13876,0
13875,0
13874,0
13873,0
13872,0
13871,0
13870,0
13869,0
13868,0
13867,0
13866,0
13865,0
13864,0
13863,0
13862,0
13861,0
13860,0
13859,0
13858,0
13857,0
13856,0
13855,0
13854,0
13853,0
13852,0
13851,0
13850,0
13849,0
13848,0
13847,0
13846,0
13845,0
13844,0
13843,0
13842,0
13841,0
13840,0
13839,0
13838,0
13837,0
13836,0
13835,0
13834,0
13833,0
13832,0
13831,0
13830,0
13829,0
13828,0
13827,0
13826,0
13825,0
13824,0
13823,0
13822,0
13821,0
13820,0
13819,0
13818,0
13817,0
13816,0
13815,0
13814,0
13813,0
13812,0
13811,0
13810,0
13809,0
13808,0
13807,0
13806,0
13805,0
13804,0
13803,0
13802,0
13801,0
13800,0
13799,0
13798,0
13797,0
13796,0
13795,0
13794,0
13793,0
13792,0
13791,0
13790,0
13789,0
13788,0
13787,0
13786,0
13785,0
13784,0
13783,0
13782,0
13781,0
13780,0
13779,0
13778,0
13777,0
13776,0
13775,0
13774,0
13773,0
13772,0
13771,0
13770,0
13769,0
13768,0
13767,0
13766,0
13765,0
13764,0
13763,0
13762,0
13761,0
13760,0
13759,0
13758,0
13757,0
13756,0
13755,0
13754,0
13753,0
13752,0
13751,0
13750,0
13749,0
13748,0
13747,0
13746,0
13745,0
13744,0
13743,0
13742,0
13741,0
13740,0
13739,0
13738,0
13737,0
13736,0
13735,0
13734,0
13733,0
13732,0
13731,0
13730,0
13729,0
13728,0
13727,0
13726,0
13725,0
13724,0
13723,0
13722,0
13721,0
13720,0
13719,0
13718,0
13717,0
13716,0
13715,0
13714,0
13713,0
13712,0
13711,0
13710,0
13709,0
13708,0
13707,0
13706,0
13705,0
13704,0
13703,0
13702,0
13701,0
13700,0
13699,0
13698,0
13697,0
13696,0
13695,0
13694,0
13693,0
13692,0
13691,0
13690,0
13689,0
13688,0
13687,0
13686,0
13685,0
13684,0
13683,0
13682,0
13681,0
13680,0
13679,0
13678,0
13677,0
13676,0
13675,0
13674,0
13673,0
13672,0
13671,0
13670,0
13669,0
13668,0
13667,0
13666,0
13665,0
13664,0
13663,0
13662,0
13661,0
13660,0
13659,0
13658,0
13657,0
13656,0
13655,0
13654,0
13653,0
13652,0
13651,0
13650,0
13649,0
13648,0
13647,0
13646,0
13645,0
13644,0
13643,0
13642,0
13641,0
13640,0
13639,0
13638,0
13637,0
13636,0
13635,0
13634,0
13633,0
13632,0
13631,0
13630,0
13629,0
13628,0
13627,0
13626,0
13625,0
13624,0
13623,0
13622,0
13621,0
13620,0
13619,0
13618,0
13617,0
13616,0
13615,0
13614,0
13613,0
13612,0
13611,0
13610,0
13609,0
13608,0
13607,0
13606,0
13605,0
13604,0
13603,0
13602,0
13601,0
13600,0
13599,0
13598,0
13597,0
13596,0
13595,0
13594,0
13593,0
13592,0
13591,0
13590,0
13589,0
13588,0
13587,0
13586,0
13585,0
13584,0
13583,0
13582,0
13581,0
13580,0
13579,0
13578,0
13577,0
13576,0
13575,0
13574,0
13573,0
13572,0
13571,0
13570,0
13569,0
13568,0
13567,0
13566,0
13565,0
13564,0
13563,0
13562,0
13561,0
13560,0
13559,0
13558,0
13557,0
13556,0
13555,0
13554,0
13553,0
13552,0
13551,0
13550,0
13549,0
13548,0
13547,0
13546,0
13545,0
13544,0
13543,0
13542,0
13541,0
13540,0
13539,0
13538,0
13537,0
13536,0
13535,0
13534,0
13533,0
13532,0
13531,0
13530,0
13529,0
13528,0
13527,0
13526,0
13525,0
13524,0
13523,0
13522,0
13521,0
13520,0
13519,0
13518,0
13517,0
13516,0
13515,0
13514,0
13513,0
13512,0
13511,0
13510,0
13509,0
13508,0
13507,0
13506,0
13505,0
13504,0
13503,0
13502,0
13501,0
13500,0
13499,0
13498,0
13497,0
13496,0
13495,0
13494,0
13493,0
13492,0
13491,0
13490,0
13489,0
13488,0
13487,0
13486,0
13485,0
13484,0
13483,0
13482,0
13481,0
13480,0
13479,0
13478,0
13477,0
13476,0
13475,0
13474,0
13473,0
13472,0
13471,0
13470,0
13469,0
13468,0
13467,0
13466,0
13465,0
13464,0
13463,0
13462,0
13461,0
13460,0
13459,0
13458,0
13457,0
13456,0
13455,0
13454,0
13453,0
13452,0
13451,0
13450,0
13449,0
13448,0
13447,0
13446,0
13445,0
13444,0
13443,0
13442,0
13441,0
13440,0
13439,0
13438,0
13437,0
13436,0
13435,0
13434,0
13433,0
13432,0
13431,0
13430,0
13429,0
13428,0
13427,0
13426,0
13425,0
13424,0
13423,0
13422,0
13421,0
13420,0
13419,0
13418,0
13417,0
13416,0
13415,0
13414,0
13413,0
13412,0
13411,0
13410,0
13409,0
13408,0
13407,0
13406,0
13405,0
13404,0
13403,0
13402,0
13401,0
13400,0
13399,0
13398,0
13397,0
13396,0
13395,0
13394,0
13393,0
13392,0
13391,0
13390,0
13389,0
13388,0
13387,0
13386,0
13385,0
13384,0
13383,0
13382,0
13381,0
13380,0
13379,0
13378,0
13377,0
13376,0
13375,0
13374,0
13373,0
13372,0
13371,0
13370,0
13369,0
13368,0
13367,0
13366,0
13365,0
13364,0
13363,0
13362,0
13361,0
13360,0
13359,0
13358,0
13357,0
13356,0
13355,0
13354,0
13353,0
13352,0
13351,0
13350,0
13349,0
13348,0
13347,0
13346,0
13345,0
13344,0
13343,0
13342,0
13341,0
13340,0
13339,0
13338,0
13337,0
13336,0
13335,0
13334,0
13333,0
13332,0
13331,0
13330,0
13329,0
13328,0
13327,0
13326,0
13325,0
13324,0
13323,0
13322,0
13321,0
13320,0
13319,0
13318,0
13317,0
13316,0
13315,0
13314,0
13313,0
13312,0
13311,0
13310,0
13309,0
13308,0
13307,0
13306,0
13305,0
13304,0
13303,0
13302,0
13301,0
13300,0
13299,0
13298,0
13297,0
13296,0
13295,0
13294,0
13293,0
13292,0
13291,0
13290,0
13289,0
13288,0
13287,0
13286,0
13285,0
13284,0
13283,0
13282,0
13281,0
13280,0
13279,0
13278,0
13277,0
13276,0
13275,0
13274,0
13273,0
13272,0
13271,0
13270,0
13269,0
13268,0
13267,0
13266,0
13265,0
13264,0
13263,0
13262,0
13261,0
13260,0
13259,0
13258,0
13257,0
13256,0
13255,0
13254,0
13253,0
13252,0
13251,0
13250,0
13249,0
13248,0
13247,0
13246,0
13245,0
13244,0
13243,0
13242,0
13241,0
13240,0
13239,0
13238,0
13237,0
13236,0
13235,0
13234,0
13233,0
13232,0
13231,0
13230,0
13229,0
13228,0
13227,0
13226,0
13225,0
13224,0
13223,0
13222,0
13221,0
13220,0
13219,0
13218,0
13217,0
13216,0
13215,0
13214,0
13213,0
13212,0
13211,0
13210,0
13209,0
13208,0
13207,0
13206,0
13205,0
13204,0
13203,0
13202,0
13201,0
13200,0
13199,0
13198,0
13197,0
13196,0
13195,0
13194,0
13193,0
13192,0
13191,0
13190,0
13189,0
13188,0
13187,0
13186,0
13185,0
13184,0
13183,0
13182,0
13181,0
13180,0
13179,0
13178,0
13177,0
13176,0
13175,0
13174,0
13173,0
13172,0
13171,0
13170,0
13169,0
13168,0
13167,0
13166,0
13165,0
13164,0
13163,0
13162,0
13161,0
13160,0
13159,0
13158,0
13157,0
13156,0
13155,0
13154,0
13153,0
13152,0
13151,0
13150,0
13149,0
13148,0
13147,0
13146,0
13145,0
13144,0
13143,0
13142,0
13141,0
13140,0
13139,0
13138,0
13137,0
13136,0
13135,0
13134,0
13133,0
13132,0
13131,0
13130,0
13129,0
13128,0
13127,0
13126,0
13125,0
13124,0
13123,0
13122,0
13121,0
13120,0
13119,0
13118,0
13117,0
13116,0
13115,0
13114,0
13113,0
13112,0
13111,0
13110,0
13109,0
13108,0
13107,0
13106,0
13105,0
13104,0
13103,0
13102,0
13101,0
13100,0
13099,0
13098,0
13097,0
13096,0
13095,0
13094,0
13093,0
13092,0
13091,0
13090,0
13089,0
13088,0
13087,0
13086,0
13085,0
13084,0
13083,0
13082,0
13081,0
13080,0
13079,0
13078,0
13077,0
13076,0
13075,0
13074,0
13073,0
13072,0
13071,0
13070,0
13069,0
13068,0
13067,0
13066,0
13065,0
13064,0
13063,0
13062,0
13061,0
13060,0
13059,0
13058,0
13057,0
13056,0
13055,0
13054,0
13053,0
13052,0
13051,0
13050,0
13049,0
13048,0
13047,0
13046,0
13045,0
13044,0
13043,0
13042,0
13041,0
13040,0
13039,0
13038,0
13037,0
13036,0
13035,0
13034,0
13033,0
13032,0
13031,0
13030,0
13029,0
13028,0
13027,0
13026,0
13025,0
13024,0
13023,0
13022,0
13021,0
13020,0
13019,0
13018,0
13017,0
13016,0
13015,0
13014,0
13013,0
13012,0
13011,0
13010,0
13009,0
13008,0
13007,0
13006,0
13005,0
13004,0
13003,0
13002,0
13001,0
13000,0
12999,0
12998,0
12997,0
12996,0
12995,0
12994,0
12993,0
12992,0
12991,0
12990,0
12989,0
12988,0
12987,0
12986,0
12985,0
12984,0
12983,0
12982,0
12981,0
12980,0
12979,0
12978,0
12977,0
12976,0
12975,0
12974,0
12973,0
12972,0
12971,0
12970,0
12969,0
12968,0
12967,0
12966,0
12965,0
12964,0
12963,0
12962,0
12961,0
12960,0
12959,0
12958,0
12957,0
12956,0
12955,0
12954,0
12953,0
12952,0
12951,0
12950,0
12949,0
12948,0
12947,0
12946,0
12945,0
12944,0
12943,0
12942,0
12941,0
12940,0
12939,0
12938,0
12937,0
12936,0
12935,0
12934,0
12933,0
12932,0
12931,0
12930,0
12929,0
12928,0
12927,0
12926,0
12925,0
12924,0
12923,0
12922,0
12921,0
12920,0
12919,0
12918,0
12917,0
12916,0
12915,0
12914,0
12913,0
12912,0
12911,0
12910,0
12909,0
12908,0
12907,0
12906,0
12905,0
12904,0
12903,0
12902,0
12901,0
12900,0
12899,0
12898,0
12897,0
12896,0
12895,0
12894,0
12893,0
12892,0
12891,0
12890,0
12889,0
12888,0
12887,0
12886,0
12885,0
12884,0
12883,0
12882,0
12881,0
12880,0
12879,0
12878,0
12877,0
12876,0
12875,0
12874,0
12873,0
12872,0
12871,0
12870,0
12869,0
12868,0
12867,0
12866,0
12865,0
12864,0
12863,0
12862,0
12861,0
12860,0
12859,0
12858,0
12857,0
12856,0
12855,0
12854,0
12853,0
12852,0
12851,0
12850,0
12849,0
12848,0
12847,0
12846,0
12845,0
12844,0
12843,0
12842,0
12841,0
12840,0
12839,0
12838,0
12837,0
12836,0
12835,0
12834,0
12833,0
12832,0
12831,0
12830,0
12829,0
12828,0
12827,0
12826,0
12825,0
12824,0
12823,0
12822,0
12821,0
12820,0
12819,0
12818,0
12817,0
12816,0
12815,0
12814,0
12813,0
12812,0
12811,0
12810,0
12809,0
12808,0
12807,0
12806,0
12805,0
12804,0
12803,0
12802,0
12801,0
12800,0
12799,0
12798,0
12797,0
12796,0
12795,0
12794,0
12793,0
12792,0
12791,0
12790,0
12789,0
12788,0
12787,0
12786,0
12785,0
12784,0
12783,0
12782,0
12781,0
12780,0
12779,0
12778,0
12777,0
12776,0
12775,0
12774,0
12773,0
12772,0
12771,0
12770,0
12769,0
12768,0
12767,0
12766,0
12765,0
12764,0
12763,0
12762,0
12761,0
12760,0
12759,0
12758,0
12757,0
12756,0
12755,0
12754,0
12753,0
12752,0
12751,0
12750,0
12749,0
12748,0
12747,0
12746,0
12745,0
12744,0
12743,0
12742,0
12741,0
12740,0
12739,0
12738,0
12737,0
12736,0
12735,0
12734,0
12733,0
12732,0
12731,0
12730,0
12729,0
12728,0
12727,0
12726,0
12725,0
12724,0
12723,0
12722,0
12721,0
12720,0
12719,0
12718,0
12717,0
12716,0
12715,0
12714,0
12713,0
12712,0
12711,0
12710,0
12709,0
12708,0
12707,0
12706,0
12705,0
12704,0
12703,0
12702,0
12701,0
12700,0
12699,0
12698,0
12697,0
12696,0
12695,0
12694,0
12693,0
12692,0
12691,0
12690,0
12689,0
12688,0
12687,0
12686,0
12685,0
12684,0
12683,0
12682,0
12681,0
12680,0
12679,0
12678,0
12677,0
12676,0
12675,0
12674,0
12673,0
12672,0
12671,0
12670,0
12669,0
12668,0
12667,0
12666,0
12665,0
12664,0
12663,0
12662,0
12661,0
12660,0
12659,0
12658,0
12657,0
12656,0
12655,0
12654,0
12653,0
12652,0
12651,0
12650,0
12649,0
12648,0
12647,0
12646,0
12645,0
12644,0
12643,0
12642,0
12641,0
12640,0
12639,0
12638,0
12637,0
12636,0
12635,0
12634,0
12633,0
12632,0
12631,0
12630,0
12629,0
12628,0
12627,0
12626,0
12625,0
12624,0
12623,0
12622,0
12621,0
12620,0
12619,0
12618,0
12617,0
12616,0
12615,0
12614,0
12613,0
12612,0
12611,0
12610,0
12609,0
12608,0
12607,0
12606,0
12605,0
12604,0
12603,0
12602,0
12601,0
12600,0
12599,0
12598,0
12597,0
12596,0
12595,0
12594,0
12593,0
12592,0
12591,0
12590,0
12589,0
12588,0
12587,0
12586,0
12585,0
12584,0
12583,0
12582,0
12581,0
12580,0
12579,0
12578,0
12577,0
12576,0
12575,0
12574,0
12573,0
12572,0
12571,0
12570,0
12569,0
12568,0
12567,0
12566,0
12565,0
12564,0
12563,0
12562,0
12561,0
12560,0
12559,0
12558,0
12557,0
12556,0
12555,0
12554,0
12553,0
12552,0
12551,0
12550,0
12549,0
12548,0
12547,0
12546,0
12545,0
12544,0
12543,0
12542,0
12541,0
12540,0
12539,0
12538,0
12537,0
12536,0
12535,0
12534,0
12533,0
12532,0
12531,0
12530,0
12529,0
12528,0
12527,0
12526,0
12525,0
12524,0
12523,0
12522,0
12521,0
12520,0
12519,0
12518,0
12517,0
12516,0
12515,0
12514,0
12513,0
12512,0
12511,0
12510,0
12509,0
12508,0
12507,0
12506,0
12505,0
12504,0
12503,0
12502,0
12501,0
12500,0
12499,0
12498,0
12497,0
12496,0
12495,0
12494,0
12493,0
12492,0
12491,0
12490,0
12489,0
12488,0
12487,0
12486,0
12485,0
12484,0
12483,0
12482,0
12481,0
12480,0
12479,0
12478,0
12477,0
12476,0
12475,0
12474,0
12473,0
12472,0
12471,0
12470,0
12469,0
12468,0
12467,0
12466,0
12465,0
12464,0
12463,0
12462,0
12461,0
12460,0
12459,0
12458,0
12457,0
12456,0
12455,0
12454,0
12453,0
12452,0
12451,0
12450,0
12449,0
12448,0
12447,0
12446,0
12445,0
12444,0
12443,0
12442,0
12441,0
12440,0
12439,0
12438,0
12437,0
12436,0
12435,0
12434,0
12433,0
12432,0
12431,0
12430,0
12429,0
12428,0
12427,0
12426,0
12425,0
12424,0
12423,0
12422,0
12421,0
12420,0
12419,0
12418,0
12417,0
12416,0
12415,0
12414,0
12413,0
12412,0
12411,0
12410,0
12409,0
12408,0
12407,0
12406,0
12405,0
12404,0
12403,0
12402,0
12401,0
12400,0
12399,0
12398,0
12397,0
12396,0
12395,0
12394,0
12393,0
12392,0
12391,0
12390,0
12389,0
12388,0
12387,0
12386,0
12385,0
12384,0
12383,0
12382,0
12381,0
12380,0
12379,0
12378,0
12377,0
12376,0
12375,0
12374,0
12373,0
12372,0
12371,0
12370,0
12369,0
12368,0
12367,0
12366,0
12365,0
12364,0
12363,0
12362,0
12361,0
12360,0
12359,0
12358,0
12357,0
12356,0
12355,0
12354,0
12353,0
12352,0
12351,0
12350,0
12349,0
12348,0
12347,0
12346,0
12345,0
12344,0
12343,0
12342,0
12341,0
12340,0
12339,0
12338,0
12337,0
12336,0
12335,0
12334,0
12333,0
12332,0
12331,0
12330,0
12329,0
12328,0
12327,0
12326,0
12325,0
12324,0
12323,0
12322,0
12321,0
12320,0
12319,0
12318,0
12317,0
12316,0
12315,0
12314,0
12313,0
12312,0
12311,0
12310,0
12309,0
12308,0
12307,0
12306,0
12305,0
12304,0
12303,0
12302,0
12301,0
12300,0
12299,0
12298,0
12297,0
12296,0
12295,0
12294,0
12293,0
12292,0
12291,0
12290,0
12289,0
12288,0
12287,0
12286,0
12285,0
12284,0
12283,0
12282,0
12281,0
12280,0
12279,0
12278,0
12277,0
12276,0
12275,0
12274,0
12273,0
12272,0
12271,0
12270,0
12269,0
12268,0
12267,0
12266,0
12265,0
12264,0
12263,0
12262,0
12261,0
12260,0
12259,0
12258,0
12257,0
12256,0
12255,0
12254,0
12253,0
12252,0
12251,0
12250,0
12249,0
12248,0
12247,0
12246,0
12245,0
12244,0
12243,0
12242,0
12241,0
12240,0
12239,0
12238,0
12237,0
12236,0
12235,0
12234,0
12233,0
12232,0
12231,0
12230,0
12229,0
12228,0
12227,0
12226,0
12225,0
12224,0
12223,0
12222,0
12221,0
12220,0
12219,0
12218,0
12217,0
12216,0
12215,0
12214,0
12213,0
12212,0
12211,0
12210,0
12209,0
12208,0
12207,0
12206,0
12205,0
12204,0
12203,0
12202,0
12201,0
12200,0
12199,0
12198,0
12197,0
12196,0
12195,0
12194,0
12193,0
12192,0
12191,0
12190,0
12189,0
12188,0
12187,0
12186,0
12185,0
12184,0
12183,0
12182,0
12181,0
12180,0
12179,0
12178,0
12177,0
12176,0
12175,0
12174,0
12173,0
12172,0
12171,0
12170,0
12169,0
12168,0
12167,0
12166,0
12165,0
12164,0
12163,0
12162,0
12161,0
12160,0
12159,0
12158,0
12157,0
12156,0
12155,0
12154,0
12153,0
12152,0
12151,0
12150,0
12149,0
12148,0
12147,0
12146,0
12145,0
12144,0
12143,0
12142,0
12141,0
12140,0
12139,0
12138,0
12137,0
12136,0
12135,0
12134,0
12133,0
12132,0
12131,0
12130,0
12129,0
12128,0
12127,0
12126,0
12125,0
12124,0
12123,0
12122,0
12121,0
12120,0
12119,0
12118,0
12117,0
12116,0
12115,0
12114,0
12113,0
12112,0
12111,0
12110,0
12109,0
12108,0
12107,0
12106,0
12105,0
12104,0
12103,0
12102,0
12101,0
12100,0
12099,0
12098,0
12097,0
12096,0
12095,0
12094,0
12093,0
12092,0
12091,0
12090,0
12089,0
12088,0
12087,0
12086,0
12085,0
12084,0
12083,0
12082,0
12081,0
12080,0
12079,0
12078,0
12077,0
12076,0
12075,0
12074,0
12073,0
12072,0
12071,0
12070,0
12069,0
12068,0
12067,0
12066,0
12065,0
12064,0
12063,0
12062,0
12061,0
12060,0
12059,0
12058,0
12057,0
12056,0
12055,0
12054,0
12053,0
12052,0
12051,0
12050,0
12049,0
12048,0
12047,0
12046,0
12045,0
12044,0
12043,0
12042,0
12041,0
12040,0
12039,0
12038,0
12037,0
12036,0
12035,0
12034,0
12033,0
12032,0
12031,0
12030,0
12029,0
12028,0
12027,0
12026,0
12025,0
12024,0
12023,0
12022,0
12021,0
12020,0
12019,0
12018,0
12017,0
12016,0
12015,0
12014,0
12013,0
12012,0
12011,0
12010,0
12009,0
12008,0
12007,0
12006,0
12005,0
12004,0
12003,0
12002,0
12001,0
12000,0
11999,0
11998,0
11997,0
11996,0
11995,0
11994,0
11993,0
11992,0
11991,0
11990,0
11989,0
11988,0
11987,0
11986,0
11985,0
11984,0
11983,0
11982,0
11981,0
11980,0
11979,0
11978,0
11977,0
11976,0
11975,0
11974,0
11973,0
11972,0
11971,0
11970,0
11969,0
11968,0
11967,0
11966,0
11965,0
11964,0
11963,0
11962,0
11961,0
11960,0
11959,0
11958,0
11957,0
11956,0
11955,0
11954,0
11953,0
11952,0
11951,0
11950,0
11949,0
11948,0
11947,0
11946,0
11945,0
11944,0
11943,0
11942,0
11941,0
11940,0
11939,0
11938,0
11937,0
11936,0
11935,0
11934,0
11933,0
11932,0
11931,0
11930,0
11929,0
11928,0
11927,0
11926,0
11925,0
11924,0
11923,0
11922,0
11921,0
11920,0
11919,0
11918,0
11917,0
11916,0
11915,0
11914,0
11913,0
11912,0
11911,0
11910,0
11909,0
11908,0
11907,0
11906,0
11905,0
11904,0
11903,0
11902,0
11901,0
11900,0
11899,0
11898,0
11897,0
11896,0
11895,0
11894,0
11893,0
11892,0
11891,0
11890,0
11889,0
11888,0
11887,0
11886,0
11885,0
11884,0
11883,0
11882,0
11881,0
11880,0
11879,0
11878,0
11877,0
11876,0
11875,0
11874,0
11873,0
11872,0
11871,0
11870,0
11869,0
11868,0
11867,0
11866,0
11865,0
11864,0
11863,0
11862,0
11861,0
11860,0
11859,0
11858,0
11857,0
11856,0
11855,0
11854,0
11853,0
11852,0
11851,0
11850,0
11849,0
11848,0
11847,0
11846,0
11845,0
11844,0
11843,0
11842,0
11841,0
11840,0
11839,0
11838,0
11837,0
11836,0
11835,0
11834,0
11833,0
11832,0
11831,0
11830,0
11829,0
11828,0
11827,0
11826,0
11825,0
11824,0
11823,0
11822,0
11821,0
11820,0
11819,0
11818,0
11817,0
11816,0
11815,0
11814,0
11813,0
11812,0
11811,0
11810,0
11809,0
11808,0
11807,0
11806,0
11805,0
11804,0
11803,0
11802,0
11801,0
11800,0
11799,0
11798,0
11797,0
11796,0
11795,0
11794,0
11793,0
11792,0
11791,0
11790,0
11789,0
11788,0
11787,0
11786,0
11785,0
11784,0
11783,0
11782,0
11781,0
11780,0
11779,0
11778,0
11777,0
11776,0
11775,0
11774,0
11773,0
11772,0
11771,0
11770,0
11769,0
11768,0
11767,0
11766,0
11765,0
11764,0
11763,0
11762,0
11761,0
11760,0
11759,0
11758,0
11757,0
11756,0
11755,0
11754,0
11753,0
11752,0
11751,0
11750,0
11749,0
11748,0
11747,0
11746,0
11745,0
11744,0
11743,0
11742,0
11741,0
11740,0
11739,0
11738,0
11737,0
11736,0
11735,0
11734,0
11733,0
11732,0
11731,0
11730,0
11729,0
11728,0
11727,0
11726,0
11725,0
11724,0
11723,0
11722,0
11721,0
11720,0
11719,0
11718,0
11717,0
11716,0
11715,0
11714,0
11713,0
11712,0
11711,0
11710,0
11709,0
11708,0
11707,0
11706,0
11705,0
11704,0
11703,0
11702,0
11701,0
11700,0
11699,0
11698,0
11697,0
11696,0
11695,0
11694,0
11693,0
11692,0
11691,0
11690,0
11689,0
11688,0
11687,0
11686,0
11685,0
11684,0
11683,0
11682,0
11681,0
11680,0
11679,0
11678,0
11677,0
11676,0
11675,0
11674,0
11673,0
11672,0
11671,0
11670,0
11669,0
11668,0
11667,0
11666,0
11665,0
11664,0
11663,0
11662,0
11661,0
11660,0
11659,0
11658,0
11657,0
11656,0
11655,0
11654,0
11653,0
11652,0
11651,0
11650,0
11649,0
11648,0
11647,0
11646,0
11645,0
11644,0
11643,0
11642,0
11641,0
11640,0
11639,0
11638,0
11637,0
11636,0
11635,0
11634,0
11633,0
11632,0
11631,0
11630,0
11629,0
11628,0
11627,0
11626,0
11625,0
11624,0
11623,0
11622,0
11621,0
11620,0
11619,0
11618,0
11617,0
11616,0
11615,0
11614,0
11613,0
11612,0
11611,0
11610,0
11609,0
11608,0
11607,0
11606,0
11605,0
11604,0
11603,0
11602,0
11601,0
11600,0
11599,0
11598,0
11597,0
11596,0
11595,0
11594,0
11593,0
11592,0
11591,0
11590,0
11589,0
11588,0
11587,0
11586,0
11585,0
11584,0
11583,0
11582,0
11581,0
11580,0
11579,0
11578,0
11577,0
11576,0
11575,0
11574,0
11573,0
11572,0
11571,0
11570,0
11569,0
11568,0
11567,0
11566,0
11565,0
11564,0
11563,0
11562,0
11561,0
11560,0
11559,0
11558,0
11557,0
11556,0
11555,0
11554,0
11553,0
11552,0
11551,0
11550,0
11549,0
11548,0
11547,0
11546,0
11545,0
11544,0
11543,0
11542,0
11541,0
11540,0
11539,0
11538,0
11537,0
11536,0
11535,0
11534,0
11533,0
11532,0
11531,0
11530,0
11529,0
11528,0
11527,0
11526,0
11525,0
11524,0
11523,0
11522,0
11521,0
11520,0
11519,0
11518,0
11517,0
11516,0
11515,0
11514,0
11513,0
11512,0
11511,0
11510,0
11509,0
11508,0
11507,0
11506,0
11505,0
11504,0
11503,0
11502,0
11501,0
11500,0
11499,0
11498,0
11497,0
11496,0
11495,0
11494,0
11493,0
11492,0
11491,0
11490,0
11489,0
11488,0
11487,0
11486,0
11485,0
11484,0
11483,0
11482,0
11481,0
11480,0
11479,0
11478,0
11477,0
11476,0
11475,0
11474,0
11473,0
11472,0
11471,0
11470,0
11469,0
11468,0
11467,0
11466,0
11465,0
11464,0
11463,0
11462,0
11461,0
11460,0
11459,0
11458,0
11457,0
11456,0
11455,0
11454,0
11453,0
11452,0
11451,0
11450,0
11449,0
11448,0
11447,0
11446,0
11445,0
11444,0
11443,0
11442,0
11441,0
11440,0
11439,0
11438,0
11437,0
11436,0
11435,0
11434,0
11433,0
11432,0
11431,0
11430,0
11429,0
11428,0
11427,0
11426,0
11425,0
11424,0
11423,0
11422,0
11421,0
11420,0
11419,0
11418,0
11417,0
11416,0
11415,0
11414,0
11413,0
11412,0
11411,0
11410,0
11409,0
11408,0
11407,0
11406,0
11405,0
11404,0
11403,0
11402,0
11401,0
11400,0
11399,0
11398,0
11397,0
11396,0
11395,0
11394,0
11393,0
11392,0
11391,0
11390,0
11389,0
11388,0
11387,0
11386,0
11385,0
11384,0
11383,0
11382,0
11381,0
11380,0
11379,0
11378,0
11377,0
11376,0
11375,0
11374,0
11373,0
11372,0
11371,0
11370,0
11369,0
11368,0
11367,0
11366,0
11365,0
11364,0
11363,0
11362,0
11361,0
11360,0
11359,0
11358,0
11357,0
11356,0
11355,0
11354,0
11353,0
11352,0
11351,0
11350,0
11349,0
11348,0
11347,0
11346,0
11345,0
11344,0
11343,0
11342,0
11341,0
11340,0
11339,0
11338,0
11337,0
11336,0
11335,0
11334,0
11333,0
11332,0
11331,0
11330,0
11329,0
11328,0
11327,0
11326,0
11325,0
11324,0
11323,0
11322,0
11321,0
11320,0
11319,0
11318,0
11317,0
11316,0
11315,0
11314,0
11313,0
11312,0
11311,0
11310,0
11309,0
11308,0
11307,0
11306,0
11305,0
11304,0
11303,0
11302,0
11301,0
11300,0
11299,0
11298,0
11297,0
11296,0
11295,0
11294,0
11293,0
11292,0
11291,0
11290,0
11289,0
11288,0
11287,0
11286,0
11285,0
11284,0
11283,0
11282,0
11281,0
11280,0
11279,0
11278,0
11277,0
11276,0
11275,0
11274,0
11273,0
11272,0
11271,0
11270,0
11269,0
11268,0
11267,0
11266,0
11265,0
11264,0
11263,0
11262,0
11261,0
11260,0
11259,0
11258,0
11257,0
11256,0
11255,0
11254,0
11253,0
11252,0
11251,0
11250,0
11249,0
11248,0
11247,0
11246,0
11245,0
11244,0
11243,0
11242,0
11241,0
11240,0
11239,0
11238,0
11237,0
11236,0
11235,0
11234,0
11233,0
11232,0
11231,0
11230,0
11229,0
11228,0
11227,0
11226,0
11225,0
11224,0
11223,0
11222,0
11221,0
11220,0
11219,0
11218,0
11217,0
11216,0
11215,0
11214,0
11213,0
11212,0
11211,0
11210,0
11209,0
11208,0
11207,0
11206,0
11205,0
11204,0
11203,0
11202,0
11201,0
11200,0
11199,0
11198,0
11197,0
11196,0
11195,0
11194,0
11193,0
11192,0
11191,0
11190,0
11189,0
11188,0
11187,0
11186,0
11185,0
11184,0
11183,0
11182,0
11181,0
11180,0
11179,0
11178,0
11177,0
11176,0
11175,0
11174,0
11173,0
11172,0
11171,0
11170,0
11169,0
11168,0
11167,0
11166,0
11165,0
11164,0
11163,0
11162,0
11161,0
11160,0
11159,0
11158,0
11157,0
11156,0
11155,0
11154,0
11153,0
11152,0
11151,0
11150,0
11149,0
11148,0
11147,0
11146,0
11145,0
11144,0
11143,0
11142,0
11141,0
11140,0
11139,0
11138,0
11137,0
11136,0
11135,0
11134,0
11133,0
11132,0
11131,0
11130,0
11129,0
11128,0
11127,0
11126,0
11125,0
11124,0
11123,0
11122,0
11121,0
11120,0
11119,0
11118,0
11117,0
11116,0
11115,0
11114,0
11113,0
11112,0
11111,0
11110,0
11109,0
11108,0
11107,0
11106,0
11105,0
11104,0
11103,0
11102,0
11101,0
11100,0
11099,0
11098,0
11097,0
11096,0
11095,0
11094,0
11093,0
11092,0
11091,0
11090,0
11089,0
11088,0
11087,0
11086,0
11085,0
11084,0
11083,0
11082,0
11081,0
11080,0
11079,0
11078,0
11077,0
11076,0
11075,0
11074,0
11073,0
11072,0
11071,0
11070,0
11069,0
11068,0
11067,0
11066,0
11065,0
11064,0
11063,0
11062,0
11061,0
11060,0
11059,0
11058,0
11057,0
11056,0
11055,0
11054,0
11053,0
11052,0
11051,0
11050,0
11049,0
11048,0
11047,0
11046,0
11045,0
11044,0
11043,0
11042,0
11041,0
11040,0
11039,0
11038,0
11037,0
11036,0
11035,0
11034,0
11033,0
11032,0
11031,0
11030,0
11029,0
11028,0
11027,0
11026,0
11025,0
11024,0
11023,0
11022,0
11021,0
11020,0
11019,0
11018,0
11017,0
11016,0
11015,0
11014,0
11013,0
11012,0
11011,0
11010,0
11009,0
11008,0
11007,0
11006,0
11005,0
11004,0
11003,0
11002,0
11001,0
11000,0
10999,0
10998,0
10997,0
10996,0
10995,0
10994,0
10993,0
10992,0
10991,0
10990,0
10989,0
10988,0
10987,0
10986,0
10985,0
10984,0
10983,0
10982,0
10981,0
10980,0
10979,0
10978,0
10977,0
10976,0
10975,0
10974,0
10973,0
10972,0
10971,0
10970,0
10969,0
10968,0
10967,0
10966,0
10965,0
10964,0
10963,0
10962,0
10961,0
10960,0
10959,0
10958,0
10957,0
10956,0
10955,0
10954,0
10953,0
10952,0
10951,0
10950,0
10949,0
10948,0
10947,0
10946,0
10945,0
10944,0
10943,0
10942,0
10941,0
10940,0
10939,0
10938,0
10937,0
10936,0
10935,0
10934,0
10933,0
10932,0
10931,0
10930,0
10929,0
10928,0
10927,0
10926,0
10925,0
10924,0
10923,0
10922,0
10921,0
10920,0
10919,0
10918,0
10917,0
10916,0
10915,0
10914,0
10913,0
10912,0
10911,0
10910,0
10909,0
10908,0
10907,0
10906,0
10905,0
10904,0
10903,0
10902,0
10901,0
10900,0
10899,0
10898,0
10897,0
10896,0
10895,0
10894,0
10893,0
10892,0
10891,0
10890,0
10889,0
10888,0
10887,0
10886,0
10885,0
10884,0
10883,0
10882,0
10881,0
10880,0
10879,0
10878,0
10877,0
10876,0
10875,0
10874,0
10873,0
10872,0
10871,0
10870,0
10869,0
10868,0
10867,0
10866,0
10865,0
10864,0
10863,0
10862,0
10861,0
10860,0
10859,0
10858,0
10857,0
10856,0
10855,0
10854,0
10853,0
10852,0
10851,0
10850,0
10849,0
10848,0
10847,0
10846,0
10845,0
10844,0
10843,0
10842,0
10841,0
10840,0
10839,0
10838,0
10837,0
10836,0
10835,0
10834,0
10833,0
10832,0
10831,0
10830,0
10829,0
10828,0
10827,0
10826,0
10825,0
10824,0
10823,0
10822,0
10821,0
10820,0
10819,0
10818,0
10817,0
10816,0
10815,0
10814,0
10813,0
10812,0
10811,0
10810,0
10809,0
10808,0
10807,0
10806,0
10805,0
10804,0
10803,0
10802,0
10801,0
10800,0
10799,0
10798,0
10797,0
10796,0
10795,0
10794,0
10793,0
10792,0
10791,0
10790,0
10789,0
10788,0
10787,0
10786,0
10785,0
10784,0
10783,0
10782,0
10781,0
10780,0
10779,0
10778,0
10777,0
10776,0
10775,0
10774,0
10773,0
10772,0
10771,0
10770,0
10769,0
10768,0
10767,0
10766,0
10765,0
10764,0
10763,0
10762,0
10761,0
10760,0
10759,0
10758,0
10757,0
10756,0
10755,0
10754,0
10753,0
10752,0
10751,0
10750,0
10749,0
10748,0
10747,0
10746,0
10745,0
10744,0
10743,0
10742,0
10741,0
10740,0
10739,0
10738,0
10737,0
10736,0
10735,0
10734,0
10733,0
10732,0
10731,0
10730,0
10729,0
10728,0
10727,0
10726,0
10725,0
10724,0
10723,0
10722,0
10721,0
10720,0
10719,0
10718,0
10717,0
10716,0
10715,0
10714,0
10713,0
10712,0
10711,0
10710,0
10709,0
10708,0
10707,0
10706,0
10705,0
10704,0
10703,0
10702,0
10701,0
10700,0
10699,0
10698,0
10697,0
10696,0
10695,0
10694,0
10693,0
10692,0
10691,0
10690,0
10689,0
10688,0
10687,0
10686,0
10685,0
10684,0
10683,0
10682,0
10681,0
10680,0
10679,0
10678,0
10677,0
10676,0
10675,0
10674,0
10673,0
10672,0
10671,0
10670,0
10669,0
10668,0
10667,0
10666,0
10665,0
10664,0
10663,0
10662,0
10661,0
10660,0
10659,0
10658,0
10657,0
10656,0
10655,0
10654,0
10653,0
10652,0
10651,0
10650,0
10649,0
10648,0
10647,0
10646,0
10645,0
10644,0
10643,0
10642,0
10641,0
10640,0
10639,0
10638,0
10637,0
10636,0
10635,0
10634,0
10633,0
10632,0
10631,0
10630,0
10629,0
10628,0
10627,0
10626,0
10625,0
10624,0
10623,0
10622,0
10621,0
10620,0
10619,0
10618,0
10617,0
10616,0
10615,0
10614,0
10613,0
10612,0
10611,0
10610,0
10609,0
10608,0
10607,0
10606,0
10605,0
10604,0
10603,0
10602,0
10601,0
10600,0
10599,0
10598,0
10597,0
10596,0
10595,0
10594,0
10593,0
10592,0
10591,0
10590,0
10589,0
10588,0
10587,0
10586,0
10585,0
10584,0
10583,0
10582,0
10581,0
10580,0
10579,0
10578,0
10577,0
10576,0
10575,0
10574,0
10573,0
10572,0
10571,0
10570,0
10569,0
10568,0
10567,0
10566,0
10565,0
10564,0
10563,0
10562,0
10561,0
10560,0
10559,0
10558,0
10557,0
10556,0
10555,0
10554,0
10553,0
10552,0
10551,0
10550,0
10549,0
10548,0
10547,0
10546,0
10545,0
10544,0
10543,0
10542,0
10541,0
10540,0
10539,0
10538,0
10537,0
10536,0
10535,0
10534,0
10533,0
10532,0
10531,0
10530,0
10529,0
10528,0
10527,0
10526,0
10525,0
10524,0
10523,0
10522,0
10521,0
10520,0
10519,0
10518,0
10517,0
10516,0
10515,0
10514,0
10513,0
10512,0
10511,0
10510,0
10509,0
10508,0
10507,0
10506,0
10505,0
10504,0
10503,0
10502,0
10501,0
10500,0
10499,0
10498,0
10497,0
10496,0
10495,0
10494,0
10493,0
10492,0
10491,0
10490,0
10489,0
10488,0
10487,0
10486,0
10485,0
10484,0
10483,0
10482,0
10481,0
10480,0
10479,0
10478,0
10477,0
10476,0
10475,0
10474,0
10473,0
10472,0
10471,0
10470,0
10469,0
10468,0
10467,0
10466,0
10465,0
10464,0
10463,0
10462,0
10461,0
10460,0
10459,0
10458,0
10457,0
10456,0
10455,0
10454,0
10453,0
10452,0
10451,0
10450,0
10449,0
10448,0
10447,0
10446,0
10445,0
10444,0
10443,0
10442,0
10441,0
10440,0
10439,0
10438,0
10437,0
10436,0
10435,0
10434,0
10433,0
10432,0
10431,0
10430,0
10429,0
10428,0
10427,0
10426,0
10425,0
10424,0
10423,0
10422,0
10421,0
10420,0
10419,0
10418,0
10417,0
10416,0
10415,0
10414,0
10413,0
10412,0
10411,0
10410,0
10409,0
10408,0
10407,0
10406,0
10405,0
10404,0
10403,0
10402,0
10401,0
10400,0
10399,0
10398,0
10397,0
10396,0
10395,0
10394,0
10393,0
10392,0
10391,0
10390,0
10389,0
10388,0
10387,0
10386,0
10385,0
10384,0
10383,0
10382,0
10381,0
10380,0
10379,0
10378,0
10377,0
10376,0
10375,0
10374,0
10373,0
10372,0
10371,0
10370,0
10369,0
10368,0
10367,0
10366,0
10365,0
10364,0
10363,0
10362,0
10361,0
10360,0
10359,0
10358,0
10357,0
10356,0
10355,0
10354,0
10353,0
10352,0
10351,0
10350,0
10349,0
10348,0
10347,0
10346,0
10345,0
10344,0
10343,0
10342,0
10341,0
10340,0
10339,0
10338,0
10337,0
10336,0
10335,0
10334,0
10333,0
10332,0
10331,0
10330,0
10329,0
10328,0
10327,0
10326,0
10325,0
10324,0
10323,0
10322,0
10321,0
10320,0
10319,0
10318,0
10317,0
10316,0
10315,0
10314,0
10313,0
10312,0
10311,0
10310,0
10309,0
10308,0
10307,0
10306,0
10305,0
10304,0
10303,0
10302,0
10301,0
10300,0
10299,0
10298,0
10297,0
10296,0
10295,0
10294,0
10293,0
10292,0
10291,0
10290,0
10289,0
10288,0
10287,0
10286,0
10285,0
10284,0
10283,0
10282,0
10281,0
10280,0
10279,0
10278,0
10277,0
10276,0
10275,0
10274,0
10273,0
10272,0
10271,0
10270,0
10269,0
10268,0
10267,0
10266,0
10265,0
10264,0
10263,0
10262,0
10261,0
10260,0
10259,0
10258,0
10257,0
10256,0
10255,0
10254,0
10253,0
10252,0
10251,0
10250,0
10249,0
10248,0
10247,0
10246,0
10245,0
10244,0
10243,0
10242,0
10241,0
10240,0
10239,0
10238,0
10237,0
10236,0
10235,0
10234,0
10233,0
10232,0
10231,0
10230,0
10229,0
10228,0
10227,0
10226,0
10225,0
10224,0
10223,0
10222,0
10221,0
10220,0
10219,0
10218,0
10217,0
10216,0
10215,0
10214,0
10213,0
10212,0
10211,0
10210,0
10209,0
10208,0
10207,0
10206,0
10205,0
10204,0
10203,0
10202,0
10201,0
10200,0
10199,0
10198,0
10197,0
10196,0
10195,0
10194,0
10193,0
10192,0
10191,0
10190,0
10189,0
10188,0
10187,0
10186,0
10185,0
10184,0
10183,0
10182,0
10181,0
10180,0
10179,0
10178,0
10177,0
10176,0
10175,0
10174,0
10173,0
10172,0
10171,0
10170,0
10169,0
10168,0
10167,0
10166,0
10165,0
10164,0
10163,0
10162,0
10161,0
10160,0
10159,0
10158,0
10157,0
10156,0
10155,0
10154,0
10153,0
10152,0
10151,0
10150,0
10149,0
10148,0
10147,0
10146,0
10145,0
10144,0
10143,0
10142,0
10141,0
10140,0
10139,0
10138,0
10137,0
10136,0
10135,0
10134,0
10133,0
10132,0
10131,0
10130,0
10129,0
10128,0
10127,0
10126,0
10125,0
10124,0
10123,0
10122,0
10121,0
10120,0
10119,0
10118,0
10117,0
10116,0
10115,0
10114,0
10113,0
10112,0
10111,0
10110,0
10109,0
10108,0
10107,0
10106,0
10105,0
10104,0
10103,0
10102,0
10101,0
10100,0
10099,0
10098,0
10097,0
10096,0
10095,0
10094,0
10093,0
10092,0
10091,0
10090,0
10089,0
10088,0
10087,0
10086,0
10085,0
10084,0
10083,0
10082,0
10081,0
10080,0
10079,0
10078,0
10077,0
10076,0
10075,0
10074,0
10073,0
10072,0
10071,0
10070,0
10069,0
10068,0
10067,0
10066,0
10065,0
10064,0
10063,0
10062,0
10061,0
10060,0
10059,0
10058,0
10057,0
10056,0
10055,0
10054,0
10053,0
10052,0
10051,0
10050,0
10049,0
10048,0
10047,0
10046,0
10045,0
10044,0
10043,0
10042,0
10041,0
10040,0
10039,0
10038,0
10037,0
10036,0
10035,0
10034,0
10033,0
10032,0
10031,0
10030,0
10029,0
10028,0
10027,0
10026,0
10025,0
10024,0
10023,0
10022,0
10021,0
10020,0
10019,0
10018,0
10017,0
10016,0
10015,0
10014,0
10013,0
10012,0
10011,0
10010,0
10009,0
10008,0
10007,0
10006,0
10005,0
10004,0
10003,0
10002,0
10001,0
10000,0
9999,0
9998,0
9997,0
9996,0
9995,0
9994,0
9993,0
9992,0
9991,0
9990,0
9989,0
9988,0
9987,0
9986,0
9985,0
9984,0
9983,0
9982,0
9981,0
9980,0
9979,0
9978,0
9977,0
9976,0
9975,0
9974,0
9973,0
9972,0
9971,0
9970,0
9969,0
9968,0
9967,0
9966,0
9965,0
9964,0
9963,0
9962,0
9961,0
9960,0
9959,0
9958,0
9957,0
9956,0
9955,0
9954,0
9953,0
9952,0
9951,0
9950,0
9949,0
9948,0
9947,0
9946,0
9945,0
9944,0
9943,0
9942,0
9941,0
9940,0
9939,0
9938,0
9937,0
9936,0
9935,0
9934,0
9933,0
9932,0
9931,0
9930,0
9929,0
9928,0
9927,0
9926,0
9925,0
9924,0
9923,0
9922,0
9921,0
9920,0
9919,0
9918,0
9917,0
9916,0
9915,0
9914,0
9913,0
9912,0
9911,0
9910,0
9909,0
9908,0
9907,0
9906,0
9905,0
9904,0
9903,0
9902,0
9901,0
9900,0
9899,0
9898,0
9897,0
9896,0
9895,0
9894,0
9893,0
9892,0
9891,0
9890,0
9889,0
9888,0
9887,0
9886,0
9885,0
9884,0
9883,0
9882,0
9881,0
9880,0
9879,0
9878,0
9877,0
9876,0
9875,0
9874,0
9873,0
9872,0
9871,0
9870,0
9869,0
9868,0
9867,0
9866,0
9865,0
9864,0
9863,0
9862,0
9861,0
9860,0
9859,0
9858,0
9857,0
9856,0
9855,0
9854,0
9853,0
9852,0
9851,0
9850,0
9849,0
9848,0
9847,0
9846,0
9845,0
9844,0
9843,0
9842,0
9841,0
9840,0
9839,0
9838,0
9837,0
9836,0
9835,0
9834,0
9833,0
9832,0
9831,0
9830,0
9829,0
9828,0
9827,0
9826,0
9825,0
9824,0
9823,0
9822,0
9821,0
9820,0
9819,0
9818,0
9817,0
9816,0
9815,0
9814,0
9813,0
9812,0
9811,0
9810,0
9809,0
9808,0
9807,0
9806,0
9805,0
9804,0
9803,0
9802,0
9801,0
9800,0
9799,0
9798,0
9797,0
9796,0
9795,0
9794,0
9793,0
9792,0
9791,0
9790,0
9789,0
9788,0
9787,0
9786,0
9785,0
9784,0
9783,0
9782,0
9781,0
9780,0
9779,0
9778,0
9777,0
9776,0
9775,0
9774,0
9773,0
9772,0
9771,0
9770,0
9769,0
9768,0
9767,0
9766,0
9765,0
9764,0
9763,0
9762,0
9761,0
9760,0
9759,0
9758,0
9757,0
9756,0
9755,0
9754,0
9753,0
9752,0
9751,0
9750,0
9749,0
9748,0
9747,0
9746,0
9745,0
9744,0
9743,0
9742,0
9741,0
9740,0
9739,0
9738,0
9737,0
9736,0
9735,0
9734,0
9733,0
9732,0
9731,0
9730,0
9729,0
9728,0
9727,0
9726,0
9725,0
9724,0
9723,0
9722,0
9721,0
9720,0
9719,0
9718,0
9717,0
9716,0
9715,0
9714,0
9713,0
9712,0
9711,0
9710,0
9709,0
9708,0
9707,0
9706,0
9705,0
9704,0
9703,0
9702,0
9701,0
9700,0
9699,0
9698,0
9697,0
9696,0
9695,0
9694,0
9693,0
9692,0
9691,0
9690,0
9689,0
9688,0
9687,0
9686,0
9685,0
9684,0
9683,0
9682,0
9681,0
9680,0
9679,0
9678,0
9677,0
9676,0
9675,0
9674,0
9673,0
9672,0
9671,0
9670,0
9669,0
9668,0
9667,0
9666,0
9665,0
9664,0
9663,0
9662,0
9661,0
9660,0
9659,0
9658,0
9657,0
9656,0
9655,0
9654,0
9653,0
9652,0
9651,0
9650,0
9649,0
9648,0
9647,0
9646,0
9645,0
9644,0
9643,0
9642,0
9641,0
9640,0
9639,0
9638,0
9637,0
9636,0
9635,0
9634,0
9633,0
9632,0
9631,0
9630,0
9629,0
9628,0
9627,0
9626,0
9625,0
9624,0
9623,0
9622,0
9621,0
9620,0
9619,0
9618,0
9617,0
9616,0
9615,0
9614,0
9613,0
9612,0
9611,0
9610,0
9609,0
9608,0
9607,0
9606,0
9605,0
9604,0
9603,0
9602,0
9601,0
9600,0
9599,0
9598,0
9597,0
9596,0
9595,0
9594,0
9593,0
9592,0
9591,0
9590,0
9589,0
9588,0
9587,0
9586,0
9585,0
9584,0
9583,0
9582,0
9581,0
9580,0
9579,0
9578,0
9577,0
9576,0
9575,0
9574,0
9573,0
9572,0
9571,0
9570,0
9569,0
9568,0
9567,0
9566,0
9565,0
9564,0
9563,0
9562,0
9561,0
9560,0
9559,0
9558,0
9557,0
9556,0
9555,0
9554,0
9553,0
9552,0
9551,0
9550,0
9549,0
9548,0
9547,0
9546,0
9545,0
9544,0
9543,0
9542,0
9541,0
9540,0
9539,0
9538,0
9537,0
9536,0
9535,0
9534,0
9533,0
9532,0
9531,0
9530,0
9529,0
9528,0
9527,0
9526,0
9525,0
9524,0
9523,0
9522,0
9521,0
9520,0
9519,0
9518,0
9517,0
9516,0
9515,0
9514,0
9513,0
9512,0
9511,0
9510,0
9509,0
9508,0
9507,0
9506,0
9505,0
9504,0
9503,0
9502,0
9501,0
9500,0
9499,0
9498,0
9497,0
9496,0
9495,0
9494,0
9493,0
9492,0
9491,0
9490,0
9489,0
9488,0
9487,0
9486,0
9485,0
9484,0
9483,0
9482,0
9481,0
9480,0
9479,0
9478,0
9477,0
9476,0
9475,0
9474,0
9473,0
9472,0
9471,0
9470,0
9469,0
9468,0
9467,0
9466,0
9465,0
9464,0
9463,0
9462,0
9461,0
9460,0
9459,0
9458,0
9457,0
9456,0
9455,0
9454,0
9453,0
9452,0
9451,0
9450,0
9449,0
9448,0
9447,0
9446,0
9445,0
9444,0
9443,0
9442,0
9441,0
9440,0
9439,0
9438,0
9437,0
9436,0
9435,0
9434,0
9433,0
9432,0
9431,0
9430,0
9429,0
9428,0
9427,0
9426,0
9425,0
9424,0
9423,0
9422,0
9421,0
9420,0
9419,0
9418,0
9417,0
9416,0
9415,0
9414,0
9413,0
9412,0
9411,0
9410,0
9409,0
9408,0
9407,0
9406,0
9405,0
9404,0
9403,0
9402,0
9401,0
9400,0
9399,0
9398,0
9397,0
9396,0
9395,0
9394,0
9393,0
9392,0
9391,0
9390,0
9389,0
9388,0
9387,0
9386,0
9385,0
9384,0
9383,0
9382,0
9381,0
9380,0
9379,0
9378,0
9377,0
9376,0
9375,0
9374,0
9373,0
9372,0
9371,0
9370,0
9369,0
9368,0
9367,0
9366,0
9365,0
9364,0
9363,0
9362,0
9361,0
9360,0
9359,0
9358,0
9357,0
9356,0
9355,0
9354,0
9353,0
9352,0
9351,0
9350,0
9349,0
9348,0
9347,0
9346,0
9345,0
9344,0
9343,0
9342,0
9341,0
9340,0
9339,0
9338,0
9337,0
9336,0
9335,0
9334,0
9333,0
9332,0
9331,0
9330,0
9329,0
9328,0
9327,0
9326,0
9325,0
9324,0
9323,0
9322,0
9321,0
9320,0
9319,0
9318,0
9317,0
9316,0
9315,0
9314,0
9313,0
9312,0
9311,0
9310,0
9309,0
9308,0
9307,0
9306,0
9305,0
9304,0
9303,0
9302,0
9301,0
9300,0
9299,0
9298,0
9297,0
9296,0
9295,0
9294,0
9293,0
9292,0
9291,0
9290,0
9289,0
9288,0
9287,0
9286,0
9285,0
9284,0
9283,0
9282,0
9281,0
9280,0
9279,0
9278,0
9277,0
9276,0
9275,0
9274,0
9273,0
9272,0
9271,0
9270,0
9269,0
9268,0
9267,0
9266,0
9265,0
9264,0
9263,0
9262,0
9261,0
9260,0
9259,0
9258,0
9257,0
9256,0
9255,0
9254,0
9253,0
9252,0
9251,0
9250,0
9249,0
9248,0
9247,0
9246,0
9245,0
9244,0
9243,0
9242,0
9241,0
9240,0
9239,0
9238,0
9237,0
9236,0
9235,0
9234,0
9233,0
9232,0
9231,0
9230,0
9229,0
9228,0
9227,0
9226,0
9225,0
9224,0
9223,0
9222,0
9221,0
9220,0
9219,0
9218,0
9217,0
9216,0
9215,0
9214,0
9213,0
9212,0
9211,0
9210,0
9209,0
9208,0
9207,0
9206,0
9205,0
9204,0
9203,0
9202,0
9201,0
9200,0
9199,0
9198,0
9197,0
9196,0
9195,0
9194,0
9193,0
9192,0
9191,0
9190,0
9189,0
9188,0
9187,0
9186,0
9185,0
9184,0
9183,0
9182,0
9181,0
9180,0
9179,0
9178,0
9177,0
9176,0
9175,0
9174,0
9173,0
9172,0
9171,0
9170,0
9169,0
9168,0
9167,0
9166,0
9165,0
9164,0
9163,0
9162,0
9161,0
9160,0
9159,0
9158,0
9157,0
9156,0
9155,0
9154,0
9153,0
9152,0
9151,0
9150,0
9149,0
9148,0
9147,0
9146,0
9145,0
9144,0
9143,0
9142,0
9141,0
9140,0
9139,0
9138,0
9137,0
9136,0
9135,0
9134,0
9133,0
9132,0
9131,0
9130,0
9129,0
9128,0
9127,0
9126,0
9125,0
9124,0
9123,0
9122,0
9121,0
9120,0
9119,0
9118,0
9117,0
9116,0
9115,0
9114,0
9113,0
9112,0
9111,0
9110,0
9109,0
9108,0
9107,0
9106,0
9105,0
9104,0
9103,0
9102,0
9101,0
9100,0
9099,0
9098,0
9097,0
9096,0
9095,0
9094,0
9093,0
9092,0
9091,0
9090,0
9089,0
9088,0
9087,0
9086,0
9085,0
9084,0
9083,0
9082,0
9081,0
9080,0
9079,0
9078,0
9077,0
9076,0
9075,0
9074,0
9073,0
9072,0
9071,0
9070,0
9069,0
9068,0
9067,0
9066,0
9065,0
9064,0
9063,0
9062,0
9061,0
9060,0
9059,0
9058,0
9057,0
9056,0
9055,0
9054,0
9053,0
9052,0
9051,0
9050,0
9049,0
9048,0
9047,0
9046,0
9045,0
9044,0
9043,0
9042,0
9041,0
9040,0
9039,0
9038,0
9037,0
9036,0
9035,0
9034,0
9033,0
9032,0
9031,0
9030,0
9029,0
9028,0
9027,0
9026,0
9025,0
9024,0
9023,0
9022,0
9021,0
9020,0
9019,0
9018,0
9017,0
9016,0
9015,0
9014,0
9013,0
9012,0
9011,0
9010,0
9009,0
9008,0
9007,0
9006,0
9005,0
9004,0
9003,0
9002,0
9001,0
9000,0
8999,0
8998,0
8997,0
8996,0
8995,0
8994,0
8993,0
8992,0
8991,0
8990,0
8989,0
8988,0
8987,0
8986,0
8985,0
8984,0
8983,0
8982,0
8981,0
8980,0
8979,0
8978,0
8977,0
8976,0
8975,0
8974,0
8973,0
8972,0
8971,0
8970,0
8969,0
8968,0
8967,0
8966,0
8965,0
8964,0
8963,0
8962,0
8961,0
8960,0
8959,0
8958,0
8957,0
8956,0
8955,0
8954,0
8953,0
8952,0
8951,0
8950,0
8949,0
8948,0
8947,0
8946,0
8945,0
8944,0
8943,0
8942,0
8941,0
8940,0
8939,0
8938,0
8937,0
8936,0
8935,0
8934,0
8933,0
8932,0
8931,0
8930,0
8929,0
8928,0
8927,0
8926,0
8925,0
8924,0
8923,0
8922,0
8921,0
8920,0
8919,0
8918,0
8917,0
8916,0
8915,0
8914,0
8913,0
8912,0
8911,0
8910,0
8909,0
8908,0
8907,0
8906,0
8905,0
8904,0
8903,0
8902,0
8901,0
8900,0
8899,0
8898,0
8897,0
8896,0
8895,0
8894,0
8893,0
8892,0
8891,0
8890,0
8889,0
8888,0
8887,0
8886,0
8885,0
8884,0
8883,0
8882,0
8881,0
8880,0
8879,0
8878,0
8877,0
8876,0
8875,0
8874,0
8873,0
8872,0
8871,0
8870,0
8869,0
8868,0
8867,0
8866,0
8865,0
8864,0
8863,0
8862,0
8861,0
8860,0
8859,0
8858,0
8857,0
8856,0
8855,0
8854,0
8853,0
8852,0
8851,0
8850,0
8849,0
8848,0
8847,0
8846,0
8845,0
8844,0
8843,0
8842,0
8841,0
8840,0
8839,0
8838,0
8837,0
8836,0
8835,0
8834,0
8833,0
8832,0
8831,0
8830,0
8829,0
8828,0
8827,0
8826,0
8825,0
8824,0
8823,0
8822,0
8821,0
8820,0
8819,0
8818,0
8817,0
8816,0
8815,0
8814,0
8813,0
8812,0
8811,0
8810,0
8809,0
8808,0
8807,0
8806,0
8805,0
8804,0
8803,0
8802,0
8801,0
8800,0
8799,0
8798,0
8797,0
8796,0
8795,0
8794,0
8793,0
8792,0
8791,0
8790,0
8789,0
8788,0
8787,0
8786,0
8785,0
8784,0
8783,0
8782,0
8781,0
8780,0
8779,0
8778,0
8777,0
8776,0
8775,0
8774,0
8773,0
8772,0
8771,0
8770,0
8769,0
8768,0
8767,0
8766,0
8765,0
8764,0
8763,0
8762,0
8761,0
8760,0
8759,0
8758,0
8757,0
8756,0
8755,0
8754,0
8753,0
8752,0
8751,0
8750,0
8749,0
8748,0
8747,0
8746,0
8745,0
8744,0
8743,0
8742,0
8741,0
8740,0
8739,0
8738,0
8737,0
8736,0
8735,0
8734,0
8733,0
8732,0
8731,0
8730,0
8729,0
8728,0
8727,0
8726,0
8725,0
8724,0
8723,0
8722,0
8721,0
8720,0
8719,0
8718,0
8717,0
8716,0
8715,0
8714,0
8713,0
8712,0
8711,0
8710,0
8709,0
8708,0
8707,0
8706,0
8705,0
8704,0
8703,0
8702,0
8701,0
8700,0
8699,0
8698,0
8697,0
8696,0
8695,0
8694,0
8693,0
8692,0
8691,0
8690,0
8689,0
8688,0
8687,0
8686,0
8685,0
8684,0
8683,0
8682,0
8681,0
8680,0
8679,0
8678,0
8677,0
8676,0
8675,0
8674,0
8673,0
8672,0
8671,0
8670,0
8669,0
8668,0
8667,0
8666,0
8665,0
8664,0
8663,0
8662,0
8661,0
8660,0
8659,0
8658,0
8657,0
8656,0
8655,0
8654,0
8653,0
8652,0
8651,0
8650,0
8649,0
8648,0
8647,0
8646,0
8645,0
8644,0
8643,0
8642,0
8641,0
8640,0
8639,0
8638,0
8637,0
8636,0
8635,0
8634,0
8633,0
8632,0
8631,0
8630,0
8629,0
8628,0
8627,0
8626,0
8625,0
8624,0
8623,0
8622,0
8621,0
8620,0
8619,0
8618,0
8617,0
8616,0
8615,0
8614,0
8613,0
8612,0
8611,0
8610,0
8609,0
8608,0
8607,0
8606,0
8605,0
8604,0
8603,0
8602,0
8601,0
8600,0
8599,0
8598,0
8597,0
8596,0
8595,0
8594,0
8593,0
8592,0
8591,0
8590,0
8589,0
8588,0
8587,0
8586,0
8585,0
8584,0
8583,0
8582,0
8581,0
8580,0
8579,0
8578,0
8577,0
8576,0
8575,0
8574,0
8573,0
8572,0
8571,0
8570,0
8569,0
8568,0
8567,0
8566,0
8565,0
8564,0
8563,0
8562,0
8561,0
8560,0
8559,0
8558,0
8557,0
8556,0
8555,0
8554,0
8553,0
8552,0
8551,0
8550,0
8549,0
8548,0
8547,0
8546,0
8545,0
8544,0
8543,0
8542,0
8541,0
8540,0
8539,0
8538,0
8537,0
8536,0
8535,0
8534,0
8533,0
8532,0
8531,0
8530,0
8529,0
8528,0
8527,0
8526,0
8525,0
8524,0
8523,0
8522,0
8521,0
8520,0
8519,0
8518,0
8517,0
8516,0
8515,0
8514,0
8513,0
8512,0
8511,0
8510,0
8509,0
8508,0
8507,0
8506,0
8505,0
8504,0
8503,0
8502,0
8501,0
8500,0
8499,0
8498,0
8497,0
8496,0
8495,0
8494,0
8493,0
8492,0
8491,0
8490,0
8489,0
8488,0
8487,0
8486,0
8485,0
8484,0
8483,0
8482,0
8481,0
8480,0
8479,0
8478,0
8477,0
8476,0
8475,0
8474,0
8473,0
8472,0
8471,0
8470,0
8469,0
8468,0
8467,0
8466,0
8465,0
8464,0
8463,0
8462,0
8461,0
8460,0
8459,0
8458,0
8457,0
8456,0
8455,0
8454,0
8453,0
8452,0
8451,0
8450,0
8449,0
8448,0
8447,0
8446,0
8445,0
8444,0
8443,0
8442,0
8441,0
8440,0
8439,0
8438,0
8437,0
8436,0
8435,0
8434,0
8433,0
8432,0
8431,0
8430,0
8429,0
8428,0
8427,0
8426,0
8425,0
8424,0
8423,0
8422,0
8421,0
8420,0
8419,0
8418,0
8417,0
8416,0
8415,0
8414,0
8413,0
8412,0
8411,0
8410,0
8409,0
8408,0
8407,0
8406,0
8405,0
8404,0
8403,0
8402,0
8401,0
8400,0
8399,0
8398,0
8397,0
8396,0
8395,0
8394,0
8393,0
8392,0
8391,0
8390,0
8389,0
8388,0
8387,0
8386,0
8385,0
8384,0
8383,0
8382,0
8381,0
8380,0
8379,0
8378,0
8377,0
8376,0
8375,0
8374,0
8373,0
8372,0
8371,0
8370,0
8369,0
8368,0
8367,0
8366,0
8365,0
8364,0
8363,0
8362,0
8361,0
8360,0
8359,0
8358,0
8357,0
8356,0
8355,0
8354,0
8353,0
8352,0
8351,0
8350,0
8349,0
8348,0
8347,0
8346,0
8345,0
8344,0
8343,0
8342,0
8341,0
8340,0
8339,0
8338,0
8337,0
8336,0
8335,0
8334,0
8333,0
8332,0
8331,0
8330,0
8329,0
8328,0
8327,0
8326,0
8325,0
8324,0
8323,0
8322,0
8321,0
8320,0
8319,0
8318,0
8317,0
8316,0
8315,0
8314,0
8313,0
8312,0
8311,0
8310,0
8309,0
8308,0
8307,0
8306,0
8305,0
8304,0
8303,0
8302,0
8301,0
8300,0
8299,0
8298,0
8297,0
8296,0
8295,0
8294,0
8293,0
8292,0
8291,0
8290,0
8289,0
8288,0
8287,0
8286,0
8285,0
8284,0
8283,0
8282,0
8281,0
8280,0
8279,0
8278,0
8277,0
8276,0
8275,0
8274,0
8273,0
8272,0
8271,0
8270,0
8269,0
8268,0
8267,0
8266,0
8265,0
8264,0
8263,0
8262,0
8261,0
8260,0
8259,0
8258,0
8257,0
8256,0
8255,0
8254,0
8253,0
8252,0
8251,0
8250,0
8249,0
8248,0
8247,0
8246,0
8245,0
8244,0
8243,0
8242,0
8241,0
8240,0
8239,0
8238,0
8237,0
8236,0
8235,0
8234,0
8233,0
8232,0
8231,0
8230,0
8229,0
8228,0
8227,0
8226,0
8225,0
8224,0
8223,0
8222,0
8221,0
8220,0
8219,0
8218,0
8217,0
8216,0
8215,0
8214,0
8213,0
8212,0
8211,0
8210,0
8209,0
8208,0
8207,0
8206,0
8205,0
8204,0
8203,0
8202,0
8201,0
8200,0
8199,0
8198,0
8197,0
8196,0
8195,0
8194,0
8193,0
8192,0
8191,0
8190,0
8189,0
8188,0
8187,0
8186,0
8185,0
8184,0
8183,0
8182,0
8181,0
8180,0
8179,0
8178,0
8177,0
8176,0
8175,0
8174,0
8173,0
8172,0
8171,0
8170,0
8169,0
8168,0
8167,0
8166,0
8165,0
8164,0
8163,0
8162,0
8161,0
8160,0
8159,0
8158,0
8157,0
8156,0
8155,0
8154,0
8153,0
8152,0
8151,0
8150,0
8149,0
8148,0
8147,0
8146,0
8145,0
8144,0
8143,0
8142,0
8141,0
8140,0
8139,0
8138,0
8137,0
8136,0
8135,0
8134,0
8133,0
8132,0
8131,0
8130,0
8129,0
8128,0
8127,0
8126,0
8125,0
8124,0
8123,0
8122,0
8121,0
8120,0
8119,0
8118,0
8117,0
8116,0
8115,0
8114,0
8113,0
8112,0
8111,0
8110,0
8109,0
8108,0
8107,0
8106,0
8105,0
8104,0
8103,0
8102,0
8101,0
8100,0
8099,0
8098,0
8097,0
8096,0
8095,0
8094,0
8093,0
8092,0
8091,0
8090,0
8089,0
8088,0
8087,0
8086,0
8085,0
8084,0
8083,0
8082,0
8081,0
8080,0
8079,0
8078,0
8077,0
8076,0
8075,0
8074,0
8073,0
8072,0
8071,0
8070,0
8069,0
8068,0
8067,0
8066,0
8065,0
8064,0
8063,0
8062,0
8061,0
8060,0
8059,0
8058,0
8057,0
8056,0
8055,0
8054,0
8053,0
8052,0
8051,0
8050,0
8049,0
8048,0
8047,0
8046,0
8045,0
8044,0
8043,0
8042,0
8041,0
8040,0
8039,0
8038,0
8037,0
8036,0
8035,0
8034,0
8033,0
8032,0
8031,0
8030,0
8029,0
8028,0
8027,0
8026,0
8025,0
8024,0
8023,0
8022,0
8021,0
8020,0
8019,0
8018,0
8017,0
8016,0
8015,0
8014,0
8013,0
8012,0
8011,0
8010,0
8009,0
8008,0
8007,0
8006,0
8005,0
8004,0
8003,0
8002,0
8001,0
8000,0
7999,0
7998,0
7997,0
7996,0
7995,0
7994,0
7993,0
7992,0
7991,0
7990,0
7989,0
7988,0
7987,0
7986,0
7985,0
7984,0
7983,0
7982,0
7981,0
7980,0
7979,0
7978,0
7977,0
7976,0
7975,0
7974,0
7973,0
7972,0
7971,0
7970,0
7969,0
7968,0
7967,0
7966,0
7965,0
7964,0
7963,0
7962,0
7961,0
7960,0
7959,0
7958,0
7957,0
7956,0
7955,0
7954,0
7953,0
7952,0
7951,0
7950,0
7949,0
7948,0
7947,0
7946,0
7945,0
7944,0
7943,0
7942,0
7941,0
7940,0
7939,0
7938,0
7937,0
7936,0
7935,0
7934,0
7933,0
7932,0
7931,0
7930,0
7929,0
7928,0
7927,0
7926,0
7925,0
7924,0
7923,0
7922,0
7921,0
7920,0
7919,0
7918,0
7917,0
7916,0
7915,0
7914,0
7913,0
7912,0
7911,0
7910,0
7909,0
7908,0
7907,0
7906,0
7905,0
7904,0
7903,0
7902,0
7901,0
7900,0
7899,0
7898,0
7897,0
7896,0
7895,0
7894,0
7893,0
7892,0
7891,0
7890,0
7889,0
7888,0
7887,0
7886,0
7885,0
7884,0
7883,0
7882,0
7881,0
7880,0
7879,0
7878,0
7877,0
7876,0
7875,0
7874,0
7873,0
7872,0
7871,0
7870,0
7869,0
7868,0
7867,0
7866,0
7865,0
7864,0
7863,0
7862,0
7861,0
7860,0
7859,0
7858,0
7857,0
7856,0
7855,0
7854,0
7853,0
7852,0
7851,0
7850,0
7849,0
7848,0
7847,0
7846,0
7845,0
7844,0
7843,0
7842,0
7841,0
7840,0
7839,0
7838,0
7837,0
7836,0
7835,0
7834,0
7833,0
7832,0
7831,0
7830,0
7829,0
7828,0
7827,0
7826,0
7825,0
7824,0
7823,0
7822,0
7821,0
7820,0
7819,0
7818,0
7817,0
7816,0
7815,0
7814,0
7813,0
7812,0
7811,0
7810,0
7809,0
7808,0
7807,0
7806,0
7805,0
7804,0
7803,0
7802,0
7801,0
7800,0
7799,0
7798,0
7797,0
7796,0
7795,0
7794,0
7793,0
7792,0
7791,0
7790,0
7789,0
7788,0
7787,0
7786,0
7785,0
7784,0
7783,0
7782,0
7781,0
7780,0
7779,0
7778,0
7777,0
7776,0
7775,0
7774,0
7773,0
7772,0
7771,0
7770,0
7769,0
7768,0
7767,0
7766,0
7765,0
7764,0
7763,0
7762,0
7761,0
7760,0
7759,0
7758,0
7757,0
7756,0
7755,0
7754,0
7753,0
7752,0
7751,0
7750,0
7749,0
7748,0
7747,0
7746,0
7745,0
7744,0
7743,0
7742,0
7741,0
7740,0
7739,0
7738,0
7737,0
7736,0
7735,0
7734,0
7733,0
7732,0
7731,0
7730,0
7729,0
7728,0
7727,0
7726,0
7725,0
7724,0
7723,0
7722,0
7721,0
7720,0
7719,0
7718,0
7717,0
7716,0
7715,0
7714,0
7713,0
7712,0
7711,0
7710,0
7709,0
7708,0
7707,0
7706,0
7705,0
7704,0
7703,0
7702,0
7701,0
7700,0
7699,0
7698,0
7697,0
7696,0
7695,0
7694,0
7693,0
7692,0
7691,0
7690,0
7689,0
7688,0
7687,0
7686,0
7685,0
7684,0
7683,0
7682,0
7681,0
7680,0
7679,0
7678,0
7677,0
7676,0
7675,0
7674,0
7673,0
7672,0
7671,0
7670,0
7669,0
7668,0
7667,0
7666,0
7665,0
7664,0
7663,0
7662,0
7661,0
7660,0
7659,0
7658,0
7657,0
7656,0
7655,0
7654,0
7653,0
7652,0
7651,0
7650,0
7649,0
7648,0
7647,0
7646,0
7645,0
7644,0
7643,0
7642,0
7641,0
7640,0
7639,0
7638,0
7637,0
7636,0
7635,0
7634,0
7633,0
7632,0
7631,0
7630,0
7629,0
7628,0
7627,0
7626,0
7625,0
7624,0
7623,0
7622,0
7621,0
7620,0
7619,0
7618,0
7617,0
7616,0
7615,0
7614,0
7613,0
7612,0
7611,0
7610,0
7609,0
7608,0
7607,0
7606,0
7605,0
7604,0
7603,0
7602,0
7601,0
7600,0
7599,0
7598,0
7597,0
7596,0
7595,0
7594,0
7593,0
7592,0
7591,0
7590,0
7589,0
7588,0
7587,0
7586,0
7585,0
7584,0
7583,0
7582,0
7581,0
7580,0
7579,0
7578,0
7577,0
7576,0
7575,0
7574,0
7573,0
7572,0
7571,0
7570,0
7569,0
7568,0
7567,0
7566,0
7565,0
7564,0
7563,0
7562,0
7561,0
7560,0
7559,0
7558,0
7557,0
7556,0
7555,0
7554,0
7553,0
7552,0
7551,0
7550,0
7549,0
7548,0
7547,0
7546,0
7545,0
7544,0
7543,0
7542,0
7541,0
7540,0
7539,0
7538,0
7537,0
7536,0
7535,0
7534,0
7533,0
7532,0
7531,0
7530,0
7529,0
7528,0
7527,0
7526,0
7525,0
7524,0
7523,0
7522,0
7521,0
7520,0
7519,0
7518,0
7517,0
7516,0
7515,0
7514,0
7513,0
7512,0
7511,0
7510,0
7509,0
7508,0
7507,0
7506,0
7505,0
7504,0
7503,0
7502,0
7501,0
7500,0
7499,0
7498,0
7497,0
7496,0
7495,0
7494,0
7493,0
7492,0
7491,0
7490,0
7489,0
7488,0
7487,0
7486,0
7485,0
7484,0
7483,0
7482,0
7481,0
7480,0
7479,0
7478,0
7477,0
7476,0
7475,0
7474,0
7473,0
7472,0
7471,0
7470,0
7469,0
7468,0
7467,0
7466,0
7465,0
7464,0
7463,0
7462,0
7461,0
7460,0
7459,0
7458,0
7457,0
7456,0
7455,0
7454,0
7453,0
7452,0
7451,0
7450,0
7449,0
7448,0
7447,0
7446,0
7445,0
7444,0
7443,0
7442,0
7441,0
7440,0
7439,0
7438,0
7437,0
7436,0
7435,0
7434,0
7433,0
7432,0
7431,0
7430,0
7429,0
7428,0
7427,0
7426,0
7425,0
7424,0
7423,0
7422,0
7421,0
7420,0
7419,0
7418,0
7417,0
7416,0
7415,0
7414,0
7413,0
7412,0
7411,0
7410,0
7409,0
7408,0
7407,0
7406,0
7405,0
7404,0
7403,0
7402,0
7401,0
7400,0
7399,0
7398,0
7397,0
7396,0
7395,0
7394,0
7393,0
7392,0
7391,0
7390,0
7389,0
7388,0
7387,0
7386,0
7385,0
7384,0
7383,0
7382,0
7381,0
7380,0
7379,0
7378,0
7377,0
7376,0
7375,0
7374,0
7373,0
7372,0
7371,0
7370,0
7369,0
7368,0
7367,0
7366,0
7365,0
7364,0
7363,0
7362,0
7361,0
7360,0
7359,0
7358,0
7357,0
7356,0
7355,0
7354,0
7353,0
7352,0
7351,0
7350,0
7349,0
7348,0
7347,0
7346,0
7345,0
7344,0
7343,0
7342,0
7341,0
7340,0
7339,0
7338,0
7337,0
7336,0
7335,0
7334,0
7333,0
7332,0
7331,0
7330,0
7329,0
7328,0
7327,0
7326,0
7325,0
7324,0
7323,0
7322,0
7321,0
7320,0
7319,0
7318,0
7317,0
7316,0
7315,0
7314,0
7313,0
7312,0
7311,0
7310,0
7309,0
7308,0
7307,0
7306,0
7305,0
7304,0
7303,0
7302,0
7301,0
7300,0
7299,0
7298,0
7297,0
7296,0
7295,0
7294,0
7293,0
7292,0
7291,0
7290,0
7289,0
7288,0
7287,0
7286,0
7285,0
7284,0
7283,0
7282,0
7281,0
7280,0
7279,0
7278,0
7277,0
7276,0
7275,0
7274,0
7273,0
7272,0
7271,0
7270,0
7269,0
7268,0
7267,0
7266,0
7265,0
7264,0
7263,0
7262,0
7261,0
7260,0
7259,0
7258,0
7257,0
7256,0
7255,0
7254,0
7253,0
7252,0
7251,0
7250,0
7249,0
7248,0
7247,0
7246,0
7245,0
7244,0
7243,0
7242,0
7241,0
7240,0
7239,0
7238,0
7237,0
7236,0
7235,0
7234,0
7233,0
7232,0
7231,0
7230,0
7229,0
7228,0
7227,0
7226,0
7225,0
7224,0
7223,0
7222,0
7221,0
7220,0
7219,0
7218,0
7217,0
7216,0
7215,0
7214,0
7213,0
7212,0
7211,0
7210,0
7209,0
7208,0
7207,0
7206,0
7205,0
7204,0
7203,0
7202,0
7201,0
7200,0
7199,0
7198,0
7197,0
7196,0
7195,0
7194,0
7193,0
7192,0
7191,0
7190,0
7189,0
7188,0
7187,0
7186,0
7185,0
7184,0
7183,0
7182,0
7181,0
7180,0
7179,0
7178,0
7177,0
7176,0
7175,0
7174,0
7173,0
7172,0
7171,0
7170,0
7169,0
7168,0
7167,0
7166,0
7165,0
7164,0
7163,0
7162,0
7161,0
7160,0
7159,0
7158,0
7157,0
7156,0
7155,0
7154,0
7153,0
7152,0
7151,0
7150,0
7149,0
7148,0
7147,0
7146,0
7145,0
7144,0
7143,0
7142,0
7141,0
7140,0
7139,0
7138,0
7137,0
7136,0
7135,0
7134,0
7133,0
7132,0
7131,0
7130,0
7129,0
7128,0
7127,0
7126,0
7125,0
7124,0
7123,0
7122,0
7121,0
7120,0
7119,0
7118,0
7117,0
7116,0
7115,0
7114,0
7113,0
7112,0
7111,0
7110,0
7109,0
7108,0
7107,0
7106,0
7105,0
7104,0
7103,0
7102,0
7101,0
7100,0
7099,0
7098,0
7097,0
7096,0
7095,0
7094,0
7093,0
7092,0
7091,0
7090,0
7089,0
7088,0
7087,0
7086,0
7085,0
7084,0
7083,0
7082,0
7081,0
7080,0
7079,0
7078,0
7077,0
7076,0
7075,0
7074,0
7073,0
7072,0
7071,0
7070,0
7069,0
7068,0
7067,0
7066,0
7065,0
7064,0
7063,0
7062,0
7061,0
7060,0
7059,0
7058,0
7057,0
7056,0
7055,0
7054,0
7053,0
7052,0
7051,0
7050,0
7049,0
7048,0
7047,0
7046,0
7045,0
7044,0
7043,0
7042,0
7041,0
7040,0
7039,0
7038,0
7037,0
7036,0
7035,0
7034,0
7033,0
7032,0
7031,0
7030,0
7029,0
7028,0
7027,0
7026,0
7025,0
7024,0
7023,0
7022,0
7021,0
7020,0
7019,0
7018,0
7017,0
7016,0
7015,0
7014,0
7013,0
7012,0
7011,0
7010,0
7009,0
7008,0
7007,0
7006,0
7005,0
7004,0
7003,0
7002,0
7001,0
7000,0
6999,0
6998,0
6997,0
6996,0
6995,0
6994,0
6993,0
6992,0
6991,0
6990,0
6989,0
6988,0
6987,0
6986,0
6985,0
6984,0
6983,0
6982,0
6981,0
6980,0
6979,0
6978,0
6977,0
6976,0
6975,0
6974,0
6973,0
6972,0
6971,0
6970,0
6969,0
6968,0
6967,0
6966,0
6965,0
6964,0
6963,0
6962,0
6961,0
6960,0
6959,0
6958,0
6957,0
6956,0
6955,0
6954,0
6953,0
6952,0
6951,0
6950,0
6949,0
6948,0
6947,0
6946,0
6945,0
6944,0
6943,0
6942,0
6941,0
6940,0
6939,0
6938,0
6937,0
6936,0
6935,0
6934,0
6933,0
6932,0
6931,0
6930,0
6929,0
6928,0
6927,0
6926,0
6925,0
6924,0
6923,0
6922,0
6921,0
6920,0
6919,0
6918,0
6917,0
6916,0
6915,0
6914,0
6913,0
6912,0
6911,0
6910,0
6909,0
6908,0
6907,0
6906,0
6905,0
6904,0
6903,0
6902,0
6901,0
6900,0
6899,0
6898,0
6897,0
6896,0
6895,0
6894,0
6893,0
6892,0
6891,0
6890,0
6889,0
6888,0
6887,0
6886,0
6885,0
6884,0
6883,0
6882,0
6881,0
6880,0
6879,0
6878,0
6877,0
6876,0
6875,0
6874,0
6873,0
6872,0
6871,0
6870,0
6869,0
6868,0
6867,0
6866,0
6865,0
6864,0
6863,0
6862,0
6861,0
6860,0
6859,0
6858,0
6857,0
6856,0
6855,0
6854,0
6853,0
6852,0
6851,0
6850,0
6849,0
6848,0
6847,0
6846,0
6845,0
6844,0
6843,0
6842,0
6841,0
6840,0
6839,0
6838,0
6837,0
6836,0
6835,0
6834,0
6833,0
6832,0
6831,0
6830,0
6829,0
6828,0
6827,0
6826,0
6825,0
6824,0
6823,0
6822,0
6821,0
6820,0
6819,0
6818,0
6817,0
6816,0
6815,0
6814,0
6813,0
6812,0
6811,0
6810,0
6809,0
6808,0
6807,0
6806,0
6805,0
6804,0
6803,0
6802,0
6801,0
6800,0
6799,0
6798,0
6797,0
6796,0
6795,0
6794,0
6793,0
6792,0
6791,0
6790,0
6789,0
6788,0
6787,0
6786,0
6785,0
6784,0
6783,0
6782,0
6781,0
6780,0
6779,0
6778,0
6777,0
6776,0
6775,0
6774,0
6773,0
6772,0
6771,0
6770,0
6769,0
6768,0
6767,0
6766,0
6765,0
6764,0
6763,0
6762,0
6761,0
6760,0
6759,0
6758,0
6757,0
6756,0
6755,0
6754,0
6753,0
6752,0
6751,0
6750,0
6749,0
6748,0
6747,0
6746,0
6745,0
6744,0
6743,0
6742,0
6741,0
6740,0
6739,0
6738,0
6737,0
6736,0
6735,0
6734,0
6733,0
6732,0
6731,0
6730,0
6729,0
6728,0
6727,0
6726,0
6725,0
6724,0
6723,0
6722,0
6721,0
6720,0
6719,0
6718,0
6717,0
6716,0
6715,0
6714,0
6713,0
6712,0
6711,0
6710,0
6709,0
6708,0
6707,0
6706,0
6705,0
6704,0
6703,0
6702,0
6701,0
6700,0
6699,0
6698,0
6697,0
6696,0
6695,0
6694,0
6693,0
6692,0
6691,0
6690,0
6689,0
6688,0
6687,0
6686,0
6685,0
6684,0
6683,0
6682,0
6681,0
6680,0
6679,0
6678,0
6677,0
6676,0
6675,0
6674,0
6673,0
6672,0
6671,0
6670,0
6669,0
6668,0
6667,0
6666,0
6665,0
6664,0
6663,0
6662,0
6661,0
6660,0
6659,0
6658,0
6657,0
6656,0
6655,0
6654,0
6653,0
6652,0
6651,0
6650,0
6649,0
6648,0
6647,0
6646,0
6645,0
6644,0
6643,0
6642,0
6641,0
6640,0
6639,0
6638,0
6637,0
6636,0
6635,0
6634,0
6633,0
6632,0
6631,0
6630,0
6629,0
6628,0
6627,0
6626,0
6625,0
6624,0
6623,0
6622,0
6621,0
6620,0
6619,0
6618,0
6617,0
6616,0
6615,0
6614,0
6613,0
6612,0
6611,0
6610,0
6609,0
6608,0
6607,0
6606,0
6605,0
6604,0
6603,0
6602,0
6601,0
6600,0
6599,0
6598,0
6597,0
6596,0
6595,0
6594,0
6593,0
6592,0
6591,0
6590,0
6589,0
6588,0
6587,0
6586,0
6585,0
6584,0
6583,0
6582,0
6581,0
6580,0
6579,0
6578,0
6577,0
6576,0
6575,0
6574,0
6573,0
6572,0
6571,0
6570,0
6569,0
6568,0
6567,0
6566,0
6565,0
6564,0
6563,0
6562,0
6561,0
6560,0
6559,0
6558,0
6557,0
6556,0
6555,0
6554,0
6553,0
6552,0
6551,0
6550,0
6549,0
6548,0
6547,0
6546,0
6545,0
6544,0
6543,0
6542,0
6541,0
6540,0
6539,0
6538,0
6537,0
6536,0
6535,0
6534,0
6533,0
6532,0
6531,0
6530,0
6529,0
6528,0
6527,0
6526,0
6525,0
6524,0
6523,0
6522,0
6521,0
6520,0
6519,0
6518,0
6517,0
6516,0
6515,0
6514,0
6513,0
6512,0
6511,0
6510,0
6509,0
6508,0
6507,0
6506,0
6505,0
6504,0
6503,0
6502,0
6501,0
6500,0
6499,0
6498,0
6497,0
6496,0
6495,0
6494,0
6493,0
6492,0
6491,0
6490,0
6489,0
6488,0
6487,0
6486,0
6485,0
6484,0
6483,0
6482,0
6481,0
6480,0
6479,0
6478,0
6477,0
6476,0
6475,0
6474,0
6473,0
6472,0
6471,0
6470,0
6469,0
6468,0
6467,0
6466,0
6465,0
6464,0
6463,0
6462,0
6461,0
6460,0
6459,0
6458,0
6457,0
6456,0
6455,0
6454,0
6453,0
6452,0
6451,0
6450,0
6449,0
6448,0
6447,0
6446,0
6445,0
6444,0
6443,0
6442,0
6441,0
6440,0
6439,0
6438,0
6437,0
6436,0
6435,0
6434,0
6433,0
6432,0
6431,0
6430,0
6429,0
6428,0
6427,0
6426,0
6425,0
6424,0
6423,0
6422,0
6421,0
6420,0
6419,0
6418,0
6417,0
6416,0
6415,0
6414,0
6413,0
6412,0
6411,0
6410,0
6409,0
6408,0
6407,0
6406,0
6405,0
6404,0
6403,0
6402,0
6401,0
6400,0
6399,0
6398,0
6397,0
6396,0
6395,0
6394,0
6393,0
6392,0
6391,0
6390,0
6389,0
6388,0
6387,0
6386,0
6385,0
6384,0
6383,0
6382,0
6381,0
6380,0
6379,0
6378,0
6377,0
6376,0
6375,0
6374,0
6373,0
6372,0
6371,0
6370,0
6369,0
6368,0
6367,0
6366,0
6365,0
6364,0
6363,0
6362,0
6361,0
6360,0
6359,0
6358,0
6357,0
6356,0
6355,0
6354,0
6353,0
6352,0
6351,0
6350,0
6349,0
6348,0
6347,0
6346,0
6345,0
6344,0
6343,0
6342,0
6341,0
6340,0
6339,0
6338,0
6337,0
6336,0
6335,0
6334,0
6333,0
6332,0
6331,0
6330,0
6329,0
6328,0
6327,0
6326,0
6325,0
6324,0
6323,0
6322,0
6321,0
6320,0
6319,0
6318,0
6317,0
6316,0
6315,0
6314,0
6313,0
6312,0
6311,0
6310,0
6309,0
6308,0
6307,0
6306,0
6305,0
6304,0
6303,0
6302,0
6301,0
6300,0
6299,0
6298,0
6297,0
6296,0
6295,0
6294,0
6293,0
6292,0
6291,0
6290,0
6289,0
6288,0
6287,0
6286,0
6285,0
6284,0
6283,0
6282,0
6281,0
6280,0
6279,0
6278,0
6277,0
6276,0
6275,0
6274,0
6273,0
6272,0
6271,0
6270,0
6269,0
6268,0
6267,0
6266,0
6265,0
6264,0
6263,0
6262,0
6261,0
6260,0
6259,0
6258,0
6257,0
6256,0
6255,0
6254,0
6253,0
6252,0
6251,0
6250,0
6249,0
6248,0
6247,0
6246,0
6245,0
6244,0
6243,0
6242,0
6241,0
6240,0
6239,0
6238,0
6237,0
6236,0
6235,0
6234,0
6233,0
6232,0
6231,0
6230,0
6229,0
6228,0
6227,0
6226,0
6225,0
6224,0
6223,0
6222,0
6221,0
6220,0
6219,0
6218,0
6217,0
6216,0
6215,0
6214,0
6213,0
6212,0
6211,0
6210,0
6209,0
6208,0
6207,0
6206,0
6205,0
6204,0
6203,0
6202,0
6201,0
6200,0
6199,0
6198,0
6197,0
6196,0
6195,0
6194,0
6193,0
6192,0
6191,0
6190,0
6189,0
6188,0
6187,0
6186,0
6185,0
6184,0
6183,0
6182,0
6181,0
6180,0
6179,0
6178,0
6177,0
6176,0
6175,0
6174,0
6173,0
6172,0
6171,0
6170,0
6169,0
6168,0
6167,0
6166,0
6165,0
6164,0
6163,0
6162,0
6161,0
6160,0
6159,0
6158,0
6157,0
6156,0
6155,0
6154,0
6153,0
6152,0
6151,0
6150,0
6149,0
6148,0
6147,0
6146,0
6145,0
6144,0
6143,0
6142,0
6141,0
6140,0
6139,0
6138,0
6137,0
6136,0
6135,0
6134,0
6133,0
6132,0
6131,0
6130,0
6129,0
6128,0
6127,0
6126,0
6125,0
6124,0
6123,0
6122,0
6121,0
6120,0
6119,0
6118,0
6117,0
6116,0
6115,0
6114,0
6113,0
6112,0
6111,0
6110,0
6109,0
6108,0
6107,0
6106,0
6105,0
6104,0
6103,0
6102,0
6101,0
6100,0
6099,0
6098,0
6097,0
6096,0
6095,0
6094,0
6093,0
6092,0
6091,0
6090,0
6089,0
6088,0
6087,0
6086,0
6085,0
6084,0
6083,0
6082,0
6081,0
6080,0
6079,0
6078,0
6077,0
6076,0
6075,0
6074,0
6073,0
6072,0
6071,0
6070,0
6069,0
6068,0
6067,0
6066,0
6065,0
6064,0
6063,0
6062,0
6061,0
6060,0
6059,0
6058,0
6057,0
6056,0
6055,0
6054,0
6053,0
6052,0
6051,0
6050,0
6049,0
6048,0
6047,0
6046,0
6045,0
6044,0
6043,0
6042,0
6041,0
6040,0
6039,0
6038,0
6037,0
6036,0
6035,0
6034,0
6033,0
6032,0
6031,0
6030,0
6029,0
6028,0
6027,0
6026,0
6025,0
6024,0
6023,0
6022,0
6021,0
6020,0
6019,0
6018,0
6017,0
6016,0
6015,0
6014,0
6013,0
6012,0
6011,0
6010,0
6009,0
6008,0
6007,0
6006,0
6005,0
6004,0
6003,0
6002,0
6001,0
6000,0
5999,0
5998,0
5997,0
5996,0
5995,0
5994,0
5993,0
5992,0
5991,0
5990,0
5989,0
5988,0
5987,0
5986,0
5985,0
5984,0
5983,0
5982,0
5981,0
5980,0
5979,0
5978,0
5977,0
5976,0
5975,0
5974,0
5973,0
5972,0
5971,0
5970,0
5969,0
5968,0
5967,0
5966,0
5965,0
5964,0
5963,0
5962,0
5961,0
5960,0
5959,0
5958,0
5957,0
5956,0
5955,0
5954,0
5953,0
5952,0
5951,0
5950,0
5949,0
5948,0
5947,0
5946,0
5945,0
5944,0
5943,0
5942,0
5941,0
5940,0
5939,0
5938,0
5937,0
5936,0
5935,0
5934,0
5933,0
5932,0
5931,0
5930,0
5929,0
5928,0
5927,0
5926,0
5925,0
5924,0
5923,0
5922,0
5921,0
5920,0
5919,0
5918,0
5917,0
5916,0
5915,0
5914,0
5913,0
5912,0
5911,0
5910,0
5909,0
5908,0
5907,0
5906,0
5905,0
5904,0
5903,0
5902,0
5901,0
5900,0
5899,0
5898,0
5897,0
5896,0
5895,0
5894,0
5893,0
5892,0
5891,0
5890,0
5889,0
5888,0
5887,0
5886,0
5885,0
5884,0
5883,0
5882,0
5881,0
5880,0
5879,0
5878,0
5877,0
5876,0
5875,0
5874,0
5873,0
5872,0
5871,0
5870,0
5869,0
5868,0
5867,0
5866,0
5865,0
5864,0
5863,0
5862,0
5861,0
5860,0
5859,0
5858,0
5857,0
5856,0
5855,0
5854,0
5853,0
5852,0
5851,0
5850,0
5849,0
5848,0
5847,0
5846,0
5845,0
5844,0
5843,0
5842,0
5841,0
5840,0
5839,0
5838,0
5837,0
5836,0
5835,0
5834,0
5833,0
5832,0
5831,0
5830,0
5829,0
5828,0
5827,0
5826,0
5825,0
5824,0
5823,0
5822,0
5821,0
5820,0
5819,0
5818,0
5817,0
5816,0
5815,0
5814,0
5813,0
5812,0
5811,0
5810,0
5809,0
5808,0
5807,0
5806,0
5805,0
5804,0
5803,0
5802,0
5801,0
5800,0
5799,0
5798,0
5797,0
5796,0
5795,0
5794,0
5793,0
5792,0
5791,0
5790,0
5789,0
5788,0
5787,0
5786,0
5785,0
5784,0
5783,0
5782,0
5781,0
5780,0
5779,0
5778,0
5777,0
5776,0
5775,0
5774,0
5773,0
5772,0
5771,0
5770,0
5769,0
5768,0
5767,0
5766,0
5765,0
5764,0
5763,0
5762,0
5761,0
5760,0
5759,0
5758,0
5757,0
5756,0
5755,0
5754,0
5753,0
5752,0
5751,0
5750,0
5749,0
5748,0
5747,0
5746,0
5745,0
5744,0
5743,0
5742,0
5741,0
5740,0
5739,0
5738,0
5737,0
5736,0
5735,0
5734,0
5733,0
5732,0
5731,0
5730,0
5729,0
5728,0
5727,0
5726,0
5725,0
5724,0
5723,0
5722,0
5721,0
5720,0
5719,0
5718,0
5717,0
5716,0
5715,0
5714,0
5713,0
5712,0
5711,0
5710,0
5709,0
5708,0
5707,0
5706,0
5705,0
5704,0
5703,0
5702,0
5701,0
5700,0
5699,0
5698,0
5697,0
5696,0
5695,0
5694,0
5693,0
5692,0
5691,0
5690,0
5689,0
5688,0
5687,0
5686,0
5685,0
5684,0
5683,0
5682,0
5681,0
5680,0
5679,0
5678,0
5677,0
5676,0
5675,0
5674,0
5673,0
5672,0
5671,0
5670,0
5669,0
5668,0
5667,0
5666,0
5665,0
5664,0
5663,0
5662,0
5661,0
5660,0
5659,0
5658,0
5657,0
5656,0
5655,0
5654,0
5653,0
5652,0
5651,0
5650,0
5649,0
5648,0
5647,0
5646,0
5645,0
5644,0
5643,0
5642,0
5641,0
5640,0
5639,0
5638,0
5637,0
5636,0
5635,0
5634,0
5633,0
5632,0
5631,0
5630,0
5629,0
5628,0
5627,0
5626,0
5625,0
5624,0
5623,0
5622,0
5621,0
5620,0
5619,0
5618,0
5617,0
5616,0
5615,0
5614,0
5613,0
5612,0
5611,0
5610,0
5609,0
5608,0
5607,0
5606,0
5605,0
5604,0
5603,0
5602,0
5601,0
5600,0
5599,0
5598,0
5597,0
5596,0
5595,0
5594,0
5593,0
5592,0
5591,0
5590,0
5589,0
5588,0
5587,0
5586,0
5585,0
5584,0
5583,0
5582,0
5581,0
5580,0
5579,0
5578,0
5577,0
5576,0
5575,0
5574,0
5573,0
5572,0
5571,0
5570,0
5569,0
5568,0
5567,0
5566,0
5565,0
5564,0
5563,0
5562,0
5561,0
5560,0
5559,0
5558,0
5557,0
5556,0
5555,0
5554,0
5553,0
5552,0
5551,0
5550,0
5549,0
5548,0
5547,0
5546,0
5545,0
5544,0
5543,0
5542,0
5541,0
5540,0
5539,0
5538,0
5537,0
5536,0
5535,0
5534,0
5533,0
5532,0
5531,0
5530,0
5529,0
5528,0
5527,0
5526,0
5525,0
5524,0
5523,0
5522,0
5521,0
5520,0
5519,0
5518,0
5517,0
5516,0
5515,0
5514,0
5513,0
5512,0
5511,0
5510,0
5509,0
5508,0
5507,0
5506,0
5505,0
5504,0
5503,0
5502,0
5501,0
5500,0
5499,0
5498,0
5497,0
5496,0
5495,0
5494,0
5493,0
5492,0
5491,0
5490,0
5489,0
5488,0
5487,0
5486,0
5485,0
5484,0
5483,0
5482,0
5481,0
5480,0
5479,0
5478,0
5477,0
5476,0
5475,0
5474,0
5473,0
5472,0
5471,0
5470,0
5469,0
5468,0
5467,0
5466,0
5465,0
5464,0
5463,0
5462,0
5461,0
5460,0
5459,0
5458,0
5457,0
5456,0
5455,0
5454,0
5453,0
5452,0
5451,0
5450,0
5449,0
5448,0
5447,0
5446,0
5445,0
5444,0
5443,0
5442,0
5441,0
5440,0
5439,0
5438,0
5437,0
5436,0
5435,0
5434,0
5433,0
5432,0
5431,0
5430,0
5429,0
5428,0
5427,0
5426,0
5425,0
5424,0
5423,0
5422,0
5421,0
5420,0
5419,0
5418,0
5417,0
5416,0
5415,0
5414,0
5413,0
5412,0
5411,0
5410,0
5409,0
5408,0
5407,0
5406,0
5405,0
5404,0
5403,0
5402,0
5401,0
5400,0
5399,0
5398,0
5397,0
5396,0
5395,0
5394,0
5393,0
5392,0
5391,0
5390,0
5389,0
5388,0
5387,0
5386,0
5385,0
5384,0
5383,0
5382,0
5381,0
5380,0
5379,0
5378,0
5377,0
5376,0
5375,0
5374,0
5373,0
5372,0
5371,0
5370,0
5369,0
5368,0
5367,0
5366,0
5365,0
5364,0
5363,0
5362,0
5361,0
5360,0
5359,0
5358,0
5357,0
5356,0
5355,0
5354,0
5353,0
5352,0
5351,0
5350,0
5349,0
5348,0
5347,0
5346,0
5345,0
5344,0
5343,0
5342,0
5341,0
5340,0
5339,0
5338,0
5337,0
5336,0
5335,0
5334,0
5333,0
5332,0
5331,0
5330,0
5329,0
5328,0
5327,0
5326,0
5325,0
5324,0
5323,0
5322,0
5321,0
5320,0
5319,0
5318,0
5317,0
5316,0
5315,0
5314,0
5313,0
5312,0
5311,0
5310,0
5309,0
5308,0
5307,0
5306,0
5305,0
5304,0
5303,0
5302,0
5301,0
5300,0
5299,0
5298,0
5297,0
5296,0
5295,0
5294,0
5293,0
5292,0
5291,0
5290,0
5289,0
5288,0
5287,0
5286,0
5285,0
5284,0
5283,0
5282,0
5281,0
5280,0
5279,0
5278,0
5277,0
5276,0
5275,0
5274,0
5273,0
5272,0
5271,0
5270,0
5269,0
5268,0
5267,0
5266,0
5265,0
5264,0
5263,0
5262,0
5261,0
5260,0
5259,0
5258,0
5257,0
5256,0
5255,0
5254,0
5253,0
5252,0
5251,0
5250,0
5249,0
5248,0
5247,0
5246,0
5245,0
5244,0
5243,0
5242,0
5241,0
5240,0
5239,0
5238,0
5237,0
5236,0
5235,0
5234,0
5233,0
5232,0
5231,0
5230,0
5229,0
5228,0
5227,0
5226,0
5225,0
5224,0
5223,0
5222,0
5221,0
5220,0
5219,0
5218,0
5217,0
5216,0
5215,0
5214,0
5213,0
5212,0
5211,0
5210,0
5209,0
5208,0
5207,0
5206,0
5205,0
5204,0
5203,0
5202,0
5201,0
5200,0
5199,0
5198,0
5197,0
5196,0
5195,0
5194,0
5193,0
5192,0
5191,0
5190,0
5189,0
5188,0
5187,0
5186,0
5185,0
5184,0
5183,0
5182,0
5181,0
5180,0
5179,0
5178,0
5177,0
5176,0
5175,0
5174,0
5173,0
5172,0
5171,0
5170,0
5169,0
5168,0
5167,0
5166,0
5165,0
5164,0
5163,0
5162,0
5161,0
5160,0
5159,0
5158,0
5157,0
5156,0
5155,0
5154,0
5153,0
5152,0
5151,0
5150,0
5149,0
5148,0
5147,0
5146,0
5145,0
5144,0
5143,0
5142,0
5141,0
5140,0
5139,0
5138,0
5137,0
5136,0
5135,0
5134,0
5133,0
5132,0
5131,0
5130,0
5129,0
5128,0
5127,0
5126,0
5125,0
5124,0
5123,0
5122,0
5121,0
5120,0
5119,0
5118,0
5117,0
5116,0
5115,0
5114,0
5113,0
5112,0
5111,0
5110,0
5109,0
5108,0
5107,0
5106,0
5105,0
5104,0
5103,0
5102,0
5101,0
5100,0
5099,0
5098,0
5097,0
5096,0
5095,0
5094,0
5093,0
5092,0
5091,0
5090,0
5089,0
5088,0
5087,0
5086,0
5085,0
5084,0
5083,0
5082,0
5081,0
5080,0
5079,0
5078,0
5077,0
5076,0
5075,0
5074,0
5073,0
5072,0
5071,0
5070,0
5069,0
5068,0
5067,0
5066,0
5065,0
5064,0
5063,0
5062,0
5061,0
5060,0
5059,0
5058,0
5057,0
5056,0
5055,0
5054,0
5053,0
5052,0
5051,0
5050,0
5049,0
5048,0
5047,0
5046,0
5045,0
5044,0
5043,0
5042,0
5041,0
5040,0
5039,0
5038,0
5037,0
5036,0
5035,0
5034,0
5033,0
5032,0
5031,0
5030,0
5029,0
5028,0
5027,0
5026,0
5025,0
5024,0
5023,0
5022,0
5021,0
5020,0
5019,0
5018,0
5017,0
5016,0
5015,0
5014,0
5013,0
5012,0
5011,0
5010,0
5009,0
5008,0
5007,0
5006,0
5005,0
5004,0
5003,0
5002,0
5001,0
5000,0
4999,0
4998,0
4997,0
4996,0
4995,0
4994,0
4993,0
4992,0
4991,0
4990,0
4989,0
4988,0
4987,0
4986,0
4985,0
4984,0
4983,0
4982,0
4981,0
4980,0
4979,0
4978,0
4977,0
4976,0
4975,0
4974,0
4973,0
4972,0
4971,0
4970,0
4969,0
4968,0
4967,0
4966,0
4965,0
4964,0
4963,0
4962,0
4961,0
4960,0
4959,0
4958,0
4957,0
4956,0
4955,0
4954,0
4953,0
4952,0
4951,0
4950,0
4949,0
4948,0
4947,0
4946,0
4945,0
4944,0
4943,0
4942,0
4941,0
4940,0
4939,0
4938,0
4937,0
4936,0
4935,0
4934,0
4933,0
4932,0
4931,0
4930,0
4929,0
4928,0
4927,0
4926,0
4925,0
4924,0
4923,0
4922,0
4921,0
4920,0
4919,0
4918,0
4917,0
4916,0
4915,0
4914,0
4913,0
4912,0
4911,0
4910,0
4909,0
4908,0
4907,0
4906,0
4905,0
4904,0
4903,0
4902,0
4901,0
4900,0
4899,0
4898,0
4897,0
4896,0
4895,0
4894,0
4893,0
4892,0
4891,0
4890,0
4889,0
4888,0
4887,0
4886,0
4885,0
4884,0
4883,0
4882,0
4881,0
4880,0
4879,0
4878,0
4877,0
4876,0
4875,0
4874,0
4873,0
4872,0
4871,0
4870,0
4869,0
4868,0
4867,0
4866,0
4865,0
4864,0
4863,0
4862,0
4861,0
4860,0
4859,0
4858,0
4857,0
4856,0
4855,0
4854,0
4853,0
4852,0
4851,0
4850,0
4849,0
4848,0
4847,0
4846,0
4845,0
4844,0
4843,0
4842,0
4841,0
4840,0
4839,0
4838,0
4837,0
4836,0
4835,0
4834,0
4833,0
4832,0
4831,0
4830,0
4829,0
4828,0
4827,0
4826,0
4825,0
4824,0
4823,0
4822,0
4821,0
4820,0
4819,0
4818,0
4817,0
4816,0
4815,0
4814,0
4813,0
4812,0
4811,0
4810,0
4809,0
4808,0
4807,0
4806,0
4805,0
4804,0
4803,0
4802,0
4801,0
4800,0
4799,0
4798,0
4797,0
4796,0
4795,0
4794,0
4793,0
4792,0
4791,0
4790,0
4789,0
4788,0
4787,0
4786,0
4785,0
4784,0
4783,0
4782,0
4781,0
4780,0
4779,0
4778,0
4777,0
4776,0
4775,0
4774,0
4773,0
4772,0
4771,0
4770,0
4769,0
4768,0
4767,0
4766,0
4765,0
4764,0
4763,0
4762,0
4761,0
4760,0
4759,0
4758,0
4757,0
4756,0
4755,0
4754,0
4753,0
4752,0
4751,0
4750,0
4749,0
4748,0
4747,0
4746,0
4745,0
4744,0
4743,0
4742,0
4741,0
4740,0
4739,0
4738,0
4737,0
4736,0
4735,0
4734,0
4733,0
4732,0
4731,0
4730,0
4729,0
4728,0
4727,0
4726,0
4725,0
4724,0
4723,0
4722,0
4721,0
4720,0
4719,0
4718,0
4717,0
4716,0
4715,0
4714,0
4713,0
4712,0
4711,0
4710,0
4709,0
4708,0
4707,0
4706,0
4705,0
4704,0
4703,0
4702,0
4701,0
4700,0
4699,0
4698,0
4697,0
4696,0
4695,0
4694,0
4693,0
4692,0
4691,0
4690,0
4689,0
4688,0
4687,0
4686,0
4685,0
4684,0
4683,0
4682,0
4681,0
4680,0
4679,0
4678,0
4677,0
4676,0
4675,0
4674,0
4673,0
4672,0
4671,0
4670,0
4669,0
4668,0
4667,0
4666,0
4665,0
4664,0
4663,0
4662,0
4661,0
4660,0
4659,0
4658,0
4657,0
4656,0
4655,0
4654,0
4653,0
4652,0
4651,0
4650,0
4649,0
4648,0
4647,0
4646,0
4645,0
4644,0
4643,0
4642,0
4641,0
4640,0
4639,0
4638,0
4637,0
4636,0
4635,0
4634,0
4633,0
4632,0
4631,0
4630,0
4629,0
4628,0
4627,0
4626,0
4625,0
4624,0
4623,0
4622,0
4621,0
4620,0
4619,0
4618,0
4617,0
4616,0
4615,0
4614,0
4613,0
4612,0
4611,0
4610,0
4609,0
4608,0
4607,0
4606,0
4605,0
4604,0
4603,0
4602,0
4601,0
4600,0
4599,0
4598,0
4597,0
4596,0
4595,0
4594,0
4593,0
4592,0
4591,0
4590,0
4589,0
4588,0
4587,0
4586,0
4585,0
4584,0
4583,0
4582,0
4581,0
4580,0
4579,0
4578,0
4577,0
4576,0
4575,0
4574,0
4573,0
4572,0
4571,0
4570,0
4569,0
4568,0
4567,0
4566,0
4565,0
4564,0
4563,0
4562,0
4561,0
4560,0
4559,0
4558,0
4557,0
4556,0
4555,0
4554,0
4553,0
4552,0
4551,0
4550,0
4549,0
4548,0
4547,0
4546,0
4545,0
4544,0
4543,0
4542,0
4541,0
4540,0
4539,0
4538,0
4537,0
4536,0
4535,0
4534,0
4533,0
4532,0
4531,0
4530,0
4529,0
4528,0
4527,0
4526,0
4525,0
4524,0
4523,0
4522,0
4521,0
4520,0
4519,0
4518,0
4517,0
4516,0
4515,0
4514,0
4513,0
4512,0
4511,0
4510,0
4509,0
4508,0
4507,0
4506,0
4505,0
4504,0
4503,0
4502,0
4501,0
4500,0
4499,0
4498,0
4497,0
4496,0
4495,0
4494,0
4493,0
4492,0
4491,0
4490,0
4489,0
4488,0
4487,0
4486,0
4485,0
4484,0
4483,0
4482,0
4481,0
4480,0
4479,0
4478,0
4477,0
4476,0
4475,0
4474,0
4473,0
4472,0
4471,0
4470,0
4469,0
4468,0
4467,0
4466,0
4465,0
4464,0
4463,0
4462,0
4461,0
4460,0
4459,0
4458,0
4457,0
4456,0
4455,0
4454,0
4453,0
4452,0
4451,0
4450,0
4449,0
4448,0
4447,0
4446,0
4445,0
4444,0
4443,0
4442,0
4441,0
4440,0
4439,0
4438,0
4437,0
4436,0
4435,0
4434,0
4433,0
4432,0
4431,0
4430,0
4429,0
4428,0
4427,0
4426,0
4425,0
4424,0
4423,0
4422,0
4421,0
4420,0
4419,0
4418,0
4417,0
4416,0
4415,0
4414,0
4413,0
4412,0
4411,0
4410,0
4409,0
4408,0
4407,0
4406,0
4405,0
4404,0
4403,0
4402,0
4401,0
4400,0
4399,0
4398,0
4397,0
4396,0
4395,0
4394,0
4393,0
4392,0
4391,0
4390,0
4389,0
4388,0
4387,0
4386,0
4385,0
4384,0
4383,0
4382,0
4381,0
4380,0
4379,0
4378,0
4377,0
4376,0
4375,0
4374,0
4373,0
4372,0
4371,0
4370,0
4369,0
4368,0
4367,0
4366,0
4365,0
4364,0
4363,0
4362,0
4361,0
4360,0
4359,0
4358,0
4357,0
4356,0
4355,0
4354,0
4353,0
4352,0
4351,0
4350,0
4349,0
4348,0
4347,0
4346,0
4345,0
4344,0
4343,0
4342,0
4341,0
4340,0
4339,0
4338,0
4337,0
4336,0
4335,0
4334,0
4333,0
4332,0
4331,0
4330,0
4329,0
4328,0
4327,0
4326,0
4325,0
4324,0
4323,0
4322,0
4321,0
4320,0
4319,0
4318,0
4317,0
4316,0
4315,0
4314,0
4313,0
4312,0
4311,0
4310,0
4309,0
4308,0
4307,0
4306,0
4305,0
4304,0
4303,0
4302,0
4301,0
4300,0
4299,0
4298,0
4297,0
4296,0
4295,0
4294,0
4293,0
4292,0
4291,0
4290,0
4289,0
4288,0
4287,0
4286,0
4285,0
4284,0
4283,0
4282,0
4281,0
4280,0
4279,0
4278,0
4277,0
4276,0
4275,0
4274,0
4273,0
4272,0
4271,0
4270,0
4269,0
4268,0
4267,0
4266,0
4265,0
4264,0
4263,0
4262,0
4261,0
4260,0
4259,0
4258,0
4257,0
4256,0
4255,0
4254,0
4253,0
4252,0
4251,0
4250,0
4249,0
4248,0
4247,0
4246,0
4245,0
4244,0
4243,0
4242,0
4241,0
4240,0
4239,0
4238,0
4237,0
4236,0
4235,0
4234,0
4233,0
4232,0
4231,0
4230,0
4229,0
4228,0
4227,0
4226,0
4225,0
4224,0
4223,0
4222,0
4221,0
4220,0
4219,0
4218,0
4217,0
4216,0
4215,0
4214,0
4213,0
4212,0
4211,0
4210,0
4209,0
4208,0
4207,0
4206,0
4205,0
4204,0
4203,0
4202,0
4201,0
4200,0
4199,0
4198,0
4197,0
4196,0
4195,0
4194,0
4193,0
4192,0
4191,0
4190,0
4189,0
4188,0
4187,0
4186,0
4185,0
4184,0
4183,0
4182,0
4181,0
4180,0
4179,0
4178,0
4177,0
4176,0
4175,0
4174,0
4173,0
4172,0
4171,0
4170,0
4169,0
4168,0
4167,0
4166,0
4165,0
4164,0
4163,0
4162,0
4161,0
4160,0
4159,0
4158,0
4157,0
4156,0
4155,0
4154,0
4153,0
4152,0
4151,0
4150,0
4149,0
4148,0
4147,0
4146,0
4145,0
4144,0
4143,0
4142,0
4141,0
4140,0
4139,0
4138,0
4137,0
4136,0
4135,0
4134,0
4133,0
4132,0
4131,0
4130,0
4129,0
4128,0
4127,0
4126,0
4125,0
4124,0
4123,0
4122,0
4121,0
4120,0
4119,0
4118,0
4117,0
4116,0
4115,0
4114,0
4113,0
4112,0
4111,0
4110,0
4109,0
4108,0
4107,0
4106,0
4105,0
4104,0
4103,0
4102,0
4101,0
4100,0
4099,0
4098,0
4097,0
4096,0
4095,0
4094,0
4093,0
4092,0
4091,0
4090,0
4089,0
4088,0
4087,0
4086,0
4085,0
4084,0
4083,0
4082,0
4081,0
4080,0
4079,0
4078,0
4077,0
4076,0
4075,0
4074,0
4073,0
4072,0
4071,0
4070,0
4069,0
4068,0
4067,0
4066,0
4065,0
4064,0
4063,0
4062,0
4061,0
4060,0
4059,0
4058,0
4057,0
4056,0
4055,0
4054,0
4053,0
4052,0
4051,0
4050,0
4049,0
4048,0
4047,0
4046,0
4045,0
4044,0
4043,0
4042,0
4041,0
4040,0
4039,0
4038,0
4037,0
4036,0
4035,0
4034,0
4033,0
4032,0
4031,0
4030,0
4029,0
4028,0
4027,0
4026,0
4025,0
4024,0
4023,0
4022,0
4021,0
4020,0
4019,0
4018,0
4017,0
4016,0
4015,0
4014,0
4013,0
4012,0
4011,0
4010,0
4009,0
4008,0
4007,0
4006,0
4005,0
4004,0
4003,0
4002,0
4001,0
4000,0
3999,0
3998,0
3997,0
3996,0
3995,0
3994,0
3993,0
3992,0
3991,0
3990,0
3989,0
3988,0
3987,0
3986,0
3985,0
3984,0
3983,0
3982,0
3981,0
3980,0
3979,0
3978,0
3977,0
3976,0
3975,0
3974,0
3973,0
3972,0
3971,0
3970,0
3969,0
3968,0
3967,0
3966,0
3965,0
3964,0
3963,0
3962,0
3961,0
3960,0
3959,0
3958,0
3957,0
3956,0
3955,0
3954,0
3953,0
3952,0
3951,0
3950,0
3949,0
3948,0
3947,0
3946,0
3945,0
3944,0
3943,0
3942,0
3941,0
3940,0
3939,0
3938,0
3937,0
3936,0
3935,0
3934,0
3933,0
3932,0
3931,0
3930,0
3929,0
3928,0
3927,0
3926,0
3925,0
3924,0
3923,0
3922,0
3921,0
3920,0
3919,0
3918,0
3917,0
3916,0
3915,0
3914,0
3913,0
3912,0
3911,0
3910,0
3909,0
3908,0
3907,0
3906,0
3905,0
3904,0
3903,0
3902,0
3901,0
3900,0
3899,0
3898,0
3897,0
3896,0
3895,0
3894,0
3893,0
3892,0
3891,0
3890,0
3889,0
3888,0
3887,0
3886,0
3885,0
3884,0
3883,0
3882,0
3881,0
3880,0
3879,0
3878,0
3877,0
3876,0
3875,0
3874,0
3873,0
3872,0
3871,0
3870,0
3869,0
3868,0
3867,0
3866,0
3865,0
3864,0
3863,0
3862,0
3861,0
3860,0
3859,0
3858,0
3857,0
3856,0
3855,0
3854,0
3853,0
3852,0
3851,0
3850,0
3849,0
3848,0
3847,0
3846,0
3845,0
3844,0
3843,0
3842,0
3841,0
3840,0
3839,0
3838,0
3837,0
3836,0
3835,0
3834,0
3833,0
3832,0
3831,0
3830,0
3829,0
3828,0
3827,0
3826,0
3825,0
3824,0
3823,0
3822,0
3821,0
3820,0
3819,0
3818,0
3817,0
3816,0
3815,0
3814,0
3813,0
3812,0
3811,0
3810,0
3809,0
3808,0
3807,0
3806,0
3805,0
3804,0
3803,0
3802,0
3801,0
3800,0
3799,0
3798,0
3797,0
3796,0
3795,0
3794,0
3793,0
3792,0
3791,0
3790,0
3789,0
3788,0
3787,0
3786,0
3785,0
3784,0
3783,0
3782,0
3781,0
3780,0
3779,0
3778,0
3777,0
3776,0
3775,0
3774,0
3773,0
3772,0
3771,0
3770,0
3769,0
3768,0
3767,0
3766,0
3765,0
3764,0
3763,0
3762,0
3761,0
3760,0
3759,0
3758,0
3757,0
3756,0
3755,0
3754,0
3753,0
3752,0
3751,0
3750,0
3749,0
3748,0
3747,0
3746,0
3745,0
3744,0
3743,0
3742,0
3741,0
3740,0
3739,0
3738,0
3737,0
3736,0
3735,0
3734,0
3733,0
3732,0
3731,0
3730,0
3729,0
3728,0
3727,0
3726,0
3725,0
3724,0
3723,0
3722,0
3721,0
3720,0
3719,0
3718,0
3717,0
3716,0
3715,0
3714,0
3713,0
3712,0
3711,0
3710,0
3709,0
3708,0
3707,0
3706,0
3705,0
3704,0
3703,0
3702,0
3701,0
3700,0
3699,0
3698,0
3697,0
3696,0
3695,0
3694,0
3693,0
3692,0
3691,0
3690,0
3689,0
3688,0
3687,0
3686,0
3685,0
3684,0
3683,0
3682,0
3681,0
3680,0
3679,0
3678,0
3677,0
3676,0
3675,0
3674,0
3673,0
3672,0
3671,0
3670,0
3669,0
3668,0
3667,0
3666,0
3665,0
3664,0
3663,0
3662,0
3661,0
3660,0
3659,0
3658,0
3657,0
3656,0
3655,0
3654,0
3653,0
3652,0
3651,0
3650,0
3649,0
3648,0
3647,0
3646,0
3645,0
3644,0
3643,0
3642,0
3641,0
3640,0
3639,0
3638,0
3637,0
3636,0
3635,0
3634,0
3633,0
3632,0
3631,0
3630,0
3629,0
3628,0
3627,0
3626,0
3625,0
3624,0
3623,0
3622,0
3621,0
3620,0
3619,0
3618,0
3617,0
3616,0
3615,0
3614,0
3613,0
3612,0
3611,0
3610,0
3609,0
3608,0
3607,0
3606,0
3605,0
3604,0
3603,0
3602,0
3601,0
3600,0
3599,0
3598,0
3597,0
3596,0
3595,0
3594,0
3593,0
3592,0
3591,0
3590,0
3589,0
3588,0
3587,0
3586,0
3585,0
3584,0
3583,0
3582,0
3581,0
3580,0
3579,0
3578,0
3577,0
3576,0
3575,0
3574,0
3573,0
3572,0
3571,0
3570,0
3569,0
3568,0
3567,0
3566,0
3565,0
3564,0
3563,0
3562,0
3561,0
3560,0
3559,0
3558,0
3557,0
3556,0
3555,0
3554,0
3553,0
3552,0
3551,0
3550,0
3549,0
3548,0
3547,0
3546,0
3545,0
3544,0
3543,0
3542,0
3541,0
3540,0
3539,0
3538,0
3537,0
3536,0
3535,0
3534,0
3533,0
3532,0
3531,0
3530,0
3529,0
3528,0
3527,0
3526,0
3525,0
3524,0
3523,0
3522,0
3521,0
3520,0
3519,0
3518,0
3517,0
3516,0
3515,0
3514,0
3513,0
3512,0
3511,0
3510,0
3509,0
3508,0
3507,0
3506,0
3505,0
3504,0
3503,0
3502,0
3501,0
3500,0
3499,0
3498,0
3497,0
3496,0
3495,0
3494,0
3493,0
3492,0
3491,0
3490,0
3489,0
3488,0
3487,0
3486,0
3485,0
3484,0
3483,0
3482,0
3481,0
3480,0
3479,0
3478,0
3477,0
3476,0
3475,0
3474,0
3473,0
3472,0
3471,0
3470,0
3469,0
3468,0
3467,0
3466,0
3465,0
3464,0
3463,0
3462,0
3461,0
3460,0
3459,0
3458,0
3457,0
3456,0
3455,0
3454,0
3453,0
3452,0
3451,0
3450,0
3449,0
3448,0
3447,0
3446,0
3445,0
3444,0
3443,0
3442,0
3441,0
3440,0
3439,0
3438,0
3437,0
3436,0
3435,0
3434,0
3433,0
3432,0
3431,0
3430,0
3429,0
3428,0
3427,0
3426,0
3425,0
3424,0
3423,0
3422,0
3421,0
3420,0
3419,0
3418,0
3417,0
3416,0
3415,0
3414,0
3413,0
3412,0
3411,0
3410,0
3409,0
3408,0
3407,0
3406,0
3405,0
3404,0
3403,0
3402,0
3401,0
3400,0
3399,0
3398,0
3397,0
3396,0
3395,0
3394,0
3393,0
3392,0
3391,0
3390,0
3389,0
3388,0
3387,0
3386,0
3385,0
3384,0
3383,0
3382,0
3381,0
3380,0
3379,0
3378,0
3377,0
3376,0
3375,0
3374,0
3373,0
3372,0
3371,0
3370,0
3369,0
3368,0
3367,0
3366,0
3365,0
3364,0
3363,0
3362,0
3361,0
3360,0
3359,0
3358,0
3357,0
3356,0
3355,0
3354,0
3353,0
3352,0
3351,0
3350,0
3349,0
3348,0
3347,0
3346,0
3345,0
3344,0
3343,0
3342,0
3341,0
3340,0
3339,0
3338,0
3337,0
3336,0
3335,0
3334,0
3333,0
3332,0
3331,0
3330,0
3329,0
3328,0
3327,0
3326,0
3325,0
3324,0
3323,0
3322,0
3321,0
3320,0
3319,0
3318,0
3317,0
3316,0
3315,0
3314,0
3313,0
3312,0
3311,0
3310,0
3309,0
3308,0
3307,0
3306,0
3305,0
3304,0
3303,0
3302,0
3301,0
3300,0
3299,0
3298,0
3297,0
3296,0
3295,0
3294,0
3293,0
3292,0
3291,0
3290,0
3289,0
3288,0
3287,0
3286,0
3285,0
3284,0
3283,0
3282,0
3281,0
3280,0
3279,0
3278,0
3277,0
3276,0
3275,0
3274,0
3273,0
3272,0
3271,0
3270,0
3269,0
3268,0
3267,0
3266,0
3265,0
3264,0
3263,0
3262,0
3261,0
3260,0
3259,0
3258,0
3257,0
3256,0
3255,0
3254,0
3253,0
3252,0
3251,0
3250,0
3249,0
3248,0
3247,0
3246,0
3245,0
3244,0
3243,0
3242,0
3241,0
3240,0
3239,0
3238,0
3237,0
3236,0
3235,0
3234,0
3233,0
3232,0
3231,0
3230,0
3229,0
3228,0
3227,0
3226,0
3225,0
3224,0
3223,0
3222,0
3221,0
3220,0
3219,0
3218,0
3217,0
3216,0
3215,0
3214,0
3213,0
3212,0
3211,0
3210,0
3209,0
3208,0
3207,0
3206,0
3205,0
3204,0
3203,0
3202,0
3201,0
3200,0
3199,0
3198,0
3197,0
3196,0
3195,0
3194,0
3193,0
3192,0
3191,0
3190,0
3189,0
3188,0
3187,0
3186,0
3185,0
3184,0
3183,0
3182,0
3181,0
3180,0
3179,0
3178,0
3177,0
3176,0
3175,0
3174,0
3173,0
3172,0
3171,0
3170,0
3169,0
3168,0
3167,0
3166,0
3165,0
3164,0
3163,0
3162,0
3161,0
3160,0
3159,0
3158,0
3157,0
3156,0
3155,0
3154,0
3153,0
3152,0
3151,0
3150,0
3149,0
3148,0
3147,0
3146,0
3145,0
3144,0
3143,0
3142,0
3141,0
3140,0
3139,0
3138,0
3137,0
3136,0
3135,0
3134,0
3133,0
3132,0
3131,0
3130,0
3129,0
3128,0
3127,0
3126,0
3125,0
3124,0
3123,0
3122,0
3121,0
3120,0
3119,0
3118,0
3117,0
3116,0
3115,0
3114,0
3113,0
3112,0
3111,0
3110,0
3109,0
3108,0
3107,0
3106,0
3105,0
3104,0
3103,0
3102,0
3101,0
3100,0
3099,0
3098,0
3097,0
3096,0
3095,0
3094,0
3093,0
3092,0
3091,0
3090,0
3089,0
3088,0
3087,0
3086,0
3085,0
3084,0
3083,0
3082,0
3081,0
3080,0
3079,0
3078,0
3077,0
3076,0
3075,0
3074,0
3073,0
3072,0
3071,0
3070,0
3069,0
3068,0
3067,0
3066,0
3065,0
3064,0
3063,0
3062,0
3061,0
3060,0
3059,0
3058,0
3057,0
3056,0
3055,0
3054,0
3053,0
3052,0
3051,0
3050,0
3049,0
3048,0
3047,0
3046,0
3045,0
3044,0
3043,0
3042,0
3041,0
3040,0
3039,0
3038,0
3037,0
3036,0
3035,0
3034,0
3033,0
3032,0
3031,0
3030,0
3029,0
3028,0
3027,0
3026,0
3025,0
3024,0
3023,0
3022,0
3021,0
3020,0
3019,0
3018,0
3017,0
3016,0
3015,0
3014,0
3013,0
3012,0
3011,0
3010,0
3009,0
3008,0
3007,0
3006,0
3005,0
3004,0
3003,0
3002,0
3001,0
3000,0
2999,0
2998,0
2997,0
2996,0
2995,0
2994,0
2993,0
2992,0
2991,0
2990,0
2989,0
2988,0
2987,0
2986,0
2985,0
2984,0
2983,0
2982,0
2981,0
2980,0
2979,0
2978,0
2977,0
2976,0
2975,0
2974,0
2973,0
2972,0
2971,0
2970,0
2969,0
2968,0
2967,0
2966,0
2965,0
2964,0
2963,0
2962,0
2961,0
2960,0
2959,0
2958,0
2957,0
2956,0
2955,0
2954,0
2953,0
2952,0
2951,0
2950,0
2949,0
2948,0
2947,0
2946,0
2945,0
2944,0
2943,0
2942,0
2941,0
2940,0
2939,0
2938,0
2937,0
2936,0
2935,0
2934,0
2933,0
2932,0
2931,0
2930,0
2929,0
2928,0
2927,0
2926,0
2925,0
2924,0
2923,0
2922,0
2921,0
2920,0
2919,0
2918,0
2917,0
2916,0
2915,0
2914,0
2913,0
2912,0
2911,0
2910,0
2909,0
2908,0
2907,0
2906,0
2905,0
2904,0
2903,0
2902,0
2901,0
2900,0
2899,0
2898,0
2897,0
2896,0
2895,0
2894,0
2893,0
2892,0
2891,0
2890,0
2889,0
2888,0
2887,0
2886,0
2885,0
2884,0
2883,0
2882,0
2881,0
2880,0
2879,0
2878,0
2877,0
2876,0
2875,0
2874,0
2873,0
2872,0
2871,0
2870,0
2869,0
2868,0
2867,0
2866,0
2865,0
2864,0
2863,0
2862,0
2861,0
2860,0
2859,0
2858,0
2857,0
2856,0
2855,0
2854,0
2853,0
2852,0
2851,0
2850,0
2849,0
2848,0
2847,0
2846,0
2845,0
2844,0
2843,0
2842,0
2841,0
2840,0
2839,0
2838,0
2837,0
2836,0
2835,0
2834,0
2833,0
2832,0
2831,0
2830,0
2829,0
2828,0
2827,0
2826,0
2825,0
2824,0
2823,0
2822,0
2821,0
2820,0
2819,0
2818,0
2817,0
2816,0
2815,0
2814,0
2813,0
2812,0
2811,0
2810,0
2809,0
2808,0
2807,0
2806,0
2805,0
2804,0
2803,0
2802,0
2801,0
2800,0
2799,0
2798,0
2797,0
2796,0
2795,0
2794,0
2793,0
2792,0
2791,0
2790,0
2789,0
2788,0
2787,0
2786,0
2785,0
2784,0
2783,0
2782,0
2781,0
2780,0
2779,0
2778,0
2777,0
2776,0
2775,0
2774,0
2773,0
2772,0
2771,0
2770,0
2769,0
2768,0
2767,0
2766,0
2765,0
2764,0
2763,0
2762,0
2761,0
2760,0
2759,0
2758,0
2757,0
2756,0
2755,0
2754,0
2753,0
2752,0
2751,0
2750,0
2749,0
2748,0
2747,0
2746,0
2745,0
2744,0
2743,0
2742,0
2741,0
2740,0
2739,0
2738,0
2737,0
2736,0
2735,0
2734,0
2733,0
2732,0
2731,0
2730,0
2729,0
2728,0
2727,0
2726,0
2725,0
2724,0
2723,0
2722,0
2721,0
2720,0
2719,0
2718,0
2717,0
2716,0
2715,0
2714,0
2713,0
2712,0
2711,0
2710,0
2709,0
2708,0
2707,0
2706,0
2705,0
2704,0
2703,0
2702,0
2701,0
2700,0
2699,0
2698,0
2697,0
2696,0
2695,0
2694,0
2693,0
2692,0
2691,0
2690,0
2689,0
2688,0
2687,0
2686,0
2685,0
2684,0
2683,0
2682,0
2681,0
2680,0
2679,0
2678,0
2677,0
2676,0
2675,0
2674,0
2673,0
2672,0
2671,0
2670,0
2669,0
2668,0
2667,0
2666,0
2665,0
2664,0
2663,0
2662,0
2661,0
2660,0
2659,0
2658,0
2657,0
2656,0
2655,0
2654,0
2653,0
2652,0
2651,0
2650,0
2649,0
2648,0
2647,0
2646,0
2645,0
2644,0
2643,0
2642,0
2641,0
2640,0
2639,0
2638,0
2637,0
2636,0
2635,0
2634,0
2633,0
2632,0
2631,0
2630,0
2629,0
2628,0
2627,0
2626,0
2625,0
2624,0
2623,0
2622,0
2621,0
2620,0
2619,0
2618,0
2617,0
2616,0
2615,0
2614,0
2613,0
2612,0
2611,0
2610,0
2609,0
2608,0
2607,0
2606,0
2605,0
2604,0
2603,0
2602,0
2601,0
2600,0
2599,0
2598,0
2597,0
2596,0
2595,0
2594,0
2593,0
2592,0
2591,0
2590,0
2589,0
2588,0
2587,0
2586,0
2585,0
2584,0
2583,0
2582,0
2581,0
2580,0
2579,0
2578,0
2577,0
2576,0
2575,0
2574,0
2573,0
2572,0
2571,0
2570,0
2569,0
2568,0
2567,0
2566,0
2565,0
2564,0
2563,0
2562,0
2561,0
2560,0
2559,0
2558,0
2557,0
2556,0
2555,0
2554,0
2553,0
2552,0
2551,0
2550,0
2549,0
2548,0
2547,0
2546,0
2545,0
2544,0
2543,0
2542,0
2541,0
2540,0
2539,0
2538,0
2537,0
2536,0
2535,0
2534,0
2533,0
2532,0
2531,0
2530,0
2529,0
2528,0
2527,0
2526,0
2525,0
2524,0
2523,0
2522,0
2521,0
2520,0
2519,0
2518,0
2517,0
2516,0
2515,0
2514,0
2513,0
2512,0
2511,0
2510,0
2509,0
2508,0
2507,0
2506,0
2505,0
2504,0
2503,0
2502,0
2501,0
2500,0
2499,0
2498,0
2497,0
2496,0
2495,0
2494,0
2493,0
2492,0
2491,0
2490,0
2489,0
2488,0
2487,0
2486,0
2485,0
2484,0
2483,0
2482,0
2481,0
2480,0
2479,0
2478,0
2477,0
2476,0
2475,0
2474,0
2473,0
2472,0
2471,0
2470,0
2469,0
2468,0
2467,0
2466,0
2465,0
2464,0
2463,0
2462,0
2461,0
2460,0
2459,0
2458,0
2457,0
2456,0
2455,0
2454,0
2453,0
2452,0
2451,0
2450,0
2449,0
2448,0
2447,0
2446,0
2445,0
2444,0
2443,0
2442,0
2441,0
2440,0
2439,0
2438,0
2437,0
2436,0
2435,0
2434,0
2433,0
2432,0
2431,0
2430,0
2429,0
2428,0
2427,0
2426,0
2425,0
2424,0
2423,0
2422,0
2421,0
2420,0
2419,0
2418,0
2417,0
2416,0
2415,0
2414,0
2413,0
2412,0
2411,0
2410,0
2409,0
2408,0
2407,0
2406,0
2405,0
2404,0
2403,0
2402,0
2401,0
2400,0
2399,0
2398,0
2397,0
2396,0
2395,0
2394,0
2393,0
2392,0
2391,0
2390,0
2389,0
2388,0
2387,0
2386,0
2385,0
2384,0
2383,0
2382,0
2381,0
2380,0
2379,0
2378,0
2377,0
2376,0
2375,0
2374,0
2373,0
2372,0
2371,0
2370,0
2369,0
2368,0
2367,0
2366,0
2365,0
2364,0
2363,0
2362,0
2361,0
2360,0
2359,0
2358,0
2357,0
2356,0
2355,0
2354,0
2353,0
2352,0
2351,0
2350,0
2349,0
2348,0
2347,0
2346,0
2345,0
2344,0
2343,0
2342,0
2341,0
2340,0
2339,0
2338,0
2337,0
2336,0
2335,0
2334,0
2333,0
2332,0
2331,0
2330,0
2329,0
2328,0
2327,0
2326,0
2325,0
2324,0
2323,0
2322,0
2321,0
2320,0
2319,0
2318,0
2317,0
2316,0
2315,0
2314,0
2313,0
2312,0
2311,0
2310,0
2309,0
2308,0
2307,0
2306,0
2305,0
2304,0
2303,0
2302,0
2301,0
2300,0
2299,0
2298,0
2297,0
2296,0
2295,0
2294,0
2293,0
2292,0
2291,0
2290,0
2289,0
2288,0
2287,0
2286,0
2285,0
2284,0
2283,0
2282,0
2281,0
2280,0
2279,0
2278,0
2277,0
2276,0
2275,0
2274,0
2273,0
2272,0
2271,0
2270,0
2269,0
2268,0
2267,0
2266,0
2265,0
2264,0
2263,0
2262,0
2261,0
2260,0
2259,0
2258,0
2257,0
2256,0
2255,0
2254,0
2253,0
2252,0
2251,0
2250,0
2249,0
2248,0
2247,0
2246,0
2245,0
2244,0
2243,0
2242,0
2241,0
2240,0
2239,0
2238,0
2237,0
2236,0
2235,0
2234,0
2233,0
2232,0
2231,0
2230,0
2229,0
2228,0
2227,0
2226,0
2225,0
2224,0
2223,0
2222,0
2221,0
2220,0
2219,0
2218,0
2217,0
2216,0
2215,0
2214,0
2213,0
2212,0
2211,0
2210,0
2209,0
2208,0
2207,0
2206,0
2205,0
2204,0
2203,0
2202,0
2201,0
2200,0
2199,0
2198,0
2197,0
2196,0
2195,0
2194,0
2193,0
2192,0
2191,0
2190,0
2189,0
2188,0
2187,0
2186,0
2185,0
2184,0
2183,0
2182,0
2181,0
2180,0
2179,0
2178,0
2177,0
2176,0
2175,0
2174,0
2173,0
2172,0
2171,0
2170,0
2169,0
2168,0
2167,0
2166,0
2165,0
2164,0
2163,0
2162,0
2161,0
2160,0
2159,0
2158,0
2157,0
2156,0
2155,0
2154,0
2153,0
2152,0
2151,0
2150,0
2149,0
2148,0
2147,0
2146,0
2145,0
2144,0
2143,0
2142,0
2141,0
2140,0
2139,0
2138,0
2137,0
2136,0
2135,0
2134,0
2133,0
2132,0
2131,0
2130,0
2129,0
2128,0
2127,0
2126,0
2125,0
2124,0
2123,0
2122,0
2121,0
2120,0
2119,0
2118,0
2117,0
2116,0
2115,0
2114,0
2113,0
2112,0
2111,0
2110,0
2109,0
2108,0
2107,0
2106,0
2105,0
2104,0
2103,0
2102,0
2101,0
2100,0
2099,0
2098,0
2097,0
2096,0
2095,0
2094,0
2093,0
2092,0
2091,0
2090,0
2089,0
2088,0
2087,0
2086,0
2085,0
2084,0
2083,0
2082,0
2081,0
2080,0
2079,0
2078,0
2077,0
2076,0
2075,0
2074,0
2073,0
2072,0
2071,0
2070,0
2069,0
2068,0
2067,0
2066,0
2065,0
2064,0
2063,0
2062,0
2061,0
2060,0
2059,0
2058,0
2057,0
2056,0
2055,0
2054,0
2053,0
2052,0
2051,0
2050,0
2049,0
2048,0
2047,0
2046,0
2045,0
2044,0
2043,0
2042,0
2041,0
2040,0
2039,0
2038,0
2037,0
2036,0
2035,0
2034,0
2033,0
2032,0
2031,0
2030,0
2029,0
2028,0
2027,0
2026,0
2025,0
2024,0
2023,0
2022,0
2021,0
2020,0
2019,0
2018,0
2017,0
2016,0
2015,0
2014,0
2013,0
2012,0
2011,0
2010,0
2009,0
2008,0
2007,0
2006,0
2005,0
2004,0
2003,0
2002,0
2001,0
2000,0
1999,0
1998,0
1997,0
1996,0
1995,0
1994,0
1993,0
1992,0
1991,0
1990,0
1989,0
1988,0
1987,0
1986,0
1985,0
1984,0
1983,0
1982,0
1981,0
1980,0
1979,0
1978,0
1977,0
1976,0
1975,0
1974,0
1973,0
1972,0
1971,0
1970,0
1969,0
1968,0
1967,0
1966,0
1965,0
1964,0
1963,0
1962,0
1961,0
1960,0
1959,0
1958,0
1957,0
1956,0
1955,0
1954,0
1953,0
1952,0
1951,0
1950,0
1949,0
1948,0
1947,0
1946,0
1945,0
1944,0
1943,0
1942,0
1941,0
1940,0
1939,0
1938,0
1937,0
1936,0
1935,0
1934,0
1933,0
1932,0
1931,0
1930,0
1929,0
1928,0
1927,0
1926,0
1925,0
1924,0
1923,0
1922,0
1921,0
1920,0
1919,0
1918,0
1917,0
1916,0
1915,0
1914,0
1913,0
1912,0
1911,0
1910,0
1909,0
1908,0
1907,0
1906,0
1905,0
1904,0
1903,0
1902,0
1901,0
1900,0
1899,0
1898,0
1897,0
1896,0
1895,0
1894,0
1893,0
1892,0
1891,0
1890,0
1889,0
1888,0
1887,0
1886,0
1885,0
1884,0
1883,0
1882,0
1881,0
1880,0
1879,0
1878,0
1877,0
1876,0
1875,0
1874,0
1873,0
1872,0
1871,0
1870,0
1869,0
1868,0
1867,0
1866,0
1865,0
1864,0
1863,0
1862,0
1861,0
1860,0
1859,0
1858,0
1857,0
1856,0
1855,0
1854,0
1853,0
1852,0
1851,0
1850,0
1849,0
1848,0
1847,0
1846,0
1845,0
1844,0
1843,0
1842,0
1841,0
1840,0
1839,0
1838,0
1837,0
1836,0
1835,0
1834,0
1833,0
1832,0
1831,0
1830,0
1829,0
1828,0
1827,0
1826,0
1825,0
1824,0
1823,0
1822,0
1821,0
1820,0
1819,0
1818,0
1817,0
1816,0
1815,0
1814,0
1813,0
1812,0
1811,0
1810,0
1809,0
1808,0
1807,0
1806,0
1805,0
1804,0
1803,0
1802,0
1801,0
1800,0
1799,0
1798,0
1797,0
1796,0
1795,0
1794,0
1793,0
1792,0
1791,0
1790,0
1789,0
1788,0
1787,0
1786,0
1785,0
1784,0
1783,0
1782,0
1781,0
1780,0
1779,0
1778,0
1777,0
1776,0
1775,0
1774,0
1773,0
1772,0
1771,0
1770,0
1769,0
1768,0
1767,0
1766,0
1765,0
1764,0
1763,0
1762,0
1761,0
1760,0
1759,0
1758,0
1757,0
1756,0
1755,0
1754,0
1753,0
1752,0
1751,0
1750,0
1749,0
1748,0
1747,0
1746,0
1745,0
1744,0
1743,0
1742,0
1741,0
1740,0
1739,0
1738,0
1737,0
1736,0
1735,0
1734,0
1733,0
1732,0
1731,0
1730,0
1729,0
1728,0
1727,0
1726,0
1725,0
1724,0
1723,0
1722,0
1721,0
1720,0
1719,0
1718,0
1717,0
1716,0
1715,0
1714,0
1713,0
1712,0
1711,0
1710,0
1709,0
1708,0
1707,0
1706,0
1705,0
1704,0
1703,0
1702,0
1701,0
1700,0
1699,0
1698,0
1697,0
1696,0
1695,0
1694,0
1693,0
1692,0
1691,0
1690,0
1689,0
1688,0
1687,0
1686,0
1685,0
1684,0
1683,0
1682,0
1681,0
1680,0
1679,0
1678,0
1677,0
1676,0
1675,0
1674,0
1673,0
1672,0
1671,0
1670,0
1669,0
1668,0
1667,0
1666,0
1665,0
1664,0
1663,0
1662,0
1661,0
1660,0
1659,0
1658,0
1657,0
1656,0
1655,0
1654,0
1653,0
1652,0
1651,0
1650,0
1649,0
1648,0
1647,0
1646,0
1645,0
1644,0
1643,0
1642,0
1641,0
1640,0
1639,0
1638,0
1637,0
1636,0
1635,0
1634,0
1633,0
1632,0
1631,0
1630,0
1629,0
1628,0
1627,0
1626,0
1625,0
1624,0
1623,0
1622,0
1621,0
1620,0
1619,0
1618,0
1617,0
1616,0
1615,0
1614,0
1613,0
1612,0
1611,0
1610,0
1609,0
1608,0
1607,0
1606,0
1605,0
1604,0
1603,0
1602,0
1601,0
1600,0
1599,0
1598,0
1597,0
1596,0
1595,0
1594,0
1593,0
1592,0
1591,0
1590,0
1589,0
1588,0
1587,0
1586,0
1585,0
1584,0
1583,0
1582,0
1581,0
1580,0
1579,0
1578,0
1577,0
1576,0
1575,0
1574,0
1573,0
1572,0
1571,0
1570,0
1569,0
1568,0
1567,0
1566,0
1565,0
1564,0
1563,0
1562,0
1561,0
1560,0
1559,0
1558,0
1557,0
1556,0
1555,0
1554,0
1553,0
1552,0
1551,0
1550,0
1549,0
1548,0
1547,0
1546,0
1545,0
1544,0
1543,0
1542,0
1541,0
1540,0
1539,0
1538,0
1537,0
1536,0
1535,0
1534,0
1533,0
1532,0
1531,0
1530,0
1529,0
1528,0
1527,0
1526,0
1525,0
1524,0
1523,0
1522,0
1521,0
1520,0
1519,0
1518,0
1517,0
1516,0
1515,0
1514,0
1513,0
1512,0
1511,0
1510,0
1509,0
1508,0
1507,0
1506,0
1505,0
1504,0
1503,0
1502,0
1501,0
1500,0
1499,0
1498,0
1497,0
1496,0
1495,0
1494,0
1493,0
1492,0
1491,0
1490,0
1489,0
1488,0
1487,0
1486,0
1485,0
1484,0
1483,0
1482,0
1481,0
1480,0
1479,0
1478,0
1477,0
1476,0
1475,0
1474,0
1473,0
1472,0
1471,0
1470,0
1469,0
1468,0
1467,0
1466,0
1465,0
1464,0
1463,0
1462,0
1461,0
1460,0
1459,0
1458,0
1457,0
1456,0
1455,0
1454,0
1453,0
1452,0
1451,0
1450,0
1449,0
1448,0
1447,0
1446,0
1445,0
1444,0
1443,0
1442,0
1441,0
1440,0
1439,0
1438,0
1437,0
1436,0
1435,0
1434,0
1433,0
1432,0
1431,0
1430,0
1429,0
1428,0
1427,0
1426,0
1425,0
1424,0
1423,0
1422,0
1421,0
1420,0
1419,0
1418,0
1417,0
1416,0
1415,0
1414,0
1413,0
1412,0
1411,0
1410,0
1409,0
1408,0
1407,0
1406,0
1405,0
1404,0
1403,0
1402,0
1401,0
1400,0
1399,0
1398,0
1397,0
1396,0
1395,0
1394,0
1393,0
1392,0
1391,0
1390,0
1389,0
1388,0
1387,0
1386,0
1385,0
1384,0
1383,0
1382,0
1381,0
1380,0
1379,0
1378,0
1377,0
1376,0
1375,0
1374,0
1373,0
1372,0
1371,0
1370,0
1369,0
1368,0
1367,0
1366,0
1365,0
1364,0
1363,0
1362,0
1361,0
1360,0
1359,0
1358,0
1357,0
1356,0
1355,0
1354,0
1353,0
1352,0
1351,0
1350,0
1349,0
1348,0
1347,0
1346,0
1345,0
1344,0
1343,0
1342,0
1341,0
1340,0
1339,0
1338,0
1337,0
1336,0
1335,0
1334,0
1333,0
1332,0
1331,0
1330,0
1329,0
1328,0
1327,0
1326,0
1325,0
1324,0
1323,0
1322,0
1321,0
1320,0
1319,0
1318,0
1317,0
1316,0
1315,0
1314,0
1313,0
1312,0
1311,0
1310,0
1309,0
1308,0
1307,0
1306,0
1305,0
1304,0
1303,0
1302,0
1301,0
1300,0
1299,0
1298,0
1297,0
1296,0
1295,0
1294,0
1293,0
1292,0
1291,0
1290,0
1289,0
1288,0
1287,0
1286,0
1285,0
1284,0
1283,0
1282,0
1281,0
1280,0
1279,0
1278,0
1277,0
1276,0
1275,0
1274,0
1273,0
1272,0
1271,0
1270,0
1269,0
1268,0
1267,0
1266,0
1265,0
1264,0
1263,0
1262,0
1261,0
1260,0
1259,0
1258,0
1257,0
1256,0
1255,0
1254,0
1253,0
1252,0
1251,0
1250,0
1249,0
1248,0
1247,0
1246,0
1245,0
1244,0
1243,0
1242,0
1241,0
1240,0
1239,0
1238,0
1237,0
1236,0
1235,0
1234,0
1233,0
1232,0
1231,0
1230,0
1229,0
1228,0
1227,0
1226,0
1225,0
1224,0
1223,0
1222,0
1221,0
1220,0
1219,0
1218,0
1217,0
1216,0
1215,0
1214,0
1213,0
1212,0
1211,0
1210,0
1209,0
1208,0
1207,0
1206,0
1205,0
1204,0
1203,0
1202,0
1201,0
1200,0
1199,0
1198,0
1197,0
1196,0
1195,0
1194,0
1193,0
1192,0
1191,0
1190,0
1189,0
1188,0
1187,0
1186,0
1185,0
1184,0
1183,0
1182,0
1181,0
1180,0
1179,0
1178,0
1177,0
1176,0
1175,0
1174,0
1173,0
1172,0
1171,0
1170,0
1169,0
1168,0
1167,0
1166,0
1165,0
1164,0
1163,0
1162,0
1161,0
1160,0
1159,0
1158,0
1157,0
1156,0
1155,0
1154,0
1153,0
1152,0
1151,0
1150,0
1149,0
1148,0
1147,0
1146,0
1145,0
1144,0
1143,0
1142,0
1141,0
1140,0
1139,0
1138,0
1137,0
1136,0
1135,0
1134,0
1133,0
1132,0
1131,0
1130,0
1129,0
1128,0
1127,0
1126,0
1125,0
1124,0
1123,0
1122,0
1121,0
1120,0
1119,0
1118,0
1117,0
1116,0
1115,0
1114,0
1113,0
1112,0
1111,0
1110,0
1109,0
1108,0
1107,0
1106,0
1105,0
1104,0
1103,0
1102,0
1101,0
1100,0
1099,0
1098,0
1097,0
1096,0
1095,0
1094,0
1093,0
1092,0
1091,0
1090,0
1089,0
1088,0
1087,0
1086,0
1085,0
1084,0
1083,0
1082,0
1081,0
1080,0
1079,0
1078,0
1077,0
1076,0
1075,0
1074,0
1073,0
1072,0
1071,0
1070,0
1069,0
1068,0
1067,0
1066,0
1065,0
1064,0
1063,0
1062,0
1061,0
1060,0
1059,0
1058,0
1057,0
1056,0
1055,0
1054,0
1053,0
1052,0
1051,0
1050,0
1049,0
1048,0
1047,0
1046,0
1045,0
1044,0
1043,0
1042,0
1041,0
1040,0
1039,0
1038,0
1037,0
1036,0
1035,0
1034,0
1033,0
1032,0
1031,0
1030,0
1029,0
1028,0
1027,0
1026,0
1025,0
1024,0
1023,0
1022,0
1021,0
1020,0
1019,0
1018,0
1017,0
1016,0
1015,0
1014,0
1013,0
1012,0
1011,0
1010,0
1009,0
1008,0
1007,0
1006,0
1005,0
1004,0
1003,0
1002,0
1001,0
1000,0
999,0
998,0
997,0
996,0
995,0
994,0
993,0
992,0
991,0
990,0
989,0
988,0
987,0
986,0
985,0
984,0
983,0
982,0
981,0
980,0
979,0
978,0
977,0
976,0
975,0
974,0
973,0
972,0
971,0
970,0
969,0
968,0
967,0
966,0
965,0
964,0
963,0
962,0
961,0
960,0
959,0
958,0
957,0
956,0
955,0
954,0
953,0
952,0
951,0
950,0
949,0
948,0
947,0
946,0
945,0
944,0
943,0
942,0
941,0
940,0
939,0
938,0
937,0
936,0
935,0
934,0
933,0
932,0
931,0
930,0
929,0
928,0
927,0
926,0
925,0
924,0
923,0
922,0
921,0
920,0
919,0
918,0
917,0
916,0
915,0
914,0
913,0
912,0
911,0
910,0
909,0
908,0
907,0
906,0
905,0
904,0
903,0
902,0
901,0
900,0
899,0
898,0
897,0
896,0
895,0
894,0
893,0
892,0
891,0
890,0
889,0
888,0
887,0
886,0
885,0
884,0
883,0
882,0
881,0
880,0
879,0
878,0
877,0
876,0
875,0
874,0
873,0
872,0
871,0
870,0
869,0
868,0
867,0
866,0
865,0
864,0
863,0
862,0
861,0
860,0
859,0
858,0
857,0
856,0
855,0
854,0
853,0
852,0
851,0
850,0
849,0
848,0
847,0
846,0
845,0
844,0
843,0
842,0
841,0
840,0
839,0
838,0
837,0
836,0
835,0
834,0
833,0
832,0
831,0
830,0
829,0
828,0
827,0
826,0
825,0
824,0
823,0
822,0
821,0
820,0
819,0
818,0
817,0
816,0
815,0
814,0
813,0
812,0
811,0
810,0
809,0
808,0
807,0
806,0
805,0
804,0
803,0
802,0
801,0
800,0
799,0
798,0
797,0
796,0
795,0
794,0
793,0
792,0
791,0
790,0
789,0
788,0
787,0
786,0
785,0
784,0
783,0
782,0
781,0
780,0
779,0
778,0
777,0
776,0
775,0
774,0
773,0
772,0
771,0
770,0
769,0
768,0
767,0
766,0
765,0
764,0
763,0
762,0
761,0
760,0
759,0
758,0
757,0
756,0
755,0
754,0
753,0
752,0
751,0
750,0
749,0
748,0
747,0
746,0
745,0
744,0
743,0
742,0
741,0
740,0
739,0
738,0
737,0
736,0
735,0
734,0
733,0
732,0
731,0
730,0
729,0
728,0
727,0
726,0
725,0
724,0
723,0
722,0
721,0
720,0
719,0
718,0
717,0
716,0
715,0
714,0
713,0
712,0
711,0
710,0
709,0
708,0
707,0
706,0
705,0
704,0
703,0
702,0
701,0
700,0
699,0
698,0
697,0
696,0
695,0
694,0
693,0
692,0
691,0
690,0
689,0
688,0
687,0
686,0
685,0
684,0
683,0
682,0
681,0
680,0
679,0
678,0
677,0
676,0
675,0
674,0
673,0
672,0
671,0
670,0
669,0
668,0
667,0
666,0
665,0
664,0
663,0
662,0
661,0
660,0
659,0
658,0
657,0
656,0
655,0
654,0
653,0
652,0
651,0
650,0
649,0
648,0
647,0
646,0
645,0
644,0
643,0
642,0
641,0
640,0
639,0
638,0
637,0
636,0
635,0
634,0
633,0
632,0
631,0
630,0
629,0
628,0
627,0
626,0
625,0
624,0
623,0
622,0
621,0
620,0
619,0
618,0
617,0
616,0
615,0
614,0
613,0
612,0
611,0
610,0
609,0
608,0
607,0
606,0
605,0
604,0
603,0
602,0
601,0
600,0
599,0
598,0
597,0
596,0
595,0
594,0
593,0
592,0
591,0
590,0
589,0
588,0
587,0
586,0
585,0
584,0
583,0
582,0
581,0
580,0
579,0
578,0
577,0
576,0
575,0
574,0
573,0
572,0
571,0
570,0
569,0
568,0
567,0
566,0
565,0
564,0
563,0
562,0
561,0
560,0
559,0
558,0
557,0
556,0
555,0
554,0
553,0
552,0
551,0
550,0
549,0
548,0
547,0
546,0
545,0
544,0
543,0
542,0
541,0
540,0
539,0
538,0
537,0
536,0
535,0
534,0
533,0
532,0
531,0
530,0
529,0
528,0
527,0
526,0
525,0
524,0
523,0
522,0
521,0
520,0
519,0
518,0
517,0
516,0
515,0
514,0
513,0
512,0
511,0
510,0
509,0
508,0
507,0
506,0
505,0
504,0
503,0
502,0
501,0
500,0
499,0
498,0
497,0
496,0
495,0
494,0
493,0
492,0
491,0
490,0
489,0
488,0
487,0
486,0
485,0
484,0
483,0
482,0
481,0
480,0
479,0
478,0
477,0
476,0
475,0
474,0
473,0
472,0
471,0
470,0
469,0
468,0
467,0
466,0
465,0
464,0
463,0
462,0
461,0
460,0
459,0
458,0
457,0
456,0
455,0
454,0
453,0
452,0
451,0
450,0
449,0
448,0
447,0
446,0
445,0
444,0
443,0
442,0
441,0
440,0
439,0
438,0
437,0
436,0
435,0
434,0
433,0
432,0
431,0
430,0
429,0
428,0
427,0
426,0
425,0
424,0
423,0
422,0
421,0
420,0
419,0
418,0
417,0
416,0
415,0
414,0
413,0
412,0
411,0
410,0
409,0
408,0
407,0
406,0
405,0
404,0
403,0
402,0
401,0
400,0
399,0
398,0
397,0
396,0
395,0
394,0
393,0
392,0
391,0
390,0
389,0
388,0
387,0
386,0
385,0
384,0
383,0
382,0
381,0
380,0
379,0
378,0
377,0
376,0
375,0
374,0
373,0
372,0
371,0
370,0
369,0
368,0
367,0
366,0
365,0
364,0
363,0
362,0
361,0
360,0
359,0
358,0
357,0
356,0
355,0
354,0
353,0
352,0
351,0
350,0
349,0
348,0
347,0
346,0
345,0
344,0
343,0
342,0
341,0
340,0
339,0
338,0
337,0
336,0
335,0
334,0
333,0
332,0
331,0
330,0
329,0
328,0
327,0
326,0
325,0
324,0
323,0
322,0
321,0
320,0
319,0
318,0
317,0
316,0
315,0
314,0
313,0
312,0
311,0
310,0
309,0
308,0
307,0
306,0
305,0
304,0
303,0
302,0
301,0
300,0
299,0
298,0
297,0
296,0
295,0
294,0
293,0
292,0
291,0
290,0
289,0
288,0
287,0
286,0
285,0
284,0
283,0
282,0
281,0
280,0
279,0
278,0
277,0
276,0
275,0
274,0
273,0
272,0
271,0
270,0
269,0
268,0
267,0
266,0
265,0
264,0
263,0
262,0
261,0
260,0
259,0
258,0
257,0
256,0
255,0
254,0
253,0
252,0
251,0
250,0
249,0
248,0
247,0
246,0
245,0
244,0
243,0
242,0
241,0
240,0
239,0
238,0
237,0
236,0
235,0
234,0
233,0
232,0
231,0
230,0
229,0
228,0
227,0
226,0
225,0
224,0
223,0
222,0
221,0
220,0
219,0
218,0
217,0
216,0
215,0
214,0
213,0
212,0
211,0
210,0
209,0
208,0
207,0
206,0
205,0
204,0
203,0
202,0
201,0
200,0
199,0
198,0
197,0
196,0
195,0
194,0
193,0
192,0
191,0
190,0
189,0
188,0
187,0
186,0
185,0
184,0
183,0
182,0
181,0
180,0
179,0
178,0
177,0
176,0
175,0
174,0
173,0
172,0
171,0
170,0
169,0
168,0
167,0
166,0
165,0
164,0
163,0
162,0
161,0
160,0
159,0
158,0
157,0
156,0
155,0
154,0
153,0
152,0
151,0
150,0
149,0
148,0
147,0
146,0
145,0
144,0
143,0
142,0
141,0
140,0
139,0
138,0
137,0
136,0
135,0
134,0
133,0
132,0
131,0
130,0
129,0
128,0
127,0
126,0
125,0
124,0
123,0
122,0
121,0
120,0
119,0
118,0
117,0
116,0
115,0
114,0
113,0
112,0
111,0
110,0
109,0
108,0
107,0
106,0
105,0
104,0
103,0
102,0
101,0
100,0
99,0
98,0
97,0
96,0
95,0
94,0
93,0
92,0
91,0
90,0
89,0
88,0
87,0
86,0
85,0
84,0
83,0
82,0
81,0
80,0
79,0
78,0
77,0
76,0
75,0
74,0
73,0
72,0
71,0
70,0
69,0
68,0
67,0
66,0
65,0
64,0
63,0
62,0
61,0
60,0
59,0
58,0
57,0
56,0
55,0
54,0
53,0
52,0
51,0
50,0
49,0
48,0
47,0
46,0
45,0
44,0
43,0
42,0
41,0
40,0
39,0
38,0
37,0
36,0
35,0
34,0
33,0
32,0
31,0
30,0
29,0
28,0
27,0
26,0
25,0
24,0
23,0
22,0
21,0
20,0
19,0
18,0
17,0
16,0
15,0
14,0
13,0
12,0
11,0
10,0
9,0
8,0
7,0
6,0
5,0
4,0
3,0
2,0
1,0
0,0
