Site,longitude,latitude,time_bp,bio01,bio04,bio05,bio06,bio07,bio08,bio09,bio10,bio11,bio12,bio13,bio14,bio15,bio16,bio17,bio18,bio19,npp,bio01_diff,time_elapsed,bio01_RoC_per_century,bio04_diff,bio04_RoC_per_century,bio05_diff,bio05_RoC_per_century,bio06_diff,bio06_RoC_per_century,bio07_diff,bio07_RoC_per_century,bio08_diff,bio08_RoC_per_century,bio09_diff,bio09_RoC_per_century,bio10_diff,bio10_RoC_per_century,bio11_diff,bio11_RoC_per_century,bio12_diff,bio12_RoC_per_century,bio13_diff,bio13_RoC_per_century,bio14_diff,bio14_RoC_per_century,bio15_diff,bio15_RoC_per_century,bio16_diff,bio16_RoC_per_century,bio17_diff,bio17_RoC_per_century,bio18_diff,bio18_RoC_per_century,bio19_diff,bio19_RoC_per_century,npp_diff,npp_RoC_per_century
Border Cave,31.989,-27.021,-50000,18.32396889,340.4482727,29.33698845,5.097438335,24.23954964,20.57457924,13.63557911,22.14056587,13.63557911,599.9844971,110.8456802,2.743234873,64.159935,245.6316528,44.60116959,214.4884644,44.60116959,515,,,,,,,,,,,,,,,,,,,,,,,,,,,,,,,,,,,,,
Border Cave,31.989,-27.021,-48000,17.86560631,363.7125244,29.12488174,4.137144089,24.98773766,21.77264595,12.99024296,21.86875343,12.99024296,676.7205811,110.3723907,5.485517979,63.65404892,275.5072327,50.52746964,251.6645508,50.52746964,620,-0.458362579,2000,-0.022918129,23.26425171,1.1632125854492499,-0.212106705,-0.010605335,-0.960294247,-0.048014712,0.7481880187987997,0.037409401,1.198066711425799,0.059903336,-0.645336151,-0.032266808,-0.271812439,-0.013590622,-0.645336151,-0.032266808,76.73608398,3.836804199,-0.47328949,-0.023664474,2.742283106,0.137114155,-0.505886078,-0.025294304,29.87557983398503,1.4937789916992514,5.926300048828203,0.2963150024414102,37.176086425780994,1.8588043212890495,5.926300048828203,0.2963150024414102,105,5.25
Border Cave,31.989,-27.021,-46000,18.14213943,356.5476685,29.44514656,4.604662895,24.84048462,21.9816494,13.28055477,22.14246368,13.28055477,605.2865601,128.0346985,0,66.63420868,261.1671753,29.82781982,255.1283264,29.82781982,540,0.2765331268311009,2000,0.013826656341555044,-7.164855957,-0.358242798,0.320264816,0.016013241,0.4675188064575204,0.023375940322876022,-0.147253036,-0.007362652,0.2090034484862997,0.010450172424314985,0.29031181335450107,0.014515590667725054,0.2737102508544993,0.013685512542724966,0.29031181335450107,0.014515590667725054,-71.434021,-3.57170105,17.66230773925801,0.8831153869629006,-5.485517979,-0.274275899,2.9801597595215057,0.14900798797607528,-14.34005737,-0.717002869,-20.69964981,-1.034982491,3.4637756347659945,0.17318878173829974,-20.69964981,-1.034982491,-80,-4
Border Cave,31.989,-27.021,-44000,18.03266907,340.8266296,29.05675697,4.78373909,24.27301788,21.76321411,13.42215729,21.85121155,13.42215729,636.7435913,113.0158234,0,64.26849365,238.2497559,42.66737366,204.3372955,42.66737366,613,-0.109470367,2000,-0.005473518,-15.72103882,-0.786051941,-0.388389587,-0.019419479,0.17907619476318004,0.00895381,-0.567466736,-0.028373337,-0.218435287,-0.010921764,0.1416025161743999,0.007080126,-0.291252136,-0.014562607,0.1416025161743999,0.007080126,31.45703125,1.5728515625000001,-15.01887512,-0.750943756,0,0,-2.365715027,-0.118285751,-22.91741943,-1.145870972,12.839553833007798,0.6419776916503899,-50.79103088,-2.539551544,12.839553833007798,0.6419776916503899,73,3.65
Border Cave,31.989,-27.021,-42000,17.76558304,331.4738159,28.76789093,4.663685322,24.10420609,21.48421669,13.93345356,21.48421669,13.28880787,539.4039307,86.80030823,3.516089201,61.38050461,217.0260468,32.32637405,217.0260468,51.48504639,501,-0.267086029,2000,-0.013354301,-9.352813721,-0.467640686,-0.288866043,-0.014443302,-0.120053768,-0.006002688,-0.168811798,-0.00844059,-0.278997421,-0.013949871,0.5112962722778001,0.025564813613890004,-0.366994858,-0.018349743,-0.133349419,-0.006667471,-97.33966064,-4.866983032,-26.21551514,-1.310775757,3.516089201,0.1758044600486755,-2.887989044,-0.144399452,-21.22370911,-1.061185455,-10.3409996,-0.51704998,12.688751220703011,0.6344375610351506,8.817672729492202,0.44088363647461004,-112,-5.6
Border Cave,31.989,-27.021,-40000,17.71464348,307.4835815,28.23090935,4.796646595,23.43426323,21.12591743,14.00775433,21.12591743,13.67123318,621.5841675,90.8613739,13.36542416,58.81289291,234.051239,41.41484833,234.051239,48.84365845,556,-0.05093956,2000,-0.002546978,-23.99023438,-1.199511719,-0.536981583,-0.026849079,0.13296127319335938,0.006648064,-0.669942856,-0.033497143,-0.358299255,-0.017914963,0.074300766,0.003715038,-0.358299255,-0.017914963,0.38242530822759946,0.019121265411379974,82.18023681640602,4.109011840820301,4.061065673828097,0.20305328369140482,9.849334955,0.4924667477607745,-2.567611694,-0.128380585,17.02519226074199,0.8512596130370994,9.088474273681598,0.45442371368407986,17.02519226074199,0.8512596130370994,-2.641387939,-0.132069397,55,2.75
Border Cave,31.989,-27.021,-38000,17.98446846,277.1792297,28.2308712,5.675766945,22.5551033,20.15337563,14.66319942,21.06173706,14.3013792,564.401001,96.96638489,6.874344826,60.02387619,224.5843353,42.73873901,153.5440826,52.9455452,491,0.26982498168939983,2000,0.013491249084469992,-30.30435181,-1.51521759,-3.81E-05,-1.91E-06,0.8791203498840305,0.043956017,-0.879159927,-0.043957996,-0.972541809,-0.04862709,0.6554450988770011,0.032772254943850054,-0.064180374,-0.003209019,0.6301460266112997,0.031507301,-57.1831665,-2.859158325,6.105010986328097,0.30525054931640483,-6.49107933,-0.324553967,1.2109832763670951,0.060549163818354755,-9.466903687,-0.473345184,1.323890686035206,0.066194534,-80.50715637,-4.025357819,4.1018867492676065,0.20509433746338032,-65,-3.25
Border Cave,31.989,-27.021,-36000,18.07134438,262.0735474,28.00865555,5.692664623,22.31599045,18.35706139,14.79721737,20.95052528,14.64616871,593.8422852,94.64871216,9.847615242,59.38811111,239.3468323,44.13079071,160.1711731,53.8081665,513,0.086875916,2000,0.004343796,-15.10568237,-0.755284119,-0.222215652,-0.011110783,0.016897678,0.000844884,-0.239112854,-0.011955643,-1.79631424,-0.089815712,0.1340179443359002,0.006700897,-0.111211777,-0.005560589,0.3447895050049006,0.017239475250245027,29.441284179687045,1.4720642089843523,-2.317672729,-0.115883636,2.9732704162597594,0.14866352081298798,-0.635765076,-0.031788254,14.762496948242983,0.7381248474121492,1.392051696777294,0.069602585,6.6270904541010225,0.33135452270505117,0.8626213073730966,0.043131065,22,1.0999999999999999
Border Cave,31.989,-27.021,-34000,17.90005684,251.6685486,27.63313675,5.686969757,21.94616699,18.46350288,14.71033382,20.66563797,14.57797146,598.0936279,85.96929169,1.080340147,59.49642181,241.7002258,27.14309883,172.9314728,50.61771393,508,-0.171287537,2000,-0.008564377,-10.40499878,-0.520249939,-0.375518799,-0.01877594,-0.005694866,-0.000284743,-0.369823456,-0.018491173,0.1064414978027024,0.005322075,-0.086883545,-0.004344177,-0.284887314,-0.014244366,-0.06819725,-0.003409863,4.251342773437955,0.21256713867189775,-8.679420471,-0.433971024,-8.767275095,-0.438363755,0.10831069946279825,0.005415535,2.353393554687017,0.11766967773435084,-16.98769188,-0.849384594,12.760299682616989,0.6380149841308494,-3.190452576,-0.159522629,-5,-0.25
Border Cave,31.989,-27.021,-32000,17.92748451,266.1062927,27.9063549,5.465137005,22.44121742,18.55524826,14.54794788,20.81915474,14.35445023,700.6804199,107.5890045,15.85535812,54.20763016,284.2958984,77.12338257,161.4256744,83.83338928,584,0.027427673339801117,2000,0.001371384,14.437744140624972,0.7218872070312486,0.2732181549072017,0.013660907745360084,-0.221832752,-0.011091638,0.4950504302979013,0.024752521514895064,0.091745377,0.004587269,-0.162385941,-0.008119297,0.153516769,0.007675838,-0.223521233,-0.011176062,102.58679199218705,5.129339599609352,21.61971283,1.080985641479515,14.775017976760871,0.7387508988380436,-5.288791656,-0.264439583,42.59567260742199,2.1297836303710995,49.98028374,2.499014187,-11.50579834,-0.575289917,33.215675354003906,1.6607837677001955,76,3.8
Border Cave,31.989,-27.021,-30000,17.8477993,287.8129272,28.26890945,5.14171505,23.12719345,18.38027954,14.1961832,21.12281227,14.16842556,759.5316162,108.2330399,20.67064857,47.99837112,304.5426941,87.71075439,199.4454651,89.83493805,633,-0.079685211,2000,-0.003984261,21.70663452,1.085331726,0.36255455017089844,0.018127728,-0.323421955,-0.016171098,0.6859760284422975,0.034298801,-0.174968719,-0.008748436,-0.351764679,-0.017588234,0.303657532,0.015182877,-0.186024666,-0.009301233,58.851196289062955,2.9425598144531477,0.6440353393549998,0.032201767,4.815290451049801,0.2407645225524901,-6.209259033,-0.310462952,20.24679565429699,1.0123397827148495,10.587371826171903,0.5293685913085951,38.019790649414006,1.9009895324707002,6.001548767089801,0.3000774383544901,49,2.45
Border Cave,31.989,-27.021,-28000,17.45122337,298.0760193,28.01914024,4.767035007,23.25210571,18.0299778,13.59887695,20.89272881,13.59887695,652.3581543,116.1271515,10.23858356,59.98166656,295.8633423,58.90250778,184.1932526,58.90250778,620,-0.396575928,2000,-0.019828796,10.26309204,0.513154602,-0.249769211,-0.012488461,-0.374680042,-0.018734002,0.12491226196290128,0.006245613,-0.350301743,-0.017515087,-0.597306252,-0.029865313,-0.230083466,-0.011504173,-0.569548607,-0.02847743,-107.1734619,-5.358673096,7.894111633300994,0.3947055816650497,-10.43206501,-0.521603251,11.98329544,0.599164772,-8.679351807,-0.43396759,-28.80824661,-1.440412331,-15.25221252,-0.762610626,-30.93243027,-1.546621513,-13,-0.65
Border Cave,31.989,-27.021,-26000,16.91221809,330.0924072,27.65727806,3.648416758,24.00886154,17.35546684,12.57602978,20.53764915,12.57602978,662.7888184,107.622261,17.6857338,60.89432144,301.3150024,76.71479797,157.0089722,76.71479797,598,-0.53900528,2000,-0.026950264,32.016387939454034,1.6008193969727018,-0.361862183,-0.018093109,-1.11861825,-0.055930912,0.756755829,0.037837791,-0.674510956,-0.033725548,-1.022847176,-0.051142359,-0.355079651,-0.017753983,-1.022847176,-0.051142359,10.43066406,0.521533203,-8.504890442,-0.425244522,7.447150230407701,0.37235751152038504,0.9126548767089986,0.045632743835449935,5.451660156,0.272583008,17.812290191650398,0.89061451,-27.1842804,-1.35921402,17.812290191650398,0.89061451,-22,-1.1
Border Cave,31.989,-27.021,-24000,17.03211403,341.6266785,28.03634453,3.869543552,24.16680145,17.20483589,12.54863262,20.88519096,12.54863262,593.0092773,82.45571899,21.4476757,49.41109848,216.1653137,66.6756897,184.525177,66.6756897,542,0.11989593505860086,2000,0.005994797,11.534271240233977,0.5767135620116989,0.3790664672850994,0.018953323,0.22112679481505992,0.011056339740752995,0.15793991088860082,0.007896996,-0.150630951,-0.007531548,-0.027397156,-0.001369858,0.3475418090819993,0.017377090454099964,-0.027397156,-0.001369858,-69.77954102,-3.488977051,-25.16654205,-1.258327103,3.7619419097900995,0.18809709548950498,-11.48322296,-0.574161148,-85.14968872,-4.257484436,-10.03910828,-0.501955414,27.516204833984006,1.3758102416992002,-10.03910828,-0.501955414,-56,-2.8
Border Cave,31.989,-27.021,-22000,17.0120945,352.5630188,28.34503937,3.997827768,24.34721184,18.55101585,13.12178326,21.10046387,12.53909683,610.0977783,103.1719131,2.742927313,69.99817657,267.5677795,21.24552917,181.2987366,38.23537064,498,-0.020019531,2000,-0.001000977,10.936340332031023,0.5468170166015511,0.30869483947759946,0.015434741973879973,0.12828421592713024,0.006414211,0.1804103851318999,0.009020519,1.3461799621581996,0.067308998,0.5731506347657014,0.028657532,0.21527290344240058,0.010763645172120029,-0.009535789,-0.000476789,17.088500976562955,0.8544250488281477,20.71619415,1.035809708,-18.70474839,-0.93523742,20.58707809,1.029353905,51.40246582031301,2.570123291015651,-45.43016052,-2.271508026,-3.22644043,-0.161322021,-28.44031906,-1.422015953,-44,-2.2
Border Cave,31.989,-27.021,-21000,17.14337349,336.1620483,28.24388695,4.251078129,23.9928093,16.84187889,13.42350006,20.9917469,12.77617645,547.7490845,86.7106781,0.851581514,65.70809937,231.2934265,26.07209015,157.7955627,52.97151947,456,0.131278992,1000,0.013127899169920097,-16.40097046,-1.640097046,-0.10115242,-0.010115242,0.2532503604888898,0.025325036048888982,-0.354402542,-0.035440254,-1.709136963,-0.170913696,0.30171680450439986,0.030171680450439983,-0.108716965,-0.010871696,0.2370796203612997,0.023707962,-62.34869385,-6.234869385,-16.46123505,-1.646123505,-1.891345799,-0.18913458,-4.290077209,-0.429007721,-36.27435303,-3.627435303,4.826560974121097,0.4826560974121098,-23.50317383,-2.350317383,14.736148834228501,1.4736148834228502,-42,-4.2
Border Cave,31.989,-27.021,-20000,16.91280746,361.4173889,28.25773621,3.603942871,24.65379333,20.99840736,12.90474701,20.99840736,12.08783817,604.3007813,108.5939331,15.08722019,65.05276489,269.4721985,65.15461731,269.4721985,73.69764709,508,-0.230566025,1000,-0.023056602,25.255340576172046,2.5255340576172047,0.013849258,0.001384926,-0.647135258,-0.064713526,0.660984039,0.066098404,4.156528472900401,0.41565284729004015,-0.518753052,-0.051875305,0.006660461,0.000666046,-0.68833828,-0.068833828,56.55169677734398,5.655169677734398,21.88325500488311,2.188325500488311,14.235638678073917,1.4235638678073916,-0.655334473,-0.065533447,38.17877197265602,3.8178771972656027,39.08252716,3.9082527160644505,111.67663574218702,11.167663574218702,20.726127624511804,2.0726127624511803,52,5.2
Border Cave,31.989,-27.021,-19000,17.01215553,346.1629944,28.12693596,3.84095335,24.28598213,20.99700928,13.14688206,20.99700928,12.39634705,616.260376,115.1843643,13.69591713,58.42665482,269.2245789,60.67398453,269.2245789,75.91330719,521,0.099348068,1000,0.009934807,-15.25439453,-1.525439453,-0.130800247,-0.013080025,0.237010479,0.023701048,-0.367811203,-0.03678112,-0.001398087,-0.000139809,0.2421350479126012,0.024213505,-0.001398087,-0.000139809,0.30850887298580076,0.030850887298580078,11.959594726562955,1.1959594726562954,6.5904312133789915,0.6590431213378991,-1.391303062,-0.139130306,-6.626110077,-0.662611008,-0.247619629,-0.024761963,-4.480632782,-0.448063278,-0.247619629,-0.024761963,2.215660095214801,0.22156600952148012,13,1.3
Border Cave,31.989,-27.021,-18000,17.05860901,335.7312622,27.90509033,3.8422544,24.06283569,20.83616638,12.59827805,20.83616638,12.59827805,557.5039673,88.66603851,12.3719511,62.80955505,236.1914368,49.83867264,236.1914368,49.83867264,477,0.046453476,1000,0.004645348,-10.43173218,-1.043173218,-0.221845627,-0.022184563,0.00130105,0.000130105,-0.223146439,-0.022314644,-0.160842896,-0.01608429,-0.548604012,-0.054860401,-0.160842896,-0.01608429,0.20193099975590023,0.020193099975590025,-58.75640869,-5.875640869,-26.51832581,-2.651832581,-1.323966026,-0.132396603,4.382900238037102,0.43829002380371024,-33.03314209,-3.303314209,-10.83531189,-1.083531189,-33.03314209,-3.303314209,-26.07463455,-2.607463455,-44,-4.4
Border Cave,31.989,-27.021,-17000,17.35192299,312.1590881,27.99427032,4.361690044,23.6325798,20.90862465,13.64773083,20.90862465,13.25912952,591.1338501,101.6911697,7.756367207,68.23647308,241.8123932,36.85059357,241.8123932,40.77178574,519,0.29331398,1000,0.029331398,-23.57217407,-2.357217407,0.089179993,0.008917999,0.5194356441497798,0.051943564,-0.43025589,-0.043025589,0.072458267,0.007245827,1.049452782,0.104945278,0.072458267,0.007245827,0.6608514785766992,0.066085148,33.62988281,3.362988281,13.025131225586406,1.3025131225586406,-4.615583897,-0.46155839,5.426918029785192,0.5426918029785192,5.6209564208989775,0.5620956420898978,-12.98807907,-1.298807907,5.6209564208989775,0.5620956420898978,-9.066886902,-0.90668869,42,4.2
Border Cave,31.989,-27.021,-16000,17.56103325,288.6357422,28.10470772,4.899969101,23.20473862,20.92609215,14.07511902,20.92609215,13.79478931,552.3382568,119.5888138,0,72.13561249,253.2909851,26.41324425,253.2909851,41.49081802,537,0.2091102600097976,1000,0.020911026,-23.52334595,-2.352334595,0.11043739318850143,0.011043739318850145,0.5382790565490705,0.053827906,-0.427841187,-0.042784119,0.017467499,0.00174675,0.4273881912231996,0.042738819122319964,0.017467499,0.00174675,0.5356597900390003,0.053565979,-38.79559326,-3.879559326,17.897644042967997,1.7897644042967997,-7.756367207,-0.775636721,3.8991394042969034,0.38991394042969035,11.47859192,1.147859192,-10.43734932,-1.043734932,11.47859192,1.147859192,0.7190322875975994,0.071903229,18,1.7999999999999998
Border Cave,31.989,-27.021,-15000,18.25234032,282.114502,28.40956688,5.702144146,22.70742226,21.36355019,14.77730274,21.36355019,14.38227844,552.510498,108.8263092,0,74.49320221,267.539856,16.50894165,267.539856,30.72254944,492,0.6913070678711009,1000,0.069130707,-6.521240234,-0.652124023,0.3048591613769993,0.030485916137699933,0.8021750450134295,0.080217505,-0.49731636,-0.049731636,0.437458038,0.043745804,0.7021837234496999,0.070218372,0.437458038,0.043745804,0.5874891281128001,0.058748913,0.17224121093704525,0.017224121093704525,-10.76250458,-1.076250458,0,0,2.3575897216797017,0.23575897216797018,14.248870849609034,1.4248870849609034,-9.904302597,-0.99043026,14.248870849609034,1.4248870849609034,-10.76826859,-1.076826859,-45,-4.5
Border Cave,31.989,-27.021,-14000,19.07943153,260.4046936,28.9381485,6.589664459,22.34848404,20.92092896,15.72473431,21.82320595,15.63263416,594.449646,98.93578339,0,75.25130463,259.6516418,9.723671913,185.1040955,18.20502281,273,0.8270912170410014,1000,0.082709122,-21.70980835,-2.170980835,0.5285816192626989,0.052858162,0.8875203132629403,0.088752031,-0.358938217,-0.035893822,-0.442621231,-0.044262123,0.9474315643309996,0.094743156,0.45965576171879974,0.045965576,1.250355721,0.125035572,41.93914794921898,4.193914794921898,-9.890525818,-0.989052582,0,0,0.7581024169921022,0.075810242,-7.888214111,-0.788821411,-6.785269737,-0.678526974,-82.4357605,-8.24357605,-12.51752663,-1.251752663,-219,-21.9
Border Cave,31.989,-27.021,-13000,19.16895103,257.0949402,29.16672707,6.698123455,22.46860313,20.9324398,15.89257813,22.0127182,15.81007385,538.2216797,107.0598679,4.683315754,78.98917389,228.9082794,23.16381073,142.8063354,29.69777489,200,0.089519501,1000,0.00895195,-3.309753418,-0.330975342,0.2285785675048011,0.022857857,0.10845899581909002,0.010845899581909001,0.12011909484869676,0.012011909484869677,0.011510848998998569,0.001151085,0.16784381866460052,0.016784381866460054,0.18951225280759942,0.018951225,0.17743968963629975,0.017743968963629973,-56.22796631,-5.622796631,8.124084472656506,0.8124084472656506,4.683315754,0.46833157539367704,3.7378692626953978,0.37378692626953974,-30.74336243,-3.074336243,13.44013881683353,1.3440138816833531,-42.29776001,-4.229776001,11.492752075195401,1.1492752075195403,-73,-7.3
Border Cave,31.989,-27.021,-12000,19.24309731,252.4568329,28.92204094,6.64482975,22.27721024,21.67867088,16.08560753,21.92832947,15.84767818,577.7295532,122.0041428,0.339888692,91.27092743,254.0657043,9.8630867,163.5480499,15.08727837,254,0.074146271,1000,0.007414627,-4.6381073,-0.46381073,-0.244686127,-0.024468613,-0.053293705,-0.00532937,-0.191392899,-0.01913929,0.7462310791016016,0.074623108,0.19302940368649857,0.019302940368649855,-0.084388733,-0.008438873,0.037604332,0.003760433,39.50787353515602,3.950787353515602,14.944274902343992,1.4944274902343992,-4.343427062,-0.434342706,12.281753540039006,1.2281753540039007,25.15742492675801,2.515742492675801,-13.30072403,-1.330072403,20.741714477539006,2.074171447753901,-14.61049652,-1.461049652,54,5.4
Border Cave,31.989,-27.021,-11000,19.80919456,252.7649384,29.35224152,6.746836662,22.6054039,20.9790802,16.20823097,22.40765572,16.20823097,629.5514526,129.9047852,3.583467722,72.70793915,284.4343567,33.81708908,153.970932,33.81708908,349,0.5660972595213991,1000,0.056609725952139915,0.308105469,0.030810547,0.43020057678219814,0.043020057678219814,0.10200691223143998,0.010200691,0.328193665,0.032819366,-0.699590683,-0.069959068,0.12262344360350141,0.012262344,0.47932624816900216,0.047932624816900214,0.36055278778069955,0.036055279,51.821899414062955,5.182189941406295,7.9006423950190054,0.7900642395019005,3.243579030036929,0.3243579030036929,-18.56298828,-1.856298828,30.36865234,3.036865234,23.954002380371048,2.395400238037105,-9.57711792,-0.957711792,18.729810714721598,1.8729810714721598,95,9.5
Border Cave,31.989,-27.021,-10000,19.95240974,261.0766296,29.98389626,6.912920475,23.07097626,20.61978722,16.72889328,22.86057854,16.39219666,518.6387939,111.1803131,0,84.55204773,274.4462891,6.503133774,111.2470398,11.52991962,198,0.14321517944339845,1000,0.014321517944339847,8.311691284,0.8311691284180001,0.6316547393799006,0.063165474,0.16608381271362038,0.016608381,0.4655723571777024,0.046557235717770235,-0.359292984,-0.035929298,0.5206623077393004,0.052066231,0.45292282104490056,0.045292282,0.18396568298339844,0.018396568,-110.9126587,-11.09126587,-18.72447205,-1.872447205,-3.583467722,-0.358346772,11.844108581542997,1.1844108581542996,-9.988067627,-0.998806763,-27.31395531,-2.731395531,-42.72389221,-4.272389221,-22.28716946,-2.228716946,-151,-15.1
Border Cave,31.989,-27.021,-9000,19.94174576,272.6636047,29.56601524,6.764028549,22.80198669,22.1436367,16.38817978,22.55725861,16.08003807,564.3392944,135.4468079,10.36135197,78.40951538,279.4897766,39.53038025,131.017746,43.30706024,266,-0.010663986,1000,-0.001066399,11.586975097656023,1.1586975097656023,-0.417881012,-0.041788101,-0.148891926,-0.014889193,-0.268989563,-0.026898956,1.5238494873047017,0.15238494873047018,-0.340713501,-0.03407135,-0.303319931,-0.030331993,-0.312158585,-0.031215858,45.70050048828102,4.570050048828103,24.26649475097601,2.4266494750976007,10.36135197,1.036135197,-6.142532349,-0.614253235,5.043487548828011,0.5043487548828011,33.02724647521969,3.3027246475219694,19.770706176757997,1.9770706176757997,31.77714062,3.1777140617370603,68,6.800000000000001
Border Cave,31.989,-27.021,-8000,20.25349236,293.3656311,30.63230705,6.847170353,23.78513718,21.95856667,16.33062935,22.99073219,16.11520958,492.3803406,122.4390945,0.510365725,91.18096161,236.3615417,14.85193634,167.8868103,22.66825104,493,0.31174659729009946,1000,0.031174659729009943,20.70202636718801,2.070202636718801,1.0662918090820028,0.10662918090820028,0.083141804,0.00831418,0.9831504821778019,0.098315048,-0.185070038,-0.018507004,-0.05755043,-0.005755043,0.4334735870362003,0.043347359,0.035171509,0.003517151,-71.95895386,-7.195895386,-13.00771332,-1.300771332,-9.850986242,-0.985098624,12.771446228027301,1.2771446228027301,-43.12823486,-4.312823486,-24.67844391,-2.467844391,36.869064331054005,3.6869064331054004,-20.6388092,-2.06388092,227,22.7
Border Cave,31.989,-27.021,-7000,20.32699966,314.5724792,30.81913185,6.661703587,24.15742874,22.22277641,16.02947044,23.3322773,16.02947044,481.6247559,138.5616455,0,105.2432098,211.5819092,12.1408062,186.4264832,12.1408062,473,0.073507309,1000,0.007350731,21.206848144530966,2.1206848144530968,0.18682479858399859,0.01868248,-0.185466766,-0.018546677,0.37229156494139914,0.037229156494139916,0.2642097473144993,0.026420974731449928,-0.301158905,-0.030115891,0.34154510498040125,0.03415451,-0.085739136,-0.008573914,-10.75558472,-1.075558472,16.12255096435601,1.6122550964356008,-0.510365725,-0.051036572,14.062248229980298,1.4062248229980299,-24.77963257,-2.477963257,-2.711130142,-0.271113014,18.539672851562983,1.8539672851562983,-10.52744484,-1.052744484,-20,-2
Border Cave,31.989,-27.021,-6000,20.09350204,307.4269409,30.42973328,6.545776844,23.88395691,22.43431664,15.90721512,23.28379822,15.90721512,563.1746826,123.2556534,2.396609545,71.88040924,247.20401,29.5579567,178.4501801,29.5579567,284,-0.23349762,1000,-0.023349762,-7.14553833,-0.714553833,-0.389398575,-0.038939857,-0.115926743,-0.011592674,-0.273471832,-0.027347183,0.21154022216790125,0.021154022216790126,-0.122255325,-0.012225533,-0.04847908,-0.004847908,-0.122255325,-0.012225533,81.54992675781295,8.154992675781296,-15.30599213,-1.530599213,2.396609545,0.239660954,-33.3628006,-3.33628006,35.62210083007798,3.5622100830077983,17.417150497436502,1.7417150497436502,-7.976303101,-0.79763031,17.417150497436502,1.7417150497436502,-189,-18.9
Border Cave,31.989,-27.021,-5000,20.11239815,315.9666138,30.99514771,6.563932896,24.43121529,20.69036674,16.03508759,23.79977989,16.03508759,493.2455139,106.4254532,3.492738485,75.53914642,245.2277527,19.98672104,111.3594971,19.98672104,164,0.018896103,1000,0.00188961,8.539672851562045,0.8539672851562045,0.5654144287108984,0.056541443,0.018156052,0.001815605,0.5472583770751989,0.054725838,-1.74394989,-0.174394989,0.12787246704100141,0.012787246704100143,0.5159816741943999,0.051598167,0.12787246704100141,0.012787246704100143,-69.9291687,-6.99291687,-16.8302002,-1.68302002,1.096128941,0.10961289405822701,3.6587371826171022,0.3658737182617102,-1.976257324,-0.197625732,-9.571235657,-0.957123566,-67.09068298,-6.709068298,-9.571235657,-0.957123566,-120,-12
Border Cave,31.989,-27.021,-4000,20.16282845,324.3307495,31.1699791,6.582198143,24.58778,23.42232704,16.01587296,23.81713867,15.8973875,640.6891479,110.8798599,0,70.35075378,282.1396179,36.17207336,243.3075104,46.85987473,399,0.050430298,1000,0.00504303,8.364135742187955,0.8364135742187955,0.17483139038089845,0.017483139038089845,0.018265247344969815,0.001826525,0.15656471252439985,0.015656471252439984,2.731960296630902,0.2731960296630902,-0.01921463,-0.001921463,0.017358779907201694,0.001735878,-0.137700081,-0.013770008,147.44363403320295,14.744363403320296,4.454406738280994,0.4454406738280994,-3.492738485,-0.349273849,-5.188392639,-0.518839264,36.91186523,3.691186523,16.18535233,1.6185352325439402,131.9480133,13.19480133,26.87315369,2.6873153686523397,235,23.5
Border Cave,31.989,-27.021,-3000,20.13903236,323.3203125,31.07366371,6.694068909,24.3795948,23.39837074,16.15896225,23.75988579,15.70418835,659.3448486,117.0530243,0.477668315,74.5894165,293.1278687,23.72742462,264.5283813,28.54231834,424,-0.023796082,1000,-0.002379608,-1.010437012,-0.101043701,-0.096315384,-0.009631538,0.1118707656860396,0.011187077,-0.208185196,-0.02081852,-0.023956299,-0.00239563,0.1430892944335973,0.014308929443359729,-0.057252884,-0.005725288,-0.193199158,-0.019319916,18.655700683593977,1.8655700683593976,6.173164367676009,0.6173164367676008,0.477668315,0.047766832,4.238662719726605,0.4238662719726605,10.988250732421989,1.098825073242199,-12.44464874,-1.244464874,21.220870971679034,2.1220870971679036,-18.31755638,-1.831755638,25,2.5
Border Cave,31.989,-27.021,-2000,20.35785484,330.0410156,31.42090034,7.03695631,24.38394356,23.88692284,16.01102829,24.03605652,16.01102829,584.8484497,107.8653793,0,79.76610565,295.7679138,19.37773705,220.6088257,19.37773705,320,0.21882247924799714,1000,0.021882247924799713,6.720703125,0.6720703124999999,0.34723663330069954,0.034723663,0.34288740158081055,0.03428874,0.004348755,0.000434875,0.488552094,0.048855209350579895,-0.14793396,-0.014793396,0.27617073059080255,0.027617073059080254,0.3068399429321005,0.030683994,-74.49639893,-7.449639893,-9.187644958,-0.918764496,-0.477668315,-0.047766832,5.176689148,0.517668915,2.6400451660149997,0.264004517,-4.349687576,-0.434968758,-43.91955566,-4.391955566,-9.164581299,-0.91645813,-104,-10.4
Border Cave,31.989,-27.021,-1000,20.68476868,311.7571411,31.59978867,7.833749294,23.76603889,24.26003456,16.9128933,24.26003456,16.51998711,727.4891357,129.2457733,8.201610565,76.19467163,352.1508789,26.80383682,352.1508789,27.29721832,528,0.3269138336181996,1000,0.032691383,-18.28387451,-1.828387451,0.17888832092289775,0.017888832092289777,0.796792984,0.079679298,-0.617904663,-0.061790466,0.3731117248535014,0.037311172,0.9018650054931996,0.090186501,0.22397804260249998,0.022397804,0.508958817,0.050895882,142.64068603515693,14.264068603515693,21.380393981934006,2.138039398193401,8.201610565,0.8201610565185551,-3.571434021,-0.357143402,56.38296508789102,5.638296508789102,7.426099777221701,0.7426099777221701,131.5420532,13.15420532,7.919481277465799,0.791948128,208,20.8
Border Cave,31.989,-27.021,0,20.53444481,297.9160156,31.10000038,7.910000324,23.19000053,23.95555687,16.55999947,23.95555687,16.55999947,663.333374,109.3300018,5.893333435,69.25396729,298.0166626,28.54000092,298.0166626,28.54000092,446,-0.150323868,1000,-0.015032387,-13.84112549,-1.384112549,-0.499788284,-0.049978828,0.07625103,0.007625103,-0.576038361,-0.057603836,-0.304477692,-0.030447769,-0.352893829,-0.035289383,-0.304477692,-0.030447769,0.04001236,0.004001236,-64.15576172,-6.415576172,-19.91577148,-1.991577148,-2.30827713,-0.230827713,-6.940704346,-0.694070435,-54.13421631,-5.413421631,1.736164093,0.173616409,-54.13421631,-5.413421631,1.242782592773402,0.1242782592773402,-82,-8.2
Holley Shelter,30.539,-29.464,-50000,14.26971436,360.3728943,23.94286919,2.005565166,21.93730354,17.7675972,10.03690434,18.2389164,9.275017738,972.3778076,175.6706238,8.241837502,72.12713623,421.4454956,62.64524841,407.7514648,70.32917786,966,,,,,,,,,,,,,,,,,,,,,,,,,,,,,,,,,,,,,
Holley Shelter,30.539,-29.464,-48000,13.79532528,378.5611267,23.51463509,0.971885502,22.5427494,17.78738594,9.296199799,17.83413506,8.712253571,1067.696045,163.5584259,21.70194054,65.98928833,438.4005737,79.87276459,427.9934387,85.32511902,909,-0.474389076,2000,-0.023719454,18.18823242,0.909411621,-0.4282341,-0.021411705,-1.033679664,-0.051683983,0.6054458618164027,0.030272293090820135,0.019788742065500742,0.000989437,-0.740704536,-0.037035227,-0.404781342,-0.020239067,-0.562764168,-0.028138208,95.31823730469205,4.765911865234602,-12.11219788,-0.605609894,13.460103034973118,0.6730051517486558,-6.1378479,-0.306892395,16.95507813,0.8477539062499999,17.22751617,0.861375809,20.24197387695301,1.0120986938476506,14.995941162109403,0.7497970581054701,-57,-2.85
Holley Shelter,30.539,-29.464,-46000,14.1087656,376.5125122,24.03638077,1.401263475,22.63511658,18.18271446,8.916591644,18.18271446,8.916591644,995.980835,167.5559235,16.80341721,68.69358063,431.9067993,60.10224533,431.9067993,60.10224533,912,0.31344032287599966,2000,0.015672016143799983,-2.048614502,-0.102430725,0.5217456817627024,0.026087284,0.42937797307968095,0.021468898653984048,0.092367172,0.004618359,0.39532852172849786,0.019766426086424895,-0.379608154,-0.018980408,0.348579407,0.017428970336914953,0.20433807373046875,0.010216903686523438,-71.71520996,-3.585760498,3.997497558594006,0.1998748779297003,-4.898523331,-0.244926167,2.7042922973633097,0.1352146148681655,-6.493774414,-0.324688721,-19.77051926,-0.988525963,3.9133605957030113,0.19566802978515058,-25.22287369,-1.261143684,3,0.15
Holley Shelter,30.539,-29.464,-44000,13.95263386,362.4737854,23.60838127,1.676377416,21.93200302,17.24920464,9.83808136,17.95285225,9.029305458,1005.147339,159.4651337,15.10212517,65.51985168,409.1976318,69.93715668,394.7235107,70.50533295,938,-0.156131744,2000,-0.007806587,-14.03872681,-0.70193634,-0.427999496,-0.021399975,0.27511394023894997,0.013755697011947498,-0.703113556,-0.035155678,-0.933509827,-0.046675491,0.9214897155761701,0.046074486,-0.229862213,-0.011493111,0.11271381378174006,0.005635691,9.166503906252046,0.45832519531260235,-8.090789795,-0.40453949,-1.701292038,-0.085064602,-3.173728943,-0.158686447,-22.70916748,-1.135458374,9.834911346435597,0.4917455673217799,-37.18328857,-1.859164429,10.403087615966804,0.5201543807983402,26,1.3
Holley Shelter,30.539,-29.464,-42000,13.8012619,344.1351624,23.21305847,1.711897492,21.50116158,17.60450554,9.953910828,17.60450554,9.091281891,1018.968689,166.3983002,17.38183403,64.53889465,436.3581543,69.79840851,436.3581543,90.43537903,881,-0.151371956,2000,-0.007568598,-18.33862305,-0.916931152,-0.3953228,-0.01976614,0.035520076751710095,0.001776004,-0.430841446,-0.021542072,0.35530090332030184,0.017765045,0.11582946777344105,0.005791473,-0.34834671,-0.017417336,0.061976433,0.003098822,13.821350097649997,0.6910675048824999,6.933166503906023,0.34665832519530115,2.279708862,0.113985443,-0.980957031,-0.049047852,27.16052246093699,1.3580261230468496,-0.138748169,-0.006937408,41.63464355468699,2.0817321777343496,19.930046081542997,0.9965023040771499,-57,-2.85
Holley Shelter,30.539,-29.464,-40000,13.74450016,312.361969,22.71364403,1.938875318,20.77476883,17.2475605,10.14857006,17.2475605,9.644802094,1070.696899,153.7013855,16.59114456,58.30655289,417.7442932,85.97215271,417.7442932,92.10655212,910,-0.056761742,2000,-0.002838087,-31.77319336,-1.588659668,-0.499414444,-0.024970722,0.22697782516480003,0.011348891,-0.726392746,-0.036319637,-0.356945038,-0.017847252,0.19465923309327948,0.009732962,-0.356945038,-0.017847252,0.5535202026367188,0.02767601,51.72821045,2.586410522,-12.69691467,-0.634845734,-0.790689468,-0.039534473,-6.232341766,-0.311617088,-18.61386108,-0.930693054,16.1737442,0.8086872100830049,-18.61386108,-0.930693054,1.6711730957030966,0.083558655,29,1.4500000000000002
Holley Shelter,30.539,-29.464,-38000,14.05773258,286.4467773,22.81166267,2.68246603,20.12919617,17.25160027,10.7638998,17.25160027,10.23535252,991.6500854,161.3365936,16.91420937,62.75034714,391.262085,68.91531372,391.262085,81.87446594,968,0.313232422,2000,0.015661621093749998,-25.91519165,-1.295759583,0.098018646,0.004900932,0.743590713,0.037179536,-0.645572662,-0.032278633,0.004039764,0.000201988,0.6153297424315998,0.030766487121579988,0.004039764,0.000201988,0.590550423,0.029527521133422052,-79.04681396,-3.952340698,7.6352081298830115,0.38176040649415055,0.32306480407710225,0.016153240203855113,4.443794250488303,0.22218971252441513,-26.48220825,-1.324110413,-17.05683899,-0.852841949,-26.48220825,-1.324110413,-10.23208618,-0.511604309,58,2.9000000000000004
Holley Shelter,30.539,-29.464,-36000,14.12211132,261.9486694,22.36679077,2.702170134,19.66462135,16.95331764,10.99014759,16.95331764,10.68595505,1045.119141,158.161972,19.46608734,60.80143356,403.7811279,75.04566956,403.7811279,95.30444336,993,0.064378738,2000,0.003218937,-24.49810791,-1.224905396,-0.444871902,-0.022243595,0.019704103469849965,0.000985205,-0.464574814,-0.023228741,-0.298282623,-0.014914131,0.22624778747560015,0.011312389373780008,-0.298282623,-0.014914131,0.45060253143310014,0.022530126571655006,53.46905517578102,2.6734527587890513,-3.174621582,-0.158731079,2.551877975463899,0.12759389877319496,-1.948913574,-0.097445679,12.51904297,0.625952148,6.1303558349610086,0.30651779174805044,12.51904297,0.625952148,13.429977416992202,0.6714988708496101,25,1.25
Holley Shelter,30.539,-29.464,-34000,13.95414639,238.124054,21.92374611,2.860966444,19.06278038,16.36495209,11.05365849,16.44554138,10.744133,1038.851318,148.5003357,18.06941605,58.52321625,390.7776184,72.09985352,372.2025452,91.87435913,980,-0.167964935,2000,-0.008398247,-23.82461548,-1.191230774,-0.443044662,-0.022152233,0.1587963104247998,0.007939816,-0.601840973,-0.030092049,-0.588365555,-0.029418278,0.063510895,0.003175545,-0.50777626,-0.025388813,0.058177947998100166,0.002908897,-6.267822266,-0.313391113,-9.661636353,-0.483081818,-1.396671295,-0.069833565,-2.278217316,-0.113910866,-13.00350952,-0.650175476,-2.94581604,-0.147290802,-31.57858276,-1.578929138,-3.430084229,-0.171504211,-13,-0.65
Holley Shelter,30.539,-29.464,-32000,13.98502636,251.9052429,22.18045044,2.684209347,19.49624062,14.48449326,10.88579559,16.64413643,10.59320831,1039.109375,149.9281158,27.68534279,53.609478,375.3981323,90.57723999,341.4382019,110.6823273,954,0.030879974365200624,2000,0.001543999,13.781188964843977,0.6890594482421989,0.2567043304443004,0.012835216522215021,-0.176757097,-0.008837855,0.4334602355957031,0.021673011779785156,-1.880458832,-0.094022942,-0.167862892,-0.008393145,0.1985950469971023,0.009929752,-0.150924683,-0.007546234,0.2580566406199978,0.012902832,1.4277801513679833,0.071389008,9.615926743,0.480796337,-4.913738251,-0.245686913,-15.37948608,-0.768974304,18.477386474609403,0.9238693237304701,-30.76434326,-1.538217163,18.807968139648594,0.9403984069824296,-26,-1.3
Holley Shelter,30.539,-29.464,-30000,13.75534725,277.8799438,22.45351219,2.069963932,20.38354874,16.53739357,10.33037281,16.80924225,10.17079067,1057.947144,149.5462952,24.9820137,54.61019897,385.9007568,94.30651855,353.9533386,106.1489182,936,-0.229679108,2000,-0.011483955,25.974700927734034,1.2987350463867018,0.2730617523193999,0.013653087615969993,-0.614245415,-0.030712271,0.8873081207275995,0.044365406,2.052900314331099,0.10264501571655496,-0.555422783,-0.027771139,0.16510581970219818,0.008255291,-0.422417641,-0.021120882,18.83776855,0.941888428,-0.381820679,-0.019091034,-2.703329086,-0.135166454,1.0007209777832031,0.050036049,10.502624511719034,0.5251312255859517,3.7292785644530966,0.18646392822265484,12.51513672,0.625756836,-4.533409119,-0.226670456,-18,-0.9
Holley Shelter,30.539,-29.464,-28000,13.39960766,295.7502747,22.2408123,1.714143753,20.52666855,16.51737785,9.805924416,16.73506927,9.580867767,1090.097656,159.0940552,22.49707031,56.5880928,406.7397766,93.62982178,401.3253174,103.7297974,929,-0.355739594,2000,-0.01778698,17.87033081054699,0.8935165405273494,-0.21269989,-0.010634995,-0.355820179,-0.017791009,0.14311981201169743,0.007155991,-0.020015717,-0.001000786,-0.524448395,-0.02622242,-0.074172974,-0.003708649,-0.589922905,-0.029496145,32.1505127,1.6075256347654998,9.54776001,0.47738800048825003,-2.48494339,-0.124247169,1.977893829345696,0.098894691,20.83901978,1.041950989,-0.676696777,-0.033834839,47.37197875976602,2.3685989379883012,-2.419120789,-0.120956039,-7,-0.35
Holley Shelter,30.539,-29.464,-26000,12.80375385,334.8291016,21.89254379,0.541532695,21.35101128,16.20341682,8.387452126,16.41766357,8.387452126,1097.882202,152.6556854,19.72831154,55.58271408,404.3226624,103.2855682,381.8425903,103.2855682,822,-0.595853806,2000,-0.02979269,39.07882690429699,1.9539413452148495,-0.348268509,-0.017413425,-1.172611058,-0.058630553,0.8243427276611008,0.041217136,-0.313961029,-0.015698051,-1.41847229,-0.070923615,-0.317405701,-0.015870285,-1.193415642,-0.059670782,7.784545898440001,0.38922729492200003,-6.438369751,-0.321918488,-2.768758774,-0.138437939,-1.005378723,-0.050268936,-2.417114258,-0.120855713,9.655746459961193,0.4827873229980597,-19.48272705,-0.974136353,-0.444229126,-0.022211456,-107,-5.35
Holley Shelter,30.539,-29.464,-24000,12.94779301,355.4363708,22.36084938,0.682727396,21.67812157,16.73582268,8.865542412,16.85790825,8.244544029,1053.942261,154.340683,11.04002094,59.82106781,415.0542603,85.98890686,403.347229,95.75728607,833,0.1440391540528001,2000,0.007201958,20.607269287108977,1.030363464355449,0.4683055877686009,0.023415279388430042,0.14119470119476307,0.007059735,0.3271102905274006,0.016355514526370032,0.5324058532715021,0.026620293,0.47809028625487926,0.023904514312743964,0.4402446746825994,0.022012234,-0.142908096,-0.007145405,-43.93994141,-2.19699707,1.684997558593011,0.084249878,-8.688290596,-0.43441453,4.238353729248104,0.2119176864624052,10.7315979,0.536579895,-17.29666138,-0.864833069,21.50463867,1.075231934,-7.528282166,-0.376414108,11,0.5499999999999999
Holley Shelter,30.539,-29.464,-22000,12.90184116,372.0470581,22.75025558,0.587216794,22.16303825,17.01272774,8.943074226,17.10111427,8.144836426,1060.393921,160.7095032,18.18457413,63.78127289,437.9555664,66.76197815,408.1348267,98.08311462,773,-0.045951843,2000,-0.002297592,16.61068726,0.830534363,0.38940620422360084,0.019470310211180043,-0.095510602,-0.00477553,0.484916687,0.024245834,0.2769050598144993,0.013845252990724966,0.077531815,0.003876591,0.24320602416990056,0.012160301208495027,-0.099707603,-0.00498538,6.451660156,0.322583008,6.36882019,0.31844101,7.144553185,0.357227659,3.960205078,0.198010254,22.901306152343977,1.1450653076171988,-19.22692871,-0.961346436,4.787597656,0.239379883,2.3258285522460938,0.11629142761230468,-60,-3
Holley Shelter,30.539,-29.464,-21000,13.04871464,358.0934448,22.64119339,0.926318645,21.71487427,17.01416016,9.237339973,17.01416016,8.338443756,1002.437012,159.039856,13.72717094,64.38246155,429.741394,60.74401093,429.741394,97.62368774,762,0.1468734741209996,1000,0.014687347,-13.95361328,-1.395361328,-0.109062195,-0.010906219,0.33910185098648105,0.033910185098648106,-0.448163986,-0.044816399,0.001432419,0.000143242,0.2942657470703214,0.029426574707032138,-0.086954117,-0.008695412,0.19360733032226918,0.019360733032226917,-57.95690918,-5.795690918,-1.669647217,-0.166964722,-4.457403183,-0.445740318,0.6011886596680043,0.060118865966800425,-8.214172363,-0.821417236,-6.017967224,-0.601796722,21.606567382812955,2.1606567382812956,-0.45942688,-0.045942688,-11,-1.1
Holley Shelter,30.539,-29.464,-20000,12.82475758,384.3491211,22.74931717,0.410203278,22.33911324,17.09955597,8.744185448,17.09955597,7.70401001,1052.552368,181.2355194,11.40123177,64.64130402,477.656189,82.71199036,477.656189,96.37290955,752,-0.223957062,1000,-0.022395706,26.255676269531023,2.625567626953102,0.10812377929689987,0.010812377929689988,-0.516115367,-0.051611537,0.6242389678955007,0.062423896789550064,0.085395813,0.008539581,-0.493154526,-0.049315453,0.085395813,0.008539581,-0.634433746,-0.063443375,50.11535645,5.0115356445309995,22.195663452149006,2.2195663452149006,-2.325939178,-0.232593918,0.25884246826169033,0.025884246826169036,47.91479492,4.7914794921874995,21.96797943,2.196797943,47.91479492,4.7914794921874995,-1.250778198,-0.12507782,-10,-1
Holley Shelter,30.539,-29.464,-19000,12.90430546,365.7711182,22.4509716,0.680837512,21.77013397,17.02390289,9.02118969,17.02390289,8.035719872,1075.411255,185.7470245,17.13369179,61.18599701,467.4421387,83.31026459,467.4421387,100.0089722,778,0.079547882,1000,0.007954788,-18.57800293,-1.857800293,-0.298345566,-0.029834557,0.27063423395156805,0.027063423395156803,-0.568979263,-0.056897926,-0.075653076,-0.007565308,0.27700424194336115,0.027700424194336114,-0.075653076,-0.007565308,0.3317098617553693,0.033170986,22.85888672,2.285888672,4.511505126953011,0.45115051269530115,5.732460021972601,0.5732460021972601,-3.455307007,-0.345530701,-10.21405029,-1.021405029,0.5982742309570028,0.059827423095700286,-10.21405029,-1.021405029,3.636062622070611,0.3636062622070611,26,2.6
Holley Shelter,30.539,-29.464,-18000,13.01048756,349.8338318,22.24324608,0.657650292,21.58559608,16.89433479,8.357331276,16.89433479,8.357331276,999.3807373,160.8601837,15.0026207,62.56793594,429.5786133,77.8106842,429.5786133,77.8106842,777,0.1061820983887003,1000,0.010618209838870029,-15.93728638,-1.593728638,-0.207725525,-0.020772552,-0.02318722,-0.002318722,-0.184537888,-0.018453789,-0.1295681,-0.01295681,-0.663858414,-0.066385841,-0.1295681,-0.01295681,0.321611404,0.03216114,-76.03051758,-7.603051758,-24.88684082,-2.488684082,-2.131071091,-0.213107109,1.3819389343262003,0.13819389343262004,-37.86352539,-3.786352539,-5.499580383,-0.549958038,-37.86352539,-3.786352539,-22.19828796,-2.219828796,-1,-0.1
Holley Shelter,30.539,-29.464,-17000,13.24182606,325.5387878,22.34021759,0.915987909,21.42423058,16.92754173,9.522370338,16.92754173,8.967980385,1049.616455,164.9725189,11.99235916,62.95336914,462.9752808,71.44573212,462.9752808,79.73796082,838,0.2313385009765998,1000,0.02313385,-24.29504395,-2.429504395,0.096971512,0.009697151,0.25833761692047097,0.025833761692047097,-0.161365509,-0.016136551,0.03320694,0.003320694,1.165039063,0.11650390625000001,0.03320694,0.003320694,0.6106491088867205,0.061064911,50.23571777344205,5.023571777344205,4.112335205078011,0.4112335205078011,-3.010261536,-0.301026154,0.3854331970214986,0.03854332,33.39666748046898,3.3396667480468976,-6.364952087,-0.636495209,33.39666748046898,3.3396667480468976,1.9272766113280966,0.19272766113280965,61,6.1
Holley Shelter,30.539,-29.464,-16000,13.48015594,298.6105347,22.38552094,1.556671023,20.82884979,16.88000298,9.993644714,16.88000298,9.537327766,982.022644,175.8117065,16.17996025,68.50804138,448.2609558,60.22008514,448.2609558,75.33115387,908,0.23832988739009942,1000,0.023832989,-26.92825317,-2.692825317,0.045303345,0.004530334,0.6406831145286609,0.064068311,-0.595380783,-0.059538078,-0.047538757,-0.004753876,0.4712743759155309,0.047127438,-0.047538757,-0.004753876,0.5693473815918004,0.056934738,-67.59381104,-6.759381104,10.839187622070995,1.0839187622070994,4.187601089,0.418760109,5.554672241210895,0.5554672241210895,-14.71432495,-1.471432495,-11.22564697,-1.122564697,-14.71432495,-1.471432495,-4.406806946,-0.440680695,70,7.000000000000001
Holley Shelter,30.539,-29.464,-15000,14.19375992,299.8917847,22.89673042,2.411178112,20.48555183,17.4297657,10.62181759,17.4297657,10.00841618,952.6185913,169.4135132,1.58585012,71.01908875,407.6863708,46.6890564,407.6863708,71.79615784,1014,0.7136039733887003,1000,0.071360397,1.28125,0.12812500000000002,0.511209488,0.051120949,0.8545070886611903,0.085450709,-0.343297958,-0.034329796,0.549762726,0.054976273,0.6281728744507298,0.062817287,0.549762726,0.054976273,0.4710884094238388,0.047108841,-29.40405273,-2.940405273,-6.398193359,-0.639819336,-14.59411013,-1.459411013,2.511047363281307,0.2511047363281307,-40.57458496,-4.057458496,-13.53102875,-1.353102875,-40.57458496,-4.057458496,-3.534996033,-0.353499603,106,10.6
Holley Shelter,30.539,-29.464,-14000,15.09247971,270.7255554,23.48369026,3.490797281,19.99289322,17.90564156,11.71836567,17.90564156,11.46906567,979.1560669,155.8323364,7.545405388,66.84210968,401.7172241,38.13255692,401.7172241,59.77178192,1135,0.8987197875977007,1000,0.089871979,-29.16622925,-2.916622925,0.5869598388671982,0.058695984,1.079619169,0.107961917,-0.492658615,-0.049265862,0.4758758544922017,0.047587585,1.0965480804443004,0.10965480804443005,0.4758758544922017,0.047587585,1.460649490356401,0.1460649490356401,26.537475585937045,2.6537475585937047,-13.58117676,-1.358117676,5.959555268,0.595955527,-4.176979065,-0.417697906,-5.969146729,-0.596914673,-8.556499481,-0.855649948,-5.969146729,-0.596914673,-12.02437592,-1.202437592,121,12.1
Holley Shelter,30.539,-29.464,-13000,15.22377777,265.3418884,23.87919998,3.580316544,20.29888344,18.12997818,11.83072948,18.14153481,11.81567001,956.2819824,166.8343506,8.104231834,70.52081299,393.3442383,42.09800339,343.4116821,60.63241196,1128,0.1312980651855007,1000,0.013129806518550068,-5.383666992,-0.538366699,0.3955097198487003,0.039550972,0.089519262,0.008951926,0.30599021911629976,0.030599021911629977,0.2243366241455007,0.022433662,0.11236381530759942,0.011236381530759943,0.23589324951180046,0.023589324951180046,0.34660434722900035,0.034660434722900035,-22.87408447,-2.287408447,11.002014160157017,1.1002014160157016,0.5588264465331996,0.055882644653319956,3.6787033081055114,0.36787033081055115,-8.37298584,-0.837298584,3.965446472167997,0.3965446472167998,-58.30554199,-5.830554199,0.8606300354004048,0.086063004,-7,-0.7
Holley Shelter,30.539,-29.464,-12000,15.19769764,256.5238342,23.39428329,3.438728094,19.95555496,17.70140648,11.78181744,17.86636353,11.78181744,994.1912231,164.1469116,3.786604881,73.01420593,402.7406616,33.9169693,362.5080872,33.9169693,1185,-0.026080132,1000,-0.002608013,-8.818054199,-0.88180542,-0.484916687,-0.048491669,-0.141588449,-0.014158845,-0.343328476,-0.034332848,-0.428571701,-0.04285717,-0.048912048,-0.004891205,-0.27517128,-0.027517128,-0.033852577,-0.003385258,37.90924072265602,3.7909240722656024,-2.687438965,-0.268743896,-4.317626953,-0.431762695,2.493392944335895,0.2493392944335895,9.396423339843977,0.9396423339843977,-8.181034088,-0.818103409,19.09640502929699,1.9096405029296988,-26.71544266,-2.671544266,57,5.7
Holley Shelter,30.539,-29.464,-11000,15.61482143,244.1331635,23.39952469,3.518695593,19.88082886,17.73792076,12.20123959,18.13514519,12.20123959,1050.461548,165.1425781,16.90273285,57.99918747,403.4353638,64.63259888,365.3469849,64.63259888,1328,0.4171237945556996,1000,0.041712379,-12.39067078,-1.239067078,0.005241394,0.000524139,0.079967499,0.00799675,-0.074726105,-0.00747261,0.036514282,0.003651428,0.4194221496581996,0.041942215,0.26878166198730113,0.026878166198730114,0.4194221496581996,0.041942215,56.270324707028976,5.627032470702897,0.9956665039059942,0.09956665,13.11612796783448,1.3116127967834479,-15.01501846,-1.501501846,0.6947021484370453,0.069470215,30.715629577636697,3.071562958,2.8388977050780113,0.2838897705078011,30.715629577636697,3.071562958,143,14.299999999999999
Holley Shelter,30.539,-29.464,-10000,15.90739441,261.725708,24.26620483,3.739615679,20.52658844,17.68119812,12.34826756,18.71557426,12.34826756,970.2244873,183.1350403,0,77.58255005,417.5742188,12.0142889,321.7505493,12.0142889,1249,0.2925729751587003,1000,0.029257297515870025,17.59254456,1.7592544555665002,0.8666801452637003,0.086668015,0.2209200859069802,0.022092009,0.6457595825194993,0.064575958,-0.056722641,-0.005672264,0.14702796936030005,0.014702796936030006,0.5804290771484979,0.058042908,0.14702796936030005,0.014702796936030006,-80.23706055,-8.023706055,17.99246215820301,1.799246215820301,-16.90273285,-1.690273285,19.583362579345696,1.9583362579345696,14.138854980468977,1.4138854980468978,-52.61830997,-5.261830997,-43.59643555,-4.359643555,-52.61830997,-5.261830997,-79,-7.9
Holley Shelter,30.539,-29.464,-9000,15.68180847,262.2615051,23.51339531,3.539119244,19.97427559,18.07826233,12.06046581,18.24308586,12.06046581,1000.282043,172.2997437,19.56029129,58.05893707,414.4778137,77.62110138,345.1004639,77.62110138,1300,-0.225585938,1000,-0.022558594,0.5357971191399997,0.053579712,-0.752809525,-0.075280952,-0.200496435,-0.020049644,-0.552312851,-0.055231285,0.39706420898439987,0.039706421,-0.287801743,-0.028780174,-0.472488403,-0.04724884,-0.287801743,-0.028780174,30.057556152342045,3.0057556152342046,-10.83529663,-1.083529663,19.56029129,1.956029129,-19.52361298,-1.952361298,-3.096405029,-0.309640503,65.60681248,6.560681247711181,23.34991455078199,2.3349914550781987,65.60681248,6.560681247711181,51,5.1
Holley Shelter,30.539,-29.464,-8000,16.1488018,295.4755554,24.7349205,3.691236734,21.04368401,18.90132332,12.12937832,18.90132332,12.02715969,962.8112793,177.378952,9.485887527,68.51468658,414.5504761,33.99029541,414.5504761,61.14386368,1216,0.4669933319091992,1000,0.046699333,33.21405029296898,3.3214050292968977,1.221525192260799,0.1221525192260799,0.15211749076842995,0.015211749076842994,1.0694084167480007,0.10694084167480007,0.8230609893797975,0.082306099,0.068912506,0.006891251,0.6582374572752983,0.065823746,-0.033306122,-0.003330612,-37.47076416,-3.747076416,5.079208374022983,0.5079208374022983,-10.07440376,-1.007440376,10.45574951,1.045574951,0.072662354,0.007266235,-43.63080597,-4.363080597,69.45001220703097,6.945001220703097,-16.4772377,-1.64772377,-84,-8.4
Holley Shelter,30.539,-29.464,-7000,16.3018322,322.8053589,24.9727459,3.51281786,21.45992851,19.36228371,11.97078228,19.36228371,11.89926434,927.9848022,197.0301361,1.057784319,75.34874725,416.2592163,29.52666473,416.2592163,62.58793259,1157,0.15303039550780184,1000,0.015303039550780185,27.32980346679699,2.732980346679699,0.23782539367670097,0.023782539367670098,-0.178418875,-0.017841887,0.4162445068358984,0.041624450683589845,0.46096038818360086,0.046096039,-0.158596039,-0.015859604,0.46096038818360086,0.046096039,-0.127895355,-0.012789536,-34.82647705,-3.482647705,19.651184082031023,1.9651184082031024,-8.428103209,-0.842810321,6.834060668945298,0.6834060668945298,1.708740234,0.170874023,-4.463630676,-0.446363068,1.708740234,0.170874023,1.4440689086913991,0.1444068908691399,-59,-5.9
Holley Shelter,30.539,-29.464,-6000,15.97941589,314.9387817,24.82092476,3.286375999,21.53454971,19.08379555,11.7607336,19.21310234,11.69811249,983.9377441,163.2411804,15.34838486,61.21360779,420.9243164,72.34009552,367.5997314,88.06237793,1264,-0.322416306,1000,-0.032241631,-7.866577148,-0.786657715,-0.151821136,-0.015182114,-0.22644186,-0.022644186,0.074621201,0.00746212,-0.278488159,-0.027848816,-0.210048676,-0.021004868,-0.149181366,-0.014918137,-0.201151848,-0.020115185,55.95294189453102,5.595294189453102,-33.78895569,-3.378895569,14.29060053825375,1.429060053825375,-14.13513947,-1.413513947,4.665100097656023,0.46651000976560225,42.81343079,4.281343079,-48.65948486,-4.865948486,25.47444534,2.5474445343017598,107,10.7
Holley Shelter,30.539,-29.464,-5000,16.19270897,328.519043,25.67760849,3.551538229,22.12607002,18.44232941,12.00279903,19.94190216,11.89987946,974.074585,192.4363556,2.533521414,76.13010406,433.8274536,21.44170189,353.7671204,31.33844376,1276,0.21329307556150034,1000,0.021329307556150034,13.580261230468977,1.3580261230468977,0.856683731,0.085668373,0.2651622295379701,0.026516222953797006,0.5915203094481996,0.059152031,-0.641466141,-0.064146614,0.24206543,0.024206543,0.7287998199462997,0.072879982,0.20176696777339842,0.020176696777339843,-9.86315918,-0.986315918,29.19517517089801,2.919517517089801,-12.81486344,-1.281486344,14.916496276855504,1.4916496276855504,12.903137207031023,1.2903137207031024,-50.89839363,-5.089839363,-13.83261108,-1.383261108,-56.72393417,-5.672393417,12,1.2
Holley Shelter,30.539,-29.464,-4000,16.02020454,328.7746887,25.48737717,3.385223389,22.10215378,19.36319542,11.71423626,19.70403099,11.71423626,1035.386475,195.3474731,17.90771675,66.71752167,432.0164185,74.7559433,361.5552368,74.7559433,1340,-0.172504425,1000,-0.017250443,0.2556457519530113,0.025564575,-0.190231323,-0.019023132,-0.16631484,-0.016631484,-0.023916245,-0.002391624,0.9208660125731996,0.092086601,-0.288562775,-0.028856277,-0.23787117,-0.023787117,-0.185643196,-0.01856432,61.31188964844205,6.131188964844204,2.9111175537109943,0.29111175537109946,15.37419534,1.537419534,-9.412582397,-0.94125824,-1.811035156,-0.181103516,53.31424141,5.331424141,7.788116455078011,0.7788116455078011,43.41749954,4.341749954,64,6.4
Holley Shelter,30.539,-29.464,-3000,16.03619194,326.9822693,25.34408951,3.497318268,21.84677124,19.30533791,11.54274464,19.67927361,11.54274464,1002.521667,175.8399506,14.85828114,66.45198059,408.7637939,64.03084564,362.0009766,64.03084564,1334,0.015987396240198848,1000,0.00159874,-1.792419434,-0.179241943,-0.143287659,-0.014328766,0.11209487915039018,0.011209487915039019,-0.255382538,-0.025538254,-0.057857513,-0.005785751,-0.171491623,-0.017149162,-0.024757385,-0.002475739,-0.171491623,-0.017149162,-32.86480713,-3.286480713,-19.50752258,-1.950752258,-3.049435616,-0.304943562,-0.265541077,-0.026554108,-23.25262451,-2.325262451,-10.72509766,-1.072509766,0.4457397460939774,0.044573974609397736,-10.72509766,-1.072509766,-6,-0.6
Holley Shelter,30.539,-29.464,-2000,16.15632629,333.2529907,25.45170021,3.886310577,21.56538963,19.64383125,11.77751637,19.86189651,11.77751637,989.8788452,161.6410828,13.63481331,67.30747986,418.7922974,58.21047211,378.9121399,58.21047211,1313,0.12013435363769887,1000,0.012013435363769887,6.2707214355470455,0.6270721435547045,0.10761070251469818,0.010761070251469817,0.38899230957030984,0.038899231,-0.281381607,-0.028138161,0.3384933471680007,0.033849335,0.2347717285156996,0.023477173,0.18262290954589844,0.018262290954589845,0.2347717285156996,0.023477173,-12.64282227,-1.264282227,-14.1988678,-1.41988678,-1.223467827,-0.122346783,0.8554992675780966,0.085549927,10.028503417968011,1.002850341796801,-5.820373535,-0.582037354,16.91116333007801,1.691116333007801,-5.820373535,-0.582037354,-21,-2.1
Holley Shelter,30.539,-29.464,-1000,16.48975372,305.1144104,25.68261909,4.563940525,21.11867905,19.93394661,12.41527462,19.93394661,12.41527462,1062.003784,166.554306,13.66275024,64.43563843,456.6206665,59.08699036,456.6206665,59.08699036,1395,0.333427429,1000,0.033342743,-28.13858032,-2.813858032,0.23091888427730112,0.023091888,0.677629948,0.067762995,-0.446710587,-0.044671059,0.2901153564452983,0.029011535644529827,0.6377582550049006,0.063775826,0.072050095,0.007205009,0.6377582550049006,0.063775826,72.12493896484602,7.212493896484602,4.9132232666010225,0.4913223266601022,0.027936935,0.002793694,-2.871841431,-0.287184143,37.82836914,3.782836914,0.8765182495116974,0.087651825,77.70852661132801,7.7708526611328015,0.8765182495116974,0.087651825,82,8.200000000000001
Holley Shelter,30.539,-29.464,0,16.42361069,296.0154724,25.28333282,4.763333321,20.52000046,19.79444313,12.82555676,19.79444313,12.49222183,986.6233521,147.25,14.30666637,62.63798904,421.8366699,57.68333435,421.8366699,58.36333466,1363,-0.066143036,1000,-0.006614304,-9.098937988,-0.909893799,-0.39928627,-0.039928627,0.19939279556275036,0.019939279556275037,-0.598678589,-0.059867859,-0.139503479,-0.013950348,0.4102821350096999,0.041028214,-0.139503479,-0.013950348,0.076947212,0.007694721,-75.38043213,-7.538043213,-19.30430603,-1.930430603,0.6439161300659002,0.064391613,-1.797649384,-0.179764938,-34.78399658,-3.478399658,-1.403656006,-0.140365601,-34.78399658,-3.478399658,-0.723655701,-0.07236557,-32,-3.2
Sibudu Cave,31.086,-29.5231,-50000,16.72111511,339.2525879,25.5346035,5.66140089,19.87320251,19.90940819,12.89220867,20.56370087,12.11390247,1087.811328,195.0087952,16.9848752,64.71411896,440.4853149,93.75869064,417.0873779,96.67401505,955.4,,,,,,,,,,,,,,,,,,,,,,,,,,,,,,,,,,,,,
Sibudu Cave,31.086,-29.5231,-48000,16.37020359,350.8589722,25.21791344,4.889545119,20.32836838,20.27251167,11.87293873,20.2818615,11.75614948,1194.414404,198.0886292,32.40023384,56.96578903,489.3549805,118.5840652,487.2735535,119.6745361,931,-0.350911522,2000,-0.017545576,11.606384277343977,0.5803192138671989,-0.316690063,-0.015834503,-0.771855772,-0.038592789,0.4551658630371982,0.022758293,0.3631034851073984,0.018155174,-1.019269943,-0.050963497,-0.281839371,-0.014091969,-0.357752991,-0.01788765,106.60307617188005,5.330153808594003,3.079833984,0.153991699,15.415358638763397,0.7707679319381698,-7.748329926,-0.387416496,48.86966552734401,2.4434832763672003,24.8253746,1.241268730163575,70.18617553710999,3.5093087768554994,23.00052109,1.150026054,-24.4,-1.22
Sibudu Cave,31.086,-29.5231,-46000,16.62495861,351.9414185,25.67553101,5.221243238,20.45428772,20.56055222,11.88195629,20.56258812,11.88195629,1115.566284,193.5517792,20.7345665,60.42974167,463.062561,88.48512497,458.3530701,88.48512497,908,0.25475502014160156,2000,0.012737751007080078,1.082446289061977,0.054122314,0.4576175689698019,0.022880878448490096,0.33169811964034945,0.016584906,0.12591934204100141,0.006295967,0.2880405426026016,0.014402027130130082,0.009017563,0.000450878,0.2807266235350987,0.014036331176754934,0.12580680847159975,0.00629034,-78.84812012,-3.942406006,-4.536849976,-0.226842499,-11.66566734,-0.583283367,3.463952636718794,0.1731976318359397,-26.29241943,-1.314620972,-30.09894028,-1.504947014,-28.9204834,-1.44602417,-31.18941116,-1.559470558,-23,-1.15
Sibudu Cave,31.086,-29.5231,-44000,16.43723087,341.6348633,25.21039429,5.443787599,19.7666069,20.16882591,12.08346176,20.318396,11.92170658,1125.259399,183.0586517,20.33267078,58.03826599,441.5744446,99.41103973,431.8317627,99.52467499,955.2,-0.187727737,2000,-0.009386387,-10.30655518,-0.515327759,-0.465136719,-0.023256836,0.22254436016082035,0.011127218008041019,-0.687680817,-0.034384041,-0.391726303,-0.019586315,0.20150547027590093,0.010075273513795046,-0.244192123,-0.012209606,0.03975029,0.001987514,9.693115234369998,0.4846557617184999,-10.49312744,-0.524656372,-0.401895714,-0.020094786,-2.391475677,-0.119573784,-21.48811646,-1.074405823,10.925914764404297,0.5462957382202148,-26.52130737,-1.326065369,11.039550018310607,0.5519775009155303,47.200000000000045,2.3600000000000025
Sibudu Cave,31.086,-29.5231,-42000,16.36878471,320.1103638,24.93532066,5.599114919,19.33620605,20.06543312,12.46010895,20.06543312,12.10994415,1137.60304,203.1374664,31.78308716,57.63993607,482.5939392,114.2791656,482.5939392,121.9973618,907.8,-0.068446159,2000,-0.003422308,-21.52449951,-1.076224976,-0.275073624,-0.013753681,0.15532732009887962,0.007766366,-0.430400848,-0.021520042,-0.103392792,-0.00516964,0.3766471862792997,0.018832359313964986,-0.252962875,-0.012648144,0.18823757171630007,0.009411879,12.343640136720069,0.6171820068360034,20.07881469726601,1.0039407348633007,11.450416374206497,0.5725208187103249,-0.398329926,-0.019916496,41.01949462890599,2.0509747314452995,14.868125915527301,0.7434062957763651,50.76217651367199,2.538108825683599,22.472686767577997,1.1236343383788998,-47.4,-2.37
Sibudu Cave,31.086,-29.5231,-40000,16.32979488,287.6599548,24.49024353,5.863538671,18.62670479,19.72286835,12.89569664,19.72286835,12.68448658,1194.776025,190.5817261,28.98222656,50.9858963,462.6447754,124.1567169,462.6447754,125.6975281,908.8,-0.03898983,2000,-0.001949492,-32.45040894,-1.622520447,-0.445077133,-0.022253857,0.26442375183106037,0.013221187591553019,-0.709501266,-0.035475063,-0.342564774,-0.017128239,0.43558769226079974,0.021779385,-0.342564774,-0.017128239,0.5745424270629993,0.028727121353149962,57.17298583983984,2.858649291991992,-12.55574036,-0.627787018,-2.800860596,-0.14004303,-6.654039764,-0.332701988,-19.94916382,-0.997458191,9.877551269530997,0.4938775634765498,-19.94916382,-0.997458191,3.700166320801003,0.18500831604005014,1,0.05
Sibudu Cave,31.086,-29.5231,-38000,16.54489307,270.0909088,24.48186798,6.358651161,18.12321701,19.56987114,13.28713608,19.71364479,13.06732979,1100.273743,189.9155518,26.70805759,56.75713425,428.6446167,101.5613358,427.1677368,107.0506088,932,0.21509819030760013,2000,0.010754909515380006,-17.56904602,-0.878452301,-0.008375549,-0.000418777,0.4951124906539901,0.024755624532699506,-0.503487778,-0.025174389,-0.152997208,-0.00764986,0.3914394378662003,0.019571971893310013,-0.009223557,-0.000461178,0.382843208,0.01914216,-94.50228271,-4.725114136,-0.666174316,-0.033308716,-2.274168968,-0.113708448,5.771237945556699,0.28856189727783493,-34.00015869,-1.700007935,-22.59538116,-1.129769058,-35.47703857,-1.773851929,-18.64691925,-0.932345963,23.200000000000045,1.1600000000000024
Sibudu Cave,31.086,-29.5231,-36000,16.62218342,244.5102448,24.04127541,6.444229841,17.59704552,19.22407951,13.6660099,19.41806564,13.53183784,1164.60293,193.3115814,34.43807487,54.50971603,445.6620544,117.1808594,443.7269653,125.2746155,963.4,0.077290344,2000,0.003864517,-25.58066406,-1.279033203,-0.440592575,-0.022029629,0.08557868,0.004278934,-0.526171494,-0.026308575,-0.345791626,-0.017289581,0.37887382507319955,0.018943691253659977,-0.295579147,-0.014778957,0.46450805664060013,0.023225402832030007,64.32918701,3.216459351,3.396029663085983,0.16980148315429913,7.730017280578597,0.38650086402892986,-2.247418213,-0.112370911,17.01743774414001,0.8508718872070005,15.619523620604994,0.7809761810302497,16.559228515625023,0.8279614257812512,18.224006652832003,0.911200333,31.399999999999977,1.5699999999999987
Sibudu Cave,31.086,-29.5231,-34000,16.4734045,216.6045532,23.62619629,6.635072851,16.99112358,18.71903954,13.76363297,18.86136436,13.62469635,1152.952588,182.0917999,29.24849167,51.62431641,430.781427,112.9805222,426.8483765,120.7735153,953,-0.148778915,2000,-0.007438946,-27.90569153,-1.395284576,-0.415079117,-0.020753956,0.19084300994872994,0.00954215,-0.605921936,-0.030296097,-0.505039978,-0.025251999,0.097623062,0.004881153,-0.556701279,-0.027835064,0.092858505,0.004642925,-11.6503418,-0.58251709,-11.21978149,-0.560989075,-5.189583206,-0.25947916,-2.885399628,-0.144269981,-14.88062744,-0.744031372,-4.200337219,-0.210016861,-16.87858887,-0.843929443,-4.501100159,-0.225055008,-10.4,-0.52
Sibudu Cave,31.086,-29.5231,-32000,16.50917988,228.4910095,23.87461014,6.473422813,17.40118713,18.53950424,13.64374542,19.0294342,13.50987568,1163.119702,181.1040131,39.99568481,47.49684677,421.9867249,133.4573959,355.5647095,140.5488907,937.2,0.035775375,2000,0.001788769,11.886456298827994,0.5943228149413997,0.24841384887690054,0.012420692443845027,-0.161650038,-0.008082502,0.4100635528564993,0.020503177642824964,-0.179535294,-0.008976765,-0.119887543,-0.005994377,0.168069839,0.008403492,-0.114820671,-0.005741034,10.167114257809999,0.508355713,-0.987786865,-0.049389343,10.74719315,0.537359657,-4.127469635,-0.206373482,-8.794702148,-0.439735107,20.476873779296994,1.0238436889648497,-71.28366699,-3.56418335,19.77537536621101,0.9887687683105504,-15.8,-0.79
Sibudu Cave,31.086,-29.5231,-30000,16.29006901,251.8066956,24.13652573,5.907052898,18.2294735,18.99748421,13.19449215,19.17408943,13.11165905,1197.383594,181.8353851,38.14502487,47.7374691,443.5213989,135.1777496,375.3446899,138.6815628,951.4,-0.21911087,2000,-0.010955544,23.31568604,1.165784302,0.26191558837900075,0.013095779418950036,-0.566369915,-0.028318496,0.8282863616942997,0.041414318,0.4579799652098977,0.022898998260494886,-0.449253273,-0.022462664,0.14465522766109729,0.007232761,-0.398216629,-0.019910831,34.26389160156009,1.7131945800780046,0.7313720703130002,0.036568604,-1.850659943,-0.092532997,0.24062233,0.012031116,21.534674072264977,1.0767337036132487,1.7203536987300083,0.086017685,19.77998046875001,0.9889990234375005,-1.867327881,-0.093366394,14.199999999999932,0.7099999999999965
Sibudu Cave,31.086,-29.5231,-28000,17.00196075,249.0920105,24.37474823,7.718046665,16.65670204,19.68899345,13.91149807,20.03693581,13.91149807,1251.579712,175.8356934,45.69874573,39.15744019,463.4172974,157.3568573,392.0733643,157.3568573,1045,0.7118917465209975,2000,0.035594587,-2.714685059,-0.135734253,0.23822250366210085,0.011911125183105043,1.8109937667846703,0.090549688,-1.572771454,-0.078638573,0.6915092468262003,0.034575462341310016,0.71700592,0.035850296,0.862846375,0.043142319,0.7998390197753995,0.039991950988769974,54.19611816405995,2.709805908202998,-5.999691772,-0.299984589,7.553720855712896,0.3776860427856448,-8.580028915,-0.429001446,19.895898437500023,0.9947949218750012,22.179107666015994,1.108955383,16.728674316407023,0.8364337158203512,18.675294494629014,0.9337647247314507,93.60000000000002,4.680000000000001
Sibudu Cave,31.086,-29.5231,-26000,16.53237724,279.9512329,24.10553551,6.866979122,17.23855591,19.65739632,12.9669838,19.76695251,12.9669838,1289.657715,206.0133972,44.9353714,42.22398376,489.040863,167.8653564,374.484436,167.8653564,993,-0.469583511,2000,-0.023479176,30.859222412109034,1.5429611206054517,-0.269212723,-0.013460636,-0.851067543,-0.042553377,0.5818538665770987,0.029092693328854936,-0.031597137,-0.001579857,-0.944514275,-0.047225714,-0.269983292,-0.013499165,-0.944514275,-0.047225714,38.07800293,1.903900146,30.17770385742199,1.5088851928710993,-0.763374329,-0.038168716,3.0665435791014986,0.15332717895507494,25.623565673827954,1.2811782836913979,10.508499145508011,0.5254249572754005,-17.58892822,-0.879446411,10.508499145508011,0.5254249572754005,-52,-2.6
Sibudu Cave,31.086,-29.5231,-24000,16.64967728,301.70047,24.58255959,6.914336681,17.66822243,20.13684273,12.81839371,20.167099,12.81839371,1229.532471,197.1857147,34.75596619,44.75297546,495.2838135,156.5583344,392.8047485,156.5583344,967,0.11730003356930041,2000,0.005865002,21.74923706054699,1.0874618530273494,0.477024078,0.023851203918460052,0.047357559204100674,0.002367878,0.42966651916509946,0.021483325958254973,0.47944641113280184,0.023972320556640093,-0.148590088,-0.007429504,0.400146484,0.020007324,-0.148590088,-0.007429504,-60.12524414,-3.006262207,-8.827682495,-0.441384125,-10.17940521,-0.508970261,2.5289916992187997,0.12644958496093997,6.2429504394540345,0.31214752197270174,-11.30702209,-0.565351105,18.3203125,0.9160156250000001,-11.30702209,-0.565351105,-26,-1.3
Sibudu Cave,31.086,-29.5231,-22000,16.71173859,318.0101318,25.04389763,6.760238171,18.28365898,20.49794579,12.8265152,20.49794579,12.8265152,1162.452759,215.2664185,44.74685669,49.3800621,485.3771667,165.7457886,485.3771667,165.7457886,865,0.06206131,2000,0.003103065,16.30966187,0.8154830932617501,0.4613380432129013,0.023066902160645063,-0.154098511,-0.007704926,0.615436554,0.030771827697749998,0.3611030578613992,0.018055153,0.00812149,0.000406075,0.3308467864991016,0.016542339,0.00812149,0.000406075,-67.07971191,-3.353985596,18.080703735350994,0.9040351867675498,9.990890502929695,0.49954452514648473,4.627086639404297,0.23135433197021485,-9.906646729,-0.495332336,9.187454223633011,0.4593727111816505,92.57241821289097,4.628620910644549,9.187454223633011,0.4593727111816505,-102,-5.1
Sibudu Cave,31.086,-29.5231,-21000,16.85389519,307.2001343,24.94908714,7.062508583,17.88657761,20.53230095,13.87900448,20.53230095,12.99948883,1091.101685,209.9430237,41.47265625,50.51390457,465.550354,164.9227753,465.550354,166.3152466,822,0.14215660095210225,1000,0.014215660095210227,-10.80999756,-1.080999756,-0.094810486,-0.009481049,0.30227041244507014,0.030227041,-0.397081375,-0.039708138,0.034355163574200986,0.003435516,1.0524892807007014,0.10524892807007014,0.034355163574200986,0.003435516,0.172973633,0.017297363281250002,-71.35107422,-7.135107422,-5.323394775,-0.532339478,-3.274200439,-0.327420044,1.1338424682617045,0.11338424682617045,-19.82681274,-1.982681274,-0.823013306,-0.082301331,-19.82681274,-1.982681274,0.5694580078119884,0.056945801,-43,-4.3
Sibudu Cave,31.086,-29.5231,-20000,16.59933281,330.334137,25.02812386,6.767105103,18.26101875,20.5301075,12.38727283,20.5301075,12.38727283,1234.64917,239.0990601,35.65183258,56.16138077,563.6080322,157.3371582,563.6080322,157.3371582,866,-0.254562378,1000,-0.025456238,23.134002685547046,2.313400268554705,0.079036713,0.007903671,-0.295403481,-0.029540348,0.37444114685060015,0.037444114685060016,-0.002193451,-0.000219345,-1.491731644,-0.149173164,-0.002193451,-0.000219345,-0.612215996,-0.0612216,143.5474854,14.35474854,29.15603637695301,2.915603637695301,-5.820823669,-0.582082367,5.647476196289098,0.5647476196289098,98.05767822265693,9.805767822265693,-7.585617065,-0.758561707,98.05767822265693,9.805767822265693,-8.978088379,-0.897808838,44,4.3999999999999995
Sibudu Cave,31.086,-29.5231,-19000,16.66576576,314.2744446,24.72243309,6.995405197,17.72702789,20.44074059,12.679492,20.44074059,12.679492,1263.131104,242.1496735,42.23065567,52.09344864,553.0016479,161.941864,553.0016479,161.941864,899,0.066432953,1000,0.006643295,-16.05969238,-1.605969238,-0.305690765,-0.030569077,0.2283000946044904,0.022830009460449042,-0.53399086,-0.053399086,-0.089366913,-0.008936691,0.29221916198729936,0.029221916198729936,-0.089366913,-0.008936691,0.29221916198729936,0.029221916198729936,28.48193359,2.848193359,3.050613403,0.30506134,6.578823089599602,0.6578823089599602,-4.067932129,-0.406793213,-10.60638428,-1.060638428,4.604705810546989,0.46047058105469885,-10.60638428,-1.060638428,4.604705810546989,0.46047058105469885,33,3.3000000000000003
Sibudu Cave,31.086,-29.5231,-18000,16.74738503,295.8154602,24.48865128,6.986590385,17.50205994,20.27836609,12.97455978,20.27836609,12.97455978,1197.043823,217.2978363,33.18196869,53.76271057,522.5070801,129.6502991,522.5070801,129.6502991,884,0.081619263,1000,0.008161926,-18.45898438,-1.845898438,-0.233781815,-0.023378181,-0.008814812,-0.000881481,-0.224967957,-0.022496796,-0.162374496,-0.01623745,0.29506778717050075,0.029506778717050076,-0.162374496,-0.01623745,0.29506778717050075,0.029506778717050076,-66.08728027,-6.608728027,-24.85183716,-2.485183716,-9.048686981,-0.904868698,1.6692619323730966,0.16692619323730967,-30.49456787,-3.049456787,-32.29156494,-3.229156494,-30.49456787,-3.049456787,-32.29156494,-3.229156494,-15,-1.5
Sibudu Cave,31.086,-29.5231,-17000,15.83986206,302.1071106,24.14725227,4.76595372,19.38129845,19.42963829,12.21265259,19.42963829,11.97982082,1175.39751,206.956601,23.36902714,56.91484528,510.7643799,108.8589844,510.7643799,111.8248123,891.8,-0.907522964,1000,-0.090752296,6.291650390624966,0.6291650390624965,-0.341399002,-0.0341399,-2.220636666,-0.222063667,1.879238510131902,0.1879238510131902,-0.848727798,-0.08487278,-0.761907196,-0.07619072,-0.848727798,-0.08487278,-0.99473896,-0.099473896,-21.64631348,-2.164631348,-10.34123535,-1.034123535,-9.812941551,-0.981294155,3.1521347045898054,0.3152134704589805,-11.7427002,-1.17427002,-20.7913147,-2.07913147,-11.7427002,-1.17427002,-17.82548676,-1.782548676,7.7999999999999545,0.7799999999999955
Sibudu Cave,31.086,-29.5231,-16000,15.96612854,283.0980957,24.05784988,5.228760791,18.82908897,19.33229446,12.54093838,19.33229446,12.34901676,1095.44989,204.2700958,28.91703415,61.85781784,486.4248535,95.60311584,486.4248535,101.6313232,942,0.1262664794922017,1000,0.012626648,-19.00901489,-1.900901489,-0.08940239,-0.008940239,0.4628070712089505,0.046280707,-0.552209473,-0.055220947,-0.097343826,-0.009734383,0.32828578948979903,0.032828578948979906,-0.097343826,-0.009734383,0.3691959381104013,0.036919594,-79.94761963,-7.994761963,-2.686505127,-0.268650513,5.548007011,0.5548007011413499,4.942972565,0.494297256,-24.33952637,-2.433952637,-13.25586853,-1.325586853,-24.33952637,-2.433952637,-10.19348907,-1.019348907,50.200000000000045,5.020000000000004
Sibudu Cave,31.086,-29.5231,-15000,16.6276947,285.4207336,24.55354996,5.95691433,18.59663544,19.84975739,13.13235855,19.84975739,12.74412308,1054.712146,188.9278839,16.67111442,64.86444931,436.0132263,79.05918961,436.0132263,91.98349686,996.6,0.661566162,1000,0.066156616,2.3226379394529886,0.23226379394529886,0.495700073,0.049570007,0.7281535387039195,0.072815354,-0.232453537,-0.023245354,0.5174629211425987,0.051746292,0.591420174,0.059142017364500005,0.5174629211425987,0.051746292,0.3951063156128001,0.039510631561280006,-40.73774414,-4.073774414,-15.34221191,-1.534221191,-12.24591973,-1.224591973,3.00663147,0.300663147,-50.4116272,-5.04116272,-16.54392624,-1.654392624,-50.4116272,-5.04116272,-9.647826385,-0.964782639,54.60000000000002,5.460000000000003
Sibudu Cave,31.086,-29.5231,-14000,17.48940315,261.0931061,25.12843628,7.128535891,17.99990044,20.13279076,14.28356247,20.38062973,14.09486313,1097.700171,188.4711334,18.74379845,61.36697845,446.0473267,72.61250534,441.6109253,82.17987518,1000.6,0.8617084503174013,1000,0.086170845,-24.32762756,-2.432762756,0.5748863220214986,0.057488632,1.1716215610504106,0.11716215610504106,-0.596735001,-0.0596735,0.283033371,0.028303337097170103,1.151203918,0.11512039184570001,0.5308723449707031,0.053087234,1.350740051269499,0.1350740051269499,42.98802490235016,4.298802490235016,-0.456750488,-0.045675049,2.0726840257645023,0.20726840257645024,-3.497470856,-0.349747086,10.03410034,1.0034100341796999,-6.446684265,-0.644668427,5.597698974610012,0.5597698974610011,-9.803621674,-0.980362167,4,0.4
Sibudu Cave,31.086,-29.5231,-13000,17.61595268,256.0423645,25.52808151,7.200245857,18.32783546,20.60323792,14.42634373,20.60554924,14.40918617,1071.512463,196.01073,19.0243927,63.65871735,434.4202271,76.2251709,424.4337158,83.86390076,984.4,0.12654953002929759,1000,0.012654953002929757,-5.050741577,-0.505074158,0.39964523315430256,0.039964523,0.071709967,0.007170997,0.327935028,0.032793503,0.4704471588134993,0.047044715881349924,0.14278125762939986,0.014278125762939986,0.22491950988769815,0.022491950988769816,0.31432304382330045,0.031432304382330044,-26.18770752,-2.618770752,7.5395965576169885,0.7539596557616988,0.28059425353999856,0.028059425353999856,2.2917388916016037,0.22917388916016035,-11.62709961,-1.162709961,3.612665557861291,0.3612665557861291,-17.17720947,-1.717720947,1.684025573730409,0.1684025573730409,-16.2,-1.62
Sibudu Cave,31.086,-29.5231,-12000,17.58486996,247.1279541,25.05007477,7.041349077,18.00872536,20.19959793,14.41152,20.29253426,14.41152,1116.112927,196.7036346,14.24749336,66.1279541,444.0276489,64.94480972,382.5446716,64.94480972,1047.2,-0.031082726,1000,-0.003108273,-8.9144104,-0.89144104,-0.478006744,-0.047800674,-0.15889678,-0.015889678,-0.319110107,-0.031911011,-0.403639984,-0.040363998,-0.014823723,-0.001482372,-0.313014984,-0.031301498,0.002333832,0.000233383,44.60046387,4.460046386717999,0.6929046630860114,0.069290466,-4.776899338,-0.477689934,2.4692367553710923,0.24692367553710923,9.607421875,0.960742188,-11.28036118,-1.128036118,-41.88904419,-4.188904419,-18.91909103,-1.891909103,62.80000000000007,6.2800000000000065
Sibudu Cave,31.086,-29.5231,-11000,17.58081365,227.0480194,24.60516548,6.621306121,17.98385906,19.48199272,14.63459945,20.10882473,14.54033327,1118.748505,178.1841202,21.66238451,57.90397549,450.1214447,80.64541245,388.7571716,83.0553894,1133.5,-0.004056311,1000,-0.000405631,-20.07993469,-2.007993469,-0.444909286,-0.044490929,-0.420042956,-0.042004296,-0.024866295,-0.002486629,-0.717605209,-0.071760521,0.22307944297789994,0.022307944297789994,-0.183709526,-0.018370953,0.12881326675410065,0.012881326675410067,2.6355773925799895,0.26355773925799897,-18.51951447,-1.851951447,7.414891147613501,0.7414891147613502,-8.223978615,-0.822397861,6.093795776,0.609379578,15.70060272,1.570060272,6.212499999999977,0.6212499999999977,18.11057968,1.811057968,86.29999999999995,8.629999999999995
Sibudu Cave,31.086,-29.5231,-10000,17.82463789,255.7518501,25.51835728,6.737619698,18.78073788,19.5659337,14.47609544,20.69698095,14.47609544,1084.99649,187.1000977,1.99957037,72.46393776,455.5209808,23.37297964,368.8311615,23.37297964,1067.5,0.24382424354559973,1000,0.024382424,28.70383072,2.870383072,0.9131917953490998,0.09131918,0.11631357669830944,0.011631357669830944,0.7968788146973012,0.079687881,0.083940983,0.008394098,-0.158504009,-0.015850401,0.5881562232970978,0.058815622329709785,-0.064237833,-0.006423783,-33.75201416,-3.375201416,8.915977478027003,0.8915977478027002,-19.66281414,-1.966281414,14.55996227,1.455996227,5.399536132813012,0.5399536132813011,-57.2724328,-5.72724328,-19.92601013,-1.992601013,-59.68240976,-5.968240976,-66,-6.6
Sibudu Cave,31.086,-29.5231,-9000,17.62629986,240.0935974,24.71209955,6.646689057,18.06541014,19.72913265,14.4767735,20.17633915,14.4084928,1059.552658,179.099987,23.44841433,57.96321201,443.4993286,93.45549011,362.1847229,93.53538132,1096.25,-0.198338032,1000,-0.019833803,-15.65825272,-1.565825272,-0.806257725,-0.080625772,-0.090930641,-0.009093064,-0.71532774,-0.071532774,0.16319894790650125,0.016319894790650123,0.000678062,6.78062439000371e-05,-0.520641804,-0.05206418,-0.067602634,-0.006760263,-25.4438324,-2.54438324,-8.000110626,-0.800011063,21.44884395599364,2.144884395599364,-14.50072575,-1.450072575,-12.02165222,-1.202165222,70.08251047,7.008251047134399,-6.646438599,-0.66464386,70.16240168,7.016240168,28.75,2.875
Sibudu Cave,31.086,-29.5231,-8000,18.01195431,278.291893,25.78353548,6.647402704,19.13613319,20.57858372,14.24982429,20.85941505,14.22426963,1026.149384,182.9433975,9.011489153,66.86797333,444.5642929,40.92583227,372.0124512,47.71422434,1010,0.38565444946279825,1000,0.038565445,38.198295593261975,3.8198295593261973,1.0714359283448012,0.1071435928344801,0.000713646,7.13646411890423e-05,1.0707230567932022,0.10707230567932023,0.8494510650634979,0.084945107,-0.226949215,-0.022694921,0.6830759048461985,0.06830759,-0.184223175,-0.018422318,-33.40327454,-3.340327454,3.8434104919439847,0.38434104919439843,-14.43692517,-1.443692517,8.904761314392104,0.8904761314392103,1.0649642944339917,0.10649642944339915,-52.52965784,-5.252965784,9.827728271483977,0.9827728271483976,-45.82115698,-4.582115698,-86.25,-8.625
Sibudu Cave,31.086,-29.5231,-7000,18.16420841,304.4939117,26.00994492,6.471858621,19.53808641,21.00667572,14.09541368,21.26237726,14.0775342,991.1431122,201.5554276,2.869099319,72.7060051,446.1873093,38.64219093,370.5846176,46.9075079,898.5,0.15225410461430045,1000,0.015225410461430045,26.202018737793026,2.6202018737793025,0.22640943527219903,0.022640943527219903,-0.175544083,-0.017554408,0.40195322036749914,0.040195322036749914,0.4280920028686026,0.042809200286860256,-0.154410601,-0.01544106,0.4029622077942001,0.040296220779420015,-0.14673543,-0.014673543,-35.00627136,-3.500627136,18.61203002929699,1.861203002929699,-6.142389834,-0.614238983,5.838031769,0.5838031768798799,1.6230163574219887,0.16230163574219886,-2.283641338,-0.228364134,-1.427833557,-0.142783356,-0.806716442,-0.080671644,-111.5,-11.15
Sibudu Cave,31.086,-29.5231,-6000,17.92548609,294.2369614,26.0225482,6.387200356,19.63534832,20.7130847,14.11528182,21.13023376,13.95374489,1044.646149,173.495018,21.14480686,60.96177578,456.4447021,89.95791054,386.2363892,98.19085503,1064.25,-0.238722324,1000,-0.023872232,-10.25695038,-1.025695038,0.012603282928502324,0.001260328,-0.084658265,-0.008465827,0.097261906,0.009726191,-0.293591022,-0.029359102,0.019868135,0.001986814,-0.132143497,-0.01321435,-0.12378931,-0.012378931,53.50303649902298,5.350303649902298,-28.06040955,-2.806040955,18.275707542896228,1.8275707542896227,-11.74422932,-1.174422932,10.257392883301009,1.0257392883301009,51.315719604492195,5.13157196,15.651771545410043,1.5651771545410043,51.283347129821806,5.128334712982181,165.75,16.575
Sibudu Cave,31.086,-29.5231,-5000,18.09969759,321.4696198,26.87005138,6.585218489,20.28483295,20.72561598,13.98029351,21.87373304,13.92085814,1082.922699,196.6154518,5.776588722,71.5326786,474.1709061,35.05003214,396.9326324,40.18533897,1063.75,0.17421150207519887,1000,0.017421150207519887,27.232658386231037,2.7232658386231035,0.847503185,0.084750319,0.19801813364028042,0.019801813364028042,0.6494846343993999,0.064948463,0.012531280517599441,0.001253128,-0.134988308,-0.013498831,0.7434992790223021,0.074349928,-0.032886744,-0.003288674,38.276550292970114,3.827655029297011,23.12043380737299,2.312043380737299,-15.36821814,-1.536821814,10.570902824401905,1.0570902824401904,17.726203918456008,1.772620391845601,-54.9078784,-5.49078784,10.696243286132983,1.0696243286132983,-58.00551605,-5.800551605,-0.5,-0.05
Sibudu Cave,31.086,-29.5231,-4000,17.94000816,311.8369446,26.62498474,6.461204767,20.16377974,21.03609371,13.95958018,21.55938196,13.95958018,1095.077637,198.2696991,16.71506834,64.14455032,437.5313873,82.72447014,358.1269226,82.72447014,1135.25,-0.159689426,1000,-0.015968943,-9.632675171,-0.963267517,-0.245066643,-0.024506664,-0.124013722,-0.012401372,-0.121053219,-0.012105322,0.31047773361200015,0.031047773,-0.020713329,-0.002071333,-0.314351082,-0.031435108,0.038722038,0.003872204,12.154937744139943,1.2154937744139944,1.6542472839360016,0.16542472839360017,10.938479618635009,1.0938479618635009,-7.388128281,-0.738812828,-36.63951874,-3.663951874,47.674437999725306,4.767443799972531,-38.80570984,-3.880570984,42.53913116,4.253913116,71.5,7.1499999999999995
Sibudu Cave,31.086,-29.5231,-3000,17.980371,308.6924362,26.47820663,6.575374842,19.90283203,21.15598345,13.85167694,21.53123999,13.85167694,1047.638458,186.0253448,15.60431719,65.0675106,415.7414856,70.51337051,350.2876205,70.51337051,1108.5,0.040362834930501634,1000,0.004036283,-3.144508362,-0.314450836,-0.146778107,-0.014677811,0.11417007446288974,0.011417007446288974,-0.260947704,-0.02609477,0.11988973617560106,0.011988973617560105,-0.107903242,-0.010790324,-0.028141975,-0.002814198,-0.107903242,-0.010790324,-47.43917847,-4.743917847,-12.24435425,-1.224435425,-1.110751152,-0.111075115,0.9229602813720987,0.092296028,-21.78990173,-2.178990173,-12.21109962,-1.221109962,-7.839302063,-0.783930206,-12.21109962,-1.221109962,-26.75,-2.675
Sibudu Cave,31.086,-29.5231,-2000,18.07188749,317.8345795,26.55033159,6.923911572,19.62642002,21.58813477,14.02272916,21.69656801,14.02272916,1048.471375,184.6056747,15.34973741,64.45266151,439.1901474,71.35179138,392.6461945,71.35179138,1105,0.091516495,1000,0.009151649,9.14214325,0.914214325,0.072124958,0.007212496,0.34853672981263006,0.034853673,-0.27641201,-0.027641201,0.432151318,0.043215132,0.1710522174834992,0.017105222,0.16532802581780004,0.016532802581780002,0.1710522174834992,0.017105222,0.8329162597699451,0.083291626,-1.419670105,-0.14196701,-0.254579782,-0.025457978,-0.614849091,-0.061484909,23.44866180419899,2.344866180419899,0.8384208679198935,0.083842087,42.35857391357399,4.235857391357399,0.8384208679198935,0.083842087,-3.5,-0.35
Sibudu Cave,31.086,-29.5231,-1000,18.37029552,288.7716064,26.81063986,7.384943128,19.42569637,21.65194368,14.73961949,21.69650364,14.61195683,1125.670105,178.2044334,22.22245216,58.22935772,457.8257446,82.22172546,451.3151093,82.38399506,1101.5,0.2984080314637012,1000,0.029840803146370123,-29.06297302,-2.906297302,0.2603082656860991,0.026030827,0.46103155612945024,0.046103156,-0.200723648,-0.020072365,0.063808918,0.006380892,0.7168903350830007,0.071689034,-6.44E-05,-6.44E-06,0.5892276763915998,0.058922767639159976,77.19873047,7.7198730468750005,-6.401241302,-0.64012413,6.872714757919299,0.6872714757919298,-6.223303795,-0.622330379,18.63559722900402,1.8635597229004022,10.869934082031307,1.0869934082031307,58.66891479492199,5.866891479,11.032203674316406,1.1032203674316405,-3.5,-0.35
Sibudu Cave,31.086,-29.5231,0,18.36340284,282.958046,26.53666687,7.583333492,18.9533329,21.62027788,14.89416742,21.65722227,14.70250058,1052.950851,161.3008347,22.90833354,55.87558651,430.5366745,82.56666756,425.7450027,83.59750175,1046.75,-0.006892681,1000,-0.000689268,-5.813560486,-0.581356049,-0.273972988,-0.027397299,0.19839036464690984,0.019839036464690984,-0.472363472,-0.047236347,-0.031665802,-0.00316658,0.15454792976379927,0.015454792976379928,-0.039281368,-0.003928137,0.090543747,0.009054375,-72.71925354,-7.271925354,-16.90359879,-1.690359879,0.6858813762665008,0.068588138,-2.35377121,-0.235377121,-27.28907013,-2.728907013,0.3449420928954936,0.034494209,-25.57010651,-2.557010651,1.2135066986083984,0.12135066986083984,-54.75,-5.475
Umbeli Belli,30.686,-30.311,-50000,17.19824791,323.1226196,25.16407967,7.095501423,18.06857872,20.17002106,12.87899017,20.94532204,12.87899017,1084.004395,185.3343811,10.26794052,64.31784058,439.9635925,68.39360046,393.9100952,68.39360046,994,,,,,,,,,,,,,,,,,,,,,,,,,,,,,,,,,,,,,
Umbeli Belli,30.686,-30.311,-48000,16.91426659,325.6455078,24.81002045,6.441187382,18.36883354,20.66768646,12.69394302,20.66768646,12.69394302,1199.938477,216.2720947,30.0361557,56.00464249,508.8161621,107.6184998,508.8161621,107.6184998,972,-0.283981323,2000,-0.014199066,2.5228881835939774,0.12614440917969885,-0.354059219,-0.017702961,-0.654314041,-0.032715702,0.3002548217773011,0.015012741088865056,0.497665405,0.02488327,-0.18504715,-0.009252357,-0.277635574,-0.013881779,-0.18504715,-0.009252357,115.934082,5.796704102,30.937713623047017,1.5468856811523508,19.768215179443402,0.9884107589721701,-8.31319809,-0.415659904,68.85256958007801,3.4426284790039006,39.224899291991804,1.9612449645995904,114.90606689453102,5.745303344726551,39.224899291991804,1.9612449645995904,-22,-1.1
Umbeli Belli,30.686,-30.311,-46000,17.12781143,331.1201782,25.29890442,6.698569775,18.60033417,20.95812988,12.7310524,20.95812988,12.7310524,1134.236206,189.2453461,19.12658501,58.33341599,471.8280029,75.73234558,471.8280029,75.73234558,962,0.21354484558110087,2000,0.010677242279055045,5.474670410156023,0.27373352050780114,0.48888397216799717,0.024444198608399862,0.25738239288330966,0.012869119644165483,0.2315006256104013,0.011575031280520065,0.2904434204101989,0.014522171020509945,0.037109375,0.001855469,0.2904434204101989,0.014522171020509945,0.037109375,0.001855469,-65.70227051,-3.285113525,-27.02674866,-1.351337433,-10.90957069,-0.545478535,2.3287734985350994,0.11643867492675498,-36.98815918,-1.849407959,-31.88615417,-1.594307709,-36.98815918,-1.849407959,-31.88615417,-1.594307709,-10,-0.5
Umbeli Belli,30.686,-30.311,-44000,16.89676285,325.9447937,24.80112076,6.927144051,17.87397766,20.70062065,12.68984509,20.70062065,12.68984509,1125.616211,190.2368317,15.2767477,58.03460312,445.6090088,80.52375793,445.6090088,80.52375793,996,-0.231048584,2000,-0.011552429,-5.175384521,-0.258769226,-0.497783661,-0.024889183,0.22857427597045987,0.011428713798522993,-0.726356506,-0.036317825,-0.257509232,-0.012875462,-0.041207314,-0.002060366,-0.257509232,-0.012875462,-0.041207314,-0.002060366,-8.619995117,-0.430999756,0.9914855957030113,0.04957428,-3.849837303,-0.192491865,-0.298812866,-0.014940643,-26.21899414,-1.310949707,4.791412353515597,0.2395706176757798,-26.21899414,-1.310949707,4.791412353515597,0.2395706176757798,34,1.7000000000000002
Umbeli Belli,30.686,-30.311,-42000,16.89822769,297.7900391,24.52723312,7.164081573,17.36315155,20.45683479,13.02057552,20.45683479,13.02057552,1168.147461,229.1662445,31.07832718,58.88753891,516.6212769,110.4641266,516.6212769,110.4641266,947,0.001464844,2000,7.32421875e-05,-28.15475464,-1.407737732,-0.273887634,-0.013694382,0.23693752288818004,0.011846876144409003,-0.510826111,-0.025541306,-0.243785858,-0.012189293,0.33073043823250003,0.016536521911625003,-0.243785858,-0.012189293,0.33073043823250003,0.016536521911625003,42.53125,2.1265625,38.92941284179699,1.9464706420898494,15.80157948,0.790078974,0.8529357910156037,0.04264679,71.01226806640597,3.5506134033202983,29.940368652343707,1.4970184326171854,71.01226806640597,3.5506134033202983,29.940368652343707,1.4970184326171854,-49,-2.45
Umbeli Belli,30.686,-30.311,-40000,16.85381126,262.1773071,24.1314106,7.436232567,16.69517899,20.09394264,13.64883709,20.09394264,13.64883709,1214.095337,219.0579224,26.66731071,51.72483063,492.3803101,115.1295624,492.3803101,115.1295624,983,-0.044416428,2000,-0.002220821,-35.61273193,-1.780636597,-0.395822525,-0.019791126,0.27215099334716975,0.013607549667358486,-0.667972565,-0.033398628,-0.362892151,-0.018144608,0.6282615661621005,0.031413078308105025,-0.362892151,-0.018144608,0.6282615661621005,0.031413078308105025,45.94787598,2.2973937988279998,-10.10832214,-0.505416107,-4.411016464,-0.220550823,-7.162708282,-0.358135414,-24.2409668,-1.21204834,4.6654357910159945,0.23327178955079975,-24.2409668,-1.21204834,4.6654357910159945,0.23327178955079975,36,1.7999999999999998
Umbeli Belli,30.686,-30.311,-38000,17.02139473,253.891037,24.09641075,7.75468874,16.34172249,20.1363678,13.85693359,20.1363678,13.85693359,1105.560913,195.4856262,20.95868683,57.69501495,444.4066467,82.88357544,444.4066467,82.88357544,1005,0.1675834655762003,2000,0.008379173,-8.286270142,-0.414313507,-0.034999847,-0.001749992,0.3184561729431108,0.015922809,-0.353456497,-0.017672825,0.042425156,0.002121258,0.20809650421139914,0.010404825210569957,0.042425156,0.002121258,0.20809650421139914,0.010404825210569957,-108.5344238,-5.426721191,-23.57229614,-1.178614807,-5.708623886,-0.285431194,5.970184326171903,0.29850921630859517,-47.97366333,-2.398683167,-32.24598694,-1.612299347,-47.97366333,-2.398683167,-32.24598694,-1.612299347,22,1.0999999999999999
Umbeli Belli,30.686,-30.311,-36000,17.0785141,224.1647034,23.52746582,7.85241127,15.67505455,19.34398651,14.35040951,19.77428436,14.35040951,1167.027222,212.4392548,31.93571854,55.70101166,460.5506897,106.7871399,460.2127686,106.7871399,1025,0.05711937,2000,0.002855968,-29.72633362,-1.486316681,-0.568944931,-0.028447247,0.09772253,0.004886127,-0.666667938,-0.033333397,-0.792381287,-0.039619064,0.49347591400150037,0.024673796,-0.362083435,-0.018104172,0.49347591400150037,0.024673796,61.46630859,3.07331543,16.953628540038977,0.8476814270019488,10.97703171,0.548851585,-1.994003296,-0.099700165,16.14404297,0.807202148,23.90356445,1.195178222656245,15.806121826171989,0.7903060913085994,23.90356445,1.195178222656245,20,1
Umbeli Belli,30.686,-30.311,-34000,16.95170403,187.3099976,23.1299324,8.131147385,14.99878502,19.15199471,14.53506184,19.15199471,14.53506184,1151.362061,196.1414337,25.92898178,51.64019394,448.3557129,105.1499557,448.3557129,105.1499557,1016,-0.126810074,2000,-0.006340504,-36.85470581,-1.842735291,-0.397533417,-0.019876671,0.2787361145019496,0.013936805725097479,-0.676269531,-0.033813477,-0.191991806,-0.00959959,0.18465232849120028,0.009232616,-0.622289658,-0.031114483,0.18465232849120028,0.009232616,-15.66516113,-0.783258057,-16.29782104,-0.814891052,-6.006736755,-0.300336838,-4.060817719,-0.203040886,-12.19497681,-0.60974884,-1.637184143,-0.081859207,-11.85705566,-0.592852783,-1.637184143,-0.081859207,-9,-0.45
Umbeli Belli,30.686,-30.311,-32000,17.00795746,196.550827,23.38144684,7.988157749,15.39328957,19.2147789,14.48558044,19.24676323,14.48558044,1149.48999,202.5335388,33.92137527,48.50954056,436.4230347,122.5655975,336.1963806,122.5655975,992,0.056253433,2000,0.002812672,9.240829467772983,0.46204147338864915,0.25151443481439983,0.012575722,-0.142989635,-0.007149482,0.39450454711909977,0.019725227,0.062784195,0.00313921,-0.049481392,-0.00247407,0.094768524,0.004738426,-0.049481392,-0.00247407,-1.872070313,-0.093603516,6.392105102539006,0.31960525512695026,7.992393493652305,0.3996196746826153,-3.130653381,-0.156532669,-11.93267822,-0.596633911,17.415641784667997,0.8707820892333998,-112.1593323,-5.607966614,17.415641784667997,0.8707820892333998,-24,-1.2
Umbeli Belli,30.686,-30.311,-30000,16.75029945,217.1847534,23.58273315,7.379907608,16.20282555,19.20343208,14.0525465,19.31793022,14.0525465,1180.57666,209.314621,33.41927338,49.24961472,460.114563,123.099884,349.6639404,123.099884,1001,-0.257658005,2000,-0.0128829,20.633926391602017,1.031696319580101,0.20128631591800072,0.010064315795900036,-0.608250141,-0.030412507,0.8095359802245987,0.040476799,-0.011346817,-0.000567341,-0.433033943,-0.021651697,0.071166992,0.00355835,-0.433033943,-0.021651697,31.086669921869998,1.5543334960934998,6.781082153320995,0.3390541076660497,-0.502101898,-0.025105095,0.7400741577149006,0.037003708,23.691528320312045,1.1845764160156023,0.534286499,0.026714325,13.467559814454034,0.6733779907227017,0.534286499,0.026714325,9,0.44999999999999996
Umbeli Belli,30.686,-30.311,-28000,16.43337822,241.3516083,23.46932793,6.935798645,16.53352928,19.02531242,13.44831753,19.35416222,13.44831753,1227.265625,192.5211029,31.22065735,46.25373077,473.1900635,124.641571,398.8145447,124.641571,1034,-0.316921234,2000,-0.015846062,24.166854858397983,1.2083427429198992,-0.113405228,-0.005670261,-0.444108963,-0.022205448,0.3307037353516016,0.016535186767580076,-0.178119659,-0.008905983,-0.604228973,-0.030211449,0.036231994628899145,0.0018116,-0.604228973,-0.030211449,46.68896484,2.334448242,-16.79351807,-0.839675903,-2.198616028,-0.109930801,-2.995883942,-0.149794197,13.075500488281989,0.6537750244140995,1.5416870117190058,0.077084351,49.150604248045966,2.457530212402298,1.5416870117190058,0.077084351,33,1.6500000000000001
Umbeli Belli,30.686,-30.311,-26000,15.95616055,278.0451965,23.26795006,6.032334805,17.23561478,19.04067421,12.41688251,19.14577293,12.41688251,1270.783936,218.1040497,30.14133835,48.25142288,502.15979,131.5330963,393.057312,131.5330963,989,-0.477217674,2000,-0.023860884,36.69358825683602,1.8346794128418011,-0.201377869,-0.010068893,-0.90346384,-0.045173192,0.7020854949950994,0.035104275,0.015361786,0.000768089,-1.031435013,-0.051571751,-0.208389282,-0.010419464,-1.031435013,-0.051571751,43.51831055,2.1759155273440003,25.582946777343977,1.2791473388671988,-1.079319,-0.05396595,1.9976921081542969,0.099884605,28.96972656,1.448486328,6.891525268554986,0.34457626342774933,-5.757232666,-0.287861633,6.891525268554986,0.34457626342774933,-45,-2.25
Umbeli Belli,30.686,-30.311,-24000,16.09177589,302.1374817,23.78184509,6.077781677,17.70406342,19.55490112,12.24401379,19.58482742,12.24401379,1222.862915,211.6005249,20.01009178,51.49910736,507.9253235,119.3293762,412.1221619,119.3293762,966,0.1356153488159002,2000,0.006780767,24.09228516,1.204614258,0.513895035,0.025694751739499998,0.045446872711179864,0.002272344,0.4684486389160014,0.023422432,0.5142269134521982,0.025711345672609912,-0.172868729,-0.008643436,0.43905448913569955,0.021952724456784978,-0.172868729,-0.008643436,-47.92102051,-2.396051025,-6.50352478,-0.325176239,-10.13124657,-0.506562328,3.2476844787597017,0.1623842239379851,5.765533447,0.288276672,-12.20372009,-0.610186005,19.06484985,0.953242493,-12.20372009,-0.610186005,-23,-1.15
Umbeli Belli,30.686,-30.311,-22000,16.12954521,320.9838562,24.19858551,5.931665897,18.26692009,19.93227005,13.13448334,19.93227005,12.22577667,1172.008301,232.5201263,29.4045639,56.67640686,513.4039307,127.1645966,513.4039307,142.4080505,869,0.037769318,2000,0.001888466,18.846374511718977,0.942318726,0.4167404174805007,0.020837020874025034,-0.14611578,-0.007305789,0.5628566741943999,0.028142833709719994,0.37736892700189983,0.018868446,0.8904695510863991,0.044523478,0.34744262695310013,0.017372131347655004,-0.018237114,-0.000911856,-50.85461426,-2.542730713,20.919601440429005,1.0459800720214503,9.394472122,0.46972360610962005,5.177299499511797,0.25886497497558986,5.478607177734943,0.27393035888674716,7.835220336914006,0.3917610168457003,101.28176879882898,5.064088439941449,23.07867431640601,1.1539337158203005,-97,-4.85
Umbeli Belli,30.686,-30.311,-21000,16.26419449,312.565094,24.10385704,6.254097462,17.84976006,19.99980927,13.37519836,19.99980927,12.36053181,1108.498779,231.3201599,25.05522346,59.02730179,497.3465881,118.9167175,497.3465881,139.6729431,837,0.134649277,1000,0.013464928,-8.418762207,-0.841876221,-0.09472847,-0.009472847,0.322431564,0.032243156,-0.417160034,-0.041716003,0.067539215,0.006753922,0.24071502685550072,0.024071502685550073,0.067539215,0.006753922,0.134755135,0.013475513,-63.50952148,-6.350952148,-1.199966431,-0.119996643,-4.349340439,-0.434934044,2.3508949279785014,0.23508949279785013,-16.05734253,-1.605734253,-8.247879028,-0.824787903,-16.05734253,-1.605734253,-2.735107422,-0.273510742,-32,-3.2
Umbeli Belli,30.686,-30.311,-20000,16.01863098,335.428894,24.246418,5.887568474,18.35884857,19.99354362,11.7504549,19.99354362,11.7504549,1236.805664,251.914978,22.29718781,60.92440414,576.6279907,119.1756897,576.6279907,119.1756897,876,-0.245563507,1000,-0.024556351,22.863800048827954,2.2863800048827954,0.14256095886230113,0.014256095886230113,-0.366528988,-0.036652899,0.5090885162353018,0.050908852,-0.00626564,-0.000626564,-1.624743462,-0.162474346,-0.00626564,-0.000626564,-0.610076904,-0.06100769,128.3068848,12.830688476561999,20.59481812,2.059481812,-2.75803566,-0.275803566,1.8971023559570028,0.1897102355957003,79.28140259,7.928140259,0.2589721679689916,0.025897217,79.28140259,7.928140259,-20.49725342,-2.049725342,39,3.9
Umbeli Belli,30.686,-30.311,-19000,16.06757545,318.9605713,23.87821579,6.116314888,17.76190186,19.88371277,12.04323483,19.88371277,12.04323483,1260.455322,253.4398041,28.61875153,58.03009033,565.0390015,123.1504822,565.0390015,123.1504822,904,0.048944473,1000,0.004894447,-16.46832275,-1.646832275,-0.368202209,-0.036820221,0.2287464141845703,0.022874641,-0.596946716,-0.059694672,-0.109830856,-0.010983086,0.2927799224854013,0.029277992,-0.109830856,-0.010983086,0.2927799224854013,0.029277992,23.649658203130002,2.3649658203130004,1.5248260498040054,0.15248260498040053,6.321563721,0.6321563720703101,-2.894313812,-0.289431381,-11.58898926,-1.158898926,3.974792480468011,0.3974792480468011,-11.58898926,-1.158898926,3.974792480468011,0.3974792480468011,28,2.8000000000000003
Umbeli Belli,30.686,-30.311,-18000,16.17372894,299.379425,23.71010399,6.05467701,17.65542603,19.74937248,12.37198162,19.74937248,12.37198162,1194.814453,233.0075989,24.76914406,59.79195404,533.7133179,92.41088104,533.7133179,92.41088104,889,0.106153488,1000,0.010615349,-19.58114624,-1.958114624,-0.168111801,-0.01681118,-0.061637878,-0.006163788,-0.10647583,-0.010647583,-0.134340286,-0.013434029,0.3287467956543004,0.03287468,-0.134340286,-0.013434029,0.3287467956543004,0.03287468,-65.64086914,-6.564086914,-20.4322052,-2.04322052,-3.849607468,-0.384960747,1.7618637084960014,0.17618637084960015,-31.32568359,-3.132568359,-30.73960114,-3.073960114,-31.32568359,-3.132568359,-30.73960114,-3.073960114,-15,-1.5
Umbeli Belli,30.686,-30.311,-17000,16.34557152,279.7542725,23.77356148,6.082956314,17.69060516,19.80763435,12.84571362,19.80763435,12.84571362,1198.117065,234.7424927,20.71325684,59.27275085,546.8935547,101.2575989,546.8935547,101.2575989,930,0.17184257507319955,1000,0.017184257507319955,-19.62515259,-1.962515259,0.063457489,0.006345749,0.028279304504389202,0.00282793,0.035179138183600855,0.003517914,0.058261871,0.005826187,0.47373199462889914,0.047373199,0.058261871,0.005826187,0.47373199462889914,0.047373199,3.302612304690001,0.3302612304690001,1.734893798827983,0.17348937988279828,-4.055887222,-0.405588722,-0.519203186,-0.051920319,13.180236816406023,1.3180236816406021,8.846717834,0.8846717834472501,13.180236816406023,1.3180236816406021,8.846717834,0.8846717834472501,41,4.1000000000000005
Umbeli Belli,30.686,-30.311,-16000,16.39121628,267.7978516,23.55818748,6.499077797,17.05910873,19.67367363,13.05266476,19.67367363,13.05266476,1107.302856,206.1520233,26.02593994,61.51756668,497.1793213,82.11766815,497.1793213,82.11766815,981,0.045644760131899886,1000,0.004564476,-11.9564209,-1.19564209,-0.215373993,-0.021537399,0.416121483,0.041612148,-0.631496429,-0.063149643,-0.133960724,-0.013396072,0.20695114135740056,0.020695114135740055,-0.133960724,-0.013396072,0.20695114135740056,0.020695114135740055,-90.81420898,-9.081420898,-28.59046936,-2.859046936,5.312683105,0.531268311,2.2448158264160014,0.22448158264160015,-49.7142334,-4.97142334,-19.13993073,-1.913993073,-49.7142334,-4.97142334,-19.13993073,-1.913993073,51,5.1
Umbeli Belli,30.686,-30.311,-15000,17.0554409,272.0101318,24.15094757,7.195409298,16.9555378,20.21406364,13.40040302,20.21406364,13.40040302,1048.035767,172.1445618,15.08262062,64.82142639,423.8034668,61.90058899,423.8034668,61.90058899,1038,0.6642246246337997,1000,0.066422462,4.212280273438012,0.42122802734380116,0.5927600860595987,0.059276009,0.6963315010070801,0.06963315,-0.103570938,-0.010357094,0.5403900146485014,0.054039001,0.3477382659912003,0.034773826599120025,0.5403900146485014,0.054039001,0.3477382659912003,0.034773826599120025,-59.26708984,-5.926708984,-34.00746155,-3.400746155,-10.94331932,-1.094331932,3.303859710693402,0.3303859710693402,-73.37585449,-7.337585449,-20.21707916,-2.021707916,-73.37585449,-7.337585449,-20.21707916,-2.021707916,57,5.7
Umbeli Belli,30.686,-30.311,-14000,17.87073326,253.0562439,24.6706562,8.524666786,16.14598846,20.21588326,14.64769745,20.80834961,14.64769745,1110.776733,198.7791138,15.33394051,62.09836578,456.9819946,65.28047943,447.7961426,65.28047943,1112,0.8152923583983984,1000,0.081529236,-18.95388794,-1.895388794,0.5197086334228018,0.051970863,1.3292574882507298,0.13292574882507296,-0.809549332,-0.080954933,0.001819611,0.000181961,1.2472944259643999,0.12472944259643999,0.594285965,0.059428596496579895,1.2472944259643999,0.12472944259643999,62.7409668,6.27409668,26.634552001952983,2.663455200195298,0.2513198852540004,0.025131988525400037,-2.723060608,-0.272306061,33.17852783203102,3.317852783203102,3.379890441894503,0.33798904418945025,23.99267578,2.399267578,3.379890441894503,0.33798904418945025,74,7.3999999999999995
Umbeli Belli,30.686,-30.311,-13000,18.01096535,247.9591064,25.13230705,8.567911148,16.5643959,21.05109215,14.9593935,21.05109215,14.9593935,1094.746094,217.766037,15.16990852,64.77500153,449.1950684,64.90968323,449.1950684,64.90968323,1104,0.14023208618160155,1000,0.014023208618160156,-5.097137451,-0.509713745,0.4616508483887003,0.046165085,0.043244361877441406,0.004324436,0.4184074401855007,0.041840744,0.8352088928221981,0.083520889,0.3116960525511985,0.031169605255119845,0.2427425384520987,0.024274254,0.3116960525511985,0.031169605255119845,-16.03063965,-1.603063965,18.986923217774006,1.8986923217774005,-0.164031982,-0.016403198,2.676635742187507,0.2676635742187507,-7.78692627,-0.778692627,-0.370796204,-0.03707962,1.398925781,0.139892578,-0.370796204,-0.03707962,-8,-0.8
Umbeli Belli,30.686,-30.311,-12000,17.93088722,237.7153931,24.58996964,8.376257896,16.21371078,20.59927559,14.9069109,20.64692307,14.9069109,1142.154053,220.6078033,12.55708599,66.94559479,453.361084,54.17816162,376.4126587,54.17816162,1182,-0.080078125,1000,-0.008007813,-10.24371338,-1.024371338,-0.542337418,-0.054233742,-0.191653252,-0.019165325,-0.35068512,-0.035068512,-0.451816559,-0.045181656,-0.052482605,-0.00524826,-0.404169083,-0.040416908,-0.052482605,-0.00524826,47.40795898,4.740795898,2.8417663574219887,0.28417663574219887,-2.612822533,-0.261282253,2.1705932617187926,0.21705932617187926,4.166015625,0.416601563,-10.73152161,-1.073152161,-72.78240967,-7.278240967,-10.73152161,-1.073152161,78,7.8
Umbeli Belli,30.686,-30.311,-11000,18.26421928,206.5978699,24.28276825,8.705060959,15.57770729,19.81366158,15.88832569,20.72633934,15.61949921,1144.553101,179.0799713,24.28346443,56.92584229,469.7720337,86.07354736,390.0062256,92.40762329,1309,0.33333206176759944,1000,0.033333206176759944,-31.11752319,-3.111752319,-0.307201385,-0.030720139,0.3288030624389595,0.032880306,-0.636003494,-0.063600349,-0.785614014,-0.078561401,0.9814147949218004,0.098141479,0.079416275,0.007941628,0.71258831,0.071258831,2.399047851559999,0.2399047851559999,-41.52783203,-4.152783203,11.726378440856898,1.172637844,-10.0197525,-1.00197525,16.410949707031023,1.6410949707031022,31.895385742187507,3.1895385742187505,13.593566894531989,1.359356689453199,38.22946167,3.8229461669921796,127,12.7
Umbeli Belli,30.686,-30.311,-10000,18.45544243,245.186264,25.23884773,8.788924217,16.44992447,20.78728676,15.33232784,21.32594872,15.33232784,1169.781006,183.8348083,0,67.27729034,493.0084229,30.97116661,400.847229,30.97116661,1312,0.19122314453129974,1000,0.019122314453129972,38.588394165039006,3.858839416503901,0.9560794830321981,0.095607948,0.083863258,0.008386326,0.8722171783447017,0.087221718,0.9736251831055007,0.097362518,-0.555997849,-0.055599785,0.599609375,0.059960938,-0.287171364,-0.028717136,25.22790527,2.522790527,4.754837036132017,0.4754837036132017,-24.28346443,-2.428346443,10.351448059081996,1.0351448059081996,23.23638916015699,2.3236389160156987,-55.10238075,-5.510238075,10.841003417968011,1.0841003417968011,-61.43645668,-6.143645668,3,0.3
Umbeli Belli,30.686,-30.311,-9000,18.27689743,214.5205688,24.40063286,8.716938019,15.68369484,20.07330513,15.75789165,20.75293922,15.48476887,1076.736328,185.0931396,22.20845413,58.70463181,471.4362793,97.89976501,358.7017212,98.21932983,1256,-0.178544998,1000,-0.0178545,-30.66569519,-3.066569519,-0.838214874,-0.083821487,-0.071986198,-0.00719862,-0.76622963,-0.076622963,-0.713981628,-0.071398163,0.42556381225590023,0.042556381,-0.573009491,-0.057300949,0.15244102478030008,0.015244102478030009,-93.04467773,-9.304467773,1.258331298829006,0.1258331298829006,22.20845413,2.2208454132080098,-8.572658539,-0.857265854,-21.57214355,-2.157214355,66.9285984,6.692859840393059,-42.14550781,-4.214550781,67.24816322,6.724816322,-56,-5.6
Umbeli Belli,30.686,-30.311,-8000,18.6121273,257.6686401,25.41185188,8.645080566,16.76677132,21.03358269,15.19421387,21.51834679,15.19421387,1046.364258,183.1817017,7.154486179,65.14286041,456.5812988,40.55766678,338.5983276,40.55766678,1148,0.33522987365719814,1000,0.033522987,43.14807128906298,4.314807128906298,1.0112190246581996,0.10112190246581995,-0.071857452,-0.007185745,1.083076477050799,0.10830764770507989,0.9602775573730007,0.096027756,-0.563677788,-0.056367779,0.765407562,0.076540756,-0.290555,-0.0290555,-30.37207031,-3.037207031,-1.911437988,-0.191143799,-15.05396795,-1.505396795,6.438228607177798,0.6438228607177798,-14.85498047,-1.485498047,-57.34209824,-5.734209824,-20.10339355,-2.010339355,-57.66166306,-5.766166306,-108,-10.8
Umbeli Belli,30.686,-30.311,-7000,18.76523972,283.4534302,25.63626289,8.468075752,17.16818619,21.45563316,15.0386467,21.88728333,15.0386467,1007.950562,200.185257,2.082503796,69.40279388,452.3555298,37.04452515,324.1461487,37.04452515,794,0.1531124114991016,1000,0.015311241149910159,25.784790039062045,2.5784790039062044,0.2244110107422017,0.022441101,-0.177004814,-0.017700481,0.40141487121580255,0.040141487121580256,0.42205047607419743,0.042205048,-0.155567169,-0.015556717,0.3689365386962997,0.036893654,-0.155567169,-0.015556717,-38.41369629,-3.841369629,17.003555297852017,1.7003555297852018,-5.071982384,-0.507198238,4.259933471679602,0.4259933471679602,-4.225769043,-0.422576904,-3.513141632,-0.351314163,-14.45217896,-1.445217896,-3.513141632,-0.351314163,-354,-35.4
Umbeli Belli,30.686,-30.311,-6000,18.58588409,271.4588013,25.72830582,8.452758789,17.27554703,21.11373711,15.41704082,21.71267509,14.95634079,1063.895874,177.7154541,22.32555008,61.44783783,476.4098511,94.0526886,380.1565247,95.88668823,1208,-0.179355621,1000,-0.017935562,-11.99462891,-1.199462891,0.092042923,0.009204292,-0.015316963,-0.001531696,0.10736083984379974,0.010736083984379974,-0.341896057,-0.034189606,0.37839412689199925,0.037839413,-0.174608231,-0.017460823,-0.082305908,-0.008230591,55.9453125,5.594531249999999,-22.46980286,-2.246980286,20.24304628372192,2.0243046283721924,-7.954956055,-0.795495605,24.054321289062955,2.405432128906295,57.008163452148395,5.7008163452148395,56.01037597656199,5.601037597656198,58.84216309,5.884216309,414,41.4
Umbeli Belli,30.686,-30.311,-5000,18.724123,311.9611511,26.5600853,8.667790413,17.89229584,21.73601723,14.68422985,22.48308563,14.68422985,1164.363525,195.1952667,5.106311321,67.31478119,523.1062012,41.70612335,428.2719727,41.70612335,1272,0.13823890686030182,1000,0.013823890686030182,40.502349853515966,4.050234985351596,0.8317794799804972,0.083177948,0.21503162384033025,0.021503162384033023,0.6167488098143998,0.061674880981439986,0.6222801208497017,0.062228012084970176,-0.732810974,-0.073281097,0.7704105377197017,0.077041054,-0.272110939,-0.027211094,100.4676514,10.046765136719001,17.47981262,1.7479812622070001,-17.21923876,-1.721923876,5.866943359,0.586694336,46.69635009765602,4.669635009765602,-52.34656525,-5.234656525,48.11544799804699,4.811544799804699,-54.18056488,-5.418056488,64,6.4
Umbeli Belli,30.686,-30.311,-4000,18.57461929,290.8485107,26.24376488,8.559742928,17.684021,21.31776619,14.98553467,22.06715965,14.98553467,1122.981445,195.6972961,16.72417641,60.0379715,430.1318665,85.84710693,333.375,85.84710693,1306,-0.149503708,1000,-0.014950371,-21.11264038,-2.111264038,-0.316320419,-0.031632042,-0.108047485,-0.010804749,-0.208274841,-0.020827484,-0.418251038,-0.041825104,0.3013048171997994,0.030130481719979937,-0.41592598,-0.041592598,0.3013048171997994,0.030130481719979937,-41.38208008,-4.138208008,0.5020294189449999,0.050202942,11.617865085601862,1.1617865085601862,-7.276809692,-0.727680969,-92.97433472,-9.297433472,44.140983581543004,4.414098358,-94.89697266,-9.489697266,44.140983581543004,4.414098358,34,3.4000000000000004
Umbeli Belli,30.686,-30.311,-3000,18.64350128,286.169342,26.08729744,8.667991638,17.4193058,21.94776726,14.94587231,22.04118347,14.94587231,1061.2771,194.2697601,17.36910057,62.01436615,401.1194153,72.85787964,321.9694214,72.85787964,1257,0.068881989,1000,0.006888199,-4.679168701,-0.46791687,-0.156467438,-0.015646744,0.10824871063232067,0.010824871063232067,-0.264715195,-0.026471519,0.6300010681152024,0.063000107,-0.039662361,-0.003966236,-0.025976181,-0.002597618,-0.039662361,-0.003966236,-61.7043457,-6.17043457,-1.427536011,-0.142753601,0.644924164,0.064492416,1.9763946533202983,0.19763946533202983,-29.01245117,-2.901245117,-12.98922729,-1.298922729,-11.40557861,-1.140557861,-12.98922729,-1.298922729,-49,-4.9
Umbeli Belli,30.686,-30.311,-2000,18.68943214,298.5829773,26.11231995,8.961503029,17.15081787,22.19511223,15.03104115,22.19511223,15.03104115,1083.84729,191.0878448,19.3286953,58.94580078,431.4356995,82.37284088,431.4356995,82.37284088,1280,0.045930862,1000,0.004593086,12.413635253905966,1.2413635253905966,0.025022506713902715,0.002502251,0.2935113906860405,0.029351139068604048,-0.26848793,-0.026848793,0.2473449707031996,0.024734497,0.085168839,0.008516884,0.15392875671389916,0.015392875671389914,0.085168839,0.008516884,22.570190429679997,2.2570190429679995,-3.181915283,-0.318191528,1.959594727,0.19595947265625002,-3.068565369,-0.306856537,30.31628417968801,3.031628417968801,9.514961242675795,0.9514961242675795,109.46627807617205,10.946627807617205,9.514961242675795,0.9514961242675795,23,2.3
Umbeli Belli,30.686,-30.311,-1000,18.93283463,268.2712402,26.40833092,9.15351963,17.25481033,22.04909515,15.54347515,22.06616974,15.54347515,1162.718872,157.4462128,29.27347755,48.37205124,434.0802002,106.8552475,416.6853027,106.8552475,1009,0.24340248107910156,1000,0.024340248107910155,-30.31173706,-3.031173706,0.29601097106929686,0.029601097106929684,0.192016602,0.019201660156249998,0.10399246215819957,0.010399246215819957,-0.146017075,-0.014601707,0.5124340057372994,0.051243401,-0.12894249,-0.012894249,0.5124340057372994,0.051243401,78.87158203,7.887158203,-33.64163208,-3.364163208,9.944782257,0.9944782257080099,-10.57374954,-1.057374954,2.6445007324219887,0.2644500732421989,24.482406616211307,2.4482406616211305,-14.75039673,-1.475039673,24.482406616211307,2.4482406616211305,-271,-27.1
Umbeli Belli,30.686,-30.311,0,18.9952774,266.5386658,26.2733345,9.34666729,16.92666626,22.18000031,15.6488905,22.18000031,15.6488905,1099.09668,149.956665,31.71666718,46.29011917,417.9266663,109.4000015,417.9266663,109.4000015,930,0.06244278,1000,0.006244278,-1.732574463,-0.173257446,-0.134996414,-0.013499641,0.1931476593017596,0.019314765930175958,-0.328144073,-0.032814407,0.13090515136719816,0.013090515136719817,0.10541534423830079,0.010541534423830079,0.11383056640629974,0.011383056640629973,0.10541534423830079,0.010541534423830079,-63.62219238,-6.362219238,-7.489547729,-0.748954773,2.443189620971701,0.24431896209717008,-2.081932068,-0.208193207,-16.15353394,-1.615353394,2.544754028,0.254475403,1.241363525391023,0.1241363525391023,2.544754028,0.254475403,-79,-7.9
Umhlatuzana,30.754,-29.81,-50000,16.45909882,353.4375305,25.54558182,4.723225117,20.82235718,19.81870079,11.64643192,20.48469162,11.64643192,993.1669922,181.0063324,3.792781353,70.51721191,432.0790405,54.40913773,395.5608521,54.40913773,760,,,,,,,,,,,,,,,,,,,,,,,,,,,,,,,,,,,,,
Umhlatuzana,30.754,-29.81,-48000,16.12309456,359.2124939,25.14793777,3.935338497,21.2125988,20.07262802,11.37403393,20.07262802,11.37403393,1101.907837,188.6601715,21.95278168,60.91094971,477.1235962,84.5990448,477.1235962,84.5990448,747,-0.336004257,2000,-0.016800213,5.774963378905966,0.2887481689452983,-0.397644043,-0.019882202,-0.78788662,-0.039394331,0.39024162292480113,0.019512081,0.25392723083490054,0.012696361541745027,-0.272397995,-0.0136199,-0.412063599,-0.02060318,-0.272397995,-0.0136199,108.7408447,5.437042236,7.653839111328011,0.38269195556640057,18.16000032424927,0.9080000162124636,-9.606262207,-0.48031311,45.044555664062045,2.2522277832031024,30.189907073974602,1.5094953536987301,81.56274414,4.078137207,30.189907073974602,1.5094953536987301,-13,-0.65
Umhlatuzana,30.754,-29.81,-46000,16.36716652,363.1324768,25.6648941,4.241028786,21.42386627,20.37413788,11.43863583,20.3843174,11.43863583,1032.919556,163.3612518,9.567110062,64.40385437,444.9291992,54.59039307,421.3817444,54.59039307,729,0.24407196,2000,0.012203598022460049,3.919982910157046,0.1959991455078523,0.5169563293456996,0.025847816467284977,0.30569028854371005,0.015284514427185501,0.21126747131349788,0.010563373565674893,0.3015098571778019,0.015075492858890094,0.064601898,0.003230095,0.3116893768311009,0.015584468841555043,0.064601898,0.003230095,-68.98828125,-3.449414063,-25.29891968,-1.264945984,-12.38567162,-0.619283581,3.492904663085902,0.1746452331542951,-32.19439697,-1.609719849,-30.00865173,-1.500432587,-55.74185181,-2.78709259,-30.00865173,-1.500432587,-18,-0.9
Umhlatuzana,30.754,-29.81,-44000,16.15215492,355.0617065,25.1867466,4.501312733,20.68543434,20.13288498,11.44113255,20.17708778,11.44113255,1031.158081,167.2682648,6.632490158,63.13953018,420.9847412,61.30105591,386.7454529,61.30105591,763,-0.215011597,2000,-0.01075058,-8.070770264,-0.403538513,-0.478147507,-0.023907375,0.2602839469909597,0.013014197349547986,-0.738431931,-0.036921597,-0.241252899,-0.012062645,0.002496719,0.000124836,-0.207229614,-0.010361481,0.002496719,0.000124836,-1.761474609,-0.08807373,3.9070129394530113,0.1953506469726506,-2.934619904,-0.146730995,-1.264324188,-0.063216209,-23.94445801,-1.1972229,6.710662841796797,0.33553314208983986,-34.6362915,-1.731814575,6.710662841796797,0.33553314208983986,34,1.7000000000000002
Umhlatuzana,30.754,-29.81,-42000,16.1205616,327.4969788,24.85125542,4.696580887,20.15467453,19.87885284,11.7312212,19.87885284,11.7312212,1064.161255,205.2080688,21.92451859,63.02828979,484.1849976,87.61521149,484.1849976,87.61521149,746,-0.031593323,2000,-0.001579666,-27.56472778,-1.378236389,-0.33549118,-0.016774559,0.19526815414429066,0.009763408,-0.530759811,-0.026537991,-0.254032135,-0.012701607,0.29008865356439983,0.014504432678219992,-0.29823494,-0.014911747,0.29008865356439983,0.014504432678219992,33.00317383,1.650158691,37.93980407714798,1.8969902038573991,15.292028427124048,0.7646014213562025,-0.111240387,-0.005562019,63.200256347655966,3.1600128173827984,26.31415557861331,1.3157077789306655,97.43954468,4.871977234,26.31415557861331,1.3157077789306655,-17,-0.85
Umhlatuzana,30.754,-29.81,-40000,16.08049583,290.9985046,24.40895844,4.962931633,19.44602585,19.5045681,12.36973572,19.5045681,12.36973572,1111.766846,194.4087219,17.33006287,55.09517288,461.1023254,91.89952087,461.1023254,91.89952087,602,-0.040065765,2000,-0.002003288,-36.49847412,-1.824923706,-0.442296982,-0.022114849,0.2663507461547798,0.013317537307738991,-0.708648682,-0.035432434,-0.374284744,-0.018714237,0.6385145187378001,0.031925725936890005,-0.374284744,-0.018714237,0.6385145187378001,0.031925725936890005,47.60559082,2.3802795410160003,-10.79934692,-0.539967346,-4.594455719,-0.229722786,-7.933116913,-0.396655846,-23.08267212,-1.154133606,4.284309387206989,0.21421546936034944,-23.08267212,-1.154133606,4.284309387206989,0.21421546936034944,-144,-7.2
Umhlatuzana,30.754,-29.81,-38000,16.27887535,278.4307556,24.43028069,5.414839745,19.01544189,19.53729439,12.67107677,19.53729439,12.67107677,1015.028442,169.7064514,15.09893513,60.74536514,414.998291,69.17196655,414.998291,69.17196655,627,0.19837951660149855,2000,0.009918976,-12.56774902,-0.628387451,0.02132225,0.001066113,0.45190811157227007,0.022595405578613503,-0.430583954,-0.021529198,0.032726288,0.001636314,0.30134105682379975,0.015067052841189987,0.032726288,0.001636314,0.30134105682379975,0.015067052841189987,-96.73840332,-4.836920166,-24.70227051,-1.235113525,-2.231127739,-0.111556387,5.650192260742202,0.2825096130371101,-46.10403442,-2.305201721,-22.72755432,-1.136377716,-46.10403442,-2.305201721,-22.72755432,-1.136377716,25,1.25
Umhlatuzana,30.754,-29.81,-36000,16.34760094,248.9345245,23.88222122,5.489603043,18.39261818,19.19154549,13.18028355,19.19154549,13.18028355,1073.252441,189.0926208,25.15988922,58.76160431,431.6968994,88.48381042,431.6968994,88.48381042,641,0.068725586,2000,0.003436279,-29.49623108,-1.474811554,-0.548059464,-0.027402973,0.074763298,0.003738165,-0.622823715,-0.031141186,-0.345748901,-0.017287445,0.5092067718506001,0.025460338592530007,-0.345748901,-0.017287445,0.5092067718506001,0.025460338592530007,58.22399902,2.9111999511719997,19.38616943359301,0.9693084716796505,10.060954093933098,0.5030477046966549,-1.983760834,-0.099188042,16.69860839843801,0.8349304199219006,19.31184387,0.9655921936035148,16.69860839843801,0.8349304199219006,19.31184387,0.9655921936035148,14,0.7000000000000001
Umhlatuzana,30.754,-29.81,-34000,16.21051598,215.4114075,23.458992,5.743745327,17.7152462,18.56298256,13.3396759,18.56298256,13.3396759,1062.296387,174.1239014,18.93078613,54.86123657,421.1124268,86.70941162,421.1124268,86.70941162,635,-0.137084961,2000,-0.006854248,-33.52311707,-1.676155853,-0.423229218,-0.021161461,0.25414228439330966,0.012707114219665482,-0.677371979,-0.033868599,-0.628562927,-0.031428146,0.15939235687249997,0.007969618,-0.628562927,-0.031428146,0.15939235687249997,0.007969618,-10.95605469,-0.547802734,-14.96871948,-0.748435974,-6.229103088,-0.311455154,-3.900367737,-0.195018387,-10.58447266,-0.529223633,-1.774398804,-0.08871994,-10.58447266,-0.529223633,-1.774398804,-0.08871994,-6,-0.3
Umhlatuzana,30.754,-29.81,-32000,16.27290916,226.2534637,23.72816658,5.612868786,18.11529732,18.63909531,13.27593708,18.77876472,13.27593708,1059.265015,177.2342224,27.00301552,50.24001694,404.912262,105.021431,327.6316528,105.021431,622,0.062393188,2000,0.003119659,10.842056274413977,0.5421028137206988,0.2691745758056996,0.013458728790284978,-0.130876541,-0.006543827,0.400051117,0.020002556,0.076112747,0.003805637,-0.063738823,-0.003186941,0.21578216552729756,0.010789108,-0.063738823,-0.003186941,-3.03137207,-0.151568604,3.110321044920994,0.1555160522460497,8.072229385376001,0.4036114692688001,-4.621219635,-0.231060982,-16.20016479,-0.81000824,18.31201934814419,0.9156009674072094,-93.48077393,-4.674038696,18.31201934814419,0.9156009674072094,-13,-0.65
Umhlatuzana,30.754,-29.81,-30000,16.01503372,249.4083099,23.9651947,4.974831581,18.99036407,18.65136719,12.83574677,18.88464165,12.83574677,1080.463867,183.4851532,24.28926849,51.86793518,425.7699585,101.6859283,340.4879456,101.6859283,621,-0.257875443,2000,-0.012893772,23.154846191406023,1.1577423095703012,0.23702812194819955,0.011851406097409978,-0.638037205,-0.03190186,0.8750667572020987,0.043753337860104935,0.012271881103501414,0.000613594,-0.440190315,-0.022009516,0.10587692260750003,0.005293846,-0.440190315,-0.022009516,21.19885254,1.059942627,6.250930786132983,0.31254653930664916,-2.713747025,-0.135687351,1.627918243408196,0.081395912,20.857696533202954,1.0428848266601478,-3.335502625,-0.166775131,12.85629272,0.6428146362305001,-3.335502625,-0.166775131,-1,-0.05
Umhlatuzana,30.754,-29.81,-28000,15.67221165,271.3713684,23.78606796,4.565729141,19.22033882,18.41660118,12.23160934,18.87171745,12.23160934,1128.111572,164.4993286,22.78025818,49.90038681,439.1455994,102.8771286,392.4833984,102.8771286,792,-0.342822075,2000,-0.017141104,21.96305847,1.098152924,-0.17912674,-0.008956337,-0.40910244,-0.020455122,0.22997474670410156,0.011498737335205077,-0.234766006,-0.0117383,-0.604137421,-0.030206871,-0.012924194,-0.00064621,-0.604137421,-0.030206871,47.64770508,2.382385254,-18.98582458,-0.949291229,-1.509010315,-0.075450516,-1.96754837,-0.098377419,13.37564087,0.668782043,1.1912002563470026,0.059560013,51.99545288085898,2.599772644042949,1.1912002563470026,0.059560013,171,8.55
Umhlatuzana,30.754,-29.81,-26000,15.15165234,309.3207397,23.53295898,3.545893908,19.98706436,18.41403961,11.1279192,18.6288929,11.1279192,1156.085205,189.0615234,20.38876343,51.33638,462.9521484,104.4949265,382.2445679,104.4949265,734,-0.520559311,2000,-0.026027966,37.949371337890966,1.8974685668945483,-0.253108978,-0.012655449,-1.019835234,-0.050991762,0.7667255401612003,0.038336277,-0.002561569,-0.000128078,-1.103690147,-0.055184507,-0.242824554,-0.012141228,-1.103690147,-0.055184507,27.97363281,1.398681641,24.562194824219006,1.2281097412109503,-2.391494751,-0.119574738,1.4359931945800994,0.07179966,23.806549072266023,1.190327453613301,1.6177978515629974,0.080889893,-10.23883057,-0.511941528,1.6177978515629974,0.080889893,-58,-2.9
Umhlatuzana,30.754,-29.81,-24000,15.29194641,333.6894836,24.05330086,3.622413635,20.43088722,18.95651817,10.94423962,19.0867939,10.94423962,1112.0979,185.8342133,11.33881187,55.53898239,471.956665,96.22315216,401.551239,96.22315216,726,0.14029407501219993,2000,0.007014704,24.368743896484034,1.2184371948242017,0.5203418731688991,0.026017094,0.076519728,0.003825986,0.44382286071769883,0.022191143,0.5424785614013992,0.027123928070069962,-0.183679581,-0.009183979,0.4579010009765021,0.022895050048825107,-0.183679581,-0.009183979,-43.98730469,-2.199365234,-3.227310181,-0.161365509,-9.049951553,-0.452497578,4.202602386474602,0.2101301193237301,9.004516601563012,0.4502258300781506,-8.271774292,-0.413588715,19.30667114257801,0.9653335571289007,-8.271774292,-0.413588715,-8,-0.4
Umhlatuzana,30.754,-29.81,-22000,15.31017303,351.1305237,24.47057533,3.464225769,21.00634956,19.32339859,11.74477863,19.34252357,10.8990221,1071.499268,211.3354797,20.6018734,61.13146591,477.1326599,98.95107269,377.9945068,112.8452301,656,0.018226624,2000,0.000911331,17.44104003906301,0.8720520019531506,0.41727447509770244,0.020863724,-0.158187866,-0.007909393,0.5754623413086009,0.028773117065430044,0.366880417,0.018344021,0.8005390167237003,0.040026950836185016,0.2557296752930007,0.012786483764650036,-0.045217514,-0.002260876,-40.59863281,-2.029931641,25.501266479492017,1.2750633239746008,9.263061523437399,0.46315307617186996,5.592483520507798,0.2796241760253899,5.1759948730459655,0.25879974365229824,2.727920532226591,0.13639602661132955,-23.55673218,-1.177836609,16.622077941894503,0.8311038970947251,-70,-3.5
Umhlatuzana,30.754,-29.81,-21000,15.45022869,340.5643005,24.3672142,3.814110041,20.5531044,19.36845016,12.00298977,19.36845016,11.05559444,1008.778748,210.3795624,15.79923725,63.38044739,464.4284058,92.17227173,464.4284058,111.5328674,639,0.14005565643310014,1000,0.014005565643310014,-10.56622314,-1.056622314,-0.10336113,-0.010336113,0.3498842716217001,0.034988427,-0.453245163,-0.045324516,0.045051574706999276,0.004505157,0.2582111358641992,0.025821114,0.025926589965798996,0.002592659,0.1565723419189009,0.015657234,-62.72052002,-6.272052002,-0.955917358,-0.095591736,-4.802636147,-0.480263615,2.2489814758300994,0.22489814758300994,-12.70425415,-1.270425415,-6.778800964,-0.677880096,86.43389892578097,8.643389892578096,-1.312362671,-0.131236267,-17,-1.7
Umhlatuzana,30.754,-29.81,-20000,15.20125294,365.8473511,24.50173759,3.39742732,21.10431099,19.38555717,10.41797161,19.38555717,10.41797161,1120.375244,226.4515533,11.95147991,65.15671539,541.6309204,94.28166962,541.6309204,94.28166962,663,-0.248975754,1000,-0.024897575,25.28305054,2.528305054,0.13452339172360084,0.013452339172360085,-0.41668272,-0.041668272,0.5512065887450994,0.055120659,0.017107009887698865,0.001710701,-1.585018158,-0.158501816,0.017107009887698865,0.001710701,-0.637622833,-0.063762283,111.5964966,11.15964966,16.07199096679699,1.6071990966796987,-3.847757339,-0.384775734,1.776268005371108,0.1776268005371108,77.20251464843705,7.720251464843704,2.109397888183608,0.2109397888183608,77.20251464843705,7.720251464843704,-17.25119781,-1.725119781,24,2.4
Umhlatuzana,30.754,-29.81,-19000,15.26145649,348.0084839,24.14743805,3.653112411,20.49432564,19.28697205,10.73334122,19.28697205,10.73334122,1145.816772,229.5820465,18.05981636,61.71136475,530.3695068,98.87460327,530.3695068,98.87460327,686,0.060203552246100855,1000,0.006020355,-17.83886719,-1.783886719,-0.354299545,-0.035429955,0.2556850910186701,0.025568509,-0.609985352,-0.060998535,-0.098585129,-0.009858513,0.31536960601810016,0.031536960601810014,-0.098585129,-0.009858513,0.31536960601810016,0.031536960601810014,25.44152832,2.544152832,3.130493164062017,0.3130493164062017,6.108336448669402,0.6108336448669401,-3.445350647,-0.344535065,-11.26141357,-1.126141357,4.592933654785199,0.45929336547851984,-11.26141357,-1.126141357,4.592933654785199,0.45929336547851984,23,2.3
Umhlatuzana,30.754,-29.81,-18000,15.37783527,329.6307678,23.97333908,3.60474968,20.3685894,19.15868759,11.07663631,19.15868759,11.07663631,1079.399902,204.2738495,15.00457287,62.83620071,498.3275757,71.407547,498.3275757,71.407547,675,0.11637878417969993,1000,0.011637878417969994,-18.37771606,-1.837771606,-0.174098969,-0.017409897,-0.048362732,-0.004836273,-0.125736237,-0.012573624,-0.128284454,-0.012828445,0.34329509735110086,0.034329509735110085,-0.128284454,-0.012828445,0.34329509735110086,0.034329509735110085,-66.41687012,-6.641687012,-25.30819702,-2.530819702,-3.055243492,-0.305524349,1.124835968,0.11248359680174999,-32.04193115,-3.204193115,-27.46705627,-2.746705627,-32.04193115,-3.204193115,-27.46705627,-2.746705627,-11,-1.1
Umhlatuzana,30.754,-29.81,-17000,15.56418705,307.0553894,24.03930855,3.673264503,20.36604309,19.19487953,11.6078558,19.19487953,11.6078558,1095.763306,210.2569427,12.07079792,62.93174362,516.6575928,78.7498703,516.6575928,78.7498703,719,0.1863517761229989,1000,0.018635178,-22.57537842,-2.257537842,0.065969467,0.006596947,0.068514824,0.006851482,-0.00254631,-0.000254631,0.03619194,0.003619194,0.5312194824218999,0.053121948242189986,0.03619194,0.003619194,0.5312194824218999,0.053121948242189986,16.36340332,1.636340332,5.983093261718011,0.5983093261718011,-2.933774948,-0.293377495,0.095542908,0.009554291,18.330017089843977,1.8330017089843977,7.342323303222699,0.7342323303222699,18.330017089843977,1.8330017089843977,7.342323303222699,0.7342323303222699,44,4.3999999999999995
Umhlatuzana,30.754,-29.81,-16000,15.6516304,291.7441101,23.90454292,4.164458275,19.7400856,19.09363365,11.89562511,19.09363365,11.89562511,1009.552368,181.5868835,19.87823105,66.4422226,472.6635437,65.28118896,472.6635437,65.28118896,775,0.087443352,1000,0.008744335,-15.3112793,-1.53112793,-0.134765625,-0.013476563,0.49119377136231046,0.049119377,-0.625957489,-0.062595749,-0.10124588,-0.010124588,0.28776931762689983,0.028776931762689983,-0.10124588,-0.010124588,0.28776931762689983,0.028776931762689983,-86.2109375,-8.62109375,-28.6700592,-2.86700592,7.807433128356898,0.7807433128356898,3.510478973388601,0.35104789733886005,-43.99404907,-4.399404907,-13.46868134,-1.346868134,-43.99404907,-4.399404907,-13.46868134,-1.346868134,56,5.6000000000000005
Umhlatuzana,30.754,-29.81,-15000,16.33922005,296.5878601,24.49043274,4.919123173,19.57131004,19.64137268,12.2694788,19.64137268,12.2694788,962.6516113,157.9775848,12.18728161,69.51831055,405.2034302,51.96159744,405.2034302,51.96159744,803,0.687589645,1000,0.068758965,4.84375,0.484375,0.5858898162841975,0.058588982,0.7546648979186994,0.07546649,-0.168775558,-0.016877556,0.5477390289307031,0.054773903,0.3738536834716992,0.037385368,0.5477390289307031,0.054773903,0.3738536834716992,0.037385368,-46.90075684,-4.690075684,-23.60929871,-2.360929871,-7.69094944,-0.769094944,3.076087951660199,0.3076087951660199,-67.46011353,-6.746011353,-13.31959152,-1.331959152,-67.46011353,-6.746011353,-13.31959152,-1.331959152,28,2.8000000000000003
Umhlatuzana,30.754,-29.81,-14000,17.16177559,274.2357788,25.01869011,6.181425571,18.83726501,20.19875526,13.55342484,20.19875526,13.55342484,1015.318054,177.6930542,10.85390568,66.10415649,422.5953369,49.65309906,422.5953369,49.65309906,685,0.8225555419922017,1000,0.082255554,-22.3520813,-2.23520813,0.52825737,0.052825737,1.2623023986816406,0.12623023986816406,-0.734045029,-0.073404503,0.5573825836181001,0.055738258361810004,1.283946037,0.128394604,0.5573825836181001,0.055738258361810004,1.283946037,0.128394604,52.66644287,5.266644287,19.715469360352017,1.9715469360352018,-1.333375931,-0.133337593,-3.414154053,-0.341415405,17.39190673828199,1.739190673828199,-2.308498383,-0.230849838,17.39190673828199,1.739190673828199,-2.308498383,-0.230849838,-118,-11.8
Umhlatuzana,30.754,-29.81,-13000,17.29650307,269.0352478,25.46068192,6.237133026,19.22354889,20.44011497,13.87636566,20.44011497,13.87636566,996.3098755,195.4054108,13.05551624,68.99131775,419.7376099,49.1052742,419.7376099,49.1052742,680,0.13472747802730112,1000,0.013472748,-5.200531006,-0.520053101,0.4419918060302983,0.044199181,0.055707455,0.005570745,0.38628387451180046,0.038628387451180045,0.24135971069339845,0.024135971069339845,0.3229408264160014,0.032294083,0.24135971069339845,0.024135971069339845,0.3229408264160014,0.032294083,-19.00817871,-1.900817871,17.712356567382983,1.7712356567382983,2.201610565,0.22016105651856002,2.8871612548827983,0.2887161254882798,-2.857727051,-0.285772705,-0.54782486,-0.054782486,-2.857727051,-0.285772705,-0.54782486,-0.054782486,-5,-0.5
Umhlatuzana,30.754,-29.81,-12000,17.22710037,259.5377197,24.9305172,6.058921337,18.87159538,19.9840107,13.87323475,20.12275696,13.87323475,1049.87146,200.6020508,9.685531616,71.69039154,431.2540894,39.31721115,369.2139282,39.31721115,710,-0.069402695,1000,-0.006940269,-9.497528076,-0.949752808,-0.530164719,-0.053016472,-0.178211689,-0.017821169,-0.351953506,-0.035195351,-0.456104279,-0.045610428,-0.003130913,-0.000313091,-0.317358017,-0.031735802,-0.003130913,-0.000313091,53.56158447265898,5.356158447265898,5.196640014648011,0.5196640014648011,-3.369984627,-0.336998463,2.6990737915039062,0.26990737915039065,11.516479492187955,1.1516479492187954,-9.788063049,-0.978806305,-50.52368164,-5.052368164,-9.788063049,-0.978806305,30,3
Umhlatuzana,30.754,-29.81,-11000,17.55929375,229.4161835,24.64167595,6.323567867,18.3181076,19.41083717,14.64489746,20.19687843,14.53665924,1040.196533,168.187149,21.25528717,60.13589478,441.1104126,72.97459412,370.2971802,76.28042603,853,0.33219337463370024,1000,0.033219337463370024,-30.12153625,-3.012153625,-0.288841248,-0.028884125,0.2646465301513601,0.026464653015136008,-0.553487778,-0.055348778,-0.573173523,-0.057317352,0.7716627120971999,0.077166271,0.074121475,0.007412148,0.6634244918824006,0.066342449,-9.674926758,-0.967492676,-32.41490173,-3.241490173,11.56975555419926,1.1569755554199261,-11.55449677,-1.155449677,9.856323242187045,0.9856323242187045,33.65738297,3.365738297,1.083251953,0.10832519531250001,36.96321487,3.6963214874267596,143,14.299999999999999
Umhlatuzana,30.754,-29.81,-10000,17.80286598,266.0909729,25.63699532,6.449356556,19.18763924,20.39858818,14.37166214,20.84441566,14.37166214,1046.786377,182.417038,0,73.41945648,457.9459229,13.2641573,365.8217163,13.2641573,725,0.24357223510750003,1000,0.024357223510750006,36.67478942871102,3.6674789428711025,0.9953193664550994,0.099531937,0.12578868865966975,0.012578868865966975,0.8695316314696981,0.086953163,0.9877510070800994,0.098775101,-0.273235321,-0.027323532,0.6475372314454013,0.064753723,-0.164997101,-0.01649971,6.58984375,0.6589843750000001,14.22988892,1.4229888916014999,-21.25528717,-2.125528717,13.283561706542997,1.3283561706542997,16.83551025390699,1.6835510253906991,-59.71043682,-5.971043682,-4.475463867,-0.447546387,-63.01626873,-6.301626873,-128,-12.8
Umhlatuzana,30.754,-29.81,-9000,17.59579659,240.7785339,24.73843384,6.35177803,18.38665581,19.71084595,14.38663769,20.24733543,14.38663769,978.6610107,173.9174957,21.63861847,62.05795288,446.2585144,82.81352234,343.0263672,82.81352234,840,-0.207069397,1000,-0.02070694,-25.31243896,-2.531243896,-0.898561478,-0.089856148,-0.097578526,-0.009757853,-0.800983429,-0.080098343,-0.687742233,-0.068774223,0.014975547790500698,0.001497555,-0.597080231,-0.059708023,0.014975547790500698,0.001497555,-68.12536621,-6.812536621,-8.499542236,-0.849954224,21.63861847,2.163861847,-11.3615036,-1.13615036,-11.68740845,-1.168740845,69.54936504364011,6.954936504364011,-22.79534912,-2.279534912,69.54936504364011,6.954936504364011,115,11.5
Umhlatuzana,30.754,-29.81,-8000,17.98361015,284.2243042,25.94778061,6.30466938,19.64311218,20.67651558,14.13258266,21.0211277,14.13258266,937.0216064,178.8454895,1.422554493,71.38143158,437.8565063,24.45887184,318.5270996,24.45887184,691,0.38781356811519885,1000,0.038781357,43.44577026367199,4.344577026367199,1.2093467712402983,0.12093467712402982,-0.04710865,-0.004710865,1.2564563751221023,0.12564563751221022,0.9656696319580007,0.096566963,-0.254055023,-0.025405502,0.7737922668456996,0.077379227,-0.254055023,-0.025405502,-41.6394043,-4.16394043,4.927993774414006,0.49279937744140057,-20.21606398,-2.021606398,9.323478698730398,0.9323478698730397,-8.402008057,-0.840200806,-58.3546505,-5.83546505,-24.49926758,-2.449926758,-58.3546505,-5.83546505,-149,-14.9
Umhlatuzana,30.754,-29.81,-7000,18.14023209,311.775116,26.18518066,6.117569923,20.06761169,21.13176155,13.97070599,21.40436363,13.97070599,905.1550293,197.3456116,0,75.68392944,435.8314819,27.52009964,308.1946106,27.52009964,675,0.156621933,1000,0.015662193298340198,27.55081176757801,2.7550811767578014,0.23740005493160155,0.023740005493160157,-0.187099457,-0.018709946,0.4244995117186967,0.042449951,0.45524597167969816,0.045524597,-0.161876678,-0.016187668,0.3832359313963991,0.038323593139639914,-0.161876678,-0.016187668,-31.86657715,-3.186657715,18.500122070312983,1.850012207031298,-1.422554493,-0.142255449,4.302497863769602,0.43024978637696026,-2.025024414,-0.202502441,3.061227798,0.30612278,-10.33248901,-1.033248901,3.061227798,0.30612278,-16,-1.6
Umhlatuzana,30.754,-29.81,-6000,17.92152405,300.1584473,26.14793205,6.084918022,20.06301498,20.79543877,13.84462738,21.26239395,13.84462738,962.4199219,171.1374512,21.77566338,65.78497314,452.3969116,79.91092682,365.654541,79.91092682,794,-0.218708038,1000,-0.021870804,-11.6166687,-1.16166687,-0.037248611,-0.003724861,-0.032651901,-0.00326519,-0.00459671,-0.000459671,-0.336322784,-0.033632278,-0.126078606,-0.012607861,-0.141969681,-0.014196968,-0.126078606,-0.012607861,57.26489258,5.726489257812499,-26.2081604,-2.62081604,21.77566338,2.177566338,-9.898956299,-0.98989563,16.56542969,1.6565429687500002,52.39082718,5.239082718,57.45993041992199,5.7459930419921985,52.39082718,5.239082718,119,11.899999999999999
Umhlatuzana,30.754,-29.81,-5000,18.09170723,335.6452026,27.03907776,6.321153164,20.71792412,21.41065407,13.68080807,22.0680542,13.68080807,1040.62793,193.7810516,0.030140812,74.66901398,492.2879028,19.86123276,397.2203674,19.86123276,712,0.17018318176269887,1000,0.017018318176269885,35.48675537109398,3.5486755371093976,0.8911457061768004,0.089114571,0.2362351417541504,0.023623514,0.6549091339111008,0.065490913,0.6152153015137003,0.06152153,-0.163819313,-0.016381931,0.8056602478027983,0.080566025,-0.163819313,-0.016381931,78.20800781,7.820800781249999,22.64360046386699,2.264360046386699,-21.74552256,-2.174552256,8.884040832519489,0.8884040832519489,39.890991210937045,3.989099121093705,-60.04969406,-6.004969406,31.565826416016023,3.1565826416016027,-60.04969406,-6.004969406,-82,-8.2
Umhlatuzana,30.754,-29.81,-4000,17.92201996,317.4319153,26.70394325,6.142034531,20.56190872,21.01673508,13.8858881,21.64598846,13.8858881,1010.203491,193.6524506,8.016235352,65.90887451,415.9421692,65.20042419,317.3404541,65.20042419,836,-0.169687271,1000,-0.016968727,-18.21328735,-1.821328735,-0.335134506,-0.033513451,-0.179118633,-0.017911863,-0.156015396,-0.01560154,-0.393918991,-0.039391899,0.20508003234859906,0.020508003234859906,-0.422065735,-0.042206573,0.20508003234859906,0.020508003234859906,-30.42443848,-3.042443848,-0.128601074,-0.012860107,7.986094539985061,0.7986094539985061,-8.760139465,-0.876013947,-76.34573364,-7.634573364,45.33919143676749,4.533919143676749,-79.87991333,-7.987991333,45.33919143676749,4.533919143676749,124,12.4
Umhlatuzana,30.754,-29.81,-3000,17.9744339,313.1642761,26.53239632,6.249037743,20.28335953,20.91453743,13.80217266,21.6151123,13.80217266,954.2820435,168.9512024,8.002785683,66.79322052,374.1025085,54.14620209,304.164917,54.14620209,818,0.05241394,1000,0.005241394,-4.26763916,-0.426763916,-0.171546936,-0.017154694,0.10700321197509943,0.010700321197509945,-0.278549194,-0.027854919,-0.102197647,-0.010219765,-0.083715439,-0.008371544,-0.03087616,-0.003087616,-0.083715439,-0.008371544,-55.92144775,-5.592144775,-24.70124817,-2.470124817,-0.013449669,-0.001344967,0.884346008,0.088434601,-41.83966064,-4.183966064,-11.05422211,-1.105422211,-13.17553711,-1.317553711,-11.05422211,-1.105422211,-18,-1.8
Umhlatuzana,30.754,-29.81,-2000,18.03788567,324.6531982,26.57787704,6.578863144,19.9990139,21.67818642,13.91945934,21.75746155,13.91945934,962.8743286,167.4670868,8.214356422,65.10372925,398.170105,56.83846283,334.6391602,56.83846283,823,0.063451767,1000,0.006345177,11.488922119141023,1.1488922119141023,0.045480728,0.004548073,0.32982540130615057,0.03298254,-0.284345627,-0.028434563,0.7636489868164027,0.076364899,0.11728668212890092,0.011728668212890092,0.14234924316410158,0.014234924316410156,0.11728668212890092,0.011728668212890092,8.592285156,0.859228516,-1.484115601,-0.14841156,0.21157073974609908,0.021157074,-1.689491272,-0.168949127,24.06759643554699,2.406759643554699,2.692260742,0.269226074,30.47424316406199,3.047424316406199,2.692260742,0.269226074,5,0.5
Umhlatuzana,30.754,-29.81,-1000,18.31870651,294.4538574,26.89660072,6.913866043,19.98273468,21.71205902,14.48068714,21.71205902,14.48068714,1039.381958,148.5799255,19.77921486,56.64157486,411.2472534,71.80126953,411.2472534,71.80126953,876,0.2808208465575994,1000,0.028082084655759947,-30.19934082,-3.019934082,0.3187236785889027,0.031872368,0.3350028991699201,0.03350029,-0.016279221,-0.001627922,0.033872604370099424,0.00338726,0.5612277984619993,0.05612278,-0.045402527,-0.004540253,0.5612277984619993,0.05612278,76.50762939452898,7.650762939452897,-18.88716125,-1.888716125,11.56485843658448,1.156485843658448,-8.462154388,-0.846215439,13.07714844,1.307714844,14.962806701660199,1.4962806701660198,76.60809326171898,7.660809326171898,14.962806701660199,1.4962806701660198,53,5.3
Umhlatuzana,30.754,-29.81,0,18.3330555,290.6121826,26.65333366,7.103333473,19.54999924,21.64888954,14.56555557,21.69888878,14.56555557,968.376709,133.0866699,19.89999962,54.34226608,388.5033569,72.59000397,383.9033508,72.59000397,857,0.014348984,1000,0.001434898,-3.841674805,-0.38416748,-0.243267059,-0.024326706,0.18946743011474965,0.018946743011474965,-0.432735443,-0.043273544,-0.063169479,-0.006316948,0.084868431,0.008486843,-0.013170242,-0.001317024,0.084868431,0.008486843,-71.00524902,-7.100524902,-15.49325562,-1.549325562,0.12078475952149859,0.012078475952149859,-2.299308777,-0.229930878,-22.74389648,-2.274389648,0.7887344360351989,0.078873444,-27.34390259,-2.734390259,0.7887344360351989,0.078873444,-19,-1.9
