"calBP","PrDens"
55000,0
54999,0
54998,0
54997,0
54996,0
54995,0
54994,0
54993,0
54992,0
54991,0
54990,0
54989,0
54988,0
54987,0
54986,0
54985,0
54984,0
54983,0
54982,0
54981,0
54980,0
54979,0
54978,0
54977,0
54976,0
54975,0
54974,0
54973,0
54972,0
54971,0
54970,0
54969,0
54968,0
54967,0
54966,0
54965,0
54964,0
54963,0
54962,0
54961,0
54960,0
54959,0
54958,0
54957,0
54956,0
54955,0
54954,0
54953,0
54952,0
54951,0
54950,0
54949,0
54948,0
54947,0
54946,0
54945,0
54944,0
54943,0
54942,0
54941,0
54940,0
54939,0
54938,0
54937,0
54936,0
54935,0
54934,0
54933,0
54932,0
54931,0
54930,0
54929,0
54928,0
54927,0
54926,0
54925,0
54924,0
54923,0
54922,0
54921,0
54920,0
54919,0
54918,0
54917,0
54916,0
54915,0
54914,0
54913,0
54912,0
54911,0
54910,0
54909,0
54908,0
54907,0
54906,0
54905,0
54904,0
54903,0
54902,0
54901,0
54900,0
54899,0
54898,0
54897,0
54896,0
54895,0
54894,0
54893,0
54892,0
54891,0
54890,0
54889,0
54888,0
54887,0
54886,0
54885,0
54884,0
54883,0
54882,0
54881,0
54880,0
54879,0
54878,0
54877,0
54876,0
54875,0
54874,0
54873,0
54872,0
54871,0
54870,0
54869,0
54868,0
54867,0
54866,0
54865,0
54864,0
54863,0
54862,0
54861,0
54860,0
54859,0
54858,0
54857,0
54856,0
54855,0
54854,0
54853,0
54852,0
54851,0
54850,0
54849,0
54848,0
54847,0
54846,0
54845,0
54844,0
54843,0
54842,0
54841,0
54840,0
54839,0
54838,0
54837,0
54836,0
54835,0
54834,0
54833,0
54832,0
54831,0
54830,0
54829,0
54828,0
54827,0
54826,0
54825,0
54824,0
54823,0
54822,0
54821,0
54820,0
54819,0
54818,0
54817,0
54816,0
54815,0
54814,0
54813,0
54812,0
54811,0
54810,0
54809,0
54808,0
54807,0
54806,0
54805,0
54804,0
54803,0
54802,0
54801,0
54800,0
54799,0
54798,0
54797,0
54796,0
54795,0
54794,0
54793,0
54792,0
54791,0
54790,0
54789,0
54788,0
54787,0
54786,0
54785,0
54784,0
54783,0
54782,0
54781,0
54780,0
54779,0
54778,0
54777,0
54776,0
54775,0
54774,0
54773,0
54772,0
54771,0
54770,0
54769,0
54768,0
54767,0
54766,0
54765,0
54764,0
54763,0
54762,0
54761,0
54760,0
54759,0
54758,0
54757,0
54756,0
54755,0
54754,0
54753,0
54752,0
54751,0
54750,0
54749,0
54748,0
54747,0
54746,0
54745,0
54744,0
54743,0
54742,0
54741,0
54740,0
54739,0
54738,0
54737,0
54736,0
54735,0
54734,0
54733,0
54732,0
54731,0
54730,0
54729,0
54728,0
54727,0
54726,0
54725,0
54724,0
54723,0
54722,0
54721,0
54720,0
54719,0
54718,0
54717,0
54716,0
54715,0
54714,0
54713,0
54712,0
54711,0
54710,0
54709,0
54708,0
54707,0
54706,0
54705,0
54704,0
54703,0
54702,0
54701,0
54700,0
54699,0
54698,0
54697,0
54696,0
54695,0
54694,0
54693,0
54692,0
54691,0
54690,0
54689,0
54688,0
54687,0
54686,0
54685,0
54684,0
54683,0
54682,0
54681,0
54680,0
54679,0
54678,0
54677,0
54676,0
54675,0
54674,0
54673,0
54672,0
54671,0
54670,0
54669,0
54668,0
54667,0
54666,0
54665,0
54664,0
54663,0
54662,0
54661,0
54660,0
54659,0
54658,0
54657,0
54656,0
54655,0
54654,0
54653,0
54652,0
54651,0
54650,0
54649,0
54648,0
54647,0
54646,0
54645,0
54644,0
54643,0
54642,0
54641,0
54640,0
54639,0
54638,0
54637,0
54636,0
54635,0
54634,0
54633,0
54632,0
54631,0
54630,0
54629,0
54628,0
54627,0
54626,0
54625,0
54624,0
54623,0
54622,0
54621,0
54620,0
54619,0
54618,0
54617,0
54616,0
54615,0
54614,0
54613,0
54612,0
54611,0
54610,0
54609,0
54608,0
54607,0
54606,0
54605,0
54604,0
54603,0
54602,0
54601,0
54600,0
54599,0
54598,0
54597,0
54596,0
54595,0
54594,0
54593,0
54592,0
54591,0
54590,0
54589,0
54588,0
54587,0
54586,0
54585,0
54584,0
54583,0
54582,0
54581,0
54580,0
54579,0
54578,0
54577,0
54576,0
54575,0
54574,0
54573,0
54572,0
54571,0
54570,0
54569,0
54568,0
54567,0
54566,0
54565,0
54564,0
54563,0
54562,0
54561,0
54560,0
54559,0
54558,0
54557,0
54556,0
54555,0
54554,0
54553,0
54552,0
54551,0
54550,0
54549,0
54548,0
54547,0
54546,0
54545,0
54544,0
54543,0
54542,0
54541,0
54540,0
54539,0
54538,0
54537,0
54536,0
54535,0
54534,0
54533,0
54532,0
54531,0
54530,0
54529,0
54528,0
54527,0
54526,0
54525,0
54524,0
54523,0
54522,0
54521,0
54520,0
54519,0
54518,0
54517,0
54516,0
54515,0
54514,0
54513,0
54512,0
54511,0
54510,0
54509,0
54508,0
54507,0
54506,0
54505,0
54504,0
54503,0
54502,0
54501,0
54500,0
54499,0
54498,0
54497,0
54496,0
54495,0
54494,0
54493,0
54492,0
54491,0
54490,0
54489,0
54488,0
54487,0
54486,0
54485,0
54484,0
54483,0
54482,0
54481,0
54480,0
54479,0
54478,0
54477,0
54476,0
54475,0
54474,0
54473,0
54472,0
54471,0
54470,0
54469,0
54468,0
54467,0
54466,0
54465,0
54464,0
54463,0
54462,0
54461,0
54460,0
54459,0
54458,0
54457,0
54456,0
54455,0
54454,0
54453,0
54452,0
54451,0
54450,0
54449,0
54448,0
54447,0
54446,0
54445,0
54444,0
54443,0
54442,0
54441,0
54440,0
54439,0
54438,0
54437,0
54436,0
54435,0
54434,0
54433,0
54432,0
54431,0
54430,0
54429,0
54428,0
54427,0
54426,0
54425,0
54424,0
54423,0
54422,0
54421,0
54420,0
54419,0
54418,0
54417,0
54416,0
54415,0
54414,0
54413,0
54412,0
54411,0
54410,0
54409,0
54408,0
54407,0
54406,0
54405,0
54404,0
54403,0
54402,0
54401,0
54400,0
54399,0
54398,0
54397,0
54396,0
54395,0
54394,0
54393,0
54392,0
54391,0
54390,0
54389,0
54388,0
54387,0
54386,0
54385,0
54384,0
54383,0
54382,0
54381,0
54380,0
54379,0
54378,0
54377,0
54376,0
54375,0
54374,0
54373,0
54372,0
54371,0
54370,0
54369,0
54368,0
54367,0
54366,0
54365,0
54364,0
54363,0
54362,0
54361,0
54360,0
54359,0
54358,0
54357,0
54356,0
54355,0
54354,0
54353,0
54352,0
54351,0
54350,0
54349,0
54348,0
54347,0
54346,0
54345,0
54344,0
54343,0
54342,0
54341,0
54340,0
54339,0
54338,0
54337,0
54336,0
54335,0
54334,0
54333,0
54332,0
54331,0
54330,0
54329,0
54328,0
54327,0
54326,0
54325,0
54324,0
54323,0
54322,0
54321,0
54320,0
54319,0
54318,0
54317,0
54316,0
54315,0
54314,0
54313,0
54312,0
54311,0
54310,0
54309,0
54308,0
54307,0
54306,0
54305,0
54304,0
54303,0
54302,0
54301,0
54300,0
54299,0
54298,0
54297,0
54296,0
54295,0
54294,0
54293,0
54292,0
54291,0
54290,0
54289,0
54288,0
54287,0
54286,0
54285,0
54284,0
54283,0
54282,0
54281,0
54280,0
54279,0
54278,0
54277,0
54276,0
54275,0
54274,0
54273,0
54272,0
54271,0
54270,0
54269,0
54268,0
54267,0
54266,0
54265,0
54264,0
54263,0
54262,0
54261,0
54260,0
54259,0
54258,0
54257,0
54256,0
54255,0
54254,0
54253,0
54252,0
54251,0
54250,0
54249,0
54248,0
54247,0
54246,0
54245,0
54244,0
54243,0
54242,0
54241,0
54240,0
54239,0
54238,0
54237,0
54236,0
54235,0
54234,0
54233,0
54232,0
54231,0
54230,0
54229,0
54228,0
54227,0
54226,0
54225,0
54224,0
54223,0
54222,0
54221,0
54220,0
54219,0
54218,0
54217,0
54216,0
54215,0
54214,0
54213,0
54212,0
54211,0
54210,0
54209,0
54208,0
54207,0
54206,0
54205,0
54204,0
54203,0
54202,0
54201,0
54200,0
54199,0
54198,0
54197,0
54196,0
54195,0
54194,0
54193,0
54192,0
54191,0
54190,0
54189,0
54188,0
54187,0
54186,0
54185,0
54184,0
54183,0
54182,0
54181,0
54180,0
54179,0
54178,0
54177,0
54176,0
54175,0
54174,0
54173,0
54172,0
54171,0
54170,0
54169,0
54168,0
54167,0
54166,0
54165,0
54164,0
54163,0
54162,0
54161,0
54160,0
54159,0
54158,0
54157,0
54156,0
54155,0
54154,0
54153,0
54152,0
54151,0
54150,0
54149,0
54148,0
54147,0
54146,0
54145,0
54144,0
54143,0
54142,0
54141,0
54140,0
54139,0
54138,0
54137,0
54136,0
54135,0
54134,0
54133,0
54132,0
54131,0
54130,0
54129,0
54128,0
54127,0
54126,0
54125,0
54124,0
54123,0
54122,0
54121,0
54120,0
54119,0
54118,0
54117,0
54116,0
54115,0
54114,0
54113,0
54112,0
54111,0
54110,0
54109,0
54108,0
54107,0
54106,0
54105,0
54104,0
54103,0
54102,0
54101,0
54100,0
54099,0
54098,0
54097,0
54096,0
54095,0
54094,0
54093,0
54092,0
54091,0
54090,0
54089,0
54088,0
54087,0
54086,0
54085,0
54084,0
54083,0
54082,0
54081,0
54080,0
54079,0
54078,0
54077,0
54076,0
54075,0
54074,0
54073,0
54072,0
54071,0
54070,0
54069,0
54068,0
54067,0
54066,0
54065,0
54064,0
54063,0
54062,0
54061,0
54060,0
54059,0
54058,0
54057,0
54056,0
54055,0
54054,0
54053,0
54052,0
54051,0
54050,0
54049,0
54048,0
54047,0
54046,0
54045,0
54044,0
54043,0
54042,0
54041,0
54040,0
54039,0
54038,0
54037,0
54036,0
54035,0
54034,0
54033,0
54032,0
54031,0
54030,0
54029,0
54028,0
54027,0
54026,0
54025,0
54024,0
54023,0
54022,0
54021,0
54020,0
54019,0
54018,0
54017,0
54016,0
54015,0
54014,0
54013,0
54012,0
54011,0
54010,0
54009,0
54008,0
54007,0
54006,0
54005,0
54004,0
54003,0
54002,0
54001,0
54000,0
53999,0
53998,0
53997,0
53996,0
53995,0
53994,0
53993,0
53992,0
53991,0
53990,0
53989,0
53988,0
53987,0
53986,0
53985,0
53984,0
53983,0
53982,0
53981,0
53980,0
53979,0
53978,0
53977,0
53976,0
53975,0
53974,0
53973,0
53972,0
53971,0
53970,0
53969,0
53968,0
53967,0
53966,0
53965,0
53964,0
53963,0
53962,0
53961,0
53960,0
53959,0
53958,0
53957,0
53956,0
53955,0
53954,0
53953,0
53952,0
53951,0
53950,0
53949,0
53948,0
53947,0
53946,0
53945,0
53944,0
53943,0
53942,0
53941,0
53940,0
53939,0
53938,0
53937,0
53936,0
53935,0
53934,0
53933,0
53932,0
53931,0
53930,0
53929,0
53928,0
53927,0
53926,0
53925,0
53924,0
53923,0
53922,0
53921,0
53920,0
53919,0
53918,0
53917,0
53916,0
53915,0
53914,0
53913,0
53912,0
53911,0
53910,0
53909,0
53908,0
53907,0
53906,0
53905,0
53904,0
53903,0
53902,0
53901,0
53900,0
53899,0
53898,0
53897,0
53896,0
53895,0
53894,0
53893,0
53892,0
53891,0
53890,0
53889,0
53888,0
53887,0
53886,0
53885,0
53884,0
53883,0
53882,0
53881,0
53880,0
53879,0
53878,0
53877,0
53876,0
53875,0
53874,0
53873,0
53872,0
53871,0
53870,0
53869,0
53868,0
53867,0
53866,0
53865,0
53864,0
53863,0
53862,0
53861,0
53860,0
53859,0
53858,0
53857,0
53856,0
53855,0
53854,0
53853,0
53852,0
53851,0
53850,0
53849,0
53848,0
53847,0
53846,0
53845,0
53844,0
53843,0
53842,0
53841,0
53840,0
53839,0
53838,0
53837,0
53836,0
53835,0
53834,0
53833,0
53832,0
53831,0
53830,0
53829,0
53828,0
53827,0
53826,0
53825,0
53824,0
53823,0
53822,0
53821,0
53820,0
53819,0
53818,0
53817,0
53816,0
53815,0
53814,0
53813,0
53812,0
53811,0
53810,0
53809,0
53808,0
53807,0
53806,0
53805,0
53804,0
53803,0
53802,0
53801,0
53800,0
53799,0
53798,0
53797,0
53796,0
53795,0
53794,0
53793,0
53792,0
53791,0
53790,0
53789,0
53788,0
53787,0
53786,0
53785,0
53784,0
53783,0
53782,0
53781,0
53780,0
53779,0
53778,0
53777,0
53776,0
53775,0
53774,0
53773,0
53772,0
53771,0
53770,0
53769,0
53768,0
53767,0
53766,0
53765,0
53764,0
53763,0
53762,0
53761,0
53760,0
53759,0
53758,0
53757,0
53756,0
53755,0
53754,0
53753,0
53752,0
53751,0
53750,0
53749,0
53748,0
53747,0
53746,0
53745,0
53744,0
53743,0
53742,0
53741,0
53740,0
53739,0
53738,0
53737,0
53736,0
53735,0
53734,0
53733,0
53732,0
53731,0
53730,0
53729,0
53728,0
53727,0
53726,0
53725,0
53724,0
53723,0
53722,0
53721,0
53720,0
53719,0
53718,0
53717,0
53716,0
53715,0
53714,0
53713,0
53712,0
53711,0
53710,0
53709,0
53708,0
53707,0
53706,0
53705,0
53704,0
53703,0
53702,0
53701,0
53700,0
53699,0
53698,0
53697,0
53696,0
53695,0
53694,0
53693,0
53692,0
53691,0
53690,0
53689,0
53688,0
53687,0
53686,0
53685,0
53684,0
53683,0
53682,0
53681,0
53680,0
53679,0
53678,0
53677,0
53676,0
53675,0
53674,0
53673,0
53672,0
53671,0
53670,0
53669,0
53668,0
53667,0
53666,0
53665,0
53664,0
53663,0
53662,0
53661,0
53660,0
53659,0
53658,0
53657,0
53656,0
53655,0
53654,0
53653,0
53652,0
53651,0
53650,0
53649,0
53648,0
53647,0
53646,0
53645,0
53644,0
53643,0
53642,0
53641,0
53640,0
53639,0
53638,0
53637,0
53636,0
53635,0
53634,0
53633,0
53632,0
53631,0
53630,0
53629,0
53628,0
53627,0
53626,0
53625,0
53624,0
53623,0
53622,0
53621,0
53620,0
53619,0
53618,0
53617,0
53616,0
53615,0
53614,0
53613,0
53612,0
53611,0
53610,0
53609,0
53608,0
53607,0
53606,0
53605,0
53604,0
53603,0
53602,0
53601,0
53600,0
53599,0
53598,0
53597,0
53596,0
53595,0
53594,0
53593,0
53592,0
53591,0
53590,0
53589,0
53588,0
53587,0
53586,0
53585,0
53584,0
53583,0
53582,0
53581,0
53580,0
53579,0
53578,0
53577,0
53576,0
53575,0
53574,0
53573,0
53572,0
53571,0
53570,0
53569,0
53568,0
53567,0
53566,0
53565,0
53564,0
53563,0
53562,0
53561,0
53560,0
53559,0
53558,0
53557,0
53556,0
53555,0
53554,0
53553,0
53552,0
53551,0
53550,0
53549,0
53548,0
53547,0
53546,0
53545,0
53544,0
53543,0
53542,0
53541,0
53540,0
53539,0
53538,0
53537,0
53536,0
53535,0
53534,0
53533,0
53532,0
53531,0
53530,0
53529,0
53528,0
53527,0
53526,0
53525,0
53524,0
53523,0
53522,0
53521,0
53520,0
53519,0
53518,0
53517,0
53516,0
53515,0
53514,0
53513,0
53512,0
53511,0
53510,0
53509,0
53508,0
53507,0
53506,0
53505,0
53504,0
53503,0
53502,0
53501,0
53500,0
53499,0
53498,0
53497,0
53496,0
53495,0
53494,0
53493,0
53492,0
53491,0
53490,0
53489,0
53488,0
53487,0
53486,0
53485,0
53484,0
53483,0
53482,0
53481,0
53480,0
53479,0
53478,0
53477,0
53476,0
53475,0
53474,0
53473,0
53472,0
53471,0
53470,0
53469,0
53468,0
53467,0
53466,0
53465,0
53464,0
53463,0
53462,0
53461,0
53460,0
53459,0
53458,0
53457,0
53456,0
53455,0
53454,0
53453,0
53452,0
53451,0
53450,0
53449,0
53448,0
53447,0
53446,0
53445,0
53444,0
53443,0
53442,0
53441,0
53440,0
53439,0
53438,0
53437,0
53436,0
53435,0
53434,0
53433,0
53432,0
53431,0
53430,0
53429,0
53428,0
53427,0
53426,0
53425,0
53424,0
53423,0
53422,0
53421,0
53420,0
53419,0
53418,0
53417,0
53416,0
53415,0
53414,0
53413,0
53412,0
53411,0
53410,0
53409,0
53408,0
53407,0
53406,0
53405,0
53404,0
53403,0
53402,0
53401,0
53400,0
53399,0
53398,0
53397,0
53396,0
53395,0
53394,0
53393,0
53392,0
53391,0
53390,0
53389,0
53388,0
53387,0
53386,0
53385,0
53384,0
53383,0
53382,0
53381,0
53380,0
53379,0
53378,0
53377,0
53376,0
53375,0
53374,0
53373,0
53372,0
53371,0
53370,0
53369,0
53368,0
53367,0
53366,0
53365,0
53364,0
53363,0
53362,0
53361,0
53360,0
53359,0
53358,0
53357,0
53356,0
53355,0
53354,0
53353,0
53352,0
53351,0
53350,0
53349,0
53348,0
53347,0
53346,0
53345,0
53344,0
53343,0
53342,0
53341,0
53340,0
53339,0
53338,0
53337,0
53336,0
53335,0
53334,0
53333,0
53332,0
53331,0
53330,0
53329,0
53328,0
53327,0
53326,0
53325,0
53324,0
53323,0
53322,0
53321,0
53320,0
53319,0
53318,0
53317,0
53316,0
53315,0
53314,0
53313,0
53312,0
53311,0
53310,0
53309,0
53308,0
53307,0
53306,0
53305,0
53304,0
53303,0
53302,0
53301,0
53300,0
53299,0
53298,0
53297,0
53296,0
53295,0
53294,0
53293,0
53292,0
53291,0
53290,0
53289,0
53288,0
53287,0
53286,0
53285,0
53284,0
53283,0
53282,0
53281,0
53280,0
53279,0
53278,0
53277,0
53276,0
53275,0
53274,0
53273,0
53272,0
53271,0
53270,0
53269,0
53268,0
53267,0
53266,0
53265,0
53264,0
53263,0
53262,0
53261,0
53260,0
53259,0
53258,0
53257,0
53256,0
53255,0
53254,0
53253,0
53252,0
53251,0
53250,0
53249,0
53248,0
53247,0
53246,0
53245,0
53244,0
53243,0
53242,0
53241,0
53240,0
53239,0
53238,0
53237,0
53236,0
53235,0
53234,0
53233,0
53232,0
53231,0
53230,0
53229,0
53228,0
53227,0
53226,0
53225,0
53224,0
53223,0
53222,0
53221,0
53220,0
53219,0
53218,0
53217,0
53216,0
53215,0
53214,0
53213,0
53212,0
53211,0
53210,0
53209,0
53208,0
53207,0
53206,0
53205,0
53204,0
53203,0
53202,0
53201,0
53200,0
53199,0
53198,0
53197,0
53196,0
53195,0
53194,0
53193,0
53192,0
53191,0
53190,0
53189,0
53188,0
53187,0
53186,0
53185,0
53184,0
53183,0
53182,0
53181,0
53180,0
53179,0
53178,0
53177,0
53176,0
53175,0
53174,0
53173,0
53172,0
53171,0
53170,0
53169,0
53168,0
53167,0
53166,0
53165,0
53164,0
53163,0
53162,0
53161,0
53160,0
53159,0
53158,0
53157,0
53156,0
53155,0
53154,0
53153,0
53152,0
53151,0
53150,0
53149,0
53148,0
53147,0
53146,0
53145,0
53144,0
53143,0
53142,0
53141,0
53140,0
53139,0
53138,0
53137,0
53136,0
53135,0
53134,0
53133,0
53132,0
53131,0
53130,0
53129,0
53128,0
53127,0
53126,0
53125,0
53124,0
53123,0
53122,0
53121,0
53120,0
53119,0
53118,0
53117,0
53116,0
53115,0
53114,0
53113,0
53112,0
53111,0
53110,0
53109,0
53108,0
53107,0
53106,0
53105,0
53104,0
53103,0
53102,0
53101,0
53100,0
53099,0
53098,0
53097,0
53096,0
53095,0
53094,0
53093,0
53092,0
53091,0
53090,0
53089,0
53088,0
53087,0
53086,0
53085,0
53084,0
53083,0
53082,0
53081,0
53080,0
53079,0
53078,0
53077,0
53076,0
53075,0
53074,0
53073,0
53072,0
53071,0
53070,0
53069,0
53068,0
53067,0
53066,0
53065,0
53064,0
53063,0
53062,0
53061,0
53060,0
53059,0
53058,0
53057,0
53056,0
53055,0
53054,0
53053,0
53052,0
53051,0
53050,0
53049,0
53048,0
53047,0
53046,0
53045,0
53044,0
53043,0
53042,0
53041,0
53040,0
53039,0
53038,0
53037,0
53036,0
53035,0
53034,0
53033,0
53032,0
53031,0
53030,0
53029,0
53028,0
53027,0
53026,0
53025,0
53024,0
53023,0
53022,0
53021,0
53020,0
53019,0
53018,0
53017,0
53016,0
53015,0
53014,0
53013,0
53012,0
53011,0
53010,0
53009,0
53008,0
53007,0
53006,0
53005,0
53004,0
53003,0
53002,0
53001,0
53000,0
52999,0
52998,0
52997,0
52996,0
52995,0
52994,0
52993,0
52992,0
52991,0
52990,0
52989,0
52988,0
52987,0
52986,0
52985,0
52984,0
52983,0
52982,0
52981,0
52980,0
52979,0
52978,0
52977,0
52976,0
52975,0
52974,0
52973,0
52972,0
52971,0
52970,0
52969,0
52968,0
52967,0
52966,0
52965,0
52964,0
52963,0
52962,0
52961,0
52960,0
52959,0
52958,0
52957,0
52956,0
52955,0
52954,0
52953,0
52952,0
52951,0
52950,0
52949,0
52948,0
52947,0
52946,0
52945,0
52944,0
52943,0
52942,0
52941,0
52940,0
52939,0
52938,0
52937,0
52936,0
52935,0
52934,0
52933,0
52932,0
52931,0
52930,0
52929,0
52928,0
52927,0
52926,0
52925,0
52924,0
52923,0
52922,0
52921,0
52920,0
52919,0
52918,0
52917,0
52916,0
52915,0
52914,0
52913,0
52912,0
52911,0
52910,0
52909,0
52908,0
52907,0
52906,0
52905,0
52904,0
52903,0
52902,0
52901,0
52900,0
52899,0
52898,0
52897,0
52896,0
52895,0
52894,0
52893,0
52892,0
52891,0
52890,0
52889,0
52888,0
52887,0
52886,0
52885,0
52884,0
52883,0
52882,0
52881,0
52880,0
52879,0
52878,0
52877,0
52876,0
52875,0
52874,0
52873,0
52872,0
52871,0
52870,0
52869,0
52868,0
52867,0
52866,0
52865,0
52864,0
52863,0
52862,0
52861,0
52860,0
52859,0
52858,0
52857,0
52856,0
52855,0
52854,0
52853,0
52852,0
52851,0
52850,0
52849,0
52848,0
52847,0
52846,0
52845,0
52844,0
52843,0
52842,0
52841,0
52840,0
52839,0
52838,0
52837,0
52836,0
52835,0
52834,0
52833,0
52832,0
52831,0
52830,0
52829,0
52828,0
52827,0
52826,0
52825,0
52824,0
52823,0
52822,0
52821,0
52820,0
52819,0
52818,0
52817,0
52816,0
52815,0
52814,0
52813,0
52812,0
52811,0
52810,0
52809,0
52808,0
52807,0
52806,0
52805,0
52804,0
52803,0
52802,0
52801,0
52800,0
52799,0
52798,0
52797,0
52796,0
52795,0
52794,0
52793,0
52792,0
52791,0
52790,0
52789,0
52788,0
52787,0
52786,0
52785,0
52784,0
52783,0
52782,0
52781,0
52780,0
52779,0
52778,0
52777,0
52776,0
52775,0
52774,0
52773,0
52772,0
52771,0
52770,0
52769,0
52768,0
52767,0
52766,0
52765,0
52764,0
52763,0
52762,0
52761,0
52760,0
52759,0
52758,0
52757,0
52756,0
52755,0
52754,0
52753,0
52752,0
52751,0
52750,0
52749,0
52748,0
52747,0
52746,0
52745,0
52744,0
52743,0
52742,0
52741,0
52740,0
52739,0
52738,0
52737,0
52736,0
52735,0
52734,0
52733,0
52732,0
52731,0
52730,0
52729,0
52728,0
52727,0
52726,0
52725,0
52724,0
52723,0
52722,0
52721,0
52720,0
52719,0
52718,0
52717,0
52716,0
52715,0
52714,0
52713,0
52712,0
52711,0
52710,0
52709,0
52708,0
52707,0
52706,0
52705,0
52704,0
52703,0
52702,0
52701,0
52700,0
52699,0
52698,0
52697,0
52696,0
52695,0
52694,0
52693,0
52692,0
52691,0
52690,0
52689,0
52688,0
52687,0
52686,0
52685,0
52684,0
52683,0
52682,0
52681,0
52680,0
52679,0
52678,0
52677,0
52676,0
52675,0
52674,0
52673,0
52672,0
52671,0
52670,0
52669,0
52668,0
52667,0
52666,0
52665,0
52664,0
52663,0
52662,0
52661,0
52660,0
52659,0
52658,0
52657,0
52656,0
52655,0
52654,0
52653,0
52652,0
52651,0
52650,0
52649,0
52648,0
52647,0
52646,0
52645,0
52644,0
52643,0
52642,0
52641,0
52640,0
52639,0
52638,0
52637,0
52636,0
52635,0
52634,0
52633,0
52632,0
52631,0
52630,0
52629,0
52628,0
52627,0
52626,0
52625,0
52624,0
52623,0
52622,0
52621,0
52620,0
52619,0
52618,0
52617,0
52616,0
52615,0
52614,0
52613,0
52612,0
52611,0
52610,0
52609,0
52608,0
52607,0
52606,0
52605,0
52604,0
52603,0
52602,0
52601,0
52600,0
52599,0
52598,0
52597,0
52596,0
52595,0
52594,0
52593,0
52592,0
52591,0
52590,0
52589,0
52588,0
52587,0
52586,0
52585,0
52584,0
52583,0
52582,0
52581,0
52580,0
52579,0
52578,0
52577,0
52576,0
52575,0
52574,0
52573,0
52572,0
52571,0
52570,0
52569,0
52568,0
52567,0
52566,0
52565,0
52564,0
52563,0
52562,0
52561,0
52560,0
52559,0
52558,0
52557,0
52556,0
52555,0
52554,0
52553,0
52552,0
52551,0
52550,0
52549,0
52548,0
52547,0
52546,0
52545,0
52544,0
52543,0
52542,0
52541,0
52540,0
52539,0
52538,0
52537,0
52536,0
52535,0
52534,0
52533,0
52532,0
52531,0
52530,0
52529,0
52528,0
52527,0
52526,0
52525,0
52524,0
52523,0
52522,0
52521,0
52520,0
52519,0
52518,0
52517,0
52516,0
52515,0
52514,0
52513,0
52512,0
52511,0
52510,0
52509,0
52508,0
52507,0
52506,0
52505,0
52504,0
52503,0
52502,0
52501,0
52500,0
52499,0
52498,0
52497,0
52496,0
52495,0
52494,0
52493,0
52492,0
52491,0
52490,0
52489,0
52488,0
52487,0
52486,0
52485,0
52484,0
52483,0
52482,0
52481,0
52480,0
52479,0
52478,0
52477,0
52476,0
52475,0
52474,0
52473,0
52472,0
52471,0
52470,0
52469,0
52468,0
52467,0
52466,0
52465,0
52464,0
52463,0
52462,0
52461,0
52460,0
52459,0
52458,0
52457,0
52456,0
52455,0
52454,0
52453,0
52452,0
52451,0
52450,0
52449,0
52448,0
52447,0
52446,0
52445,0
52444,0
52443,0
52442,0
52441,0
52440,0
52439,0
52438,0
52437,0
52436,0
52435,0
52434,0
52433,0
52432,0
52431,0
52430,0
52429,0
52428,0
52427,0
52426,0
52425,0
52424,0
52423,0
52422,0
52421,0
52420,0
52419,0
52418,0
52417,0
52416,0
52415,0
52414,0
52413,0
52412,0
52411,0
52410,0
52409,0
52408,0
52407,0
52406,0
52405,0
52404,0
52403,0
52402,0
52401,0
52400,0
52399,0
52398,0
52397,0
52396,0
52395,0
52394,0
52393,0
52392,0
52391,0
52390,0
52389,0
52388,0
52387,0
52386,0
52385,0
52384,0
52383,0
52382,0
52381,0
52380,0
52379,0
52378,0
52377,0
52376,0
52375,0
52374,0
52373,0
52372,0
52371,0
52370,0
52369,0
52368,0
52367,0
52366,0
52365,0
52364,0
52363,0
52362,0
52361,0
52360,0
52359,0
52358,0
52357,0
52356,0
52355,0
52354,0
52353,0
52352,0
52351,0
52350,0
52349,0
52348,0
52347,0
52346,0
52345,0
52344,0
52343,0
52342,0
52341,0
52340,0
52339,0
52338,0
52337,0
52336,0
52335,0
52334,0
52333,0
52332,0
52331,0
52330,0
52329,0
52328,0
52327,0
52326,0
52325,0
52324,0
52323,0
52322,0
52321,0
52320,0
52319,0
52318,0
52317,0
52316,0
52315,0
52314,0
52313,0
52312,0
52311,0
52310,0
52309,0
52308,0
52307,0
52306,0
52305,0
52304,0
52303,0
52302,0
52301,0
52300,0
52299,0
52298,0
52297,0
52296,0
52295,0
52294,0
52293,0
52292,0
52291,0
52290,0
52289,0
52288,0
52287,0
52286,0
52285,0
52284,0
52283,0
52282,0
52281,0
52280,0
52279,0
52278,0
52277,0
52276,0
52275,0
52274,0
52273,0
52272,0
52271,0
52270,0
52269,0
52268,0
52267,0
52266,0
52265,0
52264,0
52263,0
52262,0
52261,0
52260,0
52259,0
52258,0
52257,0
52256,0
52255,0
52254,0
52253,0
52252,0
52251,0
52250,0
52249,0
52248,0
52247,0
52246,0
52245,0
52244,0
52243,0
52242,0
52241,0
52240,0
52239,0
52238,0
52237,0
52236,0
52235,0
52234,0
52233,0
52232,0
52231,0
52230,0
52229,0
52228,0
52227,0
52226,0
52225,0
52224,0
52223,0
52222,0
52221,0
52220,0
52219,0
52218,0
52217,0
52216,0
52215,0
52214,0
52213,0
52212,0
52211,0
52210,0
52209,0
52208,0
52207,0
52206,0
52205,0
52204,0
52203,0
52202,0
52201,0
52200,0
52199,0
52198,0
52197,0
52196,0
52195,0
52194,0
52193,0
52192,0
52191,0
52190,0
52189,0
52188,0
52187,0
52186,0
52185,0
52184,0
52183,0
52182,0
52181,0
52180,0
52179,0
52178,0
52177,0
52176,0
52175,0
52174,0
52173,0
52172,0
52171,0
52170,0
52169,0
52168,0
52167,0
52166,0
52165,0
52164,0
52163,0
52162,0
52161,0
52160,0
52159,0
52158,0
52157,0
52156,0
52155,0
52154,0
52153,0
52152,0
52151,0
52150,0
52149,0
52148,0
52147,0
52146,0
52145,0
52144,0
52143,0
52142,0
52141,0
52140,0
52139,0
52138,0
52137,0
52136,0
52135,0
52134,0
52133,0
52132,0
52131,0
52130,0
52129,0
52128,0
52127,0
52126,0
52125,0
52124,0
52123,0
52122,0
52121,0
52120,0
52119,0
52118,0
52117,0
52116,0
52115,0
52114,0
52113,0
52112,0
52111,0
52110,0
52109,0
52108,0
52107,0
52106,0
52105,0
52104,0
52103,0
52102,0
52101,0
52100,0
52099,0
52098,0
52097,0
52096,0
52095,0
52094,0
52093,0
52092,0
52091,0
52090,0
52089,0
52088,0
52087,0
52086,0
52085,0
52084,0
52083,0
52082,0
52081,0
52080,0
52079,0
52078,0
52077,0
52076,0
52075,0
52074,0
52073,0
52072,0
52071,0
52070,0
52069,0
52068,0
52067,0
52066,0
52065,0
52064,0
52063,0
52062,0
52061,0
52060,0
52059,0
52058,0
52057,0
52056,0
52055,0
52054,0
52053,0
52052,0
52051,0
52050,0
52049,0
52048,0
52047,0
52046,0
52045,0
52044,0
52043,0
52042,0
52041,0
52040,0
52039,0
52038,0
52037,0
52036,0
52035,0
52034,0
52033,0
52032,0
52031,0
52030,0
52029,0
52028,0
52027,0
52026,0
52025,0
52024,0
52023,0
52022,0
52021,0
52020,0
52019,0
52018,0
52017,0
52016,0
52015,0
52014,0
52013,0
52012,0
52011,0
52010,0
52009,0
52008,0
52007,0
52006,0
52005,0
52004,0
52003,0
52002,0
52001,0
52000,0
51999,0
51998,0
51997,0
51996,0
51995,0
51994,0
51993,0
51992,0
51991,0
51990,0
51989,0
51988,0
51987,0
51986,0
51985,0
51984,0
51983,0
51982,0
51981,0
51980,0
51979,0
51978,0
51977,0
51976,0
51975,0
51974,0
51973,0
51972,0
51971,0
51970,0
51969,0
51968,0
51967,0
51966,0
51965,0
51964,0
51963,0
51962,0
51961,0
51960,0
51959,0
51958,0
51957,0
51956,0
51955,0
51954,0
51953,0
51952,0
51951,0
51950,0
51949,0
51948,0
51947,0
51946,0
51945,0
51944,0
51943,0
51942,0
51941,0
51940,0
51939,0
51938,0
51937,0
51936,0
51935,0
51934,0
51933,0
51932,0
51931,0
51930,0
51929,0
51928,0
51927,0
51926,0
51925,0
51924,0
51923,0
51922,0
51921,0
51920,0
51919,0
51918,0
51917,0
51916,0
51915,0
51914,0
51913,0
51912,0
51911,0
51910,0
51909,0
51908,0
51907,0
51906,0
51905,0
51904,0
51903,0
51902,0
51901,0
51900,0
51899,0
51898,0
51897,0
51896,0
51895,0
51894,0
51893,0
51892,0
51891,0
51890,0
51889,0
51888,0
51887,0
51886,0
51885,0
51884,0
51883,0
51882,0
51881,0
51880,0
51879,0
51878,0
51877,0
51876,0
51875,0
51874,0
51873,0
51872,0
51871,0
51870,0
51869,0
51868,0
51867,0
51866,0
51865,0
51864,0
51863,0
51862,0
51861,0
51860,0
51859,0
51858,0
51857,0
51856,0
51855,0
51854,0
51853,0
51852,0
51851,0
51850,0
51849,0
51848,0
51847,0
51846,0
51845,0
51844,0
51843,0
51842,0
51841,0
51840,0
51839,0
51838,0
51837,0
51836,0
51835,0
51834,0
51833,0
51832,0
51831,0
51830,0
51829,0
51828,0
51827,0
51826,0
51825,0
51824,0
51823,0
51822,0
51821,0
51820,0
51819,0
51818,0
51817,0
51816,0
51815,0
51814,0
51813,0
51812,0
51811,0
51810,0
51809,0
51808,0
51807,0
51806,0
51805,0
51804,0
51803,0
51802,0
51801,0
51800,0
51799,0
51798,0
51797,0
51796,0
51795,0
51794,0
51793,0
51792,0
51791,0
51790,0
51789,0
51788,0
51787,0
51786,0
51785,0
51784,0
51783,0
51782,0
51781,0
51780,0
51779,0
51778,0
51777,0
51776,0
51775,0
51774,0
51773,0
51772,0
51771,0
51770,0
51769,0
51768,0
51767,0
51766,0
51765,0
51764,0
51763,0
51762,0
51761,0
51760,0
51759,0
51758,0
51757,0
51756,0
51755,0
51754,0
51753,0
51752,0
51751,0
51750,0
51749,0
51748,0
51747,0
51746,0
51745,0
51744,0
51743,0
51742,0
51741,0
51740,0
51739,0
51738,0
51737,0
51736,0
51735,0
51734,0
51733,0
51732,0
51731,0
51730,0
51729,0
51728,0
51727,0
51726,0
51725,0
51724,0
51723,0
51722,0
51721,0
51720,0
51719,0
51718,0
51717,0
51716,0
51715,0
51714,0
51713,0
51712,0
51711,0
51710,0
51709,0
51708,0
51707,0
51706,0
51705,0
51704,0
51703,0
51702,0
51701,0
51700,0
51699,0
51698,0
51697,0
51696,0
51695,0
51694,0
51693,0
51692,0
51691,0
51690,0
51689,0
51688,0
51687,0
51686,0
51685,0
51684,0
51683,0
51682,0
51681,0
51680,0
51679,0
51678,0
51677,0
51676,0
51675,0
51674,0
51673,0
51672,0
51671,0
51670,0
51669,0
51668,0
51667,0
51666,0
51665,0
51664,0
51663,0
51662,0
51661,0
51660,0
51659,0
51658,0
51657,0
51656,0
51655,0
51654,0
51653,0
51652,0
51651,0
51650,0
51649,0
51648,0
51647,0
51646,0
51645,0
51644,0
51643,0
51642,0
51641,0
51640,0
51639,0
51638,0
51637,0
51636,0
51635,0
51634,0
51633,0
51632,0
51631,0
51630,0
51629,0
51628,0
51627,0
51626,0
51625,0
51624,0
51623,0
51622,0
51621,0
51620,0
51619,0
51618,0
51617,0
51616,0
51615,0
51614,0
51613,0
51612,0
51611,0
51610,0
51609,0
51608,0
51607,0
51606,0
51605,0
51604,0
51603,0
51602,0
51601,0
51600,0
51599,0
51598,0
51597,0
51596,0
51595,0
51594,0
51593,0
51592,0
51591,0
51590,0
51589,0
51588,0
51587,0
51586,0
51585,0
51584,0
51583,0
51582,0
51581,0
51580,0
51579,0
51578,0
51577,0
51576,0
51575,0
51574,0
51573,0
51572,0
51571,0
51570,0
51569,0
51568,0
51567,0
51566,0
51565,0
51564,0
51563,0
51562,0
51561,0
51560,0
51559,0
51558,0
51557,0
51556,0
51555,0
51554,0
51553,0
51552,0
51551,0
51550,0
51549,0
51548,0
51547,0
51546,0
51545,0
51544,0
51543,0
51542,0
51541,0
51540,0
51539,0
51538,0
51537,0
51536,0
51535,0
51534,0
51533,0
51532,0
51531,0
51530,0
51529,0
51528,0
51527,0
51526,0
51525,0
51524,0
51523,0
51522,0
51521,0
51520,0
51519,0
51518,0
51517,0
51516,0
51515,0
51514,0
51513,0
51512,0
51511,0
51510,0
51509,0
51508,0
51507,0
51506,0
51505,0
51504,0
51503,0
51502,0
51501,0
51500,0
51499,0
51498,0
51497,0
51496,0
51495,0
51494,0
51493,0
51492,0
51491,0
51490,0
51489,0
51488,0
51487,0
51486,0
51485,0
51484,0
51483,0
51482,0
51481,0
51480,0
51479,0
51478,0
51477,0
51476,0
51475,0
51474,0
51473,0
51472,0
51471,0
51470,0
51469,0
51468,0
51467,0
51466,0
51465,0
51464,0
51463,0
51462,0
51461,0
51460,0
51459,0
51458,0
51457,0
51456,0
51455,0
51454,0
51453,0
51452,0
51451,0
51450,0
51449,0
51448,0
51447,0
51446,0
51445,0
51444,0
51443,0
51442,0
51441,0
51440,0
51439,0
51438,0
51437,0
51436,0
51435,0
51434,0
51433,0
51432,0
51431,0
51430,0
51429,0
51428,0
51427,0
51426,0
51425,0
51424,0
51423,0
51422,0
51421,0
51420,0
51419,0
51418,0
51417,0
51416,0
51415,0
51414,0
51413,0
51412,0
51411,0
51410,0
51409,0
51408,0
51407,0
51406,0
51405,0
51404,0
51403,0
51402,0
51401,0
51400,0
51399,0
51398,0
51397,0
51396,0
51395,0
51394,0
51393,0
51392,0
51391,0
51390,0
51389,0
51388,0
51387,0
51386,0
51385,0
51384,0
51383,0
51382,0
51381,0
51380,0
51379,0
51378,0
51377,0
51376,0
51375,0
51374,0
51373,0
51372,0
51371,0
51370,0
51369,0
51368,0
51367,0
51366,0
51365,0
51364,0
51363,0
51362,0
51361,0
51360,0
51359,0
51358,0
51357,0
51356,0
51355,0
51354,0
51353,0
51352,0
51351,0
51350,0
51349,0
51348,0
51347,0
51346,0
51345,0
51344,0
51343,0
51342,0
51341,0
51340,0
51339,0
51338,0
51337,0
51336,0
51335,0
51334,0
51333,0
51332,0
51331,0
51330,0
51329,0
51328,0
51327,0
51326,0
51325,0
51324,0
51323,0
51322,0
51321,0
51320,0
51319,0
51318,0
51317,0
51316,0
51315,0
51314,0
51313,0
51312,0
51311,0
51310,0
51309,0
51308,0
51307,0
51306,0
51305,0
51304,0
51303,0
51302,0
51301,0
51300,0
51299,0
51298,0
51297,0
51296,0
51295,0
51294,0
51293,0
51292,0
51291,0
51290,0
51289,0
51288,0
51287,0
51286,0
51285,0
51284,0
51283,0
51282,0
51281,0
51280,0
51279,0
51278,0
51277,0
51276,0
51275,0
51274,0
51273,0
51272,0
51271,0
51270,0
51269,0
51268,0
51267,0
51266,0
51265,0
51264,0
51263,0
51262,0
51261,0
51260,0
51259,0
51258,0
51257,0
51256,0
51255,0
51254,0
51253,0
51252,0
51251,0
51250,0
51249,0
51248,0
51247,0
51246,0
51245,0
51244,0
51243,0
51242,0
51241,0
51240,0
51239,0
51238,0
51237,0
51236,0
51235,0
51234,0
51233,0
51232,0
51231,0
51230,0
51229,0
51228,0
51227,0
51226,0
51225,0
51224,0
51223,0
51222,0
51221,0
51220,0
51219,0
51218,0
51217,0
51216,0
51215,0
51214,0
51213,0
51212,0
51211,0
51210,0
51209,0
51208,0
51207,0
51206,0
51205,0
51204,0
51203,0
51202,0
51201,0
51200,0
51199,0
51198,0
51197,0
51196,0
51195,0
51194,0
51193,0
51192,0
51191,0
51190,0
51189,0
51188,0
51187,0
51186,0
51185,0
51184,0
51183,0
51182,0
51181,0
51180,0
51179,0
51178,0
51177,0
51176,0
51175,0
51174,0
51173,0
51172,0
51171,0
51170,0
51169,0
51168,0
51167,0
51166,0
51165,0
51164,0
51163,0
51162,0
51161,0
51160,0
51159,0
51158,0
51157,0
51156,0
51155,0
51154,0
51153,0
51152,0
51151,0
51150,0
51149,0
51148,0
51147,0
51146,0
51145,0
51144,0
51143,0
51142,0
51141,0
51140,0
51139,0
51138,0
51137,0
51136,0
51135,0
51134,0
51133,0
51132,0
51131,0
51130,0
51129,0
51128,0
51127,0
51126,0
51125,0
51124,0
51123,0
51122,0
51121,0
51120,0
51119,0
51118,0
51117,0
51116,0
51115,0
51114,0
51113,0
51112,0
51111,0
51110,0
51109,0
51108,0
51107,0
51106,0
51105,0
51104,0
51103,0
51102,0
51101,0
51100,0
51099,0
51098,0
51097,0
51096,0
51095,0
51094,0
51093,0
51092,0
51091,0
51090,0
51089,0
51088,0
51087,0
51086,0
51085,0
51084,0
51083,0
51082,0
51081,0
51080,0
51079,0
51078,0
51077,0
51076,0
51075,0
51074,0
51073,0
51072,0
51071,0
51070,0
51069,0
51068,0
51067,0
51066,0
51065,0
51064,0
51063,0
51062,0
51061,0
51060,0
51059,0
51058,0
51057,0
51056,0
51055,0
51054,0
51053,0
51052,0
51051,0
51050,0
51049,0
51048,0
51047,0
51046,0
51045,0
51044,0
51043,0
51042,0
51041,0
51040,0
51039,0
51038,0
51037,0
51036,0
51035,0
51034,0
51033,0
51032,0
51031,0
51030,0
51029,0
51028,0
51027,0
51026,0
51025,0
51024,0
51023,0
51022,0
51021,0
51020,0
51019,0
51018,0
51017,0
51016,0
51015,0
51014,0
51013,0
51012,0
51011,0
51010,0
51009,0
51008,0
51007,0
51006,0
51005,0
51004,0
51003,0
51002,0
51001,0
51000,0
50999,0
50998,0
50997,0
50996,0
50995,0
50994,0
50993,0
50992,0
50991,0
50990,0
50989,0
50988,0
50987,0
50986,0
50985,0
50984,0
50983,0
50982,0
50981,0
50980,0
50979,0
50978,0
50977,0
50976,0
50975,0
50974,0
50973,0
50972,0
50971,0
50970,0
50969,0
50968,0
50967,0
50966,0
50965,0
50964,0
50963,0
50962,0
50961,0
50960,0
50959,0
50958,0
50957,0
50956,0
50955,0
50954,0
50953,0
50952,0
50951,0
50950,0
50949,0
50948,0
50947,0
50946,0
50945,0
50944,0
50943,0
50942,0
50941,0
50940,0
50939,0
50938,0
50937,0
50936,0
50935,0
50934,0
50933,0
50932,0
50931,0
50930,0
50929,0
50928,0
50927,0
50926,0
50925,0
50924,0
50923,0
50922,0
50921,0
50920,0
50919,0
50918,0
50917,0
50916,0
50915,0
50914,0
50913,0
50912,0
50911,0
50910,0
50909,0
50908,0
50907,0
50906,0
50905,0
50904,0
50903,0
50902,0
50901,0
50900,0
50899,0
50898,0
50897,0
50896,0
50895,0
50894,0
50893,0
50892,0
50891,0
50890,0
50889,0
50888,0
50887,0
50886,0
50885,0
50884,0
50883,0
50882,0
50881,0
50880,0
50879,0
50878,0
50877,0
50876,0
50875,0
50874,0
50873,0
50872,0
50871,0
50870,0
50869,0
50868,0
50867,0
50866,0
50865,0
50864,0
50863,0
50862,0
50861,0
50860,0
50859,0
50858,0
50857,0
50856,0
50855,0
50854,0
50853,0
50852,0
50851,0
50850,0
50849,0
50848,0
50847,0
50846,0
50845,0
50844,0
50843,0
50842,0
50841,0
50840,0
50839,0
50838,0
50837,0
50836,0
50835,0
50834,0
50833,0
50832,0
50831,0
50830,0
50829,0
50828,0
50827,0
50826,0
50825,0
50824,0
50823,0
50822,0
50821,0
50820,0
50819,0
50818,0
50817,0
50816,0
50815,0
50814,0
50813,0
50812,0
50811,0
50810,0
50809,0
50808,0
50807,0
50806,0
50805,0
50804,0
50803,0
50802,0
50801,0
50800,0
50799,0
50798,0
50797,0
50796,0
50795,0
50794,0
50793,0
50792,0
50791,0
50790,0
50789,0
50788,0
50787,0
50786,0
50785,0
50784,0
50783,0
50782,0
50781,0
50780,0
50779,0
50778,0
50777,0
50776,0
50775,0
50774,0
50773,0
50772,0
50771,0
50770,0
50769,0
50768,0
50767,0
50766,0
50765,0
50764,0
50763,0
50762,0
50761,0
50760,0
50759,0
50758,0
50757,0
50756,0
50755,0
50754,0
50753,0
50752,0
50751,0
50750,0
50749,0
50748,0
50747,0
50746,0
50745,0
50744,0
50743,0
50742,0
50741,0
50740,0
50739,0
50738,0
50737,0
50736,0
50735,0
50734,0
50733,0
50732,0
50731,0
50730,0
50729,0
50728,0
50727,0
50726,0
50725,0
50724,0
50723,0
50722,0
50721,0
50720,0
50719,0
50718,0
50717,0
50716,0
50715,0
50714,0
50713,0
50712,0
50711,0
50710,0
50709,0
50708,0
50707,0
50706,0
50705,0
50704,0
50703,0
50702,0
50701,0
50700,0
50699,0
50698,0
50697,0
50696,0
50695,0
50694,0
50693,0
50692,0
50691,0
50690,0
50689,0
50688,0
50687,0
50686,0
50685,0
50684,0
50683,0
50682,0
50681,0
50680,0
50679,0
50678,0
50677,0
50676,0
50675,0
50674,0
50673,0
50672,0
50671,0
50670,0
50669,0
50668,0
50667,0
50666,0
50665,0
50664,0
50663,0
50662,0
50661,0
50660,0
50659,0
50658,0
50657,0
50656,0
50655,0
50654,0
50653,0
50652,0
50651,0
50650,0
50649,0
50648,0
50647,0
50646,0
50645,0
50644,0
50643,0
50642,0
50641,0
50640,0
50639,0
50638,0
50637,0
50636,0
50635,0
50634,0
50633,0
50632,0
50631,0
50630,0
50629,0
50628,0
50627,0
50626,0
50625,0
50624,0
50623,0
50622,0
50621,0
50620,0
50619,0
50618,0
50617,0
50616,0
50615,0
50614,0
50613,0
50612,0
50611,0
50610,0
50609,0
50608,0
50607,0
50606,0
50605,0
50604,0
50603,0
50602,0
50601,0
50600,0
50599,0
50598,0
50597,0
50596,0
50595,0
50594,0
50593,0
50592,0
50591,0
50590,0
50589,0
50588,0
50587,0
50586,0
50585,0
50584,0
50583,0
50582,0
50581,0
50580,0
50579,0
50578,0
50577,0
50576,0
50575,0
50574,0
50573,0
50572,0
50571,0
50570,0
50569,0
50568,0
50567,0
50566,0
50565,0
50564,0
50563,0
50562,0
50561,0
50560,0
50559,0
50558,0
50557,0
50556,0
50555,0
50554,0
50553,0
50552,0
50551,0
50550,0
50549,0
50548,0
50547,0
50546,0
50545,0
50544,0
50543,0
50542,0
50541,0
50540,0
50539,0
50538,0
50537,0
50536,0
50535,0
50534,0
50533,0
50532,0
50531,0
50530,0
50529,0
50528,0
50527,0
50526,0
50525,0
50524,0
50523,0
50522,0
50521,0
50520,0
50519,0
50518,0
50517,0
50516,0
50515,0
50514,0
50513,0
50512,0
50511,0
50510,0
50509,0
50508,0
50507,0
50506,0
50505,0
50504,0
50503,0
50502,0
50501,0
50500,0
50499,0
50498,0
50497,0
50496,0
50495,0
50494,0
50493,0
50492,0
50491,0
50490,0
50489,0
50488,0
50487,0
50486,0
50485,0
50484,0
50483,0
50482,0
50481,0
50480,0
50479,0
50478,0
50477,0
50476,0
50475,0
50474,0
50473,0
50472,0
50471,0
50470,0
50469,0
50468,0
50467,0
50466,0
50465,0
50464,0
50463,0
50462,0
50461,0
50460,0
50459,0
50458,0
50457,0
50456,0
50455,0
50454,0
50453,0
50452,0
50451,0
50450,0
50449,0
50448,0
50447,0
50446,0
50445,0
50444,0
50443,0
50442,0
50441,0
50440,0
50439,0
50438,0
50437,0
50436,0
50435,0
50434,0
50433,0
50432,0
50431,0
50430,0
50429,0
50428,0
50427,0
50426,0
50425,0
50424,0
50423,0
50422,0
50421,0
50420,0
50419,0
50418,0
50417,0
50416,0
50415,0
50414,0
50413,0
50412,0
50411,0
50410,0
50409,0
50408,0
50407,0
50406,0
50405,0
50404,0
50403,0
50402,0
50401,0
50400,0
50399,0
50398,0
50397,0
50396,0
50395,0
50394,0
50393,0
50392,0
50391,0
50390,0
50389,0
50388,0
50387,0
50386,0
50385,0
50384,0
50383,0
50382,0
50381,0
50380,0
50379,0
50378,0
50377,0
50376,0
50375,0
50374,0
50373,0
50372,0
50371,0
50370,0
50369,0
50368,0
50367,0
50366,0
50365,0
50364,0
50363,0
50362,0
50361,0
50360,0
50359,0
50358,0
50357,0
50356,0
50355,0
50354,0
50353,0
50352,0
50351,0
50350,0
50349,0
50348,0
50347,0
50346,0
50345,0
50344,0
50343,0
50342,0
50341,0
50340,0
50339,0
50338,0
50337,0
50336,0
50335,0
50334,0
50333,0
50332,0
50331,0
50330,0
50329,0
50328,0
50327,0
50326,0
50325,0
50324,0
50323,0
50322,0
50321,0
50320,0
50319,0
50318,0
50317,0
50316,0
50315,0
50314,0
50313,0
50312,0
50311,0
50310,0
50309,0
50308,0
50307,0
50306,0
50305,0
50304,0
50303,0
50302,0
50301,0
50300,0
50299,0
50298,0
50297,0
50296,0
50295,0
50294,0
50293,0
50292,0
50291,0
50290,0
50289,0
50288,0
50287,0
50286,0
50285,0
50284,0
50283,0
50282,0
50281,0
50280,0
50279,0
50278,0
50277,0
50276,0
50275,0
50274,0
50273,0
50272,0
50271,0
50270,0
50269,0
50268,0
50267,0
50266,0
50265,0
50264,0
50263,0
50262,0
50261,0
50260,0
50259,0
50258,0
50257,0
50256,0
50255,0
50254,0
50253,0
50252,0
50251,0
50250,0
50249,0
50248,0
50247,0
50246,0
50245,0
50244,0
50243,0
50242,0
50241,0
50240,0
50239,0
50238,0
50237,0
50236,0
50235,0
50234,0
50233,0
50232,0
50231,0
50230,0
50229,0
50228,0
50227,0
50226,0
50225,0
50224,0
50223,0
50222,0
50221,0
50220,0
50219,0
50218,0
50217,0
50216,0
50215,0
50214,0
50213,0
50212,0
50211,0
50210,0
50209,0
50208,0
50207,0
50206,0
50205,0
50204,0
50203,0
50202,0
50201,0
50200,0
50199,0
50198,0
50197,0
50196,0
50195,0
50194,0
50193,0
50192,0
50191,0
50190,0
50189,0
50188,0
50187,0
50186,0
50185,0
50184,0
50183,0
50182,0
50181,0
50180,0
50179,0
50178,0
50177,0
50176,0
50175,0
50174,0
50173,0
50172,0
50171,0
50170,0
50169,0
50168,0
50167,0
50166,0
50165,0
50164,0
50163,0
50162,0
50161,0
50160,0
50159,0
50158,0
50157,0
50156,0
50155,0
50154,0
50153,0
50152,0
50151,0
50150,0
50149,0
50148,0
50147,0
50146,0
50145,0
50144,0
50143,0
50142,0
50141,0
50140,0
50139,0
50138,0
50137,0
50136,0
50135,0
50134,0
50133,0
50132,0
50131,0
50130,0
50129,0
50128,0
50127,0
50126,0
50125,0
50124,0
50123,0
50122,0
50121,0
50120,0
50119,0
50118,0
50117,0
50116,0
50115,0
50114,0
50113,0
50112,0
50111,0
50110,0
50109,0
50108,0
50107,0
50106,0
50105,0
50104,0
50103,0
50102,0
50101,0
50100,0
50099,0
50098,0
50097,0
50096,0
50095,0
50094,0
50093,0
50092,0
50091,0
50090,0
50089,0
50088,0
50087,0
50086,0
50085,0
50084,0
50083,0
50082,0
50081,0
50080,0
50079,0
50078,0
50077,0
50076,0
50075,0
50074,0
50073,0
50072,0
50071,0
50070,0
50069,0
50068,0
50067,0
50066,0
50065,0
50064,0
50063,0
50062,0
50061,0
50060,0
50059,0
50058,0
50057,0
50056,0
50055,0
50054,0
50053,0
50052,0
50051,0
50050,0
50049,0
50048,0
50047,0
50046,0
50045,0
50044,0
50043,0
50042,0
50041,0
50040,0
50039,0
50038,0
50037,0
50036,0
50035,0
50034,0
50033,0
50032,0
50031,0
50030,0
50029,0
50028,0
50027,0
50026,0
50025,0
50024,0
50023,0
50022,0
50021,0
50020,0
50019,0
50018,0
50017,0
50016,0
50015,0
50014,0
50013,0
50012,0
50011,0
50010,0
50009,0
50008,0
50007,0
50006,0
50005,0
50004,0
50003,0
50002,0
50001,0
50000,0
49999,0
49998,0
49997,0
49996,0
49995,0
49994,0
49993,0
49992,0
49991,0
49990,0
49989,0
49988,0
49987,0
49986,0
49985,0
49984,0
49983,0
49982,0
49981,0
49980,0
49979,0
49978,0
49977,0
49976,0
49975,0
49974,0
49973,0
49972,0
49971,0
49970,0
49969,0
49968,0
49967,0
49966,0
49965,0
49964,0
49963,0
49962,0
49961,0
49960,0
49959,0
49958,0
49957,0
49956,0
49955,0
49954,0
49953,0
49952,0
49951,0
49950,0
49949,0
49948,0
49947,0
49946,0
49945,0
49944,0
49943,0
49942,0
49941,0
49940,0
49939,0
49938,0
49937,0
49936,0
49935,0
49934,0
49933,0
49932,0
49931,0
49930,0
49929,0
49928,0
49927,0
49926,0
49925,0
49924,0
49923,0
49922,0
49921,0
49920,0
49919,0
49918,0
49917,0
49916,0
49915,0
49914,0
49913,0
49912,0
49911,0
49910,0
49909,0
49908,0
49907,0
49906,0
49905,0
49904,0
49903,0
49902,0
49901,0
49900,0
49899,0
49898,0
49897,0
49896,0
49895,0
49894,0
49893,0
49892,0
49891,0
49890,0
49889,0
49888,0
49887,0
49886,0
49885,0
49884,0
49883,0
49882,0
49881,0
49880,0
49879,0
49878,0
49877,0
49876,0
49875,0
49874,0
49873,0
49872,0
49871,0
49870,0
49869,0
49868,0
49867,0
49866,0
49865,0
49864,0
49863,0
49862,0
49861,0
49860,0
49859,0
49858,0
49857,0
49856,0
49855,0
49854,0
49853,0
49852,0
49851,0
49850,0
49849,0
49848,0
49847,0
49846,0
49845,0
49844,0
49843,0
49842,0
49841,0
49840,0
49839,0
49838,0
49837,0
49836,0
49835,0
49834,0
49833,0
49832,0
49831,0
49830,0
49829,0
49828,0
49827,0
49826,0
49825,0
49824,0
49823,0
49822,0
49821,0
49820,0
49819,0
49818,0
49817,0
49816,0
49815,0
49814,0
49813,0
49812,0
49811,0
49810,0
49809,0
49808,0
49807,0
49806,0
49805,0
49804,0
49803,0
49802,0
49801,0
49800,0
49799,0
49798,0
49797,0
49796,0
49795,0
49794,0
49793,0
49792,0
49791,0
49790,0
49789,0
49788,0
49787,0
49786,0
49785,0
49784,0
49783,0
49782,0
49781,0
49780,0
49779,0
49778,0
49777,0
49776,0
49775,0
49774,0
49773,0
49772,0
49771,0
49770,0
49769,0
49768,0
49767,0
49766,0
49765,0
49764,0
49763,0
49762,0
49761,0
49760,0
49759,0
49758,0
49757,0
49756,0
49755,0
49754,0
49753,0
49752,0
49751,0
49750,0
49749,0
49748,0
49747,0
49746,0
49745,0
49744,0
49743,0
49742,0
49741,0
49740,0
49739,0
49738,0
49737,0
49736,0
49735,0
49734,0
49733,0
49732,0
49731,0
49730,0
49729,0
49728,0
49727,0
49726,0
49725,0
49724,0
49723,0
49722,0
49721,0
49720,0
49719,0
49718,0
49717,0
49716,0
49715,0
49714,0
49713,0
49712,0
49711,0
49710,0
49709,0
49708,0
49707,0
49706,0
49705,0
49704,0
49703,0
49702,0
49701,0
49700,0
49699,0
49698,0
49697,0
49696,0
49695,0
49694,0
49693,0
49692,0
49691,0
49690,0
49689,0
49688,0
49687,0
49686,0
49685,0
49684,0
49683,0
49682,0
49681,0
49680,0
49679,0
49678,0
49677,0
49676,0
49675,0
49674,0
49673,0
49672,0
49671,0
49670,0
49669,0
49668,0
49667,0
49666,0
49665,0
49664,0
49663,0
49662,0
49661,0
49660,0
49659,0
49658,0
49657,0
49656,0
49655,0
49654,0
49653,0
49652,0
49651,0
49650,0
49649,0
49648,0
49647,0
49646,0
49645,0
49644,0
49643,0
49642,0
49641,0
49640,0
49639,0
49638,0
49637,0
49636,0
49635,0
49634,0
49633,0
49632,0
49631,0
49630,0
49629,0
49628,0
49627,0
49626,0
49625,0
49624,0
49623,0
49622,0
49621,0
49620,0
49619,0
49618,0
49617,0
49616,0
49615,0
49614,0
49613,0
49612,0
49611,0
49610,0
49609,0
49608,0
49607,0
49606,0
49605,0
49604,0
49603,0
49602,0
49601,0
49600,0
49599,0
49598,0
49597,0
49596,0
49595,0
49594,0
49593,0
49592,0
49591,0
49590,0
49589,0
49588,0
49587,0
49586,0
49585,0
49584,0
49583,0
49582,0
49581,0
49580,0
49579,0
49578,0
49577,0
49576,0
49575,0
49574,0
49573,0
49572,0
49571,0
49570,0
49569,0
49568,0
49567,0
49566,0
49565,0
49564,0
49563,0
49562,0
49561,0
49560,0
49559,0
49558,0
49557,0
49556,0
49555,0
49554,0
49553,0
49552,0
49551,0
49550,0
49549,0
49548,0
49547,0
49546,0
49545,0
49544,0
49543,0
49542,0
49541,0
49540,0
49539,0
49538,0
49537,0
49536,0
49535,0
49534,0
49533,0
49532,0
49531,0
49530,0
49529,0
49528,0
49527,0
49526,0
49525,0
49524,0
49523,0
49522,0
49521,0
49520,0
49519,0
49518,0
49517,0
49516,0
49515,0
49514,0
49513,0
49512,0
49511,0
49510,0
49509,0
49508,0
49507,0
49506,0
49505,0
49504,0
49503,0
49502,0
49501,0
49500,0
49499,0
49498,0
49497,0
49496,0
49495,0
49494,0
49493,0
49492,0
49491,0
49490,0
49489,0
49488,0
49487,0
49486,0
49485,0
49484,0
49483,0
49482,0
49481,0
49480,0
49479,0
49478,0
49477,0
49476,0
49475,0
49474,0
49473,0
49472,0
49471,0
49470,0
49469,0
49468,0
49467,0
49466,0
49465,0
49464,0
49463,0
49462,0
49461,0
49460,0
49459,0
49458,0
49457,0
49456,0
49455,0
49454,0
49453,0
49452,0
49451,0
49450,0
49449,0
49448,0
49447,0
49446,0
49445,0
49444,0
49443,0
49442,0
49441,0
49440,0
49439,0
49438,0
49437,0
49436,0
49435,0
49434,0
49433,0
49432,0
49431,0
49430,0
49429,0
49428,0
49427,0
49426,0
49425,0
49424,0
49423,0
49422,0
49421,0
49420,0
49419,0
49418,0
49417,0
49416,0
49415,0
49414,0
49413,0
49412,0
49411,0
49410,0
49409,0
49408,0
49407,0
49406,0
49405,0
49404,0
49403,0
49402,0
49401,0
49400,0
49399,0
49398,0
49397,0
49396,0
49395,0
49394,0
49393,0
49392,0
49391,0
49390,0
49389,0
49388,0
49387,0
49386,0
49385,0
49384,0
49383,0
49382,0
49381,0
49380,0
49379,0
49378,0
49377,0
49376,0
49375,0
49374,0
49373,0
49372,0
49371,0
49370,0
49369,0
49368,0
49367,0
49366,0
49365,0
49364,0
49363,0
49362,0
49361,0
49360,0
49359,0
49358,0
49357,0
49356,0
49355,0
49354,0
49353,0
49352,0
49351,0
49350,0
49349,0
49348,0
49347,0
49346,0
49345,0
49344,0
49343,0
49342,0
49341,0
49340,0
49339,0
49338,0
49337,0
49336,0
49335,0
49334,0
49333,0
49332,0
49331,0
49330,0
49329,0
49328,0
49327,0
49326,0
49325,0
49324,0
49323,0
49322,0
49321,0
49320,0
49319,0
49318,0
49317,0
49316,0
49315,0
49314,0
49313,0
49312,0
49311,0
49310,0
49309,0
49308,0
49307,0
49306,0
49305,0
49304,0
49303,0
49302,0
49301,0
49300,0
49299,0
49298,0
49297,0
49296,0
49295,0
49294,0
49293,0
49292,0
49291,0
49290,0
49289,0
49288,0
49287,0
49286,0
49285,0
49284,0
49283,0
49282,0
49281,0
49280,0
49279,0
49278,0
49277,0
49276,0
49275,0
49274,0
49273,0
49272,0
49271,0
49270,0
49269,0
49268,0
49267,0
49266,0
49265,0
49264,0
49263,0
49262,0
49261,0
49260,0
49259,0
49258,0
49257,0
49256,0
49255,0
49254,0
49253,0
49252,0
49251,0
49250,0
49249,0
49248,0
49247,0
49246,0
49245,0
49244,0
49243,0
49242,0
49241,0
49240,0
49239,0
49238,0
49237,0
49236,0
49235,0
49234,0
49233,0
49232,0
49231,0
49230,0
49229,0
49228,0
49227,0
49226,0
49225,0
49224,0
49223,0
49222,0
49221,0
49220,0
49219,0
49218,0
49217,0
49216,0
49215,0
49214,0
49213,0
49212,0
49211,0
49210,0
49209,0
49208,0
49207,0
49206,0
49205,0
49204,0
49203,0
49202,0
49201,0
49200,0
49199,0
49198,0
49197,0
49196,0
49195,0
49194,0
49193,0
49192,0
49191,0
49190,0
49189,0
49188,0
49187,0
49186,0
49185,0
49184,0
49183,0
49182,0
49181,0
49180,0
49179,0
49178,0
49177,0
49176,0
49175,0
49174,0
49173,0
49172,0
49171,0
49170,0
49169,0
49168,0
49167,0
49166,0
49165,0
49164,0
49163,0
49162,0
49161,0
49160,0
49159,0
49158,0
49157,0
49156,0
49155,0
49154,0
49153,0
49152,0
49151,0
49150,0
49149,0
49148,0
49147,0
49146,0
49145,0
49144,0
49143,0
49142,0
49141,0
49140,0
49139,0
49138,0
49137,0
49136,0
49135,0
49134,0
49133,0
49132,0
49131,0
49130,0
49129,0
49128,0
49127,0
49126,0
49125,0
49124,0
49123,0
49122,0
49121,0
49120,0
49119,0
49118,0
49117,0
49116,0
49115,0
49114,0
49113,0
49112,0
49111,0
49110,0
49109,0
49108,0
49107,0
49106,0
49105,0
49104,0
49103,0
49102,0
49101,0
49100,0
49099,0
49098,0
49097,0
49096,0
49095,0
49094,0
49093,0
49092,0
49091,0
49090,0
49089,0
49088,0
49087,0
49086,0
49085,0
49084,0
49083,0
49082,0
49081,0
49080,0
49079,0
49078,0
49077,0
49076,0
49075,0
49074,0
49073,0
49072,0
49071,0
49070,0
49069,0
49068,0
49067,0
49066,0
49065,0
49064,0
49063,0
49062,0
49061,0
49060,0
49059,0
49058,0
49057,0
49056,0
49055,0
49054,0
49053,0
49052,0
49051,0
49050,0
49049,0
49048,0
49047,0
49046,0
49045,0
49044,0
49043,0
49042,0
49041,0
49040,0
49039,0
49038,0
49037,0
49036,0
49035,0
49034,0
49033,0
49032,0
49031,0
49030,0
49029,0
49028,0
49027,0
49026,0
49025,0
49024,0
49023,0
49022,0
49021,0
49020,0
49019,0
49018,0
49017,0
49016,0
49015,0
49014,0
49013,0
49012,0
49011,0
49010,0
49009,0
49008,0
49007,0
49006,0
49005,0
49004,0
49003,0
49002,0
49001,0
49000,0
48999,0
48998,0
48997,0
48996,0
48995,0
48994,0
48993,0
48992,0
48991,0
48990,0
48989,0
48988,0
48987,0
48986,0
48985,0
48984,0
48983,0
48982,0
48981,0
48980,0
48979,0
48978,0
48977,0
48976,0
48975,0
48974,0
48973,0
48972,0
48971,0
48970,0
48969,0
48968,0
48967,0
48966,0
48965,0
48964,0
48963,0
48962,0
48961,0
48960,0
48959,0
48958,0
48957,0
48956,0
48955,0
48954,0
48953,0
48952,0
48951,0
48950,0
48949,0
48948,0
48947,0
48946,0
48945,0
48944,0
48943,0
48942,0
48941,0
48940,0
48939,0
48938,0
48937,0
48936,0
48935,0
48934,0
48933,0
48932,0
48931,0
48930,0
48929,0
48928,0
48927,0
48926,0
48925,0
48924,0
48923,0
48922,0
48921,0
48920,0
48919,0
48918,0
48917,0
48916,0
48915,0
48914,0
48913,0
48912,0
48911,0
48910,0
48909,0
48908,0
48907,0
48906,0
48905,0
48904,0
48903,0
48902,0
48901,0
48900,0
48899,0
48898,0
48897,0
48896,0
48895,0
48894,0
48893,0
48892,0
48891,0
48890,0
48889,0
48888,0
48887,0
48886,0
48885,0
48884,0
48883,0
48882,0
48881,0
48880,0
48879,0
48878,0
48877,0
48876,0
48875,0
48874,0
48873,0
48872,0
48871,0
48870,0
48869,0
48868,0
48867,0
48866,0
48865,0
48864,0
48863,0
48862,0
48861,0
48860,0
48859,0
48858,0
48857,0
48856,0
48855,0
48854,0
48853,0
48852,0
48851,0
48850,0
48849,0
48848,0
48847,0
48846,0
48845,0
48844,0
48843,0
48842,0
48841,0
48840,0
48839,0
48838,0
48837,0
48836,0
48835,0
48834,0
48833,0
48832,0
48831,0
48830,0
48829,0
48828,0
48827,0
48826,0
48825,0
48824,0
48823,0
48822,0
48821,0
48820,0
48819,0
48818,0
48817,0
48816,0
48815,0
48814,0
48813,0
48812,0
48811,0
48810,0
48809,0
48808,0
48807,0
48806,0
48805,0
48804,0
48803,0
48802,0
48801,0
48800,0
48799,0
48798,0
48797,0
48796,0
48795,0
48794,0
48793,0
48792,0
48791,0
48790,0
48789,0
48788,0
48787,0
48786,0
48785,0
48784,0
48783,0
48782,0
48781,0
48780,0
48779,0
48778,0
48777,0
48776,0
48775,0
48774,0
48773,0
48772,0
48771,0
48770,0
48769,0
48768,0
48767,0
48766,0
48765,0
48764,0
48763,0
48762,0
48761,0
48760,0
48759,0
48758,0
48757,0
48756,0
48755,0
48754,0
48753,0
48752,0
48751,0
48750,0
48749,0
48748,0
48747,0
48746,0
48745,0
48744,0
48743,0
48742,0
48741,0
48740,0
48739,0
48738,0
48737,0
48736,0
48735,0
48734,0
48733,0
48732,0
48731,0
48730,0
48729,0
48728,0
48727,0
48726,0
48725,0
48724,0
48723,0
48722,0
48721,0
48720,0
48719,0
48718,0
48717,0
48716,0
48715,0
48714,0
48713,0
48712,0
48711,0
48710,0
48709,0
48708,0
48707,0
48706,0
48705,0
48704,0
48703,0
48702,0
48701,0
48700,0
48699,0
48698,0
48697,0
48696,0
48695,0
48694,0
48693,0
48692,0
48691,0
48690,0
48689,0
48688,0
48687,0
48686,0
48685,0
48684,0
48683,0
48682,0
48681,0
48680,0
48679,0
48678,0
48677,0
48676,0
48675,0
48674,0
48673,0
48672,0
48671,0
48670,0
48669,0
48668,0
48667,0
48666,0
48665,0
48664,0
48663,0
48662,0
48661,0
48660,0
48659,0
48658,0
48657,0
48656,0
48655,0
48654,0
48653,0
48652,0
48651,0
48650,0
48649,0
48648,0
48647,0
48646,0
48645,0
48644,0
48643,0
48642,0
48641,0
48640,0
48639,0
48638,0
48637,0
48636,0
48635,0
48634,0
48633,0
48632,0
48631,0
48630,0
48629,0
48628,0
48627,0
48626,0
48625,0
48624,0
48623,0
48622,0
48621,0
48620,0
48619,0
48618,0
48617,0
48616,0
48615,0
48614,0
48613,0
48612,0
48611,0
48610,0
48609,0
48608,0
48607,0
48606,0
48605,0
48604,0
48603,0
48602,0
48601,0
48600,0
48599,0
48598,0
48597,0
48596,0
48595,0
48594,0
48593,0
48592,0
48591,0
48590,0
48589,0
48588,0
48587,0
48586,0
48585,0
48584,0
48583,0
48582,0
48581,0
48580,0
48579,0
48578,0
48577,0
48576,0
48575,0
48574,0
48573,0
48572,0
48571,0
48570,0
48569,0
48568,0
48567,0
48566,0
48565,0
48564,0
48563,0
48562,0
48561,0
48560,0
48559,0
48558,0
48557,0
48556,0
48555,0
48554,0
48553,0
48552,0
48551,0
48550,0
48549,0
48548,0
48547,0
48546,0
48545,0
48544,0
48543,0
48542,0
48541,0
48540,0
48539,0
48538,0
48537,0
48536,0
48535,0
48534,0
48533,0
48532,0
48531,0
48530,0
48529,0
48528,0
48527,0
48526,0
48525,0
48524,0
48523,0
48522,0
48521,0
48520,0
48519,0
48518,0
48517,0
48516,0
48515,0
48514,0
48513,0
48512,0
48511,0
48510,0
48509,0
48508,0
48507,0
48506,0
48505,0
48504,0
48503,0
48502,0
48501,0
48500,0
48499,0
48498,0
48497,0
48496,0
48495,0
48494,0
48493,0
48492,0
48491,0
48490,0
48489,0
48488,0
48487,0
48486,0
48485,0
48484,0
48483,0
48482,0
48481,0
48480,0
48479,0
48478,0
48477,0
48476,0
48475,0
48474,0
48473,0
48472,0
48471,0
48470,0
48469,0
48468,0
48467,0
48466,0
48465,0
48464,0
48463,0
48462,0
48461,0
48460,0
48459,0
48458,0
48457,0
48456,0
48455,0
48454,0
48453,0
48452,0
48451,0
48450,0
48449,0
48448,0
48447,0
48446,0
48445,0
48444,0
48443,0
48442,0
48441,0
48440,0
48439,0
48438,0
48437,0
48436,0
48435,0
48434,0
48433,0
48432,0
48431,0
48430,0
48429,0
48428,0
48427,0
48426,0
48425,0
48424,0
48423,0
48422,0
48421,0
48420,0
48419,0
48418,0
48417,0
48416,0
48415,0
48414,0
48413,0
48412,0
48411,0
48410,0
48409,0
48408,0
48407,0
48406,0
48405,0
48404,0
48403,0
48402,0
48401,0
48400,0
48399,0
48398,0
48397,0
48396,0
48395,0
48394,0
48393,0
48392,0
48391,0
48390,0
48389,0
48388,0
48387,0
48386,0
48385,0
48384,0
48383,0
48382,0
48381,0
48380,0
48379,0
48378,0
48377,0
48376,0
48375,0
48374,0
48373,0
48372,0
48371,0
48370,0
48369,0
48368,0
48367,0
48366,0
48365,0
48364,0
48363,0
48362,0
48361,0
48360,0
48359,0
48358,0
48357,0
48356,0
48355,0
48354,0
48353,0
48352,0
48351,0
48350,0
48349,0
48348,0
48347,0
48346,0
48345,0
48344,0
48343,0
48342,0
48341,0
48340,0
48339,0
48338,0
48337,0
48336,0
48335,0
48334,0
48333,0
48332,0
48331,0
48330,0
48329,0
48328,0
48327,0
48326,0
48325,0
48324,0
48323,0
48322,0
48321,0
48320,0
48319,0
48318,0
48317,0
48316,0
48315,0
48314,0
48313,0
48312,0
48311,0
48310,0
48309,0
48308,0
48307,0
48306,0
48305,0
48304,0
48303,0
48302,0
48301,0
48300,0
48299,0
48298,0
48297,0
48296,0
48295,0
48294,0
48293,0
48292,0
48291,0
48290,0
48289,0
48288,0
48287,0
48286,0
48285,0
48284,0
48283,0
48282,0
48281,0
48280,0
48279,0
48278,0
48277,0
48276,0
48275,0
48274,0
48273,0
48272,0
48271,0
48270,0
48269,0
48268,0
48267,0
48266,0
48265,0
48264,0
48263,0
48262,0
48261,0
48260,0
48259,0
48258,0
48257,0
48256,0
48255,0
48254,0
48253,0
48252,0
48251,0
48250,0
48249,0
48248,0
48247,0
48246,0
48245,0
48244,0
48243,0
48242,0
48241,0
48240,0
48239,0
48238,0
48237,0
48236,0
48235,0
48234,0
48233,0
48232,0
48231,0
48230,0
48229,0
48228,0
48227,0
48226,0
48225,0
48224,0
48223,0
48222,0
48221,0
48220,0
48219,0
48218,0
48217,0
48216,0
48215,0
48214,0
48213,0
48212,0
48211,0
48210,0
48209,0
48208,0
48207,0
48206,0
48205,0
48204,0
48203,0
48202,0
48201,0
48200,0
48199,0
48198,0
48197,0
48196,0
48195,0
48194,0
48193,0
48192,0
48191,0
48190,0
48189,0
48188,0
48187,0
48186,0
48185,0
48184,0
48183,0
48182,0
48181,0
48180,0
48179,0
48178,0
48177,0
48176,0
48175,0
48174,0
48173,0
48172,0
48171,0
48170,0
48169,0
48168,0
48167,0
48166,0
48165,0
48164,0
48163,0
48162,0
48161,0
48160,0
48159,0
48158,0
48157,0
48156,0
48155,0
48154,0
48153,0
48152,0
48151,0
48150,0
48149,0
48148,0
48147,0
48146,0
48145,0
48144,0
48143,0
48142,0
48141,0
48140,0
48139,0
48138,0
48137,0
48136,0
48135,0
48134,0
48133,0
48132,0
48131,0
48130,0
48129,0
48128,0
48127,0
48126,0
48125,0
48124,0
48123,0
48122,0
48121,0
48120,0
48119,0
48118,0
48117,0
48116,0
48115,0
48114,0
48113,0
48112,0
48111,0
48110,0
48109,0
48108,0
48107,0
48106,0
48105,0
48104,0
48103,0
48102,0
48101,0
48100,0
48099,0
48098,0
48097,0
48096,0
48095,0
48094,1.32607601507942e-05
48093,1.32963279842292e-05
48092,1.33319755234329e-05
48091,1.33677028981783e-05
48090,1.34035102383079e-05
48089,1.34393976737322e-05
48088,1.34753653344296e-05
48087,1.35114133504464e-05
48086,1.35475418518959e-05
48085,1.35837509689583e-05
48084,1.36200408318801e-05
48083,1.36564115709736e-05
48082,1.36928633166171e-05
48081,1.37293961992535e-05
48080,1.37660103493911e-05
48079,1.3802705897602e-05
48078,1.38394829745221e-05
48077,1.38763417108516e-05
48076,1.39132822373527e-05
48075,1.39503046848514e-05
48074,1.3987409184235e-05
48073,1.40245958664529e-05
48072,1.40618648625163e-05
48071,1.40992163034966e-05
48070,1.41366503205268e-05
48069,1.41741670447991e-05
48068,1.42117666075655e-05
48067,1.42494491401381e-05
48066,1.42872147738866e-05
48065,1.43250636402402e-05
48064,1.43629958706855e-05
48063,1.44010115967665e-05
48062,1.44391109500849e-05
48061,1.44772940622985e-05
48060,1.45155610651217e-05
48059,1.45514715004961e-05
48058,1.4587457254116e-05
48057,1.46235184454487e-05
48056,1.46596551940459e-05
48055,1.46958676195456e-05
48054,1.47321558416696e-05
48053,1.47685199802249e-05
48052,1.4804960155103e-05
48051,1.48414764862791e-05
48050,1.4878069093813e-05
48049,1.49147380978477e-05
48048,1.49514836186095e-05
48047,1.49883057764087e-05
48046,1.50252046916376e-05
48045,1.50621804847722e-05
48044,1.50992332763704e-05
48043,1.51363631870721e-05
48042,1.51735703376002e-05
48041,1.52108548487581e-05
48040,1.52482168414318e-05
48039,1.52854194764743e-05
48038,1.53227009989715e-05
48037,1.53600615408014e-05
48036,1.539750123396e-05
48035,1.5435020210562e-05
48034,1.54726186028403e-05
48033,1.55102965431455e-05
48032,1.55480541639465e-05
48031,1.55858915978287e-05
48030,1.56238089774959e-05
48029,1.56618064357684e-05
48028,1.56998841055837e-05
48027,1.57380421199963e-05
48026,1.57762806121763e-05
48025,1.58145997154108e-05
48024,1.58529995631031e-05
48023,1.58914802887718e-05
48022,1.5930042026052e-05
48021,1.5968684908693e-05
48020,1.60074090705605e-05
48019,1.6046855913721e-05
48018,1.60863884303581e-05
48017,1.61260067697902e-05
48016,1.61657110814836e-05
48015,1.620550151505e-05
48014,1.62453782202477e-05
48013,1.62853413469811e-05
48012,1.63253910453e-05
48011,1.63655274654005e-05
48010,1.64057507576234e-05
48009,1.64460610724549e-05
48008,1.64864585605259e-05
48007,1.65269433726118e-05
48006,1.65675156596332e-05
48005,1.6608175572654e-05
48004,1.66489232628823e-05
48003,1.668975888167e-05
48002,1.67306825805121e-05
48001,1.67716945110477e-05
48000,1.68127948250579e-05
47999,1.68506529088424e-05
47998,1.68885898203898e-05
47997,1.69266056987094e-05
47996,1.69647006829668e-05
47995,1.70028749124848e-05
47994,1.70411285267425e-05
47993,1.70794616653754e-05
47992,1.71178744681757e-05
47991,1.71563670750908e-05
47990,1.71949396262249e-05
47989,1.72335922618376e-05
47988,1.72723251223447e-05
47987,1.73111383483172e-05
47986,1.73500320804812e-05
47985,1.73890064597186e-05
47984,1.74280616270663e-05
47983,1.7467197723716e-05
47982,1.75064148910147e-05
47981,1.75457132704631e-05
47980,1.75850930037172e-05
47979,1.76261832722315e-05
47978,1.76673616201291e-05
47977,1.77086282054566e-05
47976,1.77499831864354e-05
47975,1.77914267214606e-05
47974,1.78329589691011e-05
47973,1.78745800880998e-05
47972,1.79162902373723e-05
47971,1.79580895760087e-05
47970,1.79999782632709e-05
47969,1.80419564585942e-05
47968,1.80840243215863e-05
47967,1.81261820120272e-05
47966,1.81684296898697e-05
47965,1.82107675152378e-05
47964,1.82531956484276e-05
47963,1.82957142499065e-05
47962,1.8338323480313e-05
47961,1.83810235004575e-05
47960,1.84238144713205e-05
47959,1.84640897366534e-05
47958,1.85044483679292e-05
47957,1.85448905135525e-05
47956,1.85854163220967e-05
47955,1.86260259423055e-05
47954,1.86667195230913e-05
47953,1.87074972135357e-05
47952,1.87483591628896e-05
47951,1.87893055205718e-05
47950,1.88303364361702e-05
47949,1.88714520594412e-05
47948,1.8912652540309e-05
47947,1.89539380288665e-05
47946,1.89953086753733e-05
47945,1.90367646302579e-05
47944,1.90783060441155e-05
47943,1.9119933067709e-05
47942,1.91616458519686e-05
47941,1.92034445479906e-05
47940,1.92453293070388e-05
47939,1.92890612808793e-05
47938,1.93328863940293e-05
47937,1.9376804814846e-05
47936,1.94208167118746e-05
47935,1.94649222538458e-05
47934,1.95091216096771e-05
47933,1.95534149484722e-05
47932,1.95978024395203e-05
47931,1.96422842522971e-05
47930,1.96868605564629e-05
47929,1.97315315218633e-05
47928,1.97762973185289e-05
47927,1.98211581166744e-05
47926,1.98661140866999e-05
47925,1.99111653991886e-05
47924,1.99563122249078e-05
47923,2.00015547348084e-05
47922,2.00468931000243e-05
47921,2.0092327491873e-05
47920,2.0137858081854e-05
47919,2.01825871452994e-05
47918,2.02274068987857e-05
47917,2.02723174936944e-05
47916,2.03173190815474e-05
47915,2.03624118140086e-05
47914,2.0407595842882e-05
47913,2.04528713201125e-05
47912,2.04982383977853e-05
47911,2.05436972281247e-05
47910,2.05892479634955e-05
47909,2.06348907564017e-05
47908,2.06806257594865e-05
47907,2.07264531255322e-05
47906,2.07723730074587e-05
47905,2.08183855583254e-05
47904,2.08644909313291e-05
47903,2.09106892798046e-05
47902,2.09569807572244e-05
47901,2.10033655171974e-05
47900,2.10498437134702e-05
47899,2.109830789696e-05
47898,2.11468689026583e-05
47897,2.11955268794803e-05
47896,2.12442819764387e-05
47895,2.12931343426453e-05
47894,2.13420841273091e-05
47893,2.13911314797366e-05
47892,2.14402765493315e-05
47891,2.14895194855931e-05
47890,2.15388604381181e-05
47889,2.15882995565987e-05
47888,2.16378369908225e-05
47887,2.16874728906728e-05
47886,2.17372074061267e-05
47885,2.17870406872569e-05
47884,2.18369728842296e-05
47883,2.18870041473048e-05
47882,2.19371346268363e-05
47881,2.198736447327e-05
47880,2.20376938371452e-05
47879,2.20871107561488e-05
47878,2.2136621897415e-05
47877,2.21862273943912e-05
47876,2.22359273805877e-05
47875,2.22857219895798e-05
47874,2.23356113550049e-05
47873,2.23855956105636e-05
47872,2.24356748900198e-05
47871,2.24858493271985e-05
47870,2.2536119055988e-05
47869,2.25864842103369e-05
47868,2.26369449242554e-05
47867,2.26875013318153e-05
47866,2.27381535671475e-05
47865,2.27889017644447e-05
47864,2.28397460579582e-05
47863,2.28906865819987e-05
47862,2.29417234709372e-05
47861,2.29928568592019e-05
47860,2.30440868812808e-05
47859,2.30943467141245e-05
47858,2.31446980330761e-05
47857,2.31951409572047e-05
47856,2.32456756056144e-05
47855,2.32963020974437e-05
47854,2.33470205518657e-05
47853,2.33978310880874e-05
47852,2.34487338253493e-05
47851,2.34997288829256e-05
47850,2.35508163801229e-05
47849,2.36019964362811e-05
47848,2.36532691707719e-05
47847,2.37046347029992e-05
47846,2.37560931523986e-05
47845,2.38076446384369e-05
47844,2.3859289280612e-05
47843,2.39110271984521e-05
47842,2.3962858511516e-05
47841,2.40147833393924e-05
47840,2.40668018016995e-05
47839,2.41189140180848e-05
47838,2.41711201082247e-05
47837,2.42234201918242e-05
47836,2.42758143886164e-05
47835,2.43283028183624e-05
47834,2.43808856008509e-05
47833,2.44335628558974e-05
47832,2.44863347033446e-05
47831,2.45392012630616e-05
47830,2.45921626549434e-05
47829,2.4645218998911e-05
47828,2.46983704149107e-05
47827,2.47516170229139e-05
47826,2.48049589429167e-05
47825,2.48583962949395e-05
47824,2.49119291990266e-05
47823,2.49655577752462e-05
47822,2.50192821436894e-05
47821,2.50731024244706e-05
47820,2.51270187377264e-05
47819,2.51808851354765e-05
47818,2.52348449732982e-05
47817,2.52888983578275e-05
47816,2.53430453956901e-05
47815,2.53972861934984e-05
47814,2.54516208578529e-05
47813,2.55060494953416e-05
47812,2.55605722125379e-05
47811,2.56151891160033e-05
47810,2.56699003122835e-05
47809,2.57247059079111e-05
47808,2.57796060094037e-05
47807,2.58346007232629e-05
47806,2.58896901559759e-05
47805,2.59448744140128e-05
47804,2.60001536038281e-05
47803,2.60555278318598e-05
47802,2.61109972045277e-05
47801,2.61665618282354e-05
47800,2.62222218093675e-05
47799,2.62746402232857e-05
47798,2.63271440457954e-05
47797,2.63797333702051e-05
47796,2.64324082898218e-05
47795,2.64851688979488e-05
47794,2.65380152878866e-05
47793,2.65909475529321e-05
47792,2.66439657863783e-05
47791,2.66970700815155e-05
47790,2.67502605316283e-05
47789,2.68035372299976e-05
47788,2.68569002698991e-05
47787,2.69103497446033e-05
47786,2.69638857473762e-05
47785,2.70175083714773e-05
47784,2.70712177101603e-05
47783,2.71250138566727e-05
47782,2.71788969042554e-05
47781,2.72328669461431e-05
47780,2.72869240755626e-05
47779,2.73363567216282e-05
47778,2.73858621167363e-05
47777,2.74354403318315e-05
47776,2.74850914378511e-05
47775,2.7534815505728e-05
47774,2.7584612606388e-05
47773,2.76344828107507e-05
47772,2.76844261897302e-05
47771,2.77344428142325e-05
47770,2.77845327551584e-05
47769,2.78346960834005e-05
47768,2.78849328698443e-05
47767,2.7935243185369e-05
47766,2.79856271008446e-05
47765,2.8036084687135e-05
47764,2.8086616015095e-05
47763,2.81372211555715e-05
47762,2.81879001794037e-05
47761,2.82386531574213e-05
47760,2.82894801604465e-05
47759,2.83403812592916e-05
47758,2.83913565247598e-05
47757,2.84424060276464e-05
47756,2.84935298387352e-05
47755,2.85447280288024e-05
47754,2.85960006686131e-05
47753,2.86473478289221e-05
47752,2.86987695804754e-05
47751,2.8750265994007e-05
47750,2.88018371402418e-05
47749,2.88534830898928e-05
47748,2.89052039136621e-05
47747,2.89569996822413e-05
47746,2.90088704663098e-05
47745,2.90608163365365e-05
47744,2.91128373635773e-05
47743,2.91649336180766e-05
47742,2.92171051706674e-05
47741,2.9269352091969e-05
47740,2.93216744525895e-05
47739,2.93704547536142e-05
47738,2.94193017806283e-05
47737,2.94682155954653e-05
47736,2.95171962599573e-05
47735,2.95662438359348e-05
47734,2.9615358385227e-05
47733,2.96645399696611e-05
47732,2.97137886510625e-05
47731,2.97631044912547e-05
47730,2.98124875520588e-05
47729,2.98619378952938e-05
47728,2.99114555827762e-05
47727,2.996104067632e-05
47726,3.00106932377365e-05
47725,3.00604133288338e-05
47724,3.01102010114175e-05
47723,3.01600563472898e-05
47722,3.02099793982495e-05
47721,3.02599702260922e-05
47720,3.03100288926099e-05
47719,3.03516157612384e-05
47718,3.03932547440807e-05
47717,3.04349458925604e-05
47716,3.04766892581198e-05
47715,3.05184848922178e-05
47714,3.05603328463312e-05
47713,3.06022331719539e-05
47712,3.06441859205971e-05
47711,3.06861911437901e-05
47710,3.07282488930784e-05
47709,3.07703592200249e-05
47708,3.08125221762095e-05
47707,3.08547378132287e-05
47706,3.0897006182697e-05
47705,3.09393273362444e-05
47704,3.09817013255181e-05
47703,3.10241282021819e-05
47702,3.10666080179157e-05
47701,3.1109140824417e-05
47700,3.11517266733986e-05
47699,3.11966468857741e-05
47698,3.12416216845474e-05
47697,3.12866511164711e-05
47696,3.13317352283025e-05
47695,3.13768740668002e-05
47694,3.14220676787265e-05
47693,3.14673161108461e-05
47692,3.15126194099262e-05
47691,3.15579776227377e-05
47690,3.1603390796053e-05
47689,3.16488589766472e-05
47688,3.16943822112978e-05
47687,3.17399605467843e-05
47686,3.17855940298895e-05
47685,3.1831282707397e-05
47684,3.18770266260931e-05
47683,3.19228258327658e-05
47682,3.19686803742047e-05
47681,3.20145902972025e-05
47680,3.2060555648552e-05
47679,3.21038903824962e-05
47678,3.21472745312302e-05
47677,3.21907081343764e-05
47676,3.22341912315572e-05
47675,3.22777238623983e-05
47674,3.23213060665263e-05
47673,3.23649378835694e-05
47672,3.24086193531575e-05
47671,3.24523505149209e-05
47670,3.24961314084923e-05
47669,3.25399620735054e-05
47668,3.25838425495948e-05
47667,3.26277728763969e-05
47666,3.26717530935478e-05
47665,3.2715783240686e-05
47664,3.27598633574502e-05
47663,3.28039934834803e-05
47662,3.28481736584172e-05
47661,3.28924039219015e-05
47660,3.29366843135754e-05
47659,3.29782692631773e-05
47658,3.30198985857669e-05
47657,3.30615723145977e-05
47656,3.31032904829227e-05
47655,3.31450531239972e-05
47654,3.31868602710758e-05
47653,3.32287119574143e-05
47652,3.32706082162701e-05
47651,3.33125490808996e-05
47650,3.33545345845615e-05
47649,3.33965647605137e-05
47648,3.34386396420148e-05
47647,3.34807592623247e-05
47646,3.35229236547025e-05
47645,3.35651328524087e-05
47644,3.36073868887034e-05
47643,3.36496857968466e-05
47642,3.36920296100999e-05
47641,3.37344183617232e-05
47640,3.37768520849783e-05
47639,3.38204996139336e-05
47638,3.38641931602936e-05
47637,3.39079327557782e-05
47636,3.39517184321008e-05
47635,3.39955502209713e-05
47634,3.40394281540939e-05
47633,3.40833522631674e-05
47632,3.41273225798869e-05
47631,3.41713391359408e-05
47630,3.42154019630137e-05
47629,3.4259511092784e-05
47628,3.43036665569249e-05
47627,3.43478683871053e-05
47626,3.43921166149871e-05
47625,3.44364112722285e-05
47624,3.44807523904809e-05
47623,3.45251400013903e-05
47622,3.45695741365982e-05
47621,3.46140548277388e-05
47620,3.46585821064424e-05
47619,3.47014754318384e-05
47618,3.47444109188293e-05
47617,3.4787388592568e-05
47616,3.48304084781984e-05
47615,3.48734706008559e-05
47614,3.4916574985667e-05
47613,3.49597216577496e-05
47612,3.50029106422124e-05
47611,3.50461419641555e-05
47610,3.50894156486699e-05
47609,3.51327317208375e-05
47608,3.51760902057313e-05
47607,3.52194911284153e-05
47606,3.52629345139443e-05
47605,3.53064203873638e-05
47604,3.53499487737103e-05
47603,3.53935196980109e-05
47602,3.54371331852835e-05
47601,3.54807892605366e-05
47600,3.55244879487695e-05
47599,3.55635891941624e-05
47598,3.56027238759546e-05
47597,3.56418920099961e-05
47596,3.56810936121293e-05
47595,3.57203286981862e-05
47594,3.57595972839905e-05
47593,3.57988993853567e-05
47592,3.58382350180899e-05
47591,3.58776041979877e-05
47590,3.59170069408371e-05
47589,3.59564432624165e-05
47588,3.59959131784952e-05
47587,3.60354167048329e-05
47586,3.60749538571815e-05
47585,3.61145246512824e-05
47584,3.61541291028682e-05
47583,3.61937672276622e-05
47582,3.62334390413781e-05
47581,3.62731445597217e-05
47580,3.63128837983878e-05
47579,3.63573820518476e-05
47578,3.64019233939394e-05
47577,3.64465078494375e-05
47576,3.64911354431062e-05
47575,3.65358061996993e-05
47574,3.65805201439603e-05
47573,3.66252773006221e-05
47572,3.66700776944072e-05
47571,3.67149213500274e-05
47570,3.67598082921841e-05
47569,3.6804738545568e-05
47568,3.68497121348591e-05
47567,3.68947290847267e-05
47566,3.69397894198293e-05
47565,3.69848931648147e-05
47564,3.70300403443196e-05
47563,3.70752309829702e-05
47562,3.71204651053813e-05
47561,3.71657427361571e-05
47560,3.72110638998905e-05
47559,3.72546271703186e-05
47558,3.72982298769845e-05
47557,3.73418720392359e-05
47556,3.7385553676409e-05
47555,3.74292748078254e-05
47554,3.74730354527946e-05
47553,3.75168356306133e-05
47552,3.75606753605634e-05
47551,3.76045546619154e-05
47550,3.76484735539248e-05
47549,3.76924320558352e-05
47548,3.77364301868768e-05
47547,3.77804679662651e-05
47546,3.7824545413204e-05
47545,3.7868662546882e-05
47544,3.79128193864757e-05
47543,3.79570159511481e-05
47542,3.80012522600471e-05
47541,3.8045528332309e-05
47540,3.80898441870548e-05
47539,3.81298781680294e-05
47538,3.81699452194251e-05
47537,3.82100453570729e-05
47536,3.82501785967983e-05
47535,3.82903449544187e-05
47534,3.8330544445745e-05
47533,3.83707770865815e-05
47532,3.84110428927248e-05
47531,3.84513418799663e-05
47530,3.84916740640886e-05
47529,3.85320394608685e-05
47528,3.85724380860753e-05
47527,3.86128699554709e-05
47526,3.86533350848118e-05
47525,3.86938334898458e-05
47524,3.87343651863143e-05
47523,3.87749301899515e-05
47522,3.8815528516484e-05
47521,3.88561601816328e-05
47520,3.88968252011102e-05
47519,3.89368989493968e-05
47518,3.89770093030667e-05
47517,3.90171562864884e-05
47516,3.9057339924032e-05
47515,3.90975602400667e-05
47514,3.91378172589629e-05
47513,3.91781110050914e-05
47512,3.9218441502822e-05
47511,3.92588087765263e-05
47510,3.92992128505745e-05
47509,3.9339653749338e-05
47508,3.93801314971886e-05
47507,3.94206461184965e-05
47506,3.9461197637634e-05
47505,3.95017860789715e-05
47504,3.95424114668808e-05
47503,3.95830738257335e-05
47502,3.96237731798997e-05
47501,3.96645095537516e-05
47500,3.97052829716589e-05
47499,3.97473467740942e-05
47498,3.97894479703085e-05
47497,3.98315865825831e-05
47496,3.98737626331978e-05
47495,3.99159761444272e-05
47494,3.99582271385442e-05
47493,4.0000515637818e-05
47492,4.00428416645132e-05
47491,4.00852052408928e-05
47490,4.01276063892144e-05
47489,4.01700451317337e-05
47488,4.02125214907025e-05
47487,4.02550354883679e-05
47486,4.02975871469753e-05
47485,4.03401764887646e-05
47484,4.03828035359733e-05
47483,4.04254683108353e-05
47482,4.04681708355794e-05
47481,4.05109111324325e-05
47480,4.0553689223616e-05
47479,4.05939891234549e-05
47478,4.06343266946466e-05
47477,4.06747019641631e-05
47476,4.07151149589806e-05
47475,4.07555657060755e-05
47474,4.07960542324272e-05
47473,4.08365805650173e-05
47472,4.08771447308276e-05
47471,4.09177467568439e-05
47470,4.09583866700517e-05
47469,4.09990644974397e-05
47468,4.10397802659983e-05
47467,4.10805340027182e-05
47466,4.11213257345936e-05
47465,4.11621554886183e-05
47464,4.12030232917893e-05
47463,4.1243929171105e-05
47462,4.12848731535636e-05
47461,4.1325855266167e-05
47460,4.13668755359165e-05
47459,4.1405896213131e-05
47458,4.14449497111322e-05
47457,4.14840360498591e-05
47456,4.15231552492516e-05
47455,4.15623073292473e-05
47454,4.16014923097835e-05
47453,4.16407102107966e-05
47452,4.1679961052222e-05
47451,4.17192448539954e-05
47450,4.17585616360502e-05
47449,4.17979114183197e-05
47448,4.18372942207358e-05
47447,4.18767100632292e-05
47446,4.19161589657313e-05
47445,4.19556409481706e-05
47444,4.19951560304752e-05
47443,4.20347042325725e-05
47442,4.20742855743878e-05
47441,4.21139000758472e-05
47440,4.21535477568739e-05
47439,4.21965718441043e-05
47438,4.22396344534836e-05
47437,4.228273560931e-05
47436,4.23258753358816e-05
47435,4.23690536574921e-05
47434,4.24122705984341e-05
47433,4.2455526182998e-05
47432,4.24988204354703e-05
47431,4.25421533801369e-05
47430,4.25855250412791e-05
47429,4.26289354431774e-05
47428,4.26723846101095e-05
47427,4.2715872566349e-05
47426,4.27593993361689e-05
47425,4.28029649438375e-05
47424,4.28465694136218e-05
47423,4.2890212769786e-05
47422,4.29338950365901e-05
47421,4.29776162382933e-05
47420,4.30213763991497e-05
47419,4.30617769550414e-05
47418,4.31022111556218e-05
47417,4.31426790207761e-05
47416,4.3183180570389e-05
47415,4.3223715824342e-05
47414,4.32642848025153e-05
47413,4.33048875247873e-05
47412,4.33455240110337e-05
47411,4.338619428113e-05
47410,4.34268983549484e-05
47409,4.34676362523594e-05
47408,4.35084079932316e-05
47407,4.35492135974309e-05
47406,4.35900530848231e-05
47405,4.36309264752699e-05
47404,4.36718337886317e-05
47403,4.37127750447668e-05
47402,4.37537502635308e-05
47401,4.37947594647783e-05
47400,4.38358026683607e-05
47399,4.38759363872489e-05
47398,4.39160995193214e-05
47397,4.39562920773816e-05
47396,4.39965140742267e-05
47395,4.40367655226504e-05
47394,4.40770464354411e-05
47393,4.41173568253821e-05
47392,4.41576967052522e-05
47391,4.41980660878241e-05
47390,4.42384649858666e-05
47389,4.42788934121432e-05
47388,4.43193513794125e-05
47387,4.43598389004283e-05
47386,4.44003559879381e-05
47385,4.44409026546856e-05
47384,4.44814789134092e-05
47383,4.4522084776842e-05
47382,4.45627202577126e-05
47381,4.46033853687431e-05
47380,4.46440801226516e-05
47379,4.46895639075792e-05
47378,4.47350834063506e-05
47377,4.47806386337077e-05
47376,4.48262296043839e-05
47375,4.48718563331e-05
47374,4.49175188345674e-05
47373,4.49632171234866e-05
47372,4.50089512145471e-05
47371,4.50547211224294e-05
47370,4.51005268618019e-05
47369,4.51463684473228e-05
47368,4.51922458936396e-05
47367,4.52381592153888e-05
47366,4.52841084271975e-05
47365,4.53300935436808e-05
47364,4.53761145794432e-05
47363,4.54221715490788e-05
47362,4.54682644671701e-05
47361,4.55143933482906e-05
47360,4.55605582070011e-05
47359,4.56032038680895e-05
47358,4.56458802084736e-05
47357,4.56885872395822e-05
47356,4.57313249728346e-05
47355,4.57740934196435e-05
47354,4.58168925914133e-05
47353,4.58597224995404e-05
47352,4.59025831554135e-05
47351,4.5945474570412e-05
47350,4.59883967559086e-05
47349,4.60313497232674e-05
47348,4.60743334838447e-05
47347,4.61173480489888e-05
47346,4.61603934300387e-05
47345,4.62034696383266e-05
47344,4.6246576685176e-05
47343,4.62897145819025e-05
47342,4.63328833398139e-05
47341,4.63760829702079e-05
47340,4.64193134843762e-05
47339,4.64602478359599e-05
47338,4.65012092121457e-05
47337,4.6542197620877e-05
47336,4.65832130700868e-05
47335,4.66242555677018e-05
47334,4.66653251216386e-05
47333,4.67064217398057e-05
47332,4.67475454301042e-05
47331,4.67886962004251e-05
47330,4.68298740586527e-05
47329,4.68710790126615e-05
47328,4.69123110703174e-05
47327,4.69535702394791e-05
47326,4.69948565279951e-05
47325,4.70361699437074e-05
47324,4.70775104944474e-05
47323,4.71188781880386e-05
47322,4.7160273032297e-05
47321,4.72016950350282e-05
47320,4.72431442040311e-05
47319,4.72846205470945e-05
47318,4.73261240719987e-05
47317,4.73676547865166e-05
47316,4.74092126984107e-05
47315,4.74507978154367e-05
47314,4.74924101453402e-05
47313,4.75340496958581e-05
47312,4.75757164747199e-05
47311,4.76174104896446e-05
47310,4.76591317483446e-05
47309,4.77008802585216e-05
47308,4.77426560278689e-05
47307,4.77844590640726e-05
47306,4.78262893748076e-05
47305,4.78681469677426e-05
47304,4.79100318505353e-05
47303,4.79519440308351e-05
47302,4.7993883516284e-05
47301,4.8035850314513e-05
47300,4.80778444331462e-05
47299,4.81185616875456e-05
47298,4.81593052411185e-05
47297,4.82000751022803e-05
47296,4.82408712794379e-05
47295,4.82816937809942e-05
47294,4.83225426153438e-05
47293,4.83634177908752e-05
47292,4.84043193159724e-05
47291,4.84452471990105e-05
47290,4.84862014483606e-05
47289,4.85271820723857e-05
47288,4.85681890794426e-05
47287,4.86092224778832e-05
47286,4.86502822760507e-05
47285,4.86913684822844e-05
47284,4.87324811049153e-05
47283,4.87736201522679e-05
47282,4.88147856326621e-05
47281,4.8855977554409e-05
47280,4.88971959258155e-05
47279,4.89346901317156e-05
47278,4.89722062099278e-05
47277,4.90097441666783e-05
47276,4.9047304008189e-05
47275,4.90848857406772e-05
47274,4.91224893703558e-05
47273,4.91601149034333e-05
47272,4.91977623461137e-05
47271,4.92354317045964e-05
47270,4.92731229850764e-05
47269,4.93108361937442e-05
47268,4.93485713367857e-05
47267,4.93863284203826e-05
47266,4.94241074507117e-05
47265,4.94619084339454e-05
47264,4.94997313762517e-05
47263,4.95375762837939e-05
47262,4.95754431627309e-05
47261,4.96133320192168e-05
47260,4.96512428594015e-05
47259,4.96878560320789e-05
47258,4.97244906679736e-05
47257,4.97611467741651e-05
47256,4.97978243577294e-05
47255,4.98345234257394e-05
47254,4.98712439852648e-05
47253,4.99079860433721e-05
47252,4.99447496071245e-05
47251,4.99815346835822e-05
47250,5.00183412798018e-05
47249,5.00551694028369e-05
47248,5.00920190597378e-05
47247,5.01288902575517e-05
47246,5.01657830033221e-05
47245,5.02026973040897e-05
47244,5.02396331668916e-05
47243,5.02765905987619e-05
47242,5.03135696067311e-05
47241,5.03505701978267e-05
47240,5.03875923790726e-05
47239,5.04143161224825e-05
47238,5.0441054126745e-05
47237,5.04678063975917e-05
47236,5.04945729407557e-05
47235,5.05213537619678e-05
47234,5.05481488669593e-05
47233,5.05749582614608e-05
47232,5.06017819512021e-05
47231,5.06286199419142e-05
47230,5.06554722393262e-05
47229,5.06823388491669e-05
47228,5.07092197771652e-05
47227,5.07361150290487e-05
47226,5.07630246105463e-05
47225,5.07899485273849e-05
47224,5.08168867852914e-05
47223,5.08438393899923e-05
47222,5.08708063472132e-05
47221,5.08977876626807e-05
47220,5.09247833421196e-05
47219,5.09543483864074e-05
47218,5.09839321734304e-05
47217,5.10135347124401e-05
47216,5.10431560126902e-05
47215,5.10727960834312e-05
47214,5.11024549339154e-05
47213,5.11321325733943e-05
47212,5.11618290111177e-05
47211,5.11915442563367e-05
47210,5.12212783183002e-05
47209,5.12510312062581e-05
47208,5.12808029294596e-05
47207,5.13105934971523e-05
47206,5.13404029185851e-05
47205,5.13702312030044e-05
47204,5.14000783596576e-05
47203,5.14299443977918e-05
47202,5.14598293266518e-05
47201,5.14897331554842e-05
47200,5.15196558935325e-05
47199,5.15469871668813e-05
47198,5.1574340256887e-05
47197,5.16017151774735e-05
47196,5.16291119425681e-05
47195,5.16565305660963e-05
47194,5.16839710619864e-05
47193,5.17114334441671e-05
47192,5.17389177265664e-05
47191,5.17664239231154e-05
47190,5.17939520477433e-05
47189,5.18215021143818e-05
47188,5.18490741369634e-05
47187,5.18766681294195e-05
47186,5.19042841056844e-05
47185,5.19319220796906e-05
47184,5.1959582065373e-05
47183,5.1987264076667e-05
47182,5.20149681275071e-05
47181,5.20426942318303e-05
47180,5.20704424035719e-05
47179,5.20994989814744e-05
47178,5.21285759672101e-05
47177,5.21576733721324e-05
47176,5.21867912075971e-05
47175,5.22159294849572e-05
47174,5.22450882155673e-05
47173,5.22742674107817e-05
47172,5.23034670819526e-05
47171,5.23326872404343e-05
47170,5.23619278975784e-05
47169,5.23911890647378e-05
47168,5.24204707532652e-05
47167,5.24497729745111e-05
47166,5.2479095739828e-05
47165,5.25084390605655e-05
47164,5.25378029480749e-05
47163,5.25671874137066e-05
47162,5.25965924688092e-05
47161,5.26260181247329e-05
47160,5.26554643928254e-05
47159,5.26822213327943e-05
47158,5.27089940209511e-05
47157,5.27357824644791e-05
47156,5.27625866705631e-05
47155,5.27894066463854e-05
47154,5.28162423991287e-05
47153,5.28430939359749e-05
47152,5.28699612641051e-05
47151,5.28968443907013e-05
47150,5.29237433229435e-05
47149,5.29506580680116e-05
47148,5.29775886330851e-05
47147,5.30045350253422e-05
47146,5.30314972519625e-05
47145,5.30584753201232e-05
47144,5.30854692370014e-05
47143,5.31124790097737e-05
47142,5.31395046456157e-05
47141,5.31665461517041e-05
47140,5.31936035352131e-05
47139,5.32339835177671e-05
47138,5.32743908233846e-05
47137,5.33148254642847e-05
47136,5.33552874526801e-05
47135,5.33957768007818e-05
47134,5.34362935207954e-05
47133,5.34768376249221e-05
47132,5.35174091253613e-05
47131,5.35580080343057e-05
47130,5.35986343639463e-05
47129,5.36392881264685e-05
47128,5.36799693340535e-05
47127,5.37206779988802e-05
47126,5.37614141331211e-05
47125,5.38021777489469e-05
47124,5.38429688585223e-05
47123,5.3883787474008e-05
47122,5.39246336075622e-05
47121,5.39655072713365e-05
47120,5.4006408477481e-05
47119,5.40420187116737e-05
47118,5.40776527533664e-05
47117,5.41133106141203e-05
47116,5.41489923054942e-05
47115,5.41846978390447e-05
47114,5.42204272263259e-05
47113,5.42561804788896e-05
47112,5.42919576082851e-05
47111,5.43277586260594e-05
47110,5.4363583543757e-05
47109,5.439943237292e-05
47108,5.44353051250878e-05
47107,5.44712018117977e-05
47106,5.45071224445843e-05
47105,5.45430670349796e-05
47104,5.45790355945133e-05
47103,5.46150281347123e-05
47102,5.46510446671011e-05
47101,5.46870852032017e-05
47100,5.47231497545334e-05
47099,5.47769135339681e-05
47098,5.48307218569192e-05
47097,5.48845747457118e-05
47096,5.49384722226605e-05
47095,5.4992414310064e-05
47094,5.50464010302096e-05
47093,5.5100432405371e-05
47092,5.51545084578069e-05
47091,5.52086292097648e-05
47090,5.52627946834764e-05
47089,5.53170049011615e-05
47088,5.53712598850263e-05
47087,5.54255596572614e-05
47086,5.54799042400463e-05
47085,5.55342936555441e-05
47084,5.55887279259061e-05
47083,5.56432070732696e-05
47082,5.56977311197561e-05
47081,5.57523000874755e-05
47080,5.58069139985215e-05
47079,5.58603337628315e-05
47078,5.5913799204443e-05
47077,5.59673103485667e-05
47076,5.60208672204028e-05
47075,5.60744698451357e-05
47074,5.61281182479389e-05
47073,5.61818124539722e-05
47072,5.62355524883808e-05
47071,5.62893383762986e-05
47070,5.6343170142844e-05
47069,5.63970478131235e-05
47068,5.64509714122303e-05
47067,5.65049409652421e-05
47066,5.65589564972253e-05
47065,5.66130180332305e-05
47064,5.6667125598296e-05
47063,5.67212792174465e-05
47062,5.67754789156909e-05
47061,5.68297247180267e-05
47060,5.68840166494349e-05
47059,5.69498289583548e-05
47058,5.70157095351882e-05
47057,5.70816584253076e-05
47056,5.71476756740527e-05
47055,5.72137613267344e-05
47054,5.72799154286314e-05
47053,5.73461380249912e-05
47052,5.74124291610306e-05
47051,5.74787888819325e-05
47050,5.75452172328501e-05
47049,5.76117142589036e-05
47048,5.76782800051814e-05
47047,5.77449145167398e-05
47046,5.7811617838601e-05
47045,5.78783900157562e-05
47044,5.79452310931629e-05
47043,5.80121411157458e-05
47042,5.8079120128397e-05
47041,5.81461681759732e-05
47040,5.82132853032995e-05
47039,5.82921919590762e-05
47038,5.83711945430793e-05
47037,5.84502931289608e-05
47036,5.85294877903068e-05
47035,5.86087786006375e-05
47034,5.86881656334067e-05
47033,5.87676489620014e-05
47032,5.88472286597414e-05
47031,5.89269047998788e-05
47030,5.90066774555978e-05
47029,5.90865467000142e-05
47028,5.9166512606175e-05
47027,5.92465752470578e-05
47026,5.93267346955708e-05
47025,5.94069910245521e-05
47024,5.94873443067692e-05
47023,5.95677946149191e-05
47022,5.96483420216273e-05
47021,5.97289865994476e-05
47020,5.9809728420862e-05
47019,5.98993773158458e-05
47018,5.99891430416161e-05
47017,6.00790256892391e-05
47016,6.01690253496708e-05
47015,6.02591421137601e-05
47014,6.03493760722452e-05
47013,6.04397273157542e-05
47012,6.05301959348052e-05
47011,6.06207820198024e-05
47010,6.07114856610401e-05
47009,6.0802306948699e-05
47008,6.08932459728465e-05
47007,6.09843028234367e-05
47006,6.1075477590307e-05
47005,6.11667703631818e-05
47004,6.12581812316686e-05
47003,6.13497102852587e-05
47002,6.14413576133269e-05
47001,6.15331233051283e-05
47000,6.16250074498015e-05
46999,6.17260261043875e-05
46998,6.18271850196919e-05
46997,6.19284843056966e-05
46996,6.20299240722144e-05
46995,6.21315044288835e-05
46994,6.22332254851703e-05
46993,6.23350873503674e-05
46992,6.243709013359e-05
46991,6.25392339437802e-05
46990,6.26415188897002e-05
46989,6.27439450799365e-05
46988,6.28465126228969e-05
46987,6.29492216268072e-05
46986,6.30520721997155e-05
46985,6.31550644494855e-05
46984,6.32581984838006e-05
46983,6.33614744101606e-05
46982,6.34648923358792e-05
46981,6.35684523680872e-05
46980,6.36721546137268e-05
46979,6.37817897148412e-05
46978,6.38915774959763e-05
46977,6.4001518065177e-05
46976,6.41116115302638e-05
46975,6.42218579988316e-05
46974,6.43322575782487e-05
46973,6.44428103756565e-05
46972,6.45535164979672e-05
46971,6.4664376051864e-05
46970,6.47753891437995e-05
46969,6.48865558799949e-05
46968,6.49978763664389e-05
46967,6.51093507088865e-05
46966,6.52209790128585e-05
46965,6.533276138364e-05
46964,6.54446979262796e-05
46963,6.55567887455885e-05
46962,6.56690339461391e-05
46961,6.57814336322644e-05
46960,6.58939879080568e-05
46959,6.60173387239207e-05
46958,6.6140868536679e-05
46957,6.6264577461988e-05
46956,6.63884656151634e-05
46955,6.65125331111833e-05
46954,6.66367800646842e-05
46953,6.67612065899604e-05
46952,6.68858128009627e-05
46951,6.70105988112955e-05
46950,6.71355647342184e-05
46949,6.7260710682643e-05
46948,6.73860367691317e-05
46947,6.75115431058973e-05
46946,6.76372298047991e-05
46945,6.7763096977345e-05
46944,6.78891447346882e-05
46943,6.80153731876262e-05
46942,6.81417824466002e-05
46941,6.82683726216907e-05
46940,6.83951438226209e-05
46939,6.85281192971567e-05
46938,6.86612888904173e-05
46937,6.87946527115883e-05
46936,6.8928210869425e-05
46935,6.90619634722464e-05
46934,6.91959106279372e-05
46933,6.9330052443945e-05
46932,6.94643890272784e-05
46931,6.95989204845083e-05
46930,6.97336469217619e-05
46929,6.98685684447246e-05
46928,7.00036851586371e-05
46927,7.01389971682937e-05
46926,7.02745045780435e-05
46925,7.04102074917845e-05
46924,7.05461060129652e-05
46923,7.06822002445822e-05
46922,7.0818490289178e-05
46921,7.09549762488423e-05
46920,7.10916582252065e-05
46919,7.12285363194445e-05
46918,7.13656106322714e-05
46917,7.15028812639399e-05
46916,7.16403483142434e-05
46915,7.17780118825085e-05
46914,7.19158720675974e-05
46913,7.20539289679053e-05
46912,7.21921826813586e-05
46911,7.23306333054154e-05
46910,7.24692809370606e-05
46909,7.26081256728067e-05
46908,7.27471676086917e-05
46907,7.28864068402771e-05
46906,7.30258434626488e-05
46905,7.31654775704117e-05
46904,7.3305309257691e-05
46903,7.34453386181296e-05
46902,7.35855657448862e-05
46901,7.37259907306369e-05
46900,7.38666136675686e-05
46899,7.40200179010089e-05
46898,7.41736490625681e-05
46897,7.43275072382756e-05
46896,7.44815925134675e-05
46895,7.46359049727852e-05
46894,7.47904447001732e-05
46893,7.49452117788773e-05
46892,7.5100206291442e-05
46891,7.52554283197098e-05
46890,7.54108779448183e-05
46889,7.55665552471984e-05
46888,7.57224603065726e-05
46887,7.58785932019531e-05
46886,7.60349540116395e-05
46885,7.61915428132174e-05
46884,7.63483596835558e-05
46883,7.65054046988059e-05
46882,7.66626779343984e-05
46881,7.68201794650423e-05
46880,7.69779093647225e-05
46879,7.71388971843368e-05
46878,7.7300129658062e-05
46877,7.74616068898521e-05
46876,7.76233289828659e-05
46875,7.77852960394708e-05
46874,7.79475081612351e-05
46873,7.81099654489275e-05
46872,7.82726680025174e-05
46871,7.84356159211665e-05
46870,7.85988093032328e-05
46869,7.87622482462624e-05
46868,7.89259328469899e-05
46867,7.90898632013376e-05
46866,7.9254039404408e-05
46865,7.94184615504873e-05
46864,7.95831297330375e-05
46863,7.97480440446964e-05
46862,7.99132045772774e-05
46861,8.00786114217612e-05
46860,8.02442646683002e-05
46859,8.04046996110054e-05
46858,8.05653655717507e-05
46857,8.0726262631187e-05
46856,8.08873908692283e-05
46855,8.1048750365049e-05
46854,8.1210341197082e-05
46853,8.13721634430166e-05
46852,8.15342171797962e-05
46851,8.16965024836163e-05
46850,8.18590194299224e-05
46849,8.2021768093408e-05
46848,8.21847485480118e-05
46847,8.23479608669166e-05
46846,8.25114051225466e-05
46845,8.26750813865648e-05
46844,8.28389897298722e-05
46843,8.30031302226041e-05
46842,8.31675029341292e-05
46841,8.3332107933047e-05
46840,8.34969452871854e-05
46839,8.36665141536988e-05
46838,8.38363325254022e-05
46837,8.40064004864866e-05
46836,8.41767181202523e-05
46835,8.43472855091136e-05
46834,8.45181027345896e-05
46833,8.46891698773041e-05
46832,8.48604870169858e-05
46831,8.50320542324596e-05
46830,8.52038716016505e-05
46829,8.53759392015751e-05
46828,8.55482571083418e-05
46827,8.57208253971498e-05
46826,8.58936441422816e-05
46825,8.60667134171063e-05
46824,8.62400332940713e-05
46823,8.64136038447021e-05
46822,8.65874251396022e-05
46821,8.67614972484445e-05
46820,8.69358202399755e-05
46819,8.7113968252491e-05
46818,8.72923880280715e-05
46817,8.74710796661402e-05
46816,8.76500432650207e-05
46815,8.78292789219384e-05
46814,8.80087867330129e-05
46813,8.81885667932558e-05
46812,8.83686191965674e-05
46811,8.854894403573e-05
46810,8.87295414024086e-05
46809,8.89104113871448e-05
46808,8.9091554079353e-05
46807,8.92729695673182e-05
46806,8.94546579381882e-05
46805,8.96366192779761e-05
46804,8.9818853671552e-05
46803,9.00013612026409e-05
46802,9.01841419538197e-05
46801,9.03671960065098e-05
46800,9.0550523440979e-05
46799,9.07173698017564e-05
46798,9.08844396957365e-05
46797,9.10517331750872e-05
46796,9.12192502911997e-05
46795,9.13869910946794e-05
46794,9.15549556353491e-05
46793,9.17231439622454e-05
46792,9.18915561236126e-05
46791,9.2060192166908e-05
46790,9.22290521387917e-05
46789,9.23981360851309e-05
46788,9.25674440509955e-05
46787,9.27369760806526e-05
46786,9.29067322175714e-05
46785,9.30767125044129e-05
46784,9.32469169830349e-05
46783,9.34173456944868e-05
46782,9.35879986790046e-05
46781,9.37588759760152e-05
46780,9.39299776241273e-05
46779,9.41084447315364e-05
46778,9.42871491884614e-05
46777,9.44660910207211e-05
46776,9.46452702532136e-05
46775,9.48246869099142e-05
46774,9.50043410138732e-05
46773,9.51842325872133e-05
46772,9.53643616511277e-05
46771,9.55447282258777e-05
46770,9.57253323307904e-05
46769,9.59061739842566e-05
46768,9.60872532037285e-05
46767,9.62685700057172e-05
46766,9.64501244057907e-05
46765,9.66319164185717e-05
46764,9.68139460577353e-05
46763,9.69962133360066e-05
46762,9.71787182651586e-05
46761,9.73614608560101e-05
46760,9.7544441118423e-05
46759,9.77099426485534e-05
46758,9.78756355576715e-05
46757,9.8041519845182e-05
46756,9.82075955098597e-05
46755,9.83738625498532e-05
46754,9.85403209626803e-05
46753,9.87069707452276e-05
46752,9.88738118937501e-05
46751,9.90408444038666e-05
46750,9.92080682705633e-05
46749,9.937548348819e-05
46748,9.95430900504586e-05
46747,9.97108879504434e-05
46746,9.98788771805764e-05
46745,0.000100047057732651
46744,0.000100215429597818
46743,0.000100383992766584
46742,0.000100552747228811
46741,0.000100721692973715
46740,0.000100890829989866
46739,0.000101053771373005
46738,0.00010121689030502
46737,0.000101380186774983
46736,0.000101543660771401
46735,0.000101707312282223
46734,0.00010187114129483
46733,0.000102035147796041
46732,0.000102199331772108
46731,0.000102363693208718
46730,0.000102528232090989
46729,0.000102692948403472
46728,0.000102857842130145
46727,0.000103022913254421
46726,0.000103188161759135
46725,0.000103353587626554
46724,0.00010351919083837
46723,0.000103684971375698
46722,0.000103850929219083
46721,0.000104017064348486
46720,0.000104183376743297
46719,0.000104346314205467
46718,0.000104509411952372
46717,0.000104672669939232
46716,0.00010483608812076
46715,0.000104999666451165
46714,0.000105163404884149
46713,0.000105327303372905
46712,0.000105491361870122
46711,0.000105655580327978
46710,0.000105819958698143
46709,0.000105984496931777
46708,0.00010614919497953
46707,0.000106314052791542
46706,0.00010647907031744
46705,0.000106644247506342
46704,0.00010680958430685
46703,0.000106975080667054
46702,0.000107140736534531
46701,0.000107306551856344
46700,0.000107472526579038
46699,0.000107617732435307
46698,0.000107763062484555
46697,0.000107908516696507
46696,0.000108054095040581
46695,0.000108199797485892
46694,0.000108345624001253
46693,0.00010849157455517
46692,0.000108637649115846
46691,0.000108783847651174
46690,0.000108930170128746
46689,0.000109076616515847
46688,0.000109223186779453
46687,0.000109369880886238
46686,0.000109516698802563
46685,0.000109663640494485
46684,0.000109810705927753
46683,0.000109957895067808
46682,0.000110105207879781
46681,0.000110252644328495
46680,0.000110400204378465
46679,0.000110534368693527
46678,0.000110668635199337
46677,0.000110803003869083
46676,0.000110937474675744
46675,0.000111072047592085
46674,0.00011120672259066
46673,0.00011134149964381
46672,0.000111476378723662
46671,0.000111611359802133
46670,0.000111746442850924
46669,0.000111881627841524
46668,0.000112016914745209
46667,0.000112152303533038
46666,0.00011228779417586
46665,0.000112423386644308
46664,0.0001125590809088
46663,0.00011269487693954
46662,0.000112830774706518
46661,0.000112966774179508
46660,0.000113102875328069
46659,0.000113231256394962
46658,0.000113359730592967
46657,0.000113488297900555
46656,0.000113616958296017
46655,0.000113745711757467
46654,0.000113874558262841
46653,0.000114003497789896
46652,0.000114132530316208
46651,0.000114261655819178
46650,0.000114390874276025
46649,0.000114520185663788
46648,0.000114649589959331
46647,0.000114779087139331
46646,0.000114908677180292
46645,0.000115038360058533
46644,0.000115168135750194
46643,0.000115298004231239
46642,0.000115427965477442
46641,0.000115558019464406
46640,0.000115688166167546
46639,0.000115784570680449
46638,0.000115881024981741
46637,0.000115977529060183
46636,0.000116074082904491
46635,0.000116170686503322
46634,0.000116267339845284
46633,0.00011636404291893
46632,0.000116460795712761
46631,0.000116557598215224
46630,0.000116654450414713
46629,0.000116751352299569
46628,0.000116848303858082
46627,0.000116945305078485
46626,0.000117042355948961
46625,0.000117139456457636
46624,0.000117236606592588
46623,0.000117333806341838
46622,0.000117431055693353
46621,0.00011752835463505
46620,0.000117625703154788
46619,0.000117716075814352
46618,0.000117806491272099
46617,0.000117896949518345
46616,0.000117987450543371
46615,0.000118077994337416
46614,0.000118168580890679
46613,0.000118259210193318
46612,0.000118349882235452
46611,0.000118440597007161
46610,0.000118531354498485
46609,0.000118622154699421
46608,0.00011871299759993
46607,0.000118803883189928
46606,0.000118894811459297
46605,0.000118985782397874
46604,0.000119076795995457
46603,0.000119167852241805
46602,0.000119258951126634
46601,0.000119350092639626
46600,0.000119441276770414
46599,0.000119505069577239
46598,0.000119568882418786
46597,0.000119632715290766
46596,0.000119696568188883
46595,0.000119760441108827
46594,0.000119824334046284
46593,0.000119888246996928
46592,0.000119952179956423
46591,0.000120016132920426
46590,0.000120080105884582
46589,0.000120144098844527
46588,0.00012020811179589
46587,0.000120272144734288
46586,0.000120336197655332
46585,0.000120400270554617
46584,0.000120464363427736
46583,0.000120528476270271
46582,0.000120592609077789
46581,0.000120656761845854
46580,0.000120720934570019
46579,0.000120771781659529
46578,0.000120822640721322
46577,0.000120873511752346
46576,0.000120924394749546
46575,0.00012097528970986
46574,0.000121026196630227
46573,0.000121077115507577
46572,0.000121128046338839
46571,0.000121178989120935
46570,0.000121229943850786
46569,0.000121280910525308
46568,0.000121331889141411
46567,0.000121382879696004
46566,0.000121433882185989
46565,0.000121484896608264
46564,0.000121535922959727
46563,0.000121586961237266
46562,0.000121638011437771
46561,0.000121689073558121
46560,0.000121740147595197
46559,0.000121775977464988
46558,0.000121811813467431
46557,0.000121847655601735
46556,0.000121883503867106
46555,0.000121919358262751
46554,0.000121955218787875
46553,0.000121991085441683
46552,0.000122026958223378
46551,0.000122062837132162
46550,0.000122098722167239
46549,0.000122134613327807
46548,0.000122170510613068
46547,0.00012220641402222
46546,0.000122242323554461
46545,0.000122278239208989
46544,0.000122314160985
46543,0.000122350088881689
46542,0.000122386022898251
46541,0.00012242196303388
46540,0.000122457909287768
46539,0.000122485750840306
46538,0.00012251359672667
46537,0.000122541446946635
46536,0.000122569301499979
46535,0.000122597160386473
46534,0.000122625023605895
46533,0.000122652891158019
46532,0.000122680763042618
46531,0.000122708639259466
46530,0.000122736519808334
46529,0.000122764404688997
46528,0.000122792293901226
46527,0.000122820187444792
46526,0.000122848085319468
46525,0.000122875987525022
46524,0.000122903894061226
46523,0.00012293180492785
46522,0.000122959720124661
46521,0.000122987639651431
46520,0.000123015563507926
46519,0.000123044405107298
46518,0.0001230732506148
46517,0.000123102100030009
46516,0.000123130953352506
46515,0.000123159810581865
46514,0.000123188671717664
46513,0.000123217536759483
46512,0.000123246405706894
46511,0.000123275278559476
46510,0.000123304155316803
46509,0.00012333303597845
46508,0.000123361920543994
46507,0.000123390809013008
46506,0.000123419701385067
46505,0.000123448597659743
46504,0.000123477497836611
46503,0.000123506401915244
46502,0.000123535309895214
46501,0.000123564221776094
46500,0.000123593137557456
46499,0.000123605774182902
46498,0.000123618412877567
46497,0.000123631053641479
46496,0.000123643696474663
46495,0.000123656341377147
46494,0.000123668988348958
46493,0.000123681637390122
46492,0.000123694288500667
46491,0.000123706941680618
46490,0.00012371959693
46489,0.00012373225424884
46488,0.000123744913637165
46487,0.000123757575094999
46486,0.000123770238622368
46485,0.000123782904219296
46484,0.000123795571885809
46483,0.000123808241621933
46482,0.000123820913427692
46481,0.000123833587303109
46480,0.00012384626324821
46479,0.000123861645854477
46478,0.000123877029559278
46477,0.000123892414362435
46476,0.000123907800263768
46475,0.000123923187263099
46474,0.000123938575360249
46473,0.000123953964555039
46472,0.000123969354847291
46471,0.000123984746236824
46470,0.000124000138723459
46469,0.000124015532307018
46468,0.000124030926987321
46467,0.00012404632276419
46466,0.000124061719637444
46465,0.000124077117606903
46464,0.000124092516672389
46463,0.000124107916833721
46462,0.000124123318090721
46461,0.000124138720443207
46460,0.000124154123891001
46459,0.000124176778436588
46458,0.00012419943524283
46457,0.000124222094309313
46456,0.000124244755635625
46455,0.000124267419221351
46454,0.000124290085066078
46453,0.000124312753169392
46452,0.000124335423530877
46451,0.000124358096150121
46450,0.000124380771026708
46449,0.000124403448160223
46448,0.00012442612755025
46447,0.000124448809196374
46446,0.000124471493098181
46445,0.000124494179255254
46444,0.000124516867667177
46443,0.000124539558333534
46442,0.000124562251253907
46441,0.000124584946427881
46440,0.000124607643855039
46439,0.000124644872409659
46438,0.000124682106997231
46437,0.000124719347616353
46436,0.000124756594265621
46435,0.000124793846943631
46434,0.000124831105648976
46433,0.00012486837038025
46432,0.000124905641136044
46431,0.000124942917914948
46430,0.000124980200715553
46429,0.000125017489536445
46428,0.000125054784376212
46427,0.00012509208523344
46426,0.000125129392106712
46425,0.000125166704994612
46424,0.000125204023895723
46423,0.000125241348808624
46422,0.000125278679731895
46421,0.000125316016664116
46420,0.000125353359603862
46419,0.000125389798672612
46418,0.000125426243790341
46417,0.000125462694956166
46416,0.000125499152169204
46415,0.000125535615428571
46414,0.00012557208473338
46413,0.000125608560082746
46412,0.000125645041475782
46411,0.000125681528911599
46410,0.000125718022389308
46409,0.00012575452190802
46408,0.000125791027466843
46407,0.000125827539064885
46406,0.000125864056701255
46405,0.000125900580375057
46404,0.000125937110085399
46403,0.000125973645831384
46402,0.000126010187612116
46401,0.000126046735426697
46400,0.00012608328927423
46399,0.0001261271618535
46398,0.000126171043117369
46397,0.000126214933064282
46396,0.000126258831692677
46395,0.000126302739000995
46394,0.000126346654987673
46393,0.000126390579651144
46392,0.000126434512989843
46391,0.000126478455002201
46390,0.000126522405686647
46389,0.000126566365041609
46388,0.000126610333065512
46387,0.00012665430975678
46386,0.000126698295113834
46385,0.000126742289135096
46384,0.000126786291818982
46383,0.000126830303163907
46382,0.000126874323168288
46381,0.000126918351830535
46380,0.00012696238914906
46379,0.000127029365147777
46378,0.000127096360333195
46377,0.000127163374698345
46376,0.000127230408236252
46375,0.000127297460939926
46374,0.000127364532802368
46373,0.000127431623816569
46372,0.000127498733975507
46371,0.000127565863272153
46370,0.000127633011699461
46369,0.000127700179250381
46368,0.000127767365917848
46367,0.000127834571694787
46366,0.000127901796574114
46365,0.00012796904054873
46364,0.000128036303611529
46363,0.000128103585755394
46362,0.000128170886973195
46361,0.000128238207257794
46360,0.000128305546602037
46359,0.000128381193341692
46358,0.000128456863679689
46357,0.000128532557603886
46356,0.000128608275102124
46355,0.000128684016162223
46354,0.000128759780771986
46353,0.000128835568919192
46352,0.000128911380591605
46351,0.000128987215776968
46350,0.000129063074463002
46349,0.000129138956637413
46348,0.000129214862287884
46347,0.000129290791402081
46346,0.000129366743967647
46345,0.00012944271997221
46344,0.000129518719403376
46343,0.000129594742248731
46342,0.000129670788495843
46341,0.000129746858132259
46340,0.000129822951145508
46339,0.000129908311770135
46338,0.000129993701844472
46337,0.000130079121344095
46336,0.000130164570244533
46335,0.000130250048521276
46334,0.000130335556149767
46333,0.000130421093105409
46332,0.000130506659363562
46331,0.000130592254899543
46330,0.000130677879688627
46329,0.000130763533706045
46328,0.000130849216926984
46327,0.000130934929326593
46326,0.000131020670879972
46325,0.000131106441562184
46324,0.000131192241348246
46323,0.000131278070213132
46322,0.000131363928131777
46321,0.000131449815079067
46320,0.000131535731029853
46319,0.000131644120486361
46318,0.000131752555721232
46317,0.000131861036690901
46316,0.000131969563351717
46315,0.000132078135659931
46314,0.000132186753571708
46313,0.00013229541704312
46312,0.000132404126030145
46311,0.000132512880488673
46310,0.000132621680374501
46309,0.000132730525643335
46308,0.00013283941625079
46307,0.000132948352152389
46306,0.000133057333303565
46305,0.000133166359659657
46304,0.000133275431175915
46303,0.000133384547807498
46302,0.000133493709509471
46301,0.000133602916236812
46300,0.000133712167944403
46299,0.000133837478087818
46298,0.00013396284722906
46297,0.000134088275296038
46296,0.00013421376221649
46295,0.000134339307917992
46294,0.000134464912327952
46293,0.000134590575373609
46292,0.000134716296982041
46291,0.000134842077080155
46290,0.000134967915594696
46289,0.000135093812452239
46288,0.000135219767579193
46287,0.000135345780901806
46286,0.000135471852346153
46285,0.000135597981838148
46284,0.000135724169303537
46283,0.000135850414667899
46282,0.000135976717856651
46281,0.000136103078795038
46280,0.000136229497408147
46279,0.000136370271116645
46278,0.000136511116651052
46277,0.000136652033923956
46276,0.000136793022847733
46275,0.000136934083334541
46274,0.000137075215296327
46273,0.000137216418644823
46272,0.000137357693291547
46271,0.000137499039147803
46270,0.000137640456124681
46269,0.000137781944133058
46268,0.000137923503083595
46267,0.00013806513288674
46266,0.000138206833452729
46265,0.000138348604691583
46264,0.000138490446513109
46263,0.000138632358826899
46262,0.000138774341542333
46261,0.000138916394568578
46260,0.000139058517814586
46259,0.000139214230409902
46258,0.000139370030329681
46257,0.000139525917477768
46256,0.000139681891757745
46255,0.000139837953072929
46254,0.000139994101326378
46253,0.000140150336420886
46252,0.000140306658258985
46251,0.000140463066742942
46250,0.000140619561774766
46249,0.0001407761432562
46248,0.000140932811088724
46247,0.000141089565173559
46246,0.00014124640541166
46245,0.00014140333170372
46244,0.000141560343950171
46243,0.00014171744205118
46242,0.000141874625906654
46241,0.000142031895416235
46240,0.000142189250479303
46239,0.000142361329677795
46238,0.000142533513709428
46237,0.000142705802453247
46236,0.000142878195787925
46235,0.000143050693591775
46234,0.000143223295742744
46233,0.000143396002118415
46232,0.000143568812596008
46231,0.000143741727052372
46230,0.000143914745363998
46229,0.00014408786740701
46228,0.000144261093057164
46227,0.000144434422189857
46226,0.000144607854680115
46225,0.0001447813904026
46224,0.000144955029231613
46223,0.000145128771041085
46222,0.000145302615704586
46221,0.000145476563095314
46220,0.000145650613086109
46219,0.00014585627541776
46218,0.000146062081029612
46217,0.000146268029712541
46216,0.000146474121256706
46215,0.000146680355451563
46214,0.000146886732085853
46213,0.000147093250947606
46212,0.000147299911824147
46211,0.000147506714502084
46210,0.000147713658767318
46209,0.000147920744405039
46208,0.000148127971199724
46207,0.000148335338935141
46206,0.000148542847394345
46205,0.000148750496359683
46204,0.000148958285612788
46203,0.00014916621493458
46202,0.000149374284105273
46201,0.000149582492904364
46200,0.000149790841110642
46199,0.000150008203051367
46198,0.000150225712748397
46197,0.000150443369934845
46196,0.000150661174342968
46195,0.000150879125704179
46194,0.000151097223749041
46193,0.000151315468207266
46192,0.000151533858807719
46191,0.000151752395278414
46190,0.000151971077346517
46189,0.000152189904738345
46188,0.000152408877179366
46187,0.000152627994394202
46186,0.00015284725610662
46185,0.000153066662039545
46184,0.00015328621191505
46183,0.000153505905454361
46182,0.000153725742377858
46181,0.000153945722405066
46180,0.00015416584525467
46179,0.000154410400941708
46178,0.000154655132780721
46177,0.000154900040387239
46176,0.000155145123375505
46175,0.00015539038135848
46174,0.000155635813947841
46173,0.000155881420753983
46172,0.000156127201386016
46171,0.00015637315545177
46170,0.000156619282557791
46169,0.000156865582309341
46168,0.000157112054310405
46167,0.000157358698163682
46166,0.000157605513470591
46165,0.000157852499831272
46164,0.000158099656844581
46163,0.000158346984108096
46162,0.000158594481218114
46161,0.000158842147769654
46160,0.000159089983356453
46159,0.000159354415367133
46158,0.000159619039155932
46157,0.000159883854228478
46156,0.000160148860088744
46155,0.000160414056239061
46154,0.000160679442180108
46153,0.000160945017410916
46152,0.00016121078142887
46151,0.000161476733729706
46150,0.000161742873807516
46149,0.000162009201154746
46148,0.000162275715262195
46147,0.000162542415619022
46146,0.000162809301712736
46145,0.000163076373029207
46144,0.000163343629052663
46143,0.000163611069265689
46142,0.000163878693149229
46141,0.000164146500182586
46140,0.000164414489843424
46139,0.000164691800203792
46138,0.0001649693004285
46137,0.000165246989911483
46136,0.000165524868044787
46135,0.000165802934218573
46134,0.000166081187821116
46133,0.000166359628238806
46132,0.000166638254856152
46131,0.000166917067055784
46130,0.000167196064218447
46129,0.000167475245723013
46128,0.000167754610946473
46127,0.000168034159263943
46126,0.000168313890048668
46125,0.000168593802672016
46124,0.000168873896503487
46123,0.000169154170910708
46122,0.00016943462525944
46121,0.000169715258913577
46120,0.000169996071235147
46119,0.000170310082404987
46118,0.00017062432241728
46117,0.000170938790415402
46116,0.000171253485539847
46115,0.000171568406928237
46114,0.00017188355371532
46113,0.000172198925032968
46112,0.000172514520010188
46111,0.000172830337773115
46110,0.000173146377445023
46109,0.000173462638146319
46108,0.000173779118994553
46107,0.000174095819104416
46106,0.000174412737587738
46105,0.000174729873553501
46104,0.000175047226107833
46103,0.000175364794354016
46102,0.000175682577392484
46101,0.000176000574320825
46100,0.000176318784233789
46099,0.000176644331242598
46098,0.000176970112106939
46097,0.000177296125904847
46096,0.000177622371711208
46095,0.000177948848597756
46094,0.00017827555563308
46093,0.000178602491882622
46092,0.000178929656408682
46091,0.000179257048270421
46090,0.000179584666523857
46089,0.000179912510221876
46088,0.000180240578414224
46087,0.000180568870147517
46086,0.000180897384465244
46085,0.00018122612040776
46084,0.000181555077012299
46083,0.000181884253312967
46082,0.000182213648340752
46081,0.000182543261123524
46080,0.000182873090686035
46079,0.000183227875137067
46078,0.000183582923175457
46077,0.000183938233622683
46076,0.000184293805295873
46075,0.000184649637007827
46074,0.000185005727566999
46073,0.000185362075777515
46072,0.000185718680439168
46071,0.000186075540347421
46070,0.000186432654293414
46069,0.000186790021063962
46068,0.000187147639441557
46067,0.00018750550820438
46066,0.000187863626126289
46065,0.000188221991976836
46064,0.000188580604521264
46063,0.000188939462520505
46062,0.000189298564731196
46061,0.000189657909905667
46060,0.000190017496791959
46059,0.000190384950407801
46058,0.000190752670108423
46057,0.00019112065457429
46056,0.000191488902480878
46055,0.000191857412498687
46054,0.000192226183293234
46053,0.000192595213525063
46052,0.000192964501849745
46051,0.000193334046917876
46050,0.000193703847375088
46049,0.000194073901862051
46048,0.00019444420901447
46047,0.000194814767463095
46046,0.000195185575833716
46045,0.000195556632747178
46044,0.000195927936819376
46043,0.000196299486661257
46042,0.000196671280878835
46041,0.000197043318073177
46040,0.000197415596840423
46039,0.000197805447790873
46038,0.000198195567668953
46037,0.000198585954853975
46036,0.000198976607719161
46035,0.000199367524631636
46034,0.000199758703952438
46033,0.000200150144036523
46032,0.000200541843232767
46031,0.000200933799883975
46030,0.00020132601232688
46029,0.000201718478892156
46028,0.000202111197904417
46027,0.000202504167682223
46026,0.000202897386538093
46025,0.000203290852778497
46024,0.000203684564703876
46023,0.000204078520608638
46022,0.000204472718781168
46021,0.000204867157503835
46020,0.000205261835052991
46019,0.000205665775781485
46018,0.000206069961625994
46017,0.000206474390722213
46016,0.000206879061199312
46015,0.000207283971179953
46014,0.000207689118780292
46013,0.000208094502109988
46012,0.000208500119272212
46011,0.000208905968363656
46010,0.000209312047474536
46009,0.000209718354688607
46008,0.000210124888083168
46007,0.000210531645729071
46006,0.000210938625690728
46005,0.000211345826026124
46004,0.000211753244786821
46003,0.000212160880017971
46002,0.000212568729758324
46001,0.000212976792040236
46000,0.000213385064889679
45999,0.000213784761918171
45998,0.000214184648649223
45997,0.000214584723213449
45996,0.000214984983735876
45995,0.000215385428335944
45994,0.000215786055127519
45993,0.000216186862218905
45992,0.000216587847712846
45991,0.000216989009706549
45990,0.000217390346291678
45989,0.000217791855554377
45988,0.000218193535575278
45987,0.000218595384429503
45986,0.000218997400186684
45985,0.000219399580910969
45984,0.000219801924661034
45983,0.000220204429490095
45982,0.000220607093445913
45981,0.000221009914570814
45980,0.000221412890901691
45979,0.000221816264155282
45978,0.000222219779810624
45977,0.00022262343587932
45976,0.000223027230367808
45975,0.000223431161277366
45974,0.000223835226604126
45973,0.000224239424339088
45972,0.000224643752468129
45971,0.00022504820897202
45970,0.000225452791826433
45969,0.000225857499001959
45968,0.000226262328464121
45967,0.000226667278173378
45966,0.000227072346085154
45965,0.000227477530149833
45964,0.000227882828312787
45963,0.000228288238514384
45962,0.000228693758689996
45961,0.000229099386770022
45960,0.000229505120679896
45959,0.000229892797791032
45958,0.000230280551739081
45957,0.000230668380681987
45956,0.00023105628277391
45955,0.00023144425616525
45954,0.000231832299002648
45953,0.000232220409429005
45952,0.00023260858558349
45951,0.000232996825601554
45950,0.000233385127614947
45949,0.000233773489751722
45948,0.000234161910136256
45947,0.000234550386889258
45946,0.000234938918127781
45945,0.000235327501965239
45944,0.000235716136511418
45943,0.000236104819872488
45942,0.000236493550151018
45941,0.000236882325445986
45940,0.000237271143852797
45939,0.000237650742792649
45938,0.000238030379421983
45937,0.000238410051959625
45936,0.000238789758621197
45935,0.000239169497619132
45934,0.000239549267162685
45933,0.000239929065457942
45932,0.000240308890707841
45931,0.000240688741112172
45930,0.000241068614867603
45929,0.000241448510167678
45928,0.000241828425202841
45927,0.000242208358160443
45926,0.000242588307224755
45925,0.000242968270576985
45924,0.000243348246395281
45923,0.000243728232854752
45922,0.000244108228127482
45921,0.000244488230382534
45920,0.000244868237785973
45919,0.00024522042720347
45918,0.000245572610494366
45917,0.000245924786178326
45916,0.000246276952772939
45915,0.000246629108793725
45914,0.000246981252754145
45913,0.000247333383165615
45912,0.000247685498537507
45911,0.000248037597377169
45910,0.000248389678189927
45909,0.000248741739479095
45908,0.000249093779745989
45907,0.000249445797489932
45906,0.000249797791208268
45905,0.000250149759396368
45904,0.000250501700547642
45903,0.000250853613153549
45902,0.000251205495703602
45901,0.000251557346685389
45900,0.00025190916458457
45899,0.00025223327551009
45898,0.000252557363534752
45897,0.000252881427481477
45896,0.000253205466171737
45895,0.000253529478425563
45894,0.000253853463061553
45893,0.000254177418896874
45892,0.000254501344747271
45891,0.000254825239427077
45890,0.000255149101749213
45889,0.000255472930525199
45888,0.000255796724565159
45887,0.000256120482677827
45886,0.000256444203670556
45885,0.000256767886349321
45884,0.000257091529518731
45883,0.000257415131982027
45882,0.0002577386925411
45881,0.000258062209996487
45880,0.000258385683147386
45879,0.000258672344561293
45878,0.0002589589769557
45877,0.000259245579496151
45876,0.000259532151347289
45875,0.000259818691672873
45874,0.000260105199635768
45873,0.000260391674397959
45872,0.000260678115120552
45871,0.000260964520963774
45870,0.000261250891086982
45869,0.000261537224648662
45868,0.000261823520806434
45867,0.000262109778717062
45866,0.000262395997536443
45865,0.00026268217641963
45864,0.000262968314520818
45863,0.000263254410993357
45862,0.000263540464989758
45861,0.000263826475661688
45860,0.000264112442159982
45859,0.000264370501406882
45858,0.000264628518391229
45857,0.000264886492485187
45856,0.000265144423060427
45855,0.000265402309488114
45854,0.000265660151138923
45853,0.000265917947383032
45852,0.00026617569759013
45851,0.000266433401129419
45850,0.000266691057369612
45849,0.000266948665678939
45848,0.00026720622542515
45847,0.000267463735975513
45846,0.000267721196696824
45845,0.0002679786069554
45844,0.00026823596611709
45843,0.00026849327354727
45842,0.000268750528610851
45841,0.00026900773067228
45840,0.000269264879095541
45839,0.000269494462446338
45838,0.000269724002665253
45837,0.000269953499298758
45836,0.000270182951893029
45835,0.000270412359993955
45834,0.000270641723147134
45833,0.000270871040897876
45832,0.000271100312791206
45831,0.00027132953837186
45830,0.000271558717184295
45829,0.000271787848772682
45828,0.000272016932680913
45827,0.000272245968452599
45826,0.000272474955631075
45825,0.000272703893759395
45824,0.000272932782380343
45823,0.000273161621036425
45822,0.000273390409269876
45821,0.00027361914662266
45820,0.000273847832636471
45819,0.000274057135256047
45818,0.000274266378049502
45817,0.000274475560643033
45816,0.000274684682662731
45815,0.000274893743734575
45814,0.000275102743484439
45813,0.000275311681538091
45812,0.000275520557521194
45811,0.00027572937105931
45810,0.000275938121777897
45809,0.000276146809302312
45808,0.000276355433257813
45807,0.000276563993269558
45806,0.00027677248896261
45805,0.000276980919961934
45804,0.000277189285892399
45803,0.000277397586378782
45802,0.000277605821045765
45801,0.000277813989517941
45800,0.000278022091419812
45799,0.000278212381188841
45798,0.000278402619155824
45797,0.00027859280504097
45796,0.000278782938564407
45795,0.000278973019446194
45794,0.000279163047406306
45793,0.000279353022164648
45792,0.000279542943441052
45791,0.000279732810955273
45790,0.000279922624426997
45789,0.000280112383575835
45788,0.000280302088121326
45787,0.000280491737782943
45786,0.000280681332280083
45785,0.000280870871332079
45784,0.000281060354658192
45783,0.000281249781977616
45782,0.000281439153009479
45781,0.00028162846747284
45780,0.000281817725086695
45779,0.000281989329859441
45778,0.000282160891794378
45777,0.000282332410686221
45776,0.000282503886329636
45775,0.000282675318519225
45774,0.000282846707049538
45773,0.000283018051715069
45772,0.00028318935231025
45771,0.000283360608629466
45770,0.000283531820467041
45769,0.000283702987617246
45768,0.000283874109874301
45767,0.000284045187032365
45766,0.000284216218885552
45765,0.000284387205227915
45764,0.000284558145853461
45763,0.000284729040556141
45762,0.000284899889129855
45761,0.000285070691368453
45760,0.00028524144706573
45759,0.000285403172502662
45758,0.000285564855807912
45757,0.000285726496806027
45756,0.000285888095321515
45755,0.000286049651178846
45754,0.000286211164202446
45753,0.000286372634216707
45752,0.000286534061045977
45751,0.000286695444514574
45750,0.00028685678444677
45749,0.000287018080666803
45748,0.000287179332998872
45747,0.00028734054126714
45746,0.000287501705295734
45745,0.000287662824908744
45744,0.000287823899930222
45743,0.000287984930184185
45742,0.000288145915494616
45741,0.000288306855685462
45740,0.000288467750580634
45739,0.000288621320960906
45738,0.000288774861391563
45737,0.000288928371714837
45736,0.000289081851772883
45735,0.000289235301407789
45734,0.00028938872046157
45733,0.00028954210877617
45732,0.000289695466193466
45731,0.000289848792555258
45730,0.000290002087703281
45729,0.000290155351479201
45728,0.00029030858372461
45727,0.000290461784281036
45726,0.000290614952989932
45725,0.000290768089692688
45724,0.000290921194230623
45723,0.000291074266444987
45722,0.000291227306176966
45721,0.000291380313267671
45720,0.000291533287558153
45719,0.000291685646092052
45718,0.000291837968304674
45717,0.000291990254043034
45716,0.000292142503154089
45715,0.000292294715484754
45714,0.000292446890881891
45713,0.000292599029192314
45712,0.00029275113026279
45711,0.000292903193940031
45710,0.000293055220070708
45709,0.000293207208501441
45708,0.000293359159078801
45707,0.000293511071649314
45706,0.000293662946059455
45705,0.000293814782155656
45704,0.000293966579784299
45703,0.000294118338791721
45702,0.000294270059024214
45701,0.000294421740328019
45700,0.000294573382549336
45699,0.00029472560161077
45698,0.000294877784410587
45697,0.000295029930788449
45696,0.000295182040583951
45695,0.000295334113636631
45694,0.000295486149785967
45693,0.000295638148871375
45692,0.000295790110732213
45691,0.000295942035207776
45690,0.000296093922137304
45689,0.000296245771359974
45688,0.000296397582714907
45687,0.000296549356041164
45686,0.000296701091177748
45685,0.000296852787963603
45684,0.000297004446237618
45683,0.000297156065838622
45682,0.000297307646605389
45681,0.000297459188376632
45680,0.000297610690991012
45679,0.000297752714502645
45678,0.000297894700717437
45677,0.000298036649505723
45676,0.000298178560737799
45675,0.000298320434283934
45674,0.00029846227001436
45673,0.000298604067799278
45672,0.00029874582750886
45671,0.000298887549013242
45670,0.000299029232182532
45669,0.000299170876886806
45668,0.000299312482996105
45667,0.000299454050380446
45666,0.000299595578909807
45665,0.000299737068454145
45664,0.000299878518883378
45663,0.000300019930067397
45662,0.000300161301876066
45661,0.000300302634179214
45660,0.000300443926846644
45659,0.000300601314734753
45658,0.00030075864381177
45657,0.000300915913899086
45656,0.000301073124818088
45655,0.000301230276390147
45654,0.000301387368436628
45653,0.000301544400778885
45652,0.000301701373238261
45651,0.000301858285636096
45650,0.000302015137793718
45649,0.000302171929532447
45648,0.000302328660673595
45647,0.000302485331038467
45646,0.000302641940448365
45645,0.000302798488724578
45644,0.000302954975688392
45643,0.000303111401161086
45642,0.000303267764963935
45641,0.000303424066918207
45640,0.000303580306845166
45639,0.000303736484566071
45638,0.000303892599902177
45637,0.000304048652674732
45636,0.000304204642704986
45635,0.000304360569814182
45634,0.00030451643382356
45633,0.000304672234554359
45632,0.000304827971827812
45631,0.000304983645465156
45630,0.000305139255287621
45629,0.000305294801116439
45628,0.000305450282772839
45627,0.00030560570007805
45626,0.000305761052853301
45625,0.000305916340919822
45624,0.00030607156409884
45623,0.000306226722211587
45622,0.000306381815079292
45621,0.000306536842523189
45620,0.000306691804364511
45619,0.000306845943003213
45618,0.000307000011372746
45617,0.000307154009292934
45616,0.000307307936583625
45615,0.00030746179306468
45614,0.000307615578555984
45613,0.000307769292877438
45612,0.000307922935848966
45611,0.000308076507290515
45610,0.000308230007022048
45609,0.000308383434863552
45608,0.000308536790635035
45607,0.000308690074156527
45606,0.000308843285248083
45605,0.000308996423729778
45604,0.00030914948942171
45603,0.000309302482144002
45602,0.000309455401716799
45601,0.000309608247960274
45600,0.000309761020694621
45599,0.00030993077097506
45598,0.000310100430594191
45597,0.000310269999305826
45596,0.000310439476863814
45595,0.000310608863022042
45594,0.000310778157534435
45593,0.000310947360154957
45592,0.000311116470637614
45591,0.000311285488736449
45590,0.000311454414205547
45589,0.000311623246799036
45588,0.000311791986271084
45587,0.000311960632375902
45586,0.000312129184867746
45585,0.000312297643500915
45584,0.00031246600802975
45583,0.000312634278208641
45582,0.000312802453792022
45581,0.000312970534534373
45580,0.00031313852019022
45579,0.000313322425971531
45578,0.000313506210895634
45577,0.000313689874631698
45576,0.000313873416848989
45575,0.00031405683721688
45574,0.000314240135404844
45573,0.000314423311082463
45572,0.000314606363919422
45571,0.000314789293585511
45570,0.000314972099750631
45569,0.000315154782084791
45568,0.000315337340258109
45567,0.000315519773940816
45566,0.000315702082803251
45565,0.00031588426651587
45564,0.000316066324749241
45563,0.000316248257174048
45562,0.000316430063461091
45561,0.000316611743281285
45560,0.000316793296305666
45559,0.000316993202863898
45558,0.000317192970950928
45557,0.000317392600146072
45556,0.000317592090028732
45555,0.000317791440178392
45554,0.000317990650174622
45553,0.000318189719597082
45552,0.000318388648025514
45551,0.000318587435039759
45550,0.000318786080219741
45549,0.000318984583145482
45548,0.000319182943397098
45547,0.000319381160554799
45546,0.000319579234198895
45545,0.000319777163909792
45544,0.000319974949267997
45543,0.000320172589854122
45542,0.000320370085248877
45541,0.000320567435033082
45540,0.000320764638787657
45539,0.000320969903630393
45538,0.000321175009092806
45537,0.000321379954701598
45536,0.000321584739983606
45535,0.000321789364465799
45534,0.000321993827675282
45533,0.000322198129139297
45532,0.000322402268385226
45531,0.000322606244940591
45530,0.000322810058333059
45529,0.00032301370809044
45528,0.000323217193740688
45527,0.000323420514811911
45526,0.000323623670832362
45525,0.000323826661330447
45524,0.000324029485834728
45523,0.000324232143873919
45522,0.000324434634976894
45521,0.000324636958672684
45520,0.000324839114490482
45519,0.0003250593064406
45518,0.00032527931272672
45517,0.000325499132740325
45516,0.000325718765873014
45515,0.000325938211516521
45514,0.000326157469062708
45513,0.000326376537903569
45512,0.000326595417431234
45511,0.000326814107037971
45510,0.00032703260611619
45509,0.000327250914058445
45508,0.000327469030257435
45507,0.000327686954106012
45506,0.000327904684997175
45505,0.000328122222324083
45504,0.00032833956548005
45503,0.000328556713858551
45502,0.000328773666853226
45501,0.000328990423857877
45500,0.000329206984266479
45499,0.000329422270877818
45498,0.00032963735445854
45497,0.000329852234414169
45496,0.000330066910150451
45495,0.000330281381073372
45494,0.000330495646589148
45493,0.000330709706104234
45492,0.000330923559025326
45491,0.00033113720475936
45490,0.00033135064271352
45489,0.000331563872295237
45488,0.000331776892912194
45487,0.000331989703972328
45486,0.000332202304883829
45485,0.000332414695055149
45484,0.000332626873895001
45483,0.000332838840812363
45482,0.00033305059521648
45481,0.000333262136516865
45480,0.000333473464123305
45479,0.000333700123121135
45478,0.00033392653375321
45477,0.000334152695290076
45476,0.000334378607002667
45475,0.000334604268162298
45474,0.000334829678040677
45473,0.000335054835909905
45472,0.000335279741042478
45471,0.000335504392711299
45470,0.000335728790189671
45469,0.000335952932751309
45468,0.000336176819670341
45467,0.000336400450221311
45466,0.000336623823679185
45465,0.000336846939319351
45464,0.00033706979641763
45463,0.000337292394250273
45462,0.000337514732093965
45461,0.000337736809225836
45460,0.000337958624923456
45459,0.000338178989352865
45458,0.00033839908491852
45457,0.000338618910908611
45456,0.00033883846661186
45455,0.000339057751317506
45454,0.000339276764315329
45453,0.000339495504895637
45452,0.00033971397234928
45451,0.000339932165967649
45450,0.000340150085042682
45449,0.000340367728866866
45448,0.000340585096733244
45447,0.000340802187935415
45446,0.00034101900176754
45445,0.000341235537524344
45444,0.000341451794501124
45443,0.000341667771993748
45442,0.00034188346929866
45441,0.000342098885712886
45440,0.000342314020534035
45439,0.000342527621119482
45438,0.000342740932184418
45437,0.000342953953033918
45436,0.000343166682973729
45435,0.000343379121310272
45434,0.000343591267350648
45433,0.00034380312040264
45432,0.000344014679774715
45431,0.000344225944776031
45430,0.00034443691471644
45429,0.000344647588906492
45428,0.000344857966657438
45427,0.000345068047281232
45426,0.00034527783009054
45425,0.000345487314398737
45424,0.000345696499519918
45423,0.000345905384768896
45422,0.000346113969461207
45421,0.000346322252913118
45420,0.000346530234441624
45419,0.000346737913364456
45418,0.000346945289000086
45417,0.000347152360667726
45416,0.000347359127687337
45415,0.000347565589379626
45414,0.000347771745066059
45413,0.000347977594068858
45412,0.000348183135711003
45411,0.000348388369316246
45410,0.000348593294209101
45409,0.000348797909714858
45408,0.000349002215159585
45407,0.000349206209870126
45406,0.000349409893174113
45405,0.000349613264399962
45404,0.000349816322876882
45403,0.000350019067934879
45402,0.000350221498904753
45401,0.000350423615118111
45400,0.000350625415907362
45399,0.000350812919559552
45398,0.000351000148244902
45397,0.000351187101426873
45396,0.000351373778569546
45395,0.000351560179137625
45394,0.000351746302596443
45393,0.000351932148411957
45392,0.000352117716050761
45391,0.000352303004980075
45390,0.000352488014667762
45389,0.00035267274458232
45388,0.00035285719419289
45387,0.000353041362969259
45386,0.000353225250381855
45385,0.000353408855901759
45384,0.000353592179000703
45383,0.000353775219151074
45382,0.000353957975825916
45381,0.000354140448498929
45380,0.000354322636644477
45379,0.000354507440322549
45378,0.000354691969441823
45377,0.000354876223459536
45376,0.00035506020183349
45375,0.000355243904022054
45374,0.00035542732948417
45373,0.000355610477679352
45372,0.000355793348067691
45371,0.000355975940109854
45370,0.000356158253267093
45369,0.000356340287001242
45368,0.000356522040774721
45367,0.000356703514050542
45366,0.000356884706292305
45365,0.000357065616964207
45364,0.000357246245531042
45363,0.000357426591458203
45362,0.000357606654211686
45361,0.000357786433258089
45360,0.000357965928064623
45359,0.000358133480302645
45358,0.000358300792095129
45357,0.000358467863005343
45356,0.00035863469259698
45355,0.000358801280434156
45354,0.000358967626081412
45353,0.000359133729103718
45352,0.000359299589066475
45351,0.000359465205535513
45350,0.000359630578077097
45349,0.000359795706257928
45348,0.000359960589645143
45347,0.000360125227806319
45346,0.000360289620309475
45345,0.000360453766723071
45344,0.000360617666616013
45343,0.000360781319557655
45342,0.000360944725117798
45341,0.000361107882866694
45340,0.000361270792375047
45339,0.000361433453214018
45338,0.00036159586495522
45337,0.000361758027170728
45336,0.000361919939433075
45335,0.000362081601315255
45334,0.000362243012390729
45333,0.00036240417223342
45332,0.000362565080417721
45331,0.000362725736518495
45330,0.000362886140111072
45329,0.000363046290771261
45328,0.000363206188075341
45327,0.000363365831600072
45326,0.000363525220922689
45325,0.00036368435562091
45324,0.000363843235272935
45323,0.000364001859457449
45322,0.000364160227753623
45321,0.000364318339741114
45320,0.000364476195000072
45319,0.000364624564218907
45318,0.000364772719508107
45317,0.000364920660503191
45316,0.000365068386840014
45315,0.000365215898154767
45314,0.000365363194083977
45313,0.000365510274264515
45312,0.000365657138333589
45311,0.000365803785928756
45310,0.000365950216687913
45309,0.000366096430249304
45308,0.000366242426251522
45307,0.000366388204333507
45306,0.000366533764134553
45305,0.000366679105294305
45304,0.000366824227452762
45303,0.000366969130250279
45302,0.000367113813327565
45301,0.000367258276325694
45300,0.000367402518886096
45299,0.00036753300305105
45298,0.000367663302277303
45297,0.000367793416303825
45296,0.000367923344869836
45295,0.000368053087714814
45294,0.000368182644578497
45293,0.000368312015200876
45292,0.000368441199322206
45291,0.000368570196683001
45290,0.000368699007024036
45289,0.000368827630086346
45288,0.000368956065611232
45287,0.000369084313340257
45286,0.000369212373015248
45285,0.0003693402443783
45284,0.000369467927171772
45283,0.000369595421138291
45282,0.000369722726020754
45281,0.000369849841562324
45280,0.000369976767506437
45279,0.000370109308293727
45278,0.000370241640265969
45277,0.000370373763131615
45276,0.000370505676599448
45275,0.00037063738037858
45274,0.000370768874178456
45273,0.000370900157708857
45272,0.000371031230679896
45271,0.000371162092802019
45270,0.000371292743786012
45269,0.000371423183342998
45268,0.00037155341118444
45267,0.000371683427022138
45266,0.000371813230568234
45265,0.000371942821535212
45264,0.000372072199635901
45263,0.000372201364583472
45262,0.000372330316091443
45261,0.000372459053873676
45260,0.000372587577644383
45259,0.000372701485025506
45258,0.000372815212336016
45257,0.000372928759382343
45256,0.000373042125971167
45255,0.000373155311909416
45254,0.00037326831700427
45253,0.000373381141063158
45252,0.000373493783893764
45251,0.00037360624530402
45250,0.000373718525102114
45249,0.000373830623096486
45248,0.000373942539095828
45247,0.000374054272909089
45246,0.000374165824345472
45245,0.000374277193214434
45244,0.00037438837932569
45243,0.000374499382489209
45242,0.000374610202515219
45241,0.000374720839214204
45240,0.000374831292396909
45239,0.000374938334328185
45238,0.000375045186133219
45237,0.000375151847637774
45236,0.000375258318667905
45235,0.000375364599049964
45234,0.000375470688610598
45233,0.000375576587176751
45232,0.000375682294575663
45231,0.000375787810634871
45230,0.000375893135182212
45229,0.000375998268045818
45228,0.000376103209054122
45227,0.000376207958035856
45226,0.000376312514820051
45225,0.000376416879236037
45224,0.000376521051113448
45223,0.000376625030282215
45222,0.000376728816572573
45221,0.000376832409815058
45220,0.000376935809840509
45219,0.000377032123884655
45218,0.000377128258817303
45217,0.000377224214497796
45216,0.000377319990785759
45215,0.000377415587541083
45214,0.000377511004623942
45213,0.000377606241894784
45212,0.00037770129921433
45211,0.000377796176443583
45210,0.000377890873443818
45209,0.000377985390076591
45208,0.000378079726203736
45207,0.000378173881687361
45206,0.000378267856389857
45205,0.00037836165017389
45204,0.000378455262902409
45203,0.000378548694438641
45202,0.000378641944646091
45201,0.000378735013388547
45200,0.000378827900530074
45199,0.000378923957662107
45198,0.000379019808500734
45197,0.000379115452890388
45196,0.000379210890675882
45195,0.00037930612170241
45194,0.00037940114581555
45193,0.000379495962861263
45192,0.000379590572685896
45191,0.000379684975136176
45190,0.000379779170059217
45189,0.000379873157302519
45188,0.000379966936713965
45187,0.000380060508141826
45186,0.000380153871434759
45185,0.000380247026441806
45184,0.000380339973012399
45183,0.000380432710996356
45182,0.000380525240243884
45181,0.000380617560605578
45180,0.000380709671932423
45179,0.000380806427567126
45178,0.000380902953295343
45177,0.00038099924894561
45176,0.000381095314346926
45175,0.000381191149328765
45174,0.000381286753721064
45173,0.00038138212735423
45172,0.000381477270059141
45171,0.000381572181667144
45170,0.000381666862010057
45169,0.00038176131092017
45168,0.000381855528230241
45167,0.000381949513773506
45166,0.000382043267383669
45165,0.000382136788894911
45164,0.000382230078141883
45163,0.000382323134959711
45162,0.000382415959184001
45161,0.000382508550650827
45160,0.000382600909196744
45159,0.00038269021067359
45158,0.000382779305002947
45157,0.000382868192041666
45156,0.000382956871646954
45155,0.000383045343676383
45154,0.000383133607987881
45153,0.00038322166443974
45152,0.000383309512890612
45151,0.000383397153199513
45150,0.000383484585225818
45149,0.000383571808829266
45148,0.000383658823869959
45147,0.000383745630208364
45146,0.000383832227705309
45145,0.000383918616221988
45144,0.000384004795619959
45143,0.000384090765761144
45142,0.000384176526507831
45141,0.000384262077722675
45140,0.000384347419268695
45139,0.000384445153052338
45138,0.000384542641771958
45137,0.000384639885228538
45136,0.000384736883223524
45135,0.000384833635558829
45134,0.000384930142036836
45133,0.000385026402460395
45132,0.000385122416632824
45131,0.00038521818435791
45130,0.000385313705439912
45129,0.000385408979683559
45128,0.000385504006894051
45127,0.000385598786877062
45126,0.000385693319438736
45125,0.000385787604385692
45124,0.000385881641525023
45123,0.000385975430664297
45122,0.000386068971611559
45121,0.000386162264175325
45120,0.000386255308164593
45119,0.000386352315439756
45118,0.000386449050603771
45117,0.000386545513440063
45116,0.000386641703732629
45115,0.000386737621266039
45114,0.000386833265825439
45113,0.000386928637196549
45112,0.000387023735165664
45111,0.000387118559519657
45110,0.00038721311004598
45109,0.000387307386532659
45108,0.000387401388768302
45107,0.000387495116542097
45106,0.000387588569643813
45105,0.000387681747863798
45104,0.000387774650992986
45103,0.000387867278822889
45102,0.000387959631145608
45101,0.000388051707753825
45100,0.000388143508440809
45099,0.000388237083436687
45098,0.000388330354068743
45097,0.00038842332011644
45096,0.00038851598135997
45095,0.000388608337580253
45094,0.000388700388558939
45093,0.000388792134078412
45092,0.000388883573921786
45091,0.000388974707872908
45090,0.000389065535716359
45089,0.000389156057237455
45088,0.000389246272222249
45087,0.000389336180457527
45086,0.000389425781730816
45085,0.000389515075830377
45084,0.000389604062545214
45083,0.000389692741665069
45082,0.000389781112980424
45081,0.000389869176282504
45080,0.000389956931363274
45079,0.000390050261143499
45078,0.000390143289209626
45077,0.000390236015311191
45076,0.000390328439198433
45075,0.000390420560622282
45074,0.00039051237933437
45073,0.00039060389508703
45072,0.000390695107633292
45071,0.00039078601672689
45070,0.000390876622122261
45069,0.000390966923574545
45068,0.00039105692083959
45067,0.000391146613673948
45066,0.000391236001834878
45065,0.00039132508508035
45064,0.000391413863169041
45063,0.000391502335860341
45062,0.00039159050291435
45061,0.000391678364091884
45060,0.000391765919154468
45059,0.000391845295109117
45058,0.000391924354087696
45057,0.000392003095910213
45056,0.000392081520397479
45055,0.000392159627371111
45054,0.000392237416653534
45053,0.000392314888067979
45052,0.000392392041438484
45051,0.000392468876589897
45050,0.000392545393347873
45049,0.000392621591538879
45048,0.000392697470990192
45047,0.000392773031529899
45046,0.000392848272986899
45045,0.000392923195190905
45044,0.00039299779797244
45043,0.000393072081162845
45042,0.000393146044594272
45041,0.00039321968809969
45040,0.000393293011512881
45039,0.000393368029257324
45038,0.000393442730553307
45037,0.000393517115225107
45036,0.000393591183097781
45035,0.000393664933997161
45034,0.000393738367749858
45033,0.000393811484183261
45032,0.000393884283125536
45031,0.000393956764405632
45030,0.000394028927853276
45029,0.000394100773298977
45028,0.000394172300574025
45027,0.000394243509510494
45026,0.000394314399941239
45025,0.0003943849716999
45024,0.000394455224620901
45023,0.000394525158539452
45022,0.000394594773291545
45021,0.000394664068713964
45020,0.000394733044644275
45019,0.00039480348107608
45018,0.000394873533425063
45017,0.000394943201514899
45016,0.000395012485170462
45015,0.000395081384217833
45014,0.000395149898484292
45013,0.000395218027798324
45012,0.00039528577198962
45011,0.000395353130889075
45010,0.000395420104328789
45009,0.000395486692142071
45008,0.000395552894163434
45007,0.000395618710228604
45006,0.00039568414017451
45005,0.000395749183839296
45004,0.000395813841062312
45003,0.000395878111684119
45002,0.000395941995546494
45001,0.00039600549249242
45000,0.000396068602366096
44999,0.00039612922084583
44998,0.000396189446050827
44997,0.000396249277842324
44996,0.000396308716082856
44995,0.000396367760636264
44994,0.000396426411367688
44993,0.000396484668143569
44992,0.000396542530831657
44991,0.000396599999300998
44990,0.000396657073421948
44989,0.000396713753066166
44988,0.000396770038106613
44987,0.000396825928417559
44986,0.000396881423874577
44985,0.000396936524354551
44984,0.000396991229735665
44983,0.000397045539897415
44982,0.000397099454720604
44981,0.00039715297408734
44980,0.000397206097881043
44979,0.000397256471811233
44978,0.000397306478868903
44977,0.000397356118955863
44976,0.000397405391975057
44975,0.000397454297830561
44974,0.000397502836427585
44973,0.000397551007672472
44972,0.000397598811472699
44971,0.000397646247736878
44970,0.000397693316374752
44969,0.000397740017297204
44968,0.000397786350416247
44967,0.000397832315645032
44966,0.000397877912897842
44965,0.0003979231420901
44964,0.000397968003138362
44963,0.000398012495960318
44962,0.000398056620474798
44961,0.000398100376601767
44960,0.000398143764262324
44959,0.000398193150401437
44958,0.000398242114172039
44957,0.000398290655456468
44956,0.000398338774138488
44955,0.000398386470103286
44954,0.000398433743237478
44953,0.000398480593429105
44952,0.000398527020567634
44951,0.000398573024543959
44950,0.000398618605250403
44949,0.000398663762580715
44948,0.000398708496430072
44947,0.000398752806695083
44946,0.000398796693273781
44945,0.000398840156065631
44944,0.000398883194971528
44943,0.000398925809893796
44942,0.000398968000736189
44941,0.000399009767403891
44940,0.00039905110980352
44939,0.000399094305025024
44938,0.000399137080081737
44937,0.000399179434865411
44936,0.000399221369269164
44935,0.000399262883187483
44934,0.000399303976516221
44933,0.000399344649152597
44932,0.000399384900995201
44931,0.000399424731943989
44930,0.000399464141900284
44929,0.000399503130766782
44928,0.000399541698447546
44927,0.00039957984484801
44926,0.000399617569874976
44925,0.000399654873436618
44924,0.000399691755442481
44923,0.000399728215803481
44922,0.000399764254431905
44921,0.000399799871241412
44920,0.000399835066147034
44919,0.000399872152021202
44918,0.000399908818783713
44917,0.000399945066333108
44916,0.000399980894569261
44915,0.000400016303393376
44914,0.000400051292707989
44913,0.000400085862416965
44912,0.000400120012425504
44911,0.000400153742640137
44910,0.000400187052968727
44909,0.000400219943320472
44908,0.000400252413605903
44907,0.000400284463736884
44906,0.000400316093626615
44905,0.000400347303189631
44904,0.000400378092341799
44903,0.000400408461000325
44902,0.000400438409083751
44901,0.000400467936511952
44900,0.000400497043206143
44899,0.000400532733519265
44898,0.000400568004564498
44897,0.000400602856199757
44896,0.000400637288284288
44895,0.000400671300678673
44894,0.000400704893244825
44893,0.000400738065845997
44892,0.000400770818346776
44891,0.000400803150613087
44890,0.000400835062512193
44889,0.000400866553912696
44888,0.000400897624684541
44887,0.000400928274699009
44886,0.000400958503828727
44885,0.000400988311947663
44884,0.000401017698931127
44883,0.000401046664655777
44882,0.000401075208999612
44881,0.00040110333184198
44880,0.000401131033063575
44879,0.000401156820649324
44878,0.000401182155462943
44877,0.000401207037402408
44876,0.000401231466367234
44875,0.000401255442258474
44874,0.000401278964978718
44873,0.000401302034432093
44872,0.000401324650524269
44871,0.000401346813162454
44870,0.000401368522255397
44869,0.000401389777713387
44868,0.000401410579448256
44867,0.00040143092737338
44866,0.000401450821403674
44865,0.000401470261455601
44864,0.000401489247447165
44863,0.000401507779297916
44862,0.000401525856928949
44861,0.000401543480262905
44860,0.000401560649223971
44859,0.000401581998964533
44858,0.000401602890834249
44857,0.000401623324712734
44856,0.000401643300481223
44855,0.000401662818022576
44854,0.000401681877221276
44853,0.000401700477963427
44852,0.000401718620136763
44851,0.00040173630363064
44850,0.000401753528336045
44849,0.000401770294145591
44848,0.000401786600953519
44847,0.000401802448655703
44846,0.000401817837149645
44845,0.00040183276633448
44844,0.000401847236110977
44843,0.000401861246381537
44842,0.000401874797050194
44841,0.00040188788802262
44840,0.000401900519206123
44839,0.000401912871559301
44838,0.000401924730834491
44837,0.000401936096937067
44836,0.000401946969774286
44835,0.000401957349255282
44834,0.000401967235291073
44833,0.000401976627794557
44832,0.000401985526680515
44831,0.000401993931865613
44830,0.000402001843268401
44829,0.000402009260809313
44828,0.000402016184410672
44827,0.000402022613996685
44826,0.00040202854949345
44825,0.00040203399082895
44824,0.000402038937933062
44823,0.000402043390737549
44822,0.000402047349176068
44821,0.000402050813184166
44820,0.000402053782699283
44819,0.000402053845107946
44818,0.000402053381449919
44817,0.000402052391691773
44816,0.000402050875802178
44815,0.000402048833751906
44814,0.000402046265513826
44813,0.000402043171062906
44812,0.000402039550376218
44811,0.000402035403432931
44810,0.00040203073021432
44809,0.000402025530703757
44808,0.000402019804886718
44807,0.000402013552750782
44806,0.000402006774285629
44805,0.000401999469483044
44804,0.000401991638336912
44803,0.000401983280843225
44802,0.000401974397000077
44801,0.000401964986807665
44800,0.000401955050268292
44799,0.000401941342507862
44798,0.000401927038451235
44797,0.000401912138142353
44796,0.000401896641627823
44795,0.00040188054895692
44794,0.000401863860181582
44793,0.000401846575356415
44792,0.000401828694538686
44791,0.000401810217788331
44790,0.000401791145167949
44789,0.000401771476742801
44788,0.000401751212580815
44787,0.00040173035275258
44786,0.00040170889733135
44785,0.00040168684639304
44784,0.000401664200016228
44783,0.000401640958282154
44782,0.000401617121274718
44781,0.000401592689080483
44780,0.000401567661788671
44779,0.000401542918357149
44778,0.000401517616550735
44777,0.000401491756456838
44776,0.000401465338165212
44775,0.000401438361767952
44774,0.000401410827359493
44773,0.000401382735036613
44772,0.000401354084898429
44771,0.000401324877046399
44770,0.000401295111584317
44769,0.00040126478861832
44768,0.000401233908256879
44767,0.000401202470610804
44766,0.000401170475793241
44765,0.000401137923919674
44764,0.00040110481510792
44763,0.000401071149478132
44762,0.000401036927152794
44761,0.000401002148256728
44760,0.000400966812917084
44759,0.00040092501452048
44758,0.000400882549285038
44757,0.000400839417423581
44756,0.000400795619152254
44755,0.000400751154690529
44754,0.000400706024261198
44753,0.000400660228090373
44752,0.000400613766407484
44751,0.000400566639445278
44750,0.000400518847439816
44749,0.000400470390630471
44748,0.000400421269259926
44747,0.000400371483574174
44746,0.000400321033822511
44745,0.000400269920257539
44744,0.000400218143135163
44743,0.000400165702714587
44742,0.000400112599258311
44741,0.000400058833032133
44740,0.000400004404305143
44739,0.000399947683005234
44738,0.000399890260250206
44737,0.000399832136344518
44736,0.000399773311596317
44735,0.000399713786317435
44734,0.000399653560823387
44733,0.000399592635433367
44732,0.000399531010470246
44731,0.000399468686260569
44730,0.00039940566313455
44729,0.000399341941426074
44728,0.000399277521472688
44727,0.000399212403615605
44726,0.000399146588199693
44725,0.000399080075573477
44724,0.000399012866089138
44723,0.000398944960102504
44722,0.000398876357973049
44721,0.000398807060063893
44720,0.000398737066741795
44719,0.000398664472614955
44718,0.000398591099174121
44717,0.000398516946828976
44716,0.000398442015993801
44715,0.000398366307087471
44714,0.000398289820533449
44713,0.000398212556759783
44712,0.000398134516199103
44711,0.000398055699288615
44710,0.0003979761064701
44709,0.000397895738189906
44708,0.000397814594898946
44707,0.000397732677052694
44706,0.000397649985111181
44705,0.000397566519538988
44704,0.000397482280805244
44703,0.000397397269383623
44702,0.000397311485752335
44701,0.000397224930394127
44700,0.000397137603796274
44699,0.000397049173855979
44698,0.000396959926970932
44697,0.000396869863649243
44696,0.000396778984404152
44695,0.000396687289754034
44694,0.00039659478022239
44693,0.00039650145633784
44692,0.000396407318634122
44691,0.000396312367650081
44690,0.000396216603929672
44689,0.000396120028021948
44688,0.000396022640481057
44687,0.000395924441866238
44686,0.000395825432741813
44685,0.000395725613677184
44684,0.000395624985246824
44683,0.000395523548030279
44682,0.000395421302612152
44681,0.000395318249582104
44680,0.00039521438953485
44679,0.000395103162014176
44678,0.000394990991027085
44677,0.000394877877309283
44676,0.000394763821603464
44675,0.000394648824659295
44674,0.000394532887233411
44673,0.000394416010089407
44672,0.000394298193997826
44671,0.000394179439736153
44670,0.000394059748088807
44669,0.00039393911984713
44668,0.000393817555809383
44667,0.000393695056780727
44666,0.000393571623573227
44665,0.000393447257005832
44664,0.000393321957904371
44663,0.000393195727101546
44662,0.000393068565436915
44661,0.00039294047375689
44660,0.000392811452914723
44659,0.000392681503770499
44658,0.000392550627191125
44657,0.000392418824050319
44656,0.000392286095228605
44655,0.000392152441613294
44654,0.000392017864098484
44653,0.000391882363585045
44652,0.000391745940980607
44651,0.000391608597199552
44650,0.000391470333163005
44649,0.000391331149798821
44648,0.000391191048041576
44647,0.000391050028832554
44646,0.000390908093119739
44645,0.000390765241857804
44644,0.000390621476008097
44643,0.000390476796538635
44642,0.000390331204424088
44641,0.00039018470064577
44640,0.000390037286191628
44639,0.000389883337684785
44638,0.000389728382407332
44637,0.0003895724214965
44636,0.000389415456097737
44635,0.0003892574873647
44634,0.000389098516459236
44633,0.000388938544551369
44632,0.000388777572819287
44631,0.000388615602449321
44630,0.000388452634635937
44629,0.000388288670581717
44628,0.000388123711497345
44627,0.000387957758601591
44626,0.000387790813121295
44625,0.000387622876291353
44624,0.0003874539493547
44623,0.000387284033562296
44622,0.000387113130173105
44621,0.000386941240454086
44620,0.000386768365680172
44619,0.000386578187211799
44618,0.000386386904804744
44617,0.000386194520123572
44616,0.000386001034842444
44615,0.000385806450645095
44614,0.000385610769224809
44613,0.000385413992284393
44612,0.000385216121536152
44611,0.000385017158701867
44610,0.000384817105512763
44609,0.000384615963709492
44608,0.000384413735042102
44607,0.000384210421270012
44606,0.000384006024161988
44605,0.000383800545496116
44604,0.000383593987059776
44603,0.000383386350649617
44602,0.000383177638071527
44601,0.000382967851140612
44600,0.000382756991681163
44599,0.000382545061526637
44598,0.000382332062519624
44597,0.00038211799651182
44596,0.000381902865364006
44595,0.000381686670946013
44594,0.0003814694151367
44593,0.000381251099823925
44592,0.000381031726904516
44591,0.000380811298284245
44590,0.000380589815877798
44589,0.000380367281608751
44588,0.000380143697409539
44587,0.000379919065221424
44586,0.000379693386994476
44585,0.000379466664687534
44584,0.000379238900268186
44583,0.000379010095712738
44582,0.000378780253006177
44581,0.000378549374142156
44580,0.000378317461122954
44579,0.000378079539581273
44578,0.000377840609845841
44577,0.00037760067405463
44576,0.000377359734353451
44575,0.000377117792895924
44574,0.000376874851843443
44573,0.000376630913365147
44572,0.000376385979637883
44571,0.000376140052846181
44570,0.000375893135182212
44569,0.000375645228845765
44568,0.000375396336044211
44567,0.000375146458992466
44566,0.000374895599912964
44565,0.000374643761035622
44564,0.000374390944597807
44563,0.000374137152844302
44562,0.000373882388027276
44561,0.000373626652406247
44560,0.000373369948248049
44559,0.000373106700303294
44558,0.000372842445915785
44557,0.000372577187525923
44556,0.000372310927581943
44555,0.000372043668539872
44554,0.000371775412863492
44553,0.000371506163024304
44552,0.000371235921501488
44551,0.000370964690781871
44550,0.000370692473359879
44549,0.000370419271737507
44548,0.000370145088424279
44547,0.000369869925937205
44546,0.000369593786800751
44545,0.000369316673546795
44544,0.000369038588714586
44543,0.000368759534850714
44542,0.00036847951450906
44541,0.00036819853025077
44540,0.000367916584644205
44539,0.000367630624255947
44538,0.000367343720524905
44537,0.000367055876136069
44536,0.000366767093781148
44535,0.000366477376158518
44534,0.000366186725973189
44533,0.000365895145936758
44532,0.000365602638767365
44531,0.000365309207189659
44530,0.000365014853934748
44529,0.000364719581740158
44528,0.000364423393349793
44527,0.000364126291513889
44526,0.000363828278988979
44525,0.000363529358537839
44524,0.000363229532929456
44523,0.000362928804938976
44522,0.000362627177347669
44521,0.000362324652942885
44520,0.000362021234518005
44519,0.000361713471550086
44518,0.000361404767065935
44517,0.000361095123963592
44516,0.000360784545147903
44515,0.00036047303353048
44514,0.000360160592029654
44513,0.000359847223570425
44512,0.000359532931084425
44511,0.000359217717509862
44510,0.000358901585791485
44509,0.000358584538880531
44508,0.000358266579734684
44507,0.000357947711318026
44506,0.000357627936600991
44505,0.000357307258560324
44504,0.000356985680179028
44503,0.000356663204446326
44502,0.000356339834357607
44501,0.000356015572914385
44500,0.00035569042312425
44499,0.000355377932709473
44498,0.000355064632200888
44497,0.000354750524262441
44496,0.000354435611563046
44495,0.000354119896776539
44494,0.000353803382581647
44493,0.000353486071661951
44492,0.000353167966705839
44491,0.00035284907040648
44490,0.000352529385461777
44489,0.000352208914574337
44488,0.000351887660451428
44487,0.00035156562580494
44486,0.000351242813351355
44485,0.000350919225811698
44484,0.000350594865911508
44483,0.000350269736380798
44482,0.000349943839954011
44481,0.000349617179369994
44480,0.000349289757371945
44479,0.000348962878151335
44478,0.000348635234073679
44477,0.000348306827868742
44476,0.000347977662270744
44475,0.000347647740018314
44474,0.000347317063854461
44473,0.000346985636526533
44472,0.000346653460786175
44471,0.000346320539389297
44470,0.000345986875096031
44469,0.0003456524706707
44468,0.000345317328881771
44467,0.000344981452501825
44466,0.000344644844307514
44465,0.000344307507079523
44464,0.000343969443602538
44463,0.0003436306566652
44462,0.000343291149060069
44461,0.000342950923583592
44460,0.000342609983036055
44459,0.000342278178609087
44458,0.000341945675169749
44457,0.000341612475328298
44456,0.0003412785816989
44455,0.000340943996899598
44454,0.000340608723552274
44453,0.000340272764282621
44452,0.000339936121720101
44451,0.000339598798497914
44450,0.000339260797252964
44449,0.000338922120625821
44448,0.00033858277126069
44447,0.000338242751805371
44446,0.000337902064911233
44445,0.000337560713233168
44444,0.000337218699429563
44443,0.000336876026162267
44442,0.000336532696096549
44441,0.000336188711901068
44440,0.000335844076247837
44439,0.000335497691818563
44438,0.000335150671658167
44437,0.00033480301845173
44436,0.000334454734887279
44435,0.000334105823655751
44434,0.000333756287450959
44433,0.000333406128969558
44432,0.000333055350911009
44431,0.000332703955977543
44430,0.000332351946874131
44429,0.000331999326308444
44428,0.000331646096990822
44427,0.000331292261634237
44426,0.00033093782295426
44425,0.000330582783669025
44424,0.000330227146499196
44423,0.000329870914167929
44422,0.000329514089400842
44421,0.000329156674925974
44420,0.000328798673473758
44419,0.000328447085596205
44418,0.000328094951142851
44417,0.000327742272678878
44416,0.000327389052771297
44415,0.000327035293988924
44414,0.000326680998902343
44413,0.00032632617008388
44412,0.000325970810107571
44411,0.000325614921549128
44410,0.000325258506985916
44409,0.000324901568996911
44408,0.000324544110162677
44407,0.000324186133065338
44406,0.000323827640288536
44405,0.000323468634417412
44404,0.00032310911803857
44403,0.000322749093740043
44402,0.00032238856411127
44401,0.00032202753174306
44400,0.000321665999227562
44399,0.000321320435827848
44398,0.000320974421335186
44397,0.000320627958007337
44396,0.000320281048103081
44395,0.000319933693882184
44394,0.000319585897605378
44393,0.000319237661534335
44392,0.000318888987931646
44391,0.000318539879060793
44390,0.000318190337186128
44389,0.000317840364572845
44388,0.00031748996348696
44387,0.000317139136195285
44386,0.000316787884965404
44385,0.000316436212065649
44384,0.000316084119765076
44383,0.000315731610333439
44382,0.00031537868604117
44381,0.000315025349159353
44380,0.000314671601959699
44379,0.000314324254422613
44378,0.000313976537066672
44377,0.000313628452026859
44376,0.000313280001438297
44375,0.000312931187436216
44374,0.000312582012155938
44373,0.000312232477732859
44372,0.000311882586302416
44371,0.00031153234000008
44370,0.000311181740961323
44369,0.000310830791321606
44368,0.000310479493216353
44367,0.00031012784878093
44366,0.000309775860150626
44365,0.000309423529460629
44364,0.000309070858846009
44363,0.000308717850441697
44362,0.000308364506382457
44361,0.000308010828802875
44360,0.000307656819837329
44359,0.000307318968301065
44358,0.000306980829021799
44357,0.000306642403854289
44356,0.000306303694652883
44355,0.000305964703271516
44354,0.000305625431563685
44353,0.000305285881382436
44352,0.000304946054580352
44351,0.000304605953009526
44350,0.000304265578521557
44349,0.000303924932967524
44348,0.000303584018197974
44347,0.00030324283606291
44346,0.000302901388411763
44345,0.00030255967709339
44344,0.000302217703956047
44343,0.000301875470847379
44342,0.000301532979614402
44341,0.000301190232103486
44340,0.000300847230160343
44339,0.000300504634795558
44338,0.000300161780880342
44337,0.000299818670243639
44336,0.000299475304713821
44335,0.000299131686118683
44334,0.00029878781628542
44333,0.000298443697040612
44332,0.000298099330210218
44331,0.000297754717619544
44330,0.000297409861093242
44329,0.000297064762455289
44328,0.000296719423528966
44327,0.000296373846136857
44326,0.000296028032100816
44325,0.000295681983241969
44324,0.000295335701380683
44323,0.000294989188336561
44322,0.000294642445928425
44321,0.000294295475974296
44320,0.000293948280291388
44319,0.000293626925197548
44318,0.000293305389184257
44317,0.000292983673691819
44316,0.000292661780159766
44315,0.000292339710026834
44314,0.000292017464730964
44313,0.00029169504570929
44312,0.000291372454398118
44311,0.000291049692232935
44310,0.000290726760648378
44309,0.000290403661078241
44308,0.000290080394955457
44307,0.000289756963712086
44306,0.000289433368779312
44305,0.000289109611587425
44304,0.000288785693565818
44303,0.000288461616142974
44302,0.000288137380746454
44301,0.000287812988802892
44300,0.000287488441737978
44299,0.000287182713167697
44298,0.000286876835569677
44297,0.000286570810131278
44296,0.000286264638039273
44295,0.000285958320479847
44294,0.000285651858638585
44293,0.000285345253700467
44292,0.000285038506849863
44291,0.000284731619270518
44290,0.000284424592145558
44289,0.000284117426657467
44288,0.00028381012398809
44287,0.000283502685318627
44286,0.000283195111829617
44285,0.00028288740470094
44284,0.000282579565111804
44283,0.000282271594240737
44282,0.00028196349326559
44281,0.000281655263363515
44280,0.00028134690571097
44279,0.000281038421483705
44278,0.000280729811856757
44277,0.000280421078004446
44276,0.000280112221100361
44275,0.000279803242317362
44274,0.000279494142827564
44273,0.000279184923802333
44272,0.000278875586412287
44271,0.000278566131827274
44270,0.00027825656121638
44269,0.000277946875747909
44268,0.000277637076589386
44267,0.000277327164907548
44266,0.00027701714186833
44265,0.00027670700863687
44264,0.000276396766377491
44263,0.000276086416253699
44262,0.000275775959428181
44261,0.000275465397062785
44260,0.000275154730318531
44259,0.000274871353706718
44258,0.000274587892761402
44257,0.000274304348360612
44256,0.000274020721381782
44255,0.000273737012701731
44254,0.00027345322319667
44253,0.000273169353742194
44252,0.000272885405213277
44251,0.00027260137848427
44250,0.000272317274428892
44249,0.000272033093920232
44248,0.000271748837830746
44247,0.000271464507032239
44246,0.000271180102395881
44245,0.000270895624792185
44244,0.000270611075091016
44243,0.000270326454161579
44242,0.000270041762872416
44241,0.000269757002091407
44240,0.000269472172685758
44239,0.000269196165778474
44238,0.000268920102812676
44237,0.000268643984572852
44236,0.00026836781184282
44235,0.000268091585405717
44234,0.000267815306044001
44233,0.000267538974539449
44232,0.000267262591673146
44231,0.000266986158225489
44230,0.000266709674976181
44229,0.000266433142704228
44228,0.000266156562187935
44227,0.000265879934204902
44226,0.000265603259532024
44225,0.000265326538945484
44224,0.000265049773220752
44223,0.00026477296313258
44222,0.000264496109455001
44221,0.000264219212961323
44220,0.000263942274424129
44219,0.000263674284252263
44218,0.000263406262680077
44217,0.000263138210407765
44216,0.000262870128134796
44215,0.000262602016559918
44214,0.000262333876381149
44213,0.000262065708295779
44212,0.000261797513000368
44211,0.000261529291190736
44210,0.000261261043561972
44209,0.000260992770808419
44208,0.000260724473623678
44207,0.00026045615270061
44206,0.00026018780873132
44205,0.00025991944240717
44204,0.000259651054418762
44203,0.000259382645455944
44202,0.00025911421620781
44201,0.000258845767362685
44200,0.000258577299608138
44199,0.000258308813630967
44198,0.0002580403101172
44197,0.000257771789752099
44196,0.000257503253220147
44195,0.000257234701205054
44194,0.000256966134389749
44193,0.000256697553456378
44192,0.000256428959086308
44191,0.000256160351960113
44190,0.000255891732757583
44189,0.000255623102157716
44188,0.00025535446083871
44187,0.000255085809477976
44186,0.000254817148752118
44185,0.000254548479336944
44184,0.000254279801907455
44183,0.000254011117137845
44182,0.000253742425701503
44181,0.000253473728271003
44180,0.00025320502551811
44179,0.000252936425275368
44178,0.000252667814878922
44177,0.000252399194996106
44176,0.000252130566293491
44175,0.000251861929436903
44174,0.000251593285091406
44173,0.000251324633921303
44172,0.000251055976590141
44171,0.000250787313760698
44170,0.000250518646094988
44169,0.000250249974254254
44168,0.000249981298898969
44167,0.000249712620688835
44166,0.000249443940282773
44165,0.000249175258338931
44164,0.000248906575514672
44163,0.000248637892466578
44162,0.000248369209850448
44161,0.000248100528321289
44160,0.000247831848533325
44159,0.00024757256807466
44158,0.000247313272662285
44157,0.00024705396290405
44156,0.000246794639407241
44155,0.000246535302778589
44154,0.000246275953624258
44153,0.00024601659254985
44152,0.000245757220160399
44151,0.000245497837060365
44150,0.000245238443853641
44149,0.000244979041143545
44148,0.000244719629532818
44147,0.000244460209623623
44146,0.000244200782017541
44145,0.000243941347315571
44144,0.000243681906118127
44143,0.000243422459025037
44142,0.000243163006635539
44141,0.000242903549548277
44140,0.000242644088361303
44139,0.000242384608222258
44138,0.000242125119210598
44137,0.000241865621938629
44136,0.00024160611701808
44135,0.000241346605060108
44134,0.000241087086675289
44133,0.00024082756247362
44132,0.000240568033064517
44131,0.000240308499056806
44130,0.000240048961058727
44129,0.000239789419677934
44128,0.000239529875521483
44127,0.000239270329195842
44126,0.000239010781306875
44125,0.000238751232459853
44124,0.000238491683259441
44123,0.000238232134309704
44122,0.000237972586214101
44121,0.000237713039575478
44120,0.000237453494996075
44119,0.000237194027158533
44118,0.000236934568319508
44117,0.000236675119062964
44116,0.000236415679972212
44115,0.000236156251629923
44114,0.000235896834618117
44113,0.000235637429518162
44112,0.000235378036910778
44111,0.000235118657376024
44110,0.000234859291493308
44109,0.000234599939841374
44108,0.000234340602998312
44107,0.000234081281541545
44106,0.00023382197604783
44105,0.000233562687093262
44104,0.000233303415253265
44103,0.000233044161102594
44102,0.00023278492521533
44101,0.00023252570816488
44100,0.000232266510523977
44099,0.000232016453743361
44098,0.000231766410533542
44097,0.000231516381422586
44096,0.000231266366937993
44095,0.000231016367606683
44094,0.000230766383955004
44093,0.000230516416508728
44092,0.000230266465793046
44091,0.000230016532332575
44090,0.000229766616651343
44089,0.000229516719272799
44088,0.000229266840719804
44087,0.000229016981514632
44086,0.000228767142178971
44085,0.000228517323233916
44084,0.00022826752519997
44083,0.000228017748597041
44082,0.000227767993944443
44081,0.000227518261760892
44080,0.000227268552564505
44079,0.000227009998385192
44078,0.000226751481103141
44077,0.000226493001262574
44076,0.000226234559406963
44075,0.000225976156079037
44074,0.000225717791820769
44073,0.000225459467173383
44072,0.000225201182677348
44071,0.000224942938872377
44070,0.000224684736297426
44069,0.000224426575490693
44068,0.000224168456989617
44067,0.000223910381330875
44066,0.000223652349050376
44065,0.000223394360683271
44064,0.00022313641676394
44063,0.000222878517825998
44062,0.00022262066440229
44061,0.000222362857024886
44060,0.000222105096225089
44059,0.000221856821463218
44058,0.000221608596071811
44057,0.000221360420516283
44056,0.00022111229526135
44055,0.00022086422077102
44054,0.000220616197508593
44053,0.000220368225936665
44052,0.000220120306517117
44051,0.000219872439711129
44050,0.000219624625979162
44049,0.000219376865780969
44048,0.000219129159575589
44047,0.000218881507821345
44046,0.000218633910975849
44045,0.000218386369495992
44044,0.000218138883837949
44043,0.000217891454457178
44042,0.000217644081808414
44041,0.000217396766345676
44040,0.000217149508522257
44039,0.00021692006637334
44038,0.000216690665607067
44037,0.000216461306600332
44036,0.000216231989729534
44035,0.000216002715370572
44034,0.00021577348389885
44033,0.000215544295689269
44032,0.000215315151116233
44031,0.000215086050553644
44030,0.000214856994374904
44029,0.000214627982952909
44028,0.000214399016660055
44027,0.000214170095868231
44026,0.000213941220948823
44025,0.00021371239227271
44024,0.000213483610210264
44023,0.000213254875131349
44022,0.000213026187405321
44021,0.000212797547401026
44020,0.000212568955486801
44019,0.000212331614653545
44018,0.000212094331345784
44017,0.0002118571059632
44016,0.000211619938904861
44015,0.000211382830569214
44014,0.000211145781354091
44013,0.000210908791656703
44012,0.000210671861873639
44011,0.000210434992400872
44010,0.000210198183633747
44009,0.00020996143596699
44008,0.000209724749794704
44007,0.000209488125510364
44006,0.000209251563506824
44005,0.000209015064176306
44004,0.000208778627910413
44003,0.000208542255100115
44002,0.000208305946135752
44001,0.000208069701407041
44000,0.000207833521303062
43999,0.000207624271846513
43998,0.000207415069678088
43997,0.00020720591507589
43996,0.000206996808317641
43995,0.000206787749680686
43994,0.00020657873944199
43993,0.000206369777878136
43992,0.000206160865265329
43991,0.000205952001879387
43990,0.000205743187995751
43989,0.00020553442388948
43988,0.000205325709835247
43987,0.000205117046107344
43986,0.000204908432979675
43985,0.000204699870725766
43984,0.000204491359618753
43983,0.00020428289993139
43982,0.000204074491936043
43981,0.000203866135904691
43980,0.000203657832108928
43979,0.00020343972131776
43978,0.00020322166093704
43977,0.000203003651304532
43976,0.000202785692757528
43975,0.000202567785632855
43974,0.00020234993026687
43973,0.000202132126995458
43972,0.000201914376154036
43971,0.000201696678077546
43970,0.000201479033100463
43969,0.000201261441556782
43968,0.000201043903780028
43967,0.000200826420103251
43966,0.000200608990859022
43965,0.000200391616379442
43964,0.000200174296996127
43963,0.000199957033040218
43962,0.00019973982484238
43961,0.000199522672732794
43960,0.000199305577041163
43959,0.00019909707945287
43958,0.000198888630948559
43957,0.000198680231838233
43956,0.000198471882431467
43955,0.00019826358303741
43954,0.000198055333964785
43953,0.000197847135521887
43952,0.000197638988016581
43951,0.000197430891756301
43950,0.000197222847048052
43949,0.000197014854198408
43948,0.000196806913513512
43947,0.000196599025299072
43946,0.000196391189860361
43945,0.000196183407502222
43944,0.00019597567852906
43943,0.000195768003244846
43942,0.000195560381953113
43941,0.000195352814956956
43940,0.000195145302559033
43939,0.000194955718444492
43938,0.00019476617952283
43937,0.000194576686029465
43936,0.000194387238199508
43935,0.00019419783626775
43934,0.000194008480468674
43933,0.000193819171036448
43932,0.000193629908204922
43931,0.000193440692207634
43930,0.000193251523277803
43929,0.000193062401648335
43928,0.000192873327551818
43927,0.000192684301220522
43926,0.0001924953228864
43925,0.000192306392781085
43924,0.000192117511135894
43923,0.000191928678181825
43922,0.000191739894149552
43921,0.000191551159269435
43920,0.000191362473771507
43919,0.000191182231787179
43918,0.00019100203285164
43917,0.000190821877183532
43916,0.000190641765001209
43915,0.000190461696522729
43914,0.000190281671965859
43913,0.000190101691548074
43912,0.000189921755486553
43911,0.000189741863998183
43910,0.000189562017299557
43909,0.00018938221560697
43908,0.000189202459136424
43907,0.000189022748103625
43906,0.000188843082723981
43905,0.000188663463212606
43904,0.000188483889784312
43903,0.000188304362653618
43902,0.000188124882034741
43901,0.000187945448141602
43900,0.000187766061187821
43899,0.000187613746570291
43898,0.000187461466460476
43897,0.000187309220985758
43896,0.000187157010273367
43895,0.000187004834450381
43894,0.000186852693643723
43893,0.000186700587980161
43892,0.00018654851758631
43891,0.000186396482588636
43890,0.000186244483113443
43889,0.000186092519286887
43888,0.000185940591234965
43887,0.00018578869908352
43886,0.000185636842958245
43885,0.000185485022984672
43884,0.00018533323928818
43883,0.000185181491993992
43882,0.000185029781227176
43881,0.000184878107112645
43880,0.000184726469775155
43879,0.000184575390196656
43878,0.000184424348874563
43877,0.00018427334592159
43876,0.000184122381450312
43875,0.000183971455573157
43874,0.000183820568402412
43873,0.000183669720050221
43872,0.000183518910628586
43871,0.000183368140249366
43870,0.000183217409024275
43869,0.000183066717064886
43868,0.000182916064482625
43867,0.000182765451388777
43866,0.000182614877894484
43865,0.000182464344110743
43864,0.000182313850148407
43863,0.000182163396118183
43862,0.000182012982130637
43861,0.000181862608296189
43860,0.000181712274725116
43859,0.00018158821834416
43858,0.000181464188910514
43857,0.000181340186489497
43856,0.000181216211146354
43855,0.000181092262946261
43854,0.000180968341954323
43853,0.000180844448235571
43852,0.00018072058185497
43851,0.000180596742877409
43850,0.00018047293136771
43849,0.000180349147390621
43848,0.000180225391010818
43847,0.000180101662292911
43846,0.000179977961301431
43845,0.000179854288100845
43844,0.000179730642755544
43843,0.000179607025329847
43842,0.000179483435888004
43841,0.000179359874494192
43840,0.000179236341212519
43839,0.000179122082714233
43838,0.000179007849204607
43837,0.000178893640730014
43836,0.000178779457336775
43835,0.000178665299071166
43834,0.000178551165979412
43833,0.000178437058107693
43832,0.000178322975502136
43831,0.00017820891820882
43830,0.000178094886273777
43829,0.000177980879742989
43828,0.000177866898662389
43827,0.000177752943077863
43826,0.000177639013035244
43825,0.000177525108580319
43824,0.000177411229758827
43823,0.000177297376616455
43822,0.000177183549198845
43821,0.000177069747551585
43820,0.000176955971720218
43819,0.000176867664593745
43818,0.000176779372143944
43817,0.000176691094397436
43816,0.000176602831380821
43815,0.000176514583120677
43814,0.000176426349643559
43813,0.000176338130975999
43812,0.000176249927144507
43811,0.000176161738175571
43810,0.000176073564095653
43809,0.000175985404931197
43808,0.000175897260708621
43807,0.000175809131454323
43806,0.000175721017194675
43805,0.000175632917956029
43804,0.000175544833764714
43803,0.000175456764647035
43802,0.000175368710629276
43801,0.000175280671737696
43800,0.000175192647998532
43799,0.000175139178198987
43798,0.000175085713977456
43797,0.000175032255342279
43796,0.000174978802301795
43795,0.000174925354864333
43794,0.000174871913038223
43793,0.000174818476831787
43792,0.00017476504625334
43791,0.000174711621311198
43790,0.000174658202013666
43789,0.000174604788369048
43788,0.000174551380385643
43787,0.000174497978071742
43786,0.000174444581435634
43785,0.000174391190485602
43784,0.000174337805229925
43783,0.000174284425676877
43782,0.000174231051834725
43781,0.000174177683711735
43780,0.000174124321316163
43779,0.000174061797796261
43778,0.000173999282317715
43777,0.000173936774895579
43776,0.000173874275544897
43775,0.0001738117842807
43774,0.000173749301118011
43773,0.000173686826071837
43772,0.000173624359157179
43771,0.000173561900389025
43770,0.000173499449782353
43769,0.000173437007352127
43768,0.000173374573113304
43767,0.000173312147080825
43766,0.000173249729269626
43765,0.000173187319694627
43764,0.00017312491837074
43763,0.000173062525312864
43762,0.000173000140535886
43761,0.000172937764054687
43760,0.00017287539588413
43759,0.000172846882883405
43758,0.000172818373955492
43757,0.000172789869106924
43756,0.000172761368344228
43755,0.000172732871673927
43754,0.000172704379102541
43753,0.000172675890636585
43752,0.00017264740628257
43751,0.000172618926047
43750,0.000172590449936378
43749,0.000172561977957202
43748,0.000172533510115963
43747,0.000172505046419152
43746,0.00017247658687325
43745,0.000172448131484739
43744,0.000172419680260093
43743,0.000172391233205785
43742,0.00017236279032828
43741,0.00017233435163404
43740,0.000172305917129523
43739,0.000172294141873974
43738,0.000172282372071536
43737,0.00017227060772705
43736,0.000172258848845361
43735,0.000172247095431299
43734,0.000172235347489696
43733,0.000172223605025376
43732,0.000172211868043156
43731,0.00017220013654785
43730,0.000172188410544263
43729,0.000172176690037198
43728,0.000172164975031452
43727,0.000172153265531814
43726,0.00017214156154307
43725,0.000172129863069998
43724,0.000172118170117372
43723,0.000172106482689963
43722,0.00017209480079253
43721,0.000172083124429833
43720,0.000172071453606621
43719,0.00017207800123534
43718,0.000172084552050589
43717,0.000172091106052496
43716,0.00017209766324118
43715,0.000172104223616766
43714,0.000172110787179374
43713,0.000172117353929121
43712,0.000172123923866128
43711,0.000172130496990509
43710,0.000172137073302383
43709,0.000172143652801862
43708,0.000172150235489058
43707,0.000172156821364086
43706,0.000172163410427053
43705,0.000172170002678072
43704,0.000172176598117248
43703,0.000172183196744688
43702,0.0001721897985605
43701,0.000172196403564785
43700,0.000172203011757649
43699,0.000172236426092866
43698,0.000172269844663523
43697,0.000172303267468333
43696,0.000172336694506012
43695,0.000172370125775271
43694,0.000172403561274822
43693,0.000172437001003377
43692,0.000172470444959644
43691,0.000172503893142332
43690,0.000172537345550147
43689,0.000172570802181796
43688,0.000172604263035985
43687,0.000172637728111416
43686,0.000172671197406794
43685,0.000172704670920819
43684,0.000172738148652192
43683,0.000172771630599615
43682,0.000172805116761782
43681,0.000172838607137395
43680,0.000172872101725147
43679,0.000172905600523735
43678,0.000172939103531853
43677,0.000172972610748193
43676,0.000173006122171448
43675,0.000173039637800308
43674,0.000173073157633463
43673,0.000173106681669603
43672,0.000173140209907414
43671,0.000173173742345584
43670,0.000173207278982796
43669,0.000173240819817735
43668,0.000173274364849087
43667,0.000173307914075531
43666,0.00017334146749575
43665,0.000173375025108421
43664,0.000173408586912225
43663,0.000173442152905841
43662,0.000173475723087943
43661,0.000173509297457209
43660,0.00017354287601231
43659,0.000173594683137602
43658,0.00017364649658135
43657,0.000173698316339984
43656,0.000173750142409926
43655,0.0001738019747876
43654,0.000173853813469424
43653,0.000173905658451816
43652,0.000173957509731194
43651,0.000174009367303969
43650,0.000174061231166556
43649,0.000174113101315363
43648,0.000174164977746797
43647,0.000174216860457265
43646,0.000174268749443168
43645,0.000174320644700911
43644,0.000174372546226892
43643,0.000174424454017506
43642,0.000174476368069152
43641,0.00017452828837822
43640,0.000174580214941105
43639,0.000174649932034673
43638,0.000174719659664013
43637,0.000174789397819309
43636,0.000174859146490743
43635,0.000174928905668487
43634,0.000174998675342705
43633,0.000175068455503555
43632,0.000175138246141189
43631,0.000175208047245752
43630,0.000175277858807382
43629,0.000175347680816207
43628,0.000175417513262352
43627,0.000175487356135932
43626,0.000175557209427059
43625,0.000175627073125835
43624,0.000175696947222354
43623,0.000175766831706705
43622,0.000175836726568969
43621,0.000175906631799224
43620,0.000175976547387534
43619,0.00017604553789688
43618,0.000176114540234473
43617,0.000176183554392053
43616,0.000176252580361359
43615,0.000176321618134117
43614,0.000176390667702048
43613,0.000176459729056864
43612,0.000176528802190271
43611,0.00017659788709397
43610,0.000176666983759651
43609,0.000176736092178999
43608,0.000176805212343692
43607,0.000176874344245397
43606,0.000176943487875781
43605,0.000177012643226499
43604,0.000177081810289197
43603,0.000177150989055518
43602,0.000177220179517095
43601,0.000177289381665557
43600,0.000177358595492523
43599,0.000177436532106062
43598,0.000177514483330617
43597,0.000177592449154207
43596,0.000177670429564846
43595,0.000177748424550529
43594,0.000177826434099245
43593,0.000177904458198972
43592,0.000177982496837672
43591,0.000178060550003303
43590,0.000178138617683803
43589,0.000178216699867105
43588,0.00017829479654113
43587,0.000178372907693784
43586,0.000178451033312967
43585,0.000178529173386561
43584,0.000178607327902444
43583,0.000178685496848479
43582,0.000178763680212517
43581,0.000178841877982399
43580,0.000178920090145953
43579,0.000178989574658106
43578,0.000179059070641176
43577,0.000179128578086599
43576,0.000179198096985807
43575,0.000179267627330221
43574,0.000179337169111256
43573,0.000179406722320321
43572,0.000179476286948815
43571,0.000179545862988135
43570,0.000179615450429666
43569,0.000179685049264787
43568,0.000179754659484871
43567,0.00017982428108128
43566,0.000179893914045376
43565,0.000179963558368508
43564,0.00018003321404202
43563,0.000180102881057246
43562,0.000180172559405516
43561,0.000180242249078153
43560,0.000180311950066472
43559,0.000180364559405633
43558,0.000180417174587534
43557,0.000180469795608336
43556,0.000180522422464192
43555,0.000180575055151259
43554,0.000180627693665689
43553,0.000180680338003631
43552,0.000180732988161235
43551,0.000180785644134646
43550,0.000180838305920009
43549,0.000180890973513467
43548,0.000180943646911157
43547,0.000180996326109222
43546,0.000181049011103793
43545,0.000181101701891008
43544,0.000181154398466997
43543,0.000181207100827889
43542,0.000181259808969815
43541,0.000181312522888897
43540,0.000181365242581263
43539,0.000181391604591215
43538,0.000181417968043033
43537,0.00018144433293623
43536,0.000181470699270324
43535,0.000181497067044829
43534,0.000181523436259259
43533,0.000181549806913127
43532,0.000181576179005948
43531,0.000181602552537238
43530,0.00018162892750651
43529,0.000181655303913277
43528,0.000181681681757054
43527,0.000181708061037352
43526,0.000181734441753688
43525,0.000181760823905573
43524,0.000181787207492522
43523,0.000181813592514047
43522,0.00018183997896966
43521,0.000181866366858876
43520,0.000181892756181207
43519,0.000181866366858876
43518,0.00018183997896966
43517,0.000181813592514047
43516,0.000181787207492522
43515,0.000181760823905573
43514,0.000181734441753688
43513,0.000181708061037352
43512,0.000181681681757054
43511,0.000181655303913277
43510,0.00018162892750651
43509,0.000181602552537238
43508,0.000181576179005948
43507,0.000181549806913127
43506,0.000181523436259259
43505,0.000181497067044829
43504,0.000181470699270324
43503,0.00018144433293623
43502,0.000181417968043033
43501,0.000181391604591215
43500,0.000181365242581263
43499,0.000181312522888897
43498,0.000181259808969815
43497,0.000181207100827889
43496,0.000181154398466997
43495,0.000181101701891008
43494,0.000181049011103793
43493,0.000180996326109222
43492,0.000180943646911157
43491,0.000180890973513467
43490,0.000180838305920009
43489,0.000180785644134646
43488,0.000180732988161235
43487,0.000180680338003631
43486,0.000180627693665689
43485,0.000180575055151259
43484,0.000180522422464192
43483,0.000180469795608336
43482,0.000180417174587534
43481,0.000180364559405633
43480,0.000180311950066472
43479,0.000180233482770751
43478,0.000180155029650536
43477,0.0001800765907182
43476,0.000179998165986103
43475,0.000179919755466596
43474,0.000179841359172018
43473,0.000179762977114693
43472,0.000179684609306942
43471,0.000179606255761066
43470,0.000179527916489361
43469,0.000179449591504107
43468,0.000179371280817575
43467,0.000179292984442026
43466,0.000179214702389707
43465,0.000179136434672856
43464,0.000179058181303698
43463,0.000178979942294446
43462,0.000178901717657306
43461,0.000178823507404466
43460,0.00017874531154811
43459,0.000178640923629477
43458,0.000178536560857766
43457,0.000178432223261904
43456,0.000178327910870785
43455,0.000178223623713266
43454,0.000178119361818173
43453,0.000178015125214293
43452,0.000177910913930381
43451,0.000177806727995159
43450,0.000177702567437311
43449,0.000177598432285489
43448,0.000177494322568309
43447,0.000177390238314351
43446,0.000177286179552164
43445,0.000177182146310262
43444,0.00017707813861712
43443,0.000176974156501184
43442,0.00017687019999086
43441,0.000176766269114525
43440,0.000176662363900518
43439,0.000176524171719445
43438,0.000176386026620286
43437,0.000176247928669446
43436,0.000176109877933217
43435,0.000175971874477772
43434,0.000175833918369173
43433,0.000175696009673366
43432,0.000175558148456178
43431,0.000175420334783326
43430,0.000175282568720406
43429,0.000175144850332904
43428,0.00017500717968619
43427,0.000174869556845514
43426,0.000174731981876017
43425,0.000174594454842719
43424,0.00017445697581053
43423,0.000174319544844242
43422,0.00017418216200853
43421,0.000174044827367959
43420,0.000173907540986972
43419,0.000173753514296396
43418,0.000173599550734215
43417,0.000173445650391744
43416,0.000173291813360099
43415,0.0001731380397302
43414,0.000172984329592769
43413,0.000172830683038331
43412,0.000172677100157216
43411,0.000172523581039551
43410,0.000172370125775271
43409,0.000172216734454112
43408,0.000172063407165614
43407,0.000171910143999119
43406,0.00017175694504377
43405,0.000171603810388516
43404,0.000171450740122108
43403,0.000171297734333099
43402,0.000171144793109847
43401,0.00017099191654051
43400,0.000170839104713052
43399,0.000170659631213216
43398,0.000170480239467903
43397,0.000170300929620005
43396,0.000170121701812101
43395,0.000169942556186453
43394,0.000169763492885007
43393,0.000169584512049395
43392,0.000169405613820931
43391,0.000169226798340617
43390,0.000169048065749133
43389,0.000168869416186849
43388,0.000168690849793819
43387,0.000168512366709777
43386,0.000168333967074146
43385,0.000168155651026029
43384,0.000167977418704216
43383,0.000167799270247181
43382,0.000167621205793081
43381,0.000167443225479758
43380,0.000167265329444737
43379,0.000167061515218738
43378,0.000166857808843681
43377,0.000166654210530903
43376,0.000166450720491206
43375,0.000166247338934864
43374,0.00016604406607162
43373,0.000165840902110682
43372,0.000165637847260735
43371,0.000165434901729925
43370,0.000165232065725875
43369,0.00016502933945567
43368,0.000164826723125867
43367,0.000164624216942494
43366,0.000164421821111042
43365,0.000164219535836479
43364,0.000164017361323235
43363,0.000163815297775211
43362,0.000163613345395778
43361,0.000163411504387773
43360,0.000163209774953506
43359,0.000163009814434903
43358,0.000162809973470105
43357,0.000162610252245246
43356,0.000162410650945876
43355,0.00016221116975697
43354,0.00016201180886292
43353,0.00016181256844754
43352,0.000161613448694067
43351,0.000161414449785157
43350,0.000161215571902888
43349,0.00016101681522876
43348,0.000160818179943692
43347,0.00016061966622803
43346,0.000160421274261536
43345,0.000160223004223401
43344,0.000160024856292232
43343,0.000159826830646062
43342,0.000159628927462346
43341,0.000159431146917962
43340,0.000159233489189213
43339,0.00015901046923026
43338,0.00015878760083128
43337,0.000158564884246836
43336,0.000158342319730618
43335,0.000158119907535438
43334,0.000157897647913235
43333,0.000157675541115076
43332,0.00015745358739115
43331,0.000157231786990778
43330,0.000157010140162404
43329,0.0001567886471536
43328,0.000156567308211064
43327,0.000156346123580623
43326,0.000156125093507234
43325,0.000155904218234977
43324,0.000155683498007064
43323,0.000155462933065835
43322,0.000155242523652757
43321,0.00015502227000843
43320,0.00015480217237258
43319,0.000154574042685438
43318,0.00015434608108335
43317,0.000154118287831218
43316,0.000153890663192936
43315,0.000153663207431401
43314,0.000153435920808503
43313,0.000153208803585134
43312,0.000152981856021181
43311,0.000152755078375529
43310,0.000152528470906064
43309,0.000152302033869671
43308,0.000152075767522234
43307,0.00015184967211864
43306,0.000151623747912771
43305,0.000151397995157515
43304,0.000151172414104759
43303,0.000150947005005394
43302,0.000150721768109313
43301,0.000150496703665409
43300,0.00015027181192158
43299,0.000150046452785791
43298,0.000149821264237987
43297,0.000149596246531257
43296,0.000149371399917705
43295,0.000149146724648465
43294,0.00014892222097369
43293,0.000148697889142558
43292,0.000148473729403269
43291,0.000148249742003047
43290,0.000148025927188141
43289,0.000147802285203824
43288,0.000147578816294397
43287,0.000147355520703183
43286,0.000147132398672531
43285,0.000146909450443819
43284,0.00014668667625745
43283,0.000146464076352856
43282,0.000146241650968496
43281,0.000146019400341854
43280,0.000145797324709446
43279,0.000145559533577519
43278,0.000145321943717235
43277,0.000145084555416554
43276,0.000144847368962157
43275,0.000144610384639452
43274,0.000144373602732569
43273,0.000144137023524363
43272,0.000143900647296416
43271,0.000143664474329035
43270,0.000143428504901255
43269,0.000143192739290839
43268,0.000142957177774277
43267,0.00014272182062679
43266,0.000142486668122327
43265,0.000142251720533569
43264,0.000142016978131928
43263,0.000141782441187547
43262,0.000141548109969304
43261,0.000141313984744808
43260,0.000141080065780406
43259,0.000140837856444601
43258,0.000140595865728884
43257,0.0001403540939359
43256,0.000140112541366856
43255,0.000139871208321515
43254,0.000139630095098206
43253,0.000139389201993817
43252,0.000139148529303798
43251,0.000138908077322165
43250,0.000138667846341494
43249,0.000138427836652929
43248,0.000138188048546181
43247,0.000137948482309525
43246,0.000137709138229805
43245,0.000137470016592432
43244,0.000137231117681389
43243,0.000136992441779228
43242,0.000136753989167071
43241,0.000136515760124614
43240,0.000136277754930124
43239,0.000136040679161675
43238,0.000135803829735547
43237,0.000135567206913176
43236,0.000135330810954583
43235,0.000135094642118367
43234,0.000134858700661712
43233,0.000134622986840384
43232,0.000134387500908734
43231,0.000134152243119701
43230,0.000133917213724808
43229,0.000133682412974169
43228,0.000133447841116488
43227,0.000133213498399055
43226,0.000132979385067758
43225,0.000132745501367072
43224,0.000132511847540071
43223,0.000132278423828423
43222,0.000132045230472389
43221,0.000131812267710835
43220,0.000131579535781217
43219,0.000131338789109742
43218,0.000131098287015757
43217,0.000130858029769538
43216,0.000130618017639771
43215,0.00013037825089355
43214,0.000130138729796379
43213,0.000129899454612175
43212,0.000129660425603268
43211,0.000129421643030406
43210,0.000129183107152749
43209,0.000128944818227876
43208,0.000128706776511787
43207,0.000128468982258898
43206,0.000128231435722052
43205,0.000127994137152512
43204,0.000127757086799965
43203,0.000127520284912527
43202,0.000127283731736737
43201,0.000127047427517569
43200,0.000126811372498421
43199,0.000126568202018789
43198,0.000126325297078188
43197,0.000126082657938325
43196,0.000125840284859133
43195,0.000125598178098785
43194,0.000125356337913684
43193,0.000125114764558472
43192,0.000124873458286031
43191,0.000124632419347478
43190,0.000124391647992178
43189,0.000124151144467737
43188,0.000123910909020007
43187,0.00012367094189309
43186,0.000123431243329332
43185,0.000123191813569335
43184,0.000122952652851954
43183,0.000122713761414296
43182,0.00012247513949173
43181,0.000122236787317877
43180,0.000121998705124624
43179,0.000121760138314185
43178,0.000121521840912623
43177,0.000121283813161796
43176,0.000121046055301795
43175,0.000120808567570954
43174,0.000120571350205849
43173,0.000120334403441297
43172,0.00012009772751036
43171,0.000119861322644346
43170,0.000119625189072814
43169,0.000119389327023572
43168,0.000119153736722679
43167,0.000118918418394453
43166,0.000118683372261463
43165,0.000118448598544538
43164,0.000118214097462768
43163,0.000117979869233504
43162,0.000117745914072364
43161,0.000117512232193227
43160,0.000117278823808243
43159,0.000117032376536858
43158,0.000116786238329836
43157,0.000116540409416433
43156,0.000116294890023762
43155,0.000116049680376802
43154,0.000115804780698397
43153,0.000115560191209259
43152,0.000115315912127974
43151,0.000115071943671002
43150,0.00011482828605268
43149,0.000114584939485227
43148,0.000114341904178744
43147,0.000114099180341222
43146,0.000113856768178537
43145,0.000113614667894462
43144,0.000113372879690663
43143,0.000113131403766707
43142,0.000112890240320062
43141,0.000112649389546098
43140,0.000112408851638098
43139,0.000112168626787253
43138,0.000111928715182668
43137,0.000111689117011367
43136,0.000111449832458292
43135,0.00011121086170631
43134,0.000110972204936216
43133,0.000110733862326731
43132,0.000110495834054512
43131,0.000110258120294152
43130,0.000110020721218182
43129,0.000109783636997076
43128,0.000109546867799253
43127,0.000109310413791084
43126,0.000109074275136888
43125,0.000108838451998942
43124,0.000108602944537481
43123,0.000108367752910703
43122,0.000108132877274769
43121,0.00010789831778381
43120,0.00010766407458993
43119,0.000107424249511156
43118,0.000107184760368277
43117,0.000106945607304762
43116,0.000106706790461853
43115,0.000106468309978564
43114,0.000106230165991691
43113,0.000105992358635814
43112,0.000105754888043297
43111,0.0001055177543443
43110,0.000105280957666772
43109,0.000105044498136468
43108,0.000104808375876945
43107,0.000104572591009564
43106,0.000104337143653505
43105,0.000104102033925757
43104,0.000103867261941135
43103,0.000103632827812276
43102,0.000103398731649644
43101,0.00010316497356154
43100,0.000102931553654099
43099,0.000102691980367208
43098,0.000102452764500718
43097,0.000102213906163175
43096,0.000101975405460731
43095,0.000101737262497145
43094,0.000101499477373794
43093,0.000101262050189673
43092,0.000101024981041401
43091,0.000100788270023231
43090,0.000100551917227045
43089,0.000100315922742368
43088,0.000100080286656368
43087,9.98450090538628e-05
43086,9.96100900173268e-05
43085,9.93755296268909e-05
43084,9.91413279603517e-05
43083,9.89074850931754e-05
43082,9.86740010985015e-05
43081,9.84408760471523e-05
43080,9.82081100076314e-05
43079,9.79741001892699e-05
43078,9.77404488245283e-05
43077,9.7507156006259e-05
43076,9.72742218249335e-05
43075,9.70416463686414e-05
43074,9.68094297230998e-05
43073,9.65775719716564e-05
43072,9.63460731952937e-05
43071,9.61149334726379e-05
43070,9.58841528799579e-05
43069,9.56537314911741e-05
43068,9.54236693778623e-05
43067,9.5193966609258e-05
43066,9.49646232522646e-05
43065,9.47356393714531e-05
43064,9.4507015029071e-05
43063,9.4278750285046e-05
43062,9.40508451969902e-05
43061,9.38232998202088e-05
43060,9.35961142076995e-05
43059,9.33509776522774e-05
43058,9.31062616561848e-05
43057,9.28619662759026e-05
43056,9.26180915647992e-05
43055,9.2374637573138e-05
43054,9.2131604348085e-05
43053,9.18889919337157e-05
43052,9.16468003710235e-05
43051,9.14050296979271e-05
43050,9.11636799492777e-05
43049,9.09227511568668e-05
43048,9.06822433494342e-05
43047,9.04421565526753e-05
43046,9.02024907892488e-05
43045,8.99632460787842e-05
43044,8.97244224378901e-05
43043,8.94860198801613e-05
43042,8.9248038416187e-05
43041,8.90104780535579e-05
43040,8.8773338796875e-05
43039,8.85366206477562e-05
43038,8.8300323604845e-05
43037,8.80644476638177e-05
43036,8.78289928173919e-05
43035,8.75939590553335e-05
43034,8.73593463644653e-05
43033,8.71251547286742e-05
43032,8.68913841289197e-05
43031,8.66580345432414e-05
43030,8.64251059467671e-05
43029,8.61925983117205e-05
43028,8.59605116074295e-05
43027,8.57288458003337e-05
43026,8.54976008539926e-05
43025,8.52667767290937e-05
43024,8.50363733834602e-05
43023,8.48063907720592e-05
43022,8.45768288470097e-05
43021,8.43476875575904e-05
43020,8.41189668502483e-05
43019,8.38744073576887e-05
43018,8.36303331330035e-05
43017,8.33867440797913e-05
43016,8.31436400980058e-05
43015,8.29010210839724e-05
43014,8.26588869303966e-05
43013,8.24172375263767e-05
43012,8.21760727574161e-05
43011,8.19353925054318e-05
43010,8.16951966487715e-05
43009,8.14554850622214e-05
43008,8.12162576170193e-05
43007,8.09775141808671e-05
43006,8.07392546179394e-05
43005,8.05014787889001e-05
43004,8.0264186550911e-05
43003,8.00273777576445e-05
43002,7.97910522592963e-05
43001,7.95552099025939e-05
43000,7.93198505308137e-05
42999,7.90787344967289e-05
42998,7.88381246370493e-05
42997,7.85980207898851e-05
42996,7.8358422789515e-05
42995,7.81193304664064e-05
42994,7.78807436472229e-05
42993,7.76426621548402e-05
42992,7.74050858083617e-05
42991,7.71680144231267e-05
42990,7.69314478107297e-05
42989,7.6695385779029e-05
42988,7.64598281321619e-05
42987,7.62247746705606e-05
42986,7.59902251909608e-05
42985,7.57561794864206e-05
42984,7.55226373463293e-05
42983,7.52895985564228e-05
42982,7.50570628987994e-05
42981,7.48250301519285e-05
42980,7.45935000906696e-05
42979,7.43572452241597e-05
42978,7.4121515634889e-05
42977,7.38863110700104e-05
42976,7.36516312727871e-05
42975,7.34174759826076e-05
42974,7.31838449350012e-05
42973,7.2950737861653e-05
42972,7.27181544904196e-05
42971,7.24860945453437e-05
42970,7.22545577466699e-05
42969,7.20235438108598e-05
42968,7.1793052450607e-05
42967,7.15630833748533e-05
42966,7.13336362888025e-05
42965,7.11047108939375e-05
42964,7.0876306888034e-05
42963,7.06484239651769e-05
42962,7.04210618157752e-05
42961,7.01942201265774e-05
42960,6.99678985806866e-05
42959,6.97213609265823e-05
42958,6.94754408901077e-05
42957,6.92301380627683e-05
42956,6.8985452030892e-05
42955,6.87413823756586e-05
42954,6.84979286731185e-05
42953,6.82550904942187e-05
42952,6.8012867404829e-05
42951,6.77712589657602e-05
42950,6.75302647327941e-05
42949,6.72898842567025e-05
42948,6.70501170832724e-05
42947,6.68109627533328e-05
42946,6.6572420802773e-05
42945,6.63344907625725e-05
42944,6.60971721588198e-05
42943,6.5860464512738e-05
42942,6.56243673407113e-05
42941,6.53888801543039e-05
42940,6.51540024602891e-05
42939,6.49157243806928e-05
42938,6.46780777076074e-05
42937,6.44410618860272e-05
42936,6.42046763560178e-05
42935,6.39689205527418e-05
42934,6.37337939064855e-05
42933,6.34992958426842e-05
42932,6.32654257819488e-05
42931,6.30321831400916e-05
42930,6.27995673281524e-05
42929,6.25675777524245e-05
42928,6.23362138144807e-05
42927,6.21054749111995e-05
42926,6.18753604347907e-05
42925,6.16458697728219e-05
42924,6.14170023082442e-05
42923,6.1188757419418e-05
42922,6.09611344801395e-05
42921,6.07341328596662e-05
42920,6.0507751922743e-05
42919,6.02782127602764e-05
42918,6.00493161569572e-05
42917,5.98210614092408e-05
42916,5.95934478089543e-05
42915,5.93664746433195e-05
42914,5.9140141194986e-05
42913,5.89144467420571e-05
42912,5.86893905581167e-05
42911,5.84649719122618e-05
42910,5.82411900691254e-05
42909,5.80180442889095e-05
42908,5.77955338274115e-05
42907,5.757365793605e-05
42906,5.73524158618976e-05
42905,5.71318068477043e-05
42904,5.69118301319293e-05
42903,5.66924849487678e-05
42902,5.6473770528177e-05
42901,5.62556860959082e-05
42900,5.60382308735301e-05
42899,5.58171588492455e-05
42898,5.55967393041344e-05
42897,5.53769713998303e-05
42896,5.51578542935723e-05
42895,5.49393871382324e-05
42894,5.47215690823485e-05
42893,5.45043992701544e-05
42892,5.42878768416098e-05
42891,5.40720009324331e-05
42890,5.38567706741285e-05
42889,5.36421851940186e-05
42888,5.34282436152745e-05
42887,5.32149450569452e-05
42886,5.30022886339907e-05
42885,5.27902734573085e-05
42884,5.25788986337661e-05
42883,5.23681632662311e-05
42882,5.21580664536001e-05
42881,5.1948607290832e-05
42880,5.17397848689735e-05
42879,5.15342344291838e-05
42878,5.13292995247389e-05
42877,5.11249793072057e-05
42876,5.09212729243693e-05
42875,5.07181795202566e-05
42874,5.05156982351684e-05
42873,5.03138282057052e-05
42872,5.01125685647935e-05
42871,4.99119184417179e-05
42870,4.97118769621436e-05
42869,4.95124432481489e-05
42868,4.93136164182508e-05
42867,4.91153955874309e-05
42866,4.89177798671669e-05
42865,4.87207683654561e-05
42864,4.85243601868465e-05
42863,4.83285544324627e-05
42862,4.81333502000315e-05
42861,4.79387465839137e-05
42860,4.77447426751264e-05
42859,4.75550985203597e-05
42858,4.73660291597066e-05
42857,4.7177533727633e-05
42856,4.69896113556126e-05
42855,4.68022611721512e-05
42854,4.66154823028114e-05
42853,4.6429273870237e-05
42852,4.62436349941779e-05
42851,4.60585647915141e-05
42850,4.58740623762803e-05
42849,4.56901268596902e-05
42848,4.55067573501608e-05
42847,4.5323952953337e-05
42846,4.51417127721152e-05
42845,4.49600359066683e-05
42844,4.47789214544688e-05
42843,4.45983685103142e-05
42842,4.44183761663499e-05
42841,4.42389435120938e-05
42840,4.40600696344602e-05
42839,4.38788400236489e-05
42838,4.36981869197454e-05
42837,4.35181093405366e-05
42836,4.33386063012306e-05
42835,4.31596768144791e-05
42834,4.29813198904054e-05
42833,4.28035345366294e-05
42832,4.26263197582909e-05
42831,4.24496745580781e-05
42830,4.22735979362501e-05
42829,4.20980888906643e-05
42828,4.19231464168011e-05
42827,4.1748769507787e-05
42826,4.15749571544232e-05
42825,4.14017083452069e-05
42824,4.12290220663594e-05
42823,4.10568973018498e-05
42822,4.0885333033418e-05
42821,4.07143282406035e-05
42820,4.05438819007654e-05
42819,4.03800253553094e-05
42818,4.02166853339368e-05
42817,4.00538609269489e-05
42816,3.98915512227613e-05
42815,3.97297553079282e-05
42814,3.95684722671597e-05
42813,3.94077011833433e-05
42812,3.92474411375661e-05
42811,3.90876912091316e-05
42810,3.89284504755839e-05
42809,3.87697180127247e-05
42808,3.86114928946347e-05
42807,3.84537741936953e-05
42806,3.82965609806054e-05
42805,3.81398523244052e-05
42804,3.79836472924929e-05
42803,3.7827944950646e-05
42802,3.76727443630429e-05
42801,3.75180445922789e-05
42800,3.73638446993902e-05
42799,3.72143850727599e-05
42798,3.70653983797099e-05
42797,3.69168837291144e-05
42796,3.67688402286519e-05
42795,3.66212669848253e-05
42794,3.64741631029761e-05
42793,3.63275276873021e-05
42792,3.61813598408743e-05
42791,3.60356586656517e-05
42790,3.58904232625004e-05
42789,3.57456527312087e-05
42788,3.56013461705037e-05
42787,3.5457502678068e-05
42786,3.53141213505548e-05
42785,3.51712012836064e-05
42784,3.5028741571869e-05
42783,3.48867413090088e-05
42782,3.47451995877296e-05
42781,3.46041154997862e-05
42780,3.44634881360034e-05
42779,3.43251426586256e-05
42778,3.41872384057362e-05
42777,3.40497745229028e-05
42776,3.39127501547431e-05
42775,3.37761644449372e-05
42774,3.36400165362447e-05
42773,3.35043055705187e-05
42772,3.33690306887208e-05
42771,3.32341910309372e-05
42770,3.30997857363914e-05
42769,3.29658139434602e-05
42768,3.28322747896888e-05
42767,3.26991674118039e-05
42766,3.25664909457314e-05
42765,3.24342445266073e-05
42764,3.23024272887944e-05
42763,3.21710383658968e-05
42762,3.20400768907732e-05
42761,3.19095419955534e-05
42760,3.17794328116503e-05
42759,3.16557300428735e-05
42758,3.15324135866501e-05
42757,3.14094826800992e-05
42756,3.12869365598429e-05
42755,3.11647744620173e-05
42754,3.10429956222836e-05
42753,3.09215992758392e-05
42752,3.0800584657428e-05
42751,3.06799510013523e-05
42750,3.05596975414825e-05
42749,3.04398235112688e-05
42748,3.03203281437518e-05
42747,3.02012106715727e-05
42746,3.00824703269847e-05
42745,2.99641063418633e-05
42744,2.98461179477172e-05
42743,2.97285043756983e-05
42742,2.96112648566132e-05
42741,2.94943986209329e-05
42740,2.93779048988037e-05
42739,2.92643484532406e-05
42738,2.91511467450763e-05
42737,2.90382990537783e-05
42736,2.89258046585529e-05
42735,2.88136628383562e-05
42734,2.87018728719013e-05
42733,2.85904340376686e-05
42732,2.84793456139158e-05
42731,2.83686068786845e-05
42730,2.82582171098124e-05
42729,2.81481755849393e-05
42728,2.80384815815177e-05
42727,2.79291343768227e-05
42726,2.78201332479583e-05
42725,2.77114774718691e-05
42724,2.76031663253471e-05
42723,2.7495199085041e-05
42722,2.73875750274667e-05
42721,2.72802934290132e-05
42720,2.71733535659543e-05
42719,2.7069162999829e-05
42718,2.69652974974715e-05
42717,2.68617563830682e-05
42716,2.67585389807281e-05
42715,2.66556446144932e-05
42714,2.6553072608344e-05
42713,2.64508222862077e-05
42712,2.63488929719665e-05
42711,2.62472839894632e-05
42710,2.61459946625112e-05
42709,2.60450243149003e-05
42708,2.59443722704048e-05
42707,2.58440378527911e-05
42706,2.57440203858239e-05
42705,2.56443191932754e-05
42704,2.55449335989313e-05
42703,2.54458629265988e-05
42702,2.53471065001138e-05
42701,2.52486636433472e-05
42700,2.51505336802138e-05
42699,2.50554219717345e-05
42698,2.49606054876732e-05
42697,2.48660835996085e-05
42696,2.47718556792213e-05
42695,2.4677921098298e-05
42694,2.4584279228739e-05
42693,2.44909294425633e-05
42692,2.43978711119153e-05
42691,2.4305103609071e-05
42690,2.42126263064428e-05
42689,2.41204385765866e-05
42688,2.4028539792207e-05
42687,2.39369293261635e-05
42686,2.38456065514772e-05
42685,2.37545708413347e-05
42684,2.36638215690958e-05
42683,2.35733581082981e-05
42682,2.34831798326632e-05
42681,2.33932861161034e-05
42680,2.33036763327255e-05
42679,2.32101032711061e-05
42678,2.31168404219084e-05
42677,2.30238870662331e-05
42676,2.29312424854428e-05
42675,2.28389059611722e-05
42674,3.27675430865145e-05
42673,3.27025437046696e-05
42672,3.26379093554263e-05
42671,3.25736394145721e-05
42670,3.2509733258234e-05
42669,3.24461902628843e-05
42668,3.23830098053467e-05
42667,3.23201912628042e-05
42666,3.22577340128038e-05
42665,3.21956374332644e-05
42664,3.21339009024819e-05
42663,3.20725237991361e-05
42662,3.20115055022975e-05
42661,3.19508453914321e-05
42660,3.18905428464095e-05
42659,3.18305972475075e-05
42658,3.17710079754186e-05
42657,3.17117744112574e-05
42656,3.16528959365644e-05
42655,3.15943719333144e-05
42654,3.15362017839208e-05
42653,3.14783848712422e-05
42652,3.1420920578589e-05
42651,3.13638082897277e-05
42650,3.1307047388889e-05
42649,3.12506372607713e-05
42648,3.11945772905482e-05
42647,3.11388668638739e-05
42646,3.10835053668882e-05
42645,3.10284921862237e-05
42644,3.097382670901e-05
42643,3.09195083228797e-05
42642,3.08655364159752e-05
42641,3.08119103769525e-05
42640,3.07586295949884e-05
42639,3.07056934597847e-05
42638,3.06531013615744e-05
42637,3.06008526911272e-05
42636,3.05489468397545e-05
42635,3.04973831993156e-05
42634,3.04461611622217e-05
42633,3.03952801214424e-05
42632,3.03447394705111e-05
42631,3.02945386035289e-05
42630,3.02446769151717e-05
42629,3.01951538006937e-05
42628,3.01459686559335e-05
42627,3.00971208773193e-05
42626,3.00486098618733e-05
42625,3.00004350072177e-05
42624,2.99525957115791e-05
42623,2.99050913737931e-05
42622,2.98579213933108e-05
42621,2.9811085170202e-05
42620,2.97645821051614e-05
42619,2.97167769850437e-05
42618,2.96693331166776e-05
42617,2.96222498194515e-05
42616,2.95755264135558e-05
42615,2.95291622199869e-05
42614,2.94831565605545e-05
42613,2.94375087578862e-05
42612,2.93922181354327e-05
42611,2.93472840174747e-05
42610,2.9302705729127e-05
42609,2.92584825963447e-05
42608,2.92146139459289e-05
42607,2.91710991055306e-05
42606,2.91279374036583e-05
42605,2.90851281696808e-05
42604,2.90426707338344e-05
42603,2.90005644272274e-05
42602,2.89588085818446e-05
42601,2.89174025305537e-05
42600,2.88763456071093e-05
42599,2.88347464233838e-05
42598,2.879351033883e-05
42597,2.87526366456684e-05
42596,2.87121246371084e-05
42595,2.86719736073525e-05
42594,2.86321828516027e-05
42593,2.8592751666065e-05
42592,2.85536793479555e-05
42591,2.85149651955054e-05
42590,2.84766085079656e-05
42589,2.84386085856127e-05
42588,2.84009647297538e-05
42587,2.83636762427311e-05
42586,2.83267424279282e-05
42585,2.82901625897735e-05
42584,2.82539360337463e-05
42583,2.8218062066381e-05
42582,2.81825399952724e-05
42581,2.81473691290805e-05
42580,2.81125487775348e-05
42579,2.80761722743292e-05
42578,2.80401768823434e-05
42577,2.80045618197486e-05
42576,2.79693263059715e-05
42575,2.79344695617005e-05
42574,2.78999908088911e-05
42573,2.78658892707723e-05
42572,2.78321641718518e-05
42571,2.77988147379217e-05
42570,2.77658401960647e-05
42569,2.77332397746588e-05
42568,2.77010127033832e-05
42567,2.7669158213224e-05
42566,2.76376755364792e-05
42565,2.76065639067641e-05
42564,2.75758225590167e-05
42563,2.75454507295028e-05
42562,2.75154476558214e-05
42561,2.74858125769092e-05
42560,2.74565447330467e-05
42559,2.74270573526066e-05
42558,2.73979507554117e-05
42557,2.73692241386304e-05
42556,2.73408767009086e-05
42555,2.73129076423753e-05
42554,2.72853161646479e-05
42553,2.72581014708371e-05
42552,2.72312627655523e-05
42551,1.39848644479886e-05
42550,1.40247735675948e-05
42549,1.40647747007641e-05
42548,1.41048679853214e-05
42547,1.41450535590541e-05
42546,1.4185331559711e-05
42545,1.42257021250014e-05
42544,1.4266165392594e-05
42543,1.4306721500116e-05
42542,1.43473705851522e-05
42541,1.43881127852439e-05
42540,1.4428948237888e-05
42539,1.44716172129171e-05
42538,1.45143876991586e-05
42537,1.4557259851116e-05
42536,1.46002338232306e-05
42535,1.46433097698812e-05
42534,1.46864878453825e-05
42533,1.47297682039838e-05
42532,1.47731509998677e-05
42531,1.4816636387149e-05
42530,1.48602245198735e-05
42529,1.49039155520165e-05
42528,1.4947709637482e-05
42527,1.49916069301012e-05
42526,1.50356075836306e-05
42525,1.50797117517521e-05
42524,1.51239195880707e-05
42523,1.51682312461136e-05
42522,1.52126468793288e-05
42521,1.52571666410838e-05
42520,1.53017906846646e-05
42519,1.5348237542314e-05
42518,1.53947971790896e-05
42517,1.54414697663613e-05
42516,1.54882554753982e-05
42515,1.5535154477367e-05
42514,1.55821669433304e-05
42513,1.56292930442461e-05
42512,1.56765329509638e-05
42511,1.57238868342256e-05
42510,1.57713548646626e-05
42509,1.58189372127944e-05
42508,1.58666340490276e-05
42507,1.59144455436531e-05
42506,1.5962371866846e-05
42505,1.60104131886627e-05
42504,1.60585696790402e-05
42503,1.61068415077941e-05
42502,1.6155228844617e-05
42501,1.62037318590772e-05
42500,1.62523507206164e-05
42499,1.63037904476386e-05
42498,1.63553596156244e-05
42497,1.64070584233865e-05
42496,1.64588870695726e-05
42495,1.65108457526643e-05
42494,1.65629346709743e-05
42493,1.66151540226445e-05
42492,1.6667504005644e-05
42491,1.6719984817766e-05
42490,1.67725966566272e-05
42489,1.68253397196645e-05
42488,1.68782142041332e-05
42487,1.69312203071048e-05
42486,1.69843582254646e-05
42485,1.70376281559099e-05
42484,1.70910302949476e-05
42483,1.71445648388922e-05
42482,1.71982319838633e-05
42481,1.72520319257833e-05
42480,1.73059648603758e-05
42479,1.73610917740725e-05
42478,1.74163572492556e-05
42477,1.7471761491491e-05
42476,1.75273047061131e-05
42475,1.75829870982209e-05
42474,1.76388088726769e-05
42473,1.76947702341038e-05
42472,1.77508713868818e-05
42471,1.78071125351476e-05
42470,1.78634938827897e-05
42469,1.79200156334476e-05
42468,1.79766779905087e-05
42467,1.80334811571054e-05
42466,1.80904253361135e-05
42465,1.81475107301488e-05
42464,1.8204737541565e-05
42463,1.82621059724508e-05
42462,1.83196162246278e-05
42461,1.83772684996481e-05
42460,1.84350629987909e-05
42459,1.8494114137222e-05
42458,1.85533133989297e-05
42457,1.86126609950972e-05
42456,1.86721571365944e-05
42455,1.87318020339737e-05
42454,1.87915958974684e-05
42453,1.88515389369893e-05
42452,1.89116313621213e-05
42451,1.89718733821217e-05
42450,1.90322652059158e-05
42449,1.90928070420953e-05
42448,1.9153499098915e-05
42447,1.92143415842891e-05
42446,1.92753347057898e-05
42445,1.93364786706428e-05
42444,1.93977736857254e-05
42443,1.94592199575636e-05
42442,1.9520817692328e-05
42441,1.95825670958325e-05
42440,1.96444683735299e-05
42439,1.97095380390247e-05
42438,1.97747752148742e-05
42437,1.98401801381879e-05
42436,1.99057530456368e-05
42435,1.99714941734513e-05
42434,2.00374037574161e-05
42433,2.01034820328671e-05
42432,2.0169729234688e-05
42431,2.02361455973051e-05
42430,2.03027313546853e-05
42429,2.03694867403314e-05
42428,2.04364119872782e-05
42427,2.05035073280896e-05
42426,2.05707729948531e-05
42425,2.06382092191782e-05
42424,2.07058162321909e-05
42423,2.07735942645308e-05
42422,2.08415435463468e-05
42421,2.09096643072933e-05
42420,2.09779567765269e-05
42419,2.10486242335846e-05
42418,2.11194751154704e-05
42417,2.11905096725729e-05
42416,2.12617281546991e-05
42415,2.13331308110686e-05
42414,2.14047178903099e-05
42413,2.14764896404559e-05
42412,2.15484463089381e-05
42411,2.16205881425841e-05
42410,2.1692915387611e-05
42409,2.17654282896223e-05
42408,2.18381270936028e-05
42407,2.19110120439138e-05
42406,2.1984083384289e-05
42405,2.20573413578291e-05
42404,2.21307862069984e-05
42403,2.22044181736195e-05
42402,2.22782374988681e-05
42401,2.23522444232697e-05
42400,2.24264391866938e-05
42399,2.2501981546413e-05
42398,2.25777181409504e-05
42397,2.26536492195138e-05
42396,2.2729775030594e-05
42395,2.28060958219601e-05
42394,2.28826118406544e-05
42393,2.2959323332987e-05
42392,2.30362305445313e-05
42391,2.31133337201185e-05
42390,2.31906331038327e-05
42389,2.3268128939006e-05
42388,2.33458214682129e-05
42387,2.34237109332659e-05
42386,2.35017975752098e-05
42385,2.35800816343169e-05
42384,2.36585633500821e-05
42383,2.37372429612171e-05
42382,2.3816120705646e-05
42381,2.38951968204999e-05
42380,2.39744715421116e-05
42379,2.40563849922679e-05
42378,2.41385099336316e-05
42377,2.42208466223996e-05
42376,2.43033953138452e-05
42375,2.43861562623126e-05
42374,2.44691297212107e-05
42373,2.45523159430068e-05
42372,2.46357151792211e-05
42371,2.47193276804199e-05
42370,2.48031536962106e-05
42369,2.48871934752346e-05
42368,2.4971447265162e-05
42367,2.50559153126856e-05
42366,2.51405978635136e-05
42365,2.52254951623653e-05
42364,2.53106074529637e-05
42363,2.53959349780301e-05
42362,2.5481477979278e-05
42361,2.55672366974061e-05
42360,2.56532113720935e-05
42359,2.57382637131395e-05
42358,2.58235266428192e-05
42357,2.59090003860248e-05
42356,2.59946851666411e-05
42355,2.60805812075414e-05
42354,2.61666887305804e-05
42353,2.62530079565888e-05
42352,2.63395391053685e-05
42351,2.64262823956848e-05
42350,2.6513238045263e-05
42349,2.66004062707805e-05
42348,2.66877872878618e-05
42347,2.67753813110737e-05
42346,2.68631885539175e-05
42345,2.69512092288252e-05
42344,2.70394435471519e-05
42343,2.71278917191711e-05
42342,2.72165539540689e-05
42341,2.73054304599374e-05
42340,2.73945214437697e-05
42339,2.74839782859344e-05
42338,2.75736506526999e-05
42337,2.76635387463978e-05
42336,2.77536427682091e-05
42335,2.78439629181603e-05
42334,2.79344993951152e-05
42333,2.80252523967706e-05
42332,2.81162221196502e-05
42331,2.82074087590972e-05
42330,2.82988125092706e-05
42329,2.83904335631371e-05
42328,2.84822721124663e-05
42327,2.85743283478249e-05
42326,2.86666024585694e-05
42325,2.87590946328421e-05
42324,2.88518050575632e-05
42323,2.89447339184258e-05
42322,2.90378813998902e-05
42321,2.91312476851771e-05
42320,2.92248329562622e-05
42319,2.93184794584634e-05
42318,2.94123446902433e-05
42317,2.95064288315593e-05
42316,2.96007320611277e-05
42315,2.96952545564188e-05
42314,2.97899964936501e-05
42313,2.98849580477811e-05
42312,2.99801393925076e-05
42311,3.00755407002544e-05
42310,3.01711621421717e-05
42309,3.02670038881269e-05
42308,3.03630661066998e-05
42307,3.04593489651773e-05
42306,3.05558526295459e-05
42305,3.06525772644876e-05
42304,3.07495230333725e-05
42303,3.08466900982534e-05
42302,3.09440786198608e-05
42301,3.10416887575952e-05
42300,3.11395206695234e-05
42299,3.12357678144433e-05
42298,3.13322295170813e-05
42297,3.14289059292739e-05
42296,3.15257972016254e-05
42295,3.16229034835023e-05
42294,3.17202249230284e-05
42293,3.18177616670792e-05
42292,3.19155138612762e-05
42291,3.20134816499821e-05
42290,3.21116651762953e-05
42289,3.2210064582044e-05
42288,3.23086800077817e-05
42287,3.24075115927812e-05
42286,3.25065594750293e-05
42285,3.26058237912219e-05
42284,3.27053046767579e-05
42283,3.28050022657346e-05
42282,3.29049166909418e-05
42281,3.30050480838566e-05
42280,3.31053965746383e-05
42279,3.32044160434707e-05
42278,3.3303646232795e-05
42277,3.34030872630358e-05
42276,3.35027392533599e-05
42275,3.36026023216689e-05
42274,3.37026765845964e-05
42273,3.38029621575019e-05
42272,3.39034591544654e-05
42271,3.40041676882842e-05
42270,3.41050878704658e-05
42269,3.42062198112248e-05
42268,3.43075636194771e-05
42267,3.44091194028344e-05
42266,3.45108872676009e-05
42265,3.46128673187664e-05
42264,3.47150596600031e-05
42263,3.48174643936599e-05
42262,3.49200816207568e-05
42261,3.50229114409817e-05
42260,3.51259539526833e-05
42259,3.52258153008484e-05
42258,3.53258762393752e-05
42257,3.54261368569135e-05
42256,3.55265972409327e-05
42255,3.56272574777185e-05
42254,3.57281176523679e-05
42253,3.58291778487856e-05
42252,3.59304381496795e-05
42251,3.60318986365562e-05
42250,3.61335593897176e-05
42249,3.62354204882564e-05
42248,3.63374820100517e-05
42247,3.64397440317652e-05
42246,3.65422066288364e-05
42245,3.66448698754793e-05
42244,3.67477338446779e-05
42243,3.68507986081816e-05
42242,3.69540642365019e-05
42241,3.70575307989072e-05
42240,3.71611983634197e-05
42239,3.7265237599645e-05
42238,3.73694781307009e-05
42237,3.747392001767e-05
42236,3.75785633203548e-05
42235,3.76834080972755e-05
42234,3.77884544056643e-05
42233,3.78937023014623e-05
42232,3.79991518393147e-05
42231,3.81048030725666e-05
42230,3.82106560532599e-05
42229,3.83167108321282e-05
42228,3.84229674585931e-05
42227,3.85294259807604e-05
42226,3.86360864454149e-05
42225,3.87429488980178e-05
42224,3.88500133827017e-05
42223,3.8957279942267e-05
42222,3.90647486181776e-05
42221,3.91724194505561e-05
42220,3.92802924781813e-05
42219,3.93845388669052e-05
42218,3.94889745633061e-05
42217,3.95935996052575e-05
42216,3.96984140294636e-05
42215,3.98034178714567e-05
42214,3.99086111655935e-05
42213,4.00139939450512e-05
42212,4.01195662418247e-05
42211,4.02253280867227e-05
42210,4.03312795093644e-05
42209,4.04374205381763e-05
42208,4.05437512003884e-05
42207,4.06502715220311e-05
42206,4.07569815279312e-05
42205,4.08638812417095e-05
42204,4.09709706857764e-05
42203,4.10782498813289e-05
42202,4.11857188483473e-05
42201,4.12933776055917e-05
42200,4.14012261705986e-05
42199,4.15059982539346e-05
42198,4.16109477705744e-05
42197,4.17160747268526e-05
42196,4.18213791280031e-05
42195,4.19268609781543e-05
42194,4.20325202803278e-05
42193,4.21383570364349e-05
42192,4.22443712472741e-05
42191,4.23505629125288e-05
42190,4.24569320307633e-05
42189,4.25634785994208e-05
42188,4.26702026148207e-05
42187,4.27771040721554e-05
42186,4.28841829654885e-05
42185,4.29914392877506e-05
42184,4.30988730307376e-05
42183,4.32064841851075e-05
42182,4.33142727403779e-05
42181,4.34222386849235e-05
42180,4.35303820059726e-05
42179,4.36385297704814e-05
42178,4.37468548559612e-05
42177,4.38553572495546e-05
42176,4.39640369372608e-05
42175,4.40728939039313e-05
42174,4.41819281332682e-05
42173,4.42911396078215e-05
42172,4.44005283089855e-05
42171,4.4510094216998e-05
42170,4.46198373109352e-05
42169,4.47297575687108e-05
42168,4.48398549670724e-05
42167,4.49501294815991e-05
42166,4.50605810866995e-05
42165,4.51712097556076e-05
42164,4.52820154603812e-05
42163,4.53929981718992e-05
42162,4.55041578598581e-05
42161,4.56154944927709e-05
42160,4.5727008037963e-05
42159,4.58369437202259e-05
42158,4.59470501829592e-05
42157,4.60573273883594e-05
42156,4.61677752974935e-05
42155,4.62783938702983e-05
42154,4.63891830655771e-05
42153,4.65001428409971e-05
42152,4.6611273153088e-05
42151,4.6722573957238e-05
42150,4.68340452076934e-05
42149,4.6945686857555e-05
42148,4.70574988587764e-05
42147,4.71694811621613e-05
42146,4.72816337173608e-05
42145,4.73939564728724e-05
42144,4.75064493760364e-05
42143,4.76191123730342e-05
42142,4.77319454088865e-05
42141,4.78449484274491e-05
42140,4.7958121371413e-05
42139,4.80653310534026e-05
42138,4.81726931997765e-05
42137,4.82802077619662e-05
42136,4.83878746904672e-05
42135,4.84956939348351e-05
42134,4.86036654436859e-05
42133,4.87117891646933e-05
42132,4.88200650445861e-05
42131,4.89284930291488e-05
42130,4.90370730632171e-05
42129,4.91458050906786e-05
42128,4.92546890544701e-05
42127,4.93637248965751e-05
42126,4.94729125580239e-05
42125,4.95822519788899e-05
42124,4.969174309829e-05
42123,4.98013858543815e-05
42122,4.99111801843602e-05
42121,5.00211260244606e-05
42120,5.01312233099515e-05
42119,5.02411295982013e-05
42118,5.03511877080435e-05
42117,5.04613975781358e-05
42116,5.05717591461736e-05
42115,5.06822723488855e-05
42114,5.07929371220338e-05
42113,5.09037534004119e-05
42112,5.10147211178416e-05
42111,5.11258402071736e-05
42110,5.12371106002834e-05
42109,5.13485322280718e-05
42108,5.1460105020462e-05
42107,5.15718289063974e-05
42106,5.1683703813842e-05
42105,5.17957296697759e-05
42104,5.19079064001964e-05
42103,5.20202339301149e-05
42102,5.21327121835545e-05
42101,5.22453410835508e-05
42100,5.23581205521472e-05
42099,5.24687842780622e-05
42098,5.25795933522517e-05
42097,5.26905477011097e-05
42096,5.28016472501027e-05
42095,5.2912891923766e-05
42094,5.30242816457041e-05
42093,5.31358163385883e-05
42092,5.32474959241549e-05
42091,5.33593203232053e-05
42090,5.34712894556025e-05
42089,5.35834032402706e-05
42088,5.36956615951932e-05
42087,5.38080644374118e-05
42086,5.39206116830251e-05
42085,5.40333032471861e-05
42084,5.41461390441015e-05
42083,5.42591189870305e-05
42082,5.43722429882823e-05
42081,5.44855109592162e-05
42080,5.45989228102387e-05
42079,5.4706181668167e-05
42078,5.48135680426287e-05
42077,5.49210818540607e-05
42076,5.50287230221435e-05
42075,5.51364914658017e-05
42074,5.52443871032017e-05
42073,5.53524098517513e-05
42072,5.54605596280986e-05
42071,5.55688363481309e-05
42070,5.56772399269737e-05
42069,5.57857702789899e-05
42068,5.58944273177785e-05
42067,5.60032109561738e-05
42066,5.61121211062444e-05
42065,5.62211576792921e-05
42064,5.6330320585851e-05
42063,5.64396097356865e-05
42062,5.65490250377945e-05
42061,5.66585664004001e-05
42060,5.67682337309569e-05
42059,5.68781849625838e-05
42058,5.69882615751456e-05
42057,5.70984634711982e-05
42056,5.72087905525235e-05
42055,5.73192427201277e-05
42054,5.74298198742411e-05
42053,5.75405219143167e-05
42052,5.76513487390297e-05
42051,5.77623002462762e-05
42050,5.78733763331726e-05
42049,5.79845768960546e-05
42048,5.80959018304765e-05
42047,5.820735103121e-05
42046,5.83189243922437e-05
42045,5.84306218067818e-05
42044,5.85424431672439e-05
42043,5.86543883652633e-05
42042,5.87664572916869e-05
42041,5.8878649836574e-05
42040,5.89909658891954e-05
42039,5.90988992171739e-05
42038,5.92069461826907e-05
42037,5.9315106685824e-05
42036,5.94233806259806e-05
42035,5.95317679018932e-05
42034,5.96402684116211e-05
42033,5.97488820525493e-05
42032,5.98576087213874e-05
42031,5.99664483141703e-05
42030,6.00754007262554e-05
42029,6.01844658523237e-05
42028,6.02936435863784e-05
42027,6.04029338217442e-05
42026,6.05123364510679e-05
42025,6.06218513663155e-05
42024,6.07314784587734e-05
42023,6.08412176190472e-05
42022,6.09510687370606e-05
42021,6.10610317020564e-05
42020,6.11711064025936e-05
42019,6.12789929055492e-05
42018,6.1386986331848e-05
42017,6.14950865750142e-05
42016,6.16032935279413e-05
42015,6.17116070828934e-05
42014,6.18200271315038e-05
42013,6.1928553564774e-05
42012,6.20371862730745e-05
42011,6.21459251461419e-05
42010,6.22547700730813e-05
42009,6.23637209423639e-05
42008,6.24727776418268e-05
42007,6.25819400586733e-05
42006,6.26912080794706e-05
42005,6.28005815901515e-05
42004,6.29100604760123e-05
42003,6.30196446217131e-05
42002,6.31293339112775e-05
42001,6.32391282280903e-05
42000,6.33490274548997e-05
41999,6.34566867595562e-05
41998,6.3564446342445e-05
41997,6.36723060919109e-05
41996,6.37802658957105e-05
41995,6.3888325641014e-05
41994,6.39964852144028e-05
41993,6.41047445018699e-05
41992,6.42131033888208e-05
41991,6.43215617600701e-05
41990,6.44301194998446e-05
41989,6.453877649178e-05
41988,6.46475326189215e-05
41987,6.47563877637247e-05
41986,6.48653418080527e-05
41985,6.49743946331784e-05
41984,6.50835461197819e-05
41983,6.51927961479508e-05
41982,6.53021445971812e-05
41981,6.54115913463747e-05
41980,6.55211362738408e-05
41979,6.56283915873738e-05
41978,6.57357406346163e-05
41977,6.58431833000384e-05
41976,6.5950719467565e-05
41975,6.60583490205761e-05
41974,6.61660718419064e-05
41973,6.62738878138444e-05
41972,6.63817968181328e-05
41971,6.64897987359678e-05
41970,6.65978934479991e-05
41969,6.67060808343292e-05
41968,6.68143607745133e-05
41967,6.6922733147559e-05
41966,6.70311978319261e-05
41965,6.71397547055263e-05
41964,6.72484036457226e-05
41963,6.73571445293294e-05
41962,6.74659772326121e-05
41961,6.75749016312866e-05
41960,6.76839176005195e-05
41959,6.77880304710928e-05
41958,6.78922272518021e-05
41957,6.79965078341387e-05
41956,6.81008721091333e-05
41955,6.82053199673525e-05
41954,6.83098512989008e-05
41953,6.841446599342e-05
41952,6.85191639400878e-05
41951,6.86239450276202e-05
41950,6.87288091442681e-05
41949,6.88337561778192e-05
41948,6.89387860155971e-05
41947,6.90438985444606e-05
41946,6.91490936508054e-05
41945,6.92543712205613e-05
41944,6.93597311391938e-05
41943,6.9465173291703e-05
41942,6.95706975626236e-05
41941,6.96763038360259e-05
41940,6.97819919955134e-05
41939,6.9885031769297e-05
41938,6.99881507526696e-05
41937,7.00913488380007e-05
41936,7.01946259172189e-05
41935,7.02979818818139e-05
41934,7.04014166228347e-05
41933,7.05049300308902e-05
41932,7.06085219961487e-05
41931,7.07121924083368e-05
41930,7.08159411567411e-05
41929,7.09197681302069e-05
41928,7.10236732171377e-05
41927,7.1127656305496e-05
41926,7.12317172828015e-05
41925,7.13358560361328e-05
41924,7.14400724521261e-05
41923,7.15443664169752e-05
41922,7.16487378164319e-05
41921,7.17531865358041e-05
41920,7.18577124599579e-05
41919,7.19598121891659e-05
41918,7.20619853410398e-05
41917,7.21642318072976e-05
41916,7.22665514792519e-05
41915,7.23689442478132e-05
41914,7.24714100034864e-05
41913,7.25739486363724e-05
41912,7.26765600361691e-05
41911,7.2779244092168e-05
41910,7.28820006932579e-05
41909,7.29848297279213e-05
41908,7.30877310842361e-05
41907,7.31907046498763e-05
41906,7.32937503121091e-05
41905,7.33968679577979e-05
41904,7.35000574733997e-05
41903,7.3603318744966e-05
41902,7.37066516581436e-05
41901,7.38100560981721e-05
41900,7.39135319498867e-05
41899,7.40144242397555e-05
41898,7.41153851112176e-05
41897,7.42164144562772e-05
41896,7.4317512166558e-05
41895,7.4418678133303e-05
41894,7.45199122473745e-05
41893,7.46212143992539e-05
41892,7.47225844790418e-05
41891,7.48240223764575e-05
41890,7.49255279808394e-05
41889,7.50271011811444e-05
41888,7.51287418659482e-05
41887,7.5230449923445e-05
41886,7.53322252414472e-05
41885,7.54340677073857e-05
41884,7.55359772083098e-05
41883,7.56379536308867e-05
41882,7.57399968614016e-05
41881,7.5842106785758e-05
41880,7.59442832894768e-05
41879,7.60389239187026e-05
41878,7.61336208806417e-05
41877,7.62283740839268e-05
41876,7.63231834369157e-05
41875,7.64180488476933e-05
41874,7.65129702240699e-05
41873,7.66079474735818e-05
41872,7.67029805034915e-05
41871,7.67980692207863e-05
41870,7.68932135321801e-05
41869,7.69884133441126e-05
41868,7.70836685627488e-05
41867,7.717897909398e-05
41866,7.72743448434219e-05
41865,7.7369765716417e-05
41864,7.74652416180329e-05
41863,7.75607724530628e-05
41862,7.76563581260259e-05
41861,7.77519985411656e-05
41860,7.78476936024519e-05
41859,7.79381418245963e-05
41858,7.80286396211069e-05
41857,7.81191869095283e-05
41856,7.82097836071744e-05
41855,7.83004296311281e-05
41854,7.83911248982417e-05
41853,7.84818693251366e-05
41852,7.85726628282032e-05
41851,7.86635053236012e-05
41850,7.87543967272594e-05
41849,7.88453369548755e-05
41848,7.89363259219164e-05
41847,7.9027363543618e-05
41846,7.91184497349853e-05
41845,7.92095844107922e-05
41844,7.93007674855815e-05
41843,7.93919988736652e-05
41842,7.94832784891241e-05
41841,7.9574606245808e-05
41840,7.96659820573358e-05
41839,7.97523430442323e-05
41838,7.98387455268089e-05
41837,7.99251894327424e-05
41836,8.001167468954e-05
41835,8.00982012245372e-05
41834,8.01847689648998e-05
41833,8.02713778376229e-05
41832,8.03580277695308e-05
41831,8.04447186872785e-05
41830,8.05314505173495e-05
41829,8.06182231860572e-05
41828,8.07050366195446e-05
41827,8.07918907437842e-05
41826,8.08787854845787e-05
41825,8.09657207675599e-05
41824,8.10526965181892e-05
41823,8.11397126617579e-05
41822,8.12267691233863e-05
41821,8.13138658280259e-05
41820,8.14010027004566e-05
41819,8.14803178042617e-05
41818,8.15596656307615e-05
41817,8.16390461230549e-05
41816,8.17184592241272e-05
41815,8.17979048768502e-05
41814,8.18773830239822e-05
41813,8.19568936081677e-05
41812,8.20364365719379e-05
41811,8.21160118577104e-05
41810,8.21956194077894e-05
41809,8.22752591643656e-05
41808,8.2354931069516e-05
41807,8.24346350652046e-05
41806,8.25143710932815e-05
41805,8.25941390954838e-05
41804,8.26739390134349e-05
41803,8.27537707886451e-05
41802,8.2833634362511e-05
41801,8.29135296763163e-05
41800,8.2993456671231e-05
41799,8.30706591424567e-05
41798,8.31478916263563e-05
41797,8.32251540693901e-05
41796,8.33024464179176e-05
41795,8.33797686181939e-05
41794,8.34571206163723e-05
41793,8.35345023585036e-05
41792,8.36119137905349e-05
41791,8.36893548583118e-05
41790,8.37668255075759e-05
41789,8.38443256839673e-05
41788,8.39218553330236e-05
41787,8.39994144001783e-05
41786,8.40770028307642e-05
41785,8.41546205700098e-05
41784,8.42322675630422e-05
41783,8.4309943754886e-05
41782,8.43876490904623e-05
41781,8.44653835145908e-05
41780,8.45431469719876e-05
41779,8.46129454285794e-05
41778,8.46827668340624e-05
41777,8.4752611148501e-05
41776,8.48224783318944e-05
41775,8.48923683441787e-05
41774,8.49622811452247e-05
41773,8.50322166948392e-05
41772,8.51021749527658e-05
41771,8.51721558786825e-05
41770,8.52421594322046e-05
41769,8.53121855728821e-05
41768,8.53822342602009e-05
41767,8.54523054535841e-05
41766,8.55223991123891e-05
41765,8.55925151959104e-05
41764,8.56626536633779e-05
41763,8.57328144739571e-05
41762,8.58029975867505e-05
41761,8.58732029607953e-05
41760,8.59434305550662e-05
41759,8.6005480680407e-05
41758,8.60675486346462e-05
41757,8.61296343889405e-05
41756,8.61917379144059e-05
41755,8.62538591821155e-05
41754,8.63159981631007e-05
41753,8.6378154828351e-05
41752,8.64403291488139e-05
41751,8.6502521095396e-05
41750,8.65647306389609e-05
41749,8.66269577503308e-05
41748,8.66892024002861e-05
41747,8.67514645595649e-05
41746,8.68137441988648e-05
41745,8.68760412888401e-05
41744,8.69383558001041e-05
41743,8.70006877032281e-05
41742,8.70630369687412e-05
41741,8.7125403567132e-05
41740,8.71877874688461e-05
41739,8.72392979997533e-05
41738,8.72908204992262e-05
41737,8.73423549503284e-05
41736,8.73939013361046e-05
41735,8.74454596395775e-05
41734,8.74970298437509e-05
41733,8.7548611931608e-05
41732,8.76002058861109e-05
41731,8.76518116902024e-05
41730,8.77034293268039e-05
41729,8.77550587788175e-05
41728,8.78067000291249e-05
41727,8.78583530605865e-05
41726,8.79100178560438e-05
41725,8.79616943983166e-05
41724,8.80133826702054e-05
41723,8.80650826544906e-05
41722,8.81167943339311e-05
41721,8.81685176912669e-05
41720,8.82202527092165e-05
41719,8.82664635771186e-05
41718,8.8312684259905e-05
41717,8.83589147444255e-05
41716,8.84051550175137e-05
41715,8.84514050659893e-05
41714,8.8497664876656e-05
41713,8.85439344363026e-05
41712,8.8590213731703e-05
41711,8.86365027496147e-05
41710,8.86828014767814e-05
41709,8.87291098999308e-05
41708,8.87754280057757e-05
41707,8.88217557810141e-05
41706,8.88680932123276e-05
41705,8.89144402863837e-05
41704,8.89607969898344e-05
41703,8.90071633093165e-05
41702,8.90535392314521e-05
41701,8.90999247428469e-05
41700,8.91463198300925e-05
41699,8.91818714956709e-05
41698,8.92174284440662e-05
41697,8.9252990669619e-05
41696,8.92885581666671e-05
41695,8.93241309295425e-05
41694,8.93597089525733e-05
41693,8.93952922300832e-05
41692,8.94308807563911e-05
41691,8.94664745258126e-05
41690,8.95020735326579e-05
41689,8.95376777712331e-05
41688,8.957328723584e-05
41687,8.96089019207756e-05
41686,8.96445218203335e-05
41685,8.9680146928802e-05
41684,8.97157772404654e-05
41683,8.97514127496034e-05
41682,8.9787053450491e-05
41681,8.98226993374003e-05
41680,8.98583504045973e-05
41679,8.9896819327534e-05
41678,8.99352939667593e-05
41677,8.99737743152877e-05
41676,9.00122603661296e-05
41675,9.00507521122888e-05
41674,9.00892495467652e-05
41673,9.01277526625531e-05
41672,9.01662614526405e-05
41671,9.02047759100119e-05
41670,9.02432960276448e-05
41669,9.02818217985126e-05
41668,9.03203532155836e-05
41667,9.03588902718196e-05
41666,9.03974329601787e-05
41665,9.04359812736123e-05
41664,9.04745352050675e-05
41663,9.05130947474865e-05
41662,9.05516598938048e-05
41661,9.05902306369543e-05
41660,9.06288069698602e-05
41659,9.06619268514063e-05
41658,9.06950506967705e-05
41657,9.07281785014548e-05
41656,9.07613102609572e-05
41655,9.07944459707742e-05
41654,9.08275856263992e-05
41653,9.0860729223323e-05
41652,9.08938767570338e-05
41651,9.09270282230162e-05
41650,9.09601836167531e-05
41649,9.09933429337245e-05
41648,9.10265061694074e-05
41647,9.10596733192767e-05
41646,9.10928443788035e-05
41645,9.1126019343457e-05
41644,9.11591982087038e-05
41643,9.11923809700074e-05
41642,9.12255676228292e-05
41641,9.12587581626266e-05
41640,9.12919525848556e-05
41639,9.1322327195436e-05
41638,9.13527052101383e-05
41637,9.13830866254714e-05
41636,9.14134714379403e-05
41635,9.14438596440497e-05
41634,9.14742512403011e-05
41633,9.15046462231939e-05
41632,9.15350445892267e-05
41631,9.15654463348944e-05
41630,9.15958514566917e-05
41629,9.16262599511098e-05
41628,9.16566718146381e-05
41627,9.1687087043765e-05
41626,9.17175056349753e-05
41625,9.17479275847535e-05
41624,9.17783528895809e-05
41623,9.18087815459365e-05
41622,9.18392135502987e-05
41621,9.18696488991423e-05
41620,9.19000875889416e-05
41619,9.19333022610377e-05
41618,9.19665208832785e-05
41617,9.19997434510852e-05
41616,9.20329699598747e-05
41615,9.20662004050623e-05
41614,9.20994347820604e-05
41613,9.21326730862782e-05
41612,9.21659153131225e-05
41611,9.21991614579964e-05
41610,9.2232411516301e-05
41609,9.22656654834343e-05
41608,9.22989233547915e-05
41607,9.23321851257653e-05
41606,9.23654507917445e-05
41605,9.23987203481161e-05
41604,9.24319937902639e-05
41603,9.24652711135691e-05
41602,9.24985523134102e-05
41601,9.25318373851617e-05
41600,9.25651263241967e-05
41599,9.26011447705904e-05
41598,9.2637167948741e-05
41597,9.26731958525875e-05
41596,9.27092284760656e-05
41595,9.27452658131057e-05
41594,9.27813078576342e-05
41593,9.28173546035732e-05
41592,9.28534060448401e-05
41591,9.28894621753493e-05
41590,9.29255229890094e-05
41589,9.29615884797254e-05
41588,9.2997658641398e-05
41587,9.30337334679228e-05
41586,9.30698129531928e-05
41585,9.31058970910952e-05
41584,9.31419858755134e-05
41583,9.31780793003264e-05
41582,9.32141773594087e-05
41581,9.32502800466315e-05
41580,9.32863873558607e-05
41579,9.33198153498113e-05
41578,9.33532469422634e-05
41577,9.33866821285034e-05
41576,9.34201209038139e-05
41575,9.34535632634759e-05
41574,9.34870092027675e-05
41573,9.35204587169641e-05
41572,9.35539118013387e-05
41571,9.35873684511608e-05
41570,9.3620828661698e-05
41569,9.36542924282152e-05
41568,9.36877597459744e-05
41567,9.37212306102357e-05
41566,9.37547050162549e-05
41565,9.37881829592866e-05
41564,9.38216644345825e-05
41563,9.38551494373913e-05
41562,9.38886379629598e-05
41561,9.39221300065306e-05
41560,9.39556255633452e-05
41559,9.39974999426081e-05
41558,9.4039379794568e-05
41557,9.40812651099124e-05
41556,9.41231558793225e-05
41555,9.41650520934728e-05
41554,9.42069537430317e-05
41553,9.42488608186609e-05
41552,9.42907733110157e-05
41551,9.4332691210745e-05
41550,9.43746145084913e-05
41549,9.44165431948905e-05
41548,9.44584772605725e-05
41547,9.45004166961602e-05
41546,9.45423614922704e-05
41545,9.45843116395135e-05
41544,9.46262671284935e-05
41543,9.46682279498077e-05
41542,9.47101940940473e-05
41541,9.4752165551797e-05
41540,9.47941423136349e-05
41539,9.48361723009984e-05
41538,9.48782074252708e-05
41537,9.49202476767111e-05
41536,9.49622930455715e-05
41535,9.50043435220979e-05
41534,9.50463990965297e-05
41533,9.50884597590998e-05
41532,9.51305255000346e-05
41531,9.51725963095543e-05
41530,9.52146721778721e-05
41529,9.52567530951954e-05
41528,9.52988390517246e-05
41527,9.5340930037654e-05
41526,9.53830260431712e-05
41525,9.54251270584575e-05
41524,9.54672330736879e-05
41523,9.55093440790306e-05
41522,9.55514600646476e-05
41521,9.55935810206944e-05
41520,9.56357069373202e-05
41519,9.56862552422501e-05
41518,9.57368106915511e-05
41517,9.57873732682816e-05
41516,9.58379429554883e-05
41515,9.5888519736203e-05
41514,9.5939103593445e-05
41513,9.59896945102201e-05
41512,9.60402924695209e-05
41511,9.60908974543276e-05
41510,9.61415094476062e-05
41509,9.61921284323099e-05
41508,9.62427543913787e-05
41507,9.6293387307739e-05
41506,9.63440271643053e-05
41505,9.63946739439777e-05
41504,9.64453276296436e-05
41503,9.64959882041772e-05
41502,9.65466556504392e-05
41501,9.65973299512784e-05
41500,9.66480110895292e-05
41499,9.67014678202433e-05
41498,9.67549323468075e-05
41497,9.68084046494636e-05
41496,9.68618847084391e-05
41495,9.69153725039435e-05
41494,9.69688680161714e-05
41493,9.70223712253014e-05
41492,9.70758821114946e-05
41491,9.71294006548977e-05
41490,9.71829268356396e-05
41489,9.72364606338342e-05
41488,9.72900020295795e-05
41487,9.73435510029561e-05
41486,9.73971075340301e-05
41485,9.74506716028499e-05
41484,9.75042431894493e-05
41483,9.75578222738457e-05
41482,9.76114088360393e-05
41481,9.76650028560162e-05
41480,9.77186043137444e-05
41479,9.77805932545584e-05
41478,9.78425927245244e-05
41477,9.79046026924433e-05
41476,9.7966623127084e-05
41475,9.8028653997186e-05
41474,9.80906952714573e-05
41473,9.81527469185753e-05
41472,9.8214808907187e-05
41471,9.82768812059075e-05
41470,9.83389637833223e-05
41469,9.84010566079859e-05
41468,9.84631596484221e-05
41467,9.85252728731245e-05
41466,9.85873962505547e-05
41465,9.8649529749145e-05
41464,9.87116733372967e-05
41463,9.87738269833804e-05
41462,9.88359906557368e-05
41461,9.88981643226745e-05
41460,9.89603479524731e-05
41459,9.90310729930444e-05
41458,9.91018103468609e-05
41457,9.91725599675625e-05
41456,9.92433218087411e-05
41455,9.93140958239403e-05
41454,9.93848819666558e-05
41453,9.94556801903347e-05
41452,9.95264904483766e-05
41451,9.95973126941328e-05
41450,9.96681468809065e-05
41449,9.97389929619532e-05
41448,9.98098508904803e-05
41447,9.98807206196473e-05
41446,9.99516021025661e-05
41445,0.000100022495292301
41444,0.000100093400141867
41443,0.000100164316604234
41442,0.000100235244632321
41441,0.000100306184179004
41440,0.000100377135197105
41439,0.000100450973509177
41438,0.000100524823773657
41437,0.000100598685937067
41436,0.00010067255994587
41435,0.000100746445746479
41434,0.000100820343285249
41433,0.000100894252508484
41432,0.000100968173362431
41431,0.000101042105793286
41430,0.000101116049747188
41429,0.000101190005170223
41428,0.000101263972008424
41427,0.000101337950207769
41426,0.000101411939714183
41425,0.000101485940473537
41424,0.000101559952431647
41423,0.000101633975534276
41422,0.000101708009727135
41421,0.000101782054955879
41420,0.000101856111166112
41419,0.000101933059747385
41418,0.000102010019728184
41417,0.000102086991046639
41416,0.000102163973640821
41415,0.000102240967448739
41414,0.000102317972408339
41413,0.000102394988457507
41412,0.000102472015534066
41411,0.000102549053575779
41410,0.000102626102520346
41409,0.000102703162305408
41408,0.000102780232868542
41407,0.000102857314147267
41406,0.000102934406079037
41405,0.000103011508601248
41404,0.000103088621651235
41403,0.00010316574516627
41402,0.000103242879083566
41401,0.000103320023340275
41400,0.000103397177873487
41399,0.000103480056758344
41398,0.000103562947373437
41397,0.000103645849640668
41396,0.000103728763481859
41395,0.000103811688818753
41394,0.00010389462557301
41393,0.000103977573666214
41392,0.000104060533019865
41391,0.000104143503555387
41390,0.00010422648519412
41389,0.000104309477857328
41388,0.000104392481466195
41387,0.000104475495941823
41386,0.000104558521205238
41385,0.000104641557177385
41384,0.000104724603779129
41383,0.000104807660931259
41382,0.000104890728554481
41381,0.000104973806569427
41380,0.000105056894896647
41379,0.000105145722988619
41378,0.000105234562702959
41377,0.000105323413942411
41376,0.000105412276609619
41375,0.000105501150607122
41374,0.000105590035837358
41373,0.000105678932202665
41372,0.000105767839605278
41371,0.000105856757947329
41370,0.000105945687130853
41369,0.000106034627057781
41368,0.000106123577629942
41367,0.000106212538749068
41366,0.000106301510316786
41365,0.000106390492234627
41364,0.000106479484404018
41363,0.000106568486726288
41362,0.000106657499102665
41361,0.000106746521434277
41360,0.000106835553622154
41359,0.000106927489157943
41358,0.000107019434585081
41357,0.000107111389792776
41356,0.000107203354670124
41355,0.000107295329106107
41354,0.000107387312989595
41353,0.000107479306209347
41352,0.000107571308654008
41351,0.00010766332021211
41350,0.000107755340772078
41349,0.00010784737022222
41348,0.000107939408450736
41347,0.000108031455345715
41346,0.000108123510795132
41345,0.000108215574686855
41344,0.00010830764690864
41343,0.000108399727348131
41342,0.000108491815892865
41341,0.000108583912430266
41340,0.000108676016847651
41339,0.000108768111344899
41338,0.000108860213930441
41337,0.000108952324492914
41336,0.000109044442920846
41335,0.000109136569102657
41334,0.00010922870292666
41333,0.000109320844281057
41332,0.000109412993053944
41331,0.000109505149133311
41330,0.000109597312407037
41329,0.000109689482762897
41328,0.000109781660088557
41327,0.000109873844271578
41326,0.000109966035199412
41325,0.000110058232759407
41324,0.000110150436838802
41323,0.000110242647324733
41322,0.00011033486410423
41321,0.000110427087064214
41320,0.000110519316091504
41319,0.000110614419926134
41318,0.000110709530462663
41317,0.000110804647577699
41316,0.000110899771147729
41315,0.000110994901049122
41314,0.000111090037158128
41313,0.000111185179350878
41312,0.000111280327503384
41311,0.00011137548149154
41310,0.000111470641191124
41309,0.000111565806477792
41308,0.000111660977227085
41307,0.000111756153314427
41306,0.000111851334615125
41305,0.000111946521004368
41304,0.000112041712357228
41303,0.000112136908548662
41302,0.000112232109453509
41301,0.000112327314946496
41300,0.000112422524902229
41299,0.000112514853851085
41298,0.000112607186763759
41297,0.000112699523525608
41296,0.000112791864021884
41295,0.000112884208137741
41294,0.000112976555758231
41293,0.000113068906768306
41292,0.000113161261052816
41291,0.000113253618496512
41290,0.000113345978984043
41289,0.00011343834239996
41288,0.000113530708628714
41287,0.000113623077554656
41286,0.000113715449062037
41285,0.00011380782303501
41284,0.000113900199357628
41283,0.000113992577913848
41282,0.000114084958587525
41281,0.000114177341262419
41280,0.000114269725822189
41279,0.000114367889789571
41278,0.000114466055096517
41277,0.000114564221602072
41276,0.000114662389165158
41275,0.000114760557644576
41274,0.000114858726899005
41273,0.000114956896787005
41272,0.00011505506716701
41271,0.000115153237897338
41270,0.000115251408836184
41269,0.000115349579841626
41268,0.000115447750771619
41267,0.000115545921484001
41266,0.000115644091836489
41265,0.000115742261686682
41264,0.000115840430892062
41263,0.000115938599309991
41262,0.000116036766797714
41261,0.000116134933212359
41260,0.000116233098410934
41259,0.000116331264061673
41258,0.000116429428743336
41257,0.000116527592313609
41256,0.000116625754630062
41255,0.000116723915550146
41254,0.000116822074931198
41253,0.000116920232630436
41252,0.00011701838850496
41251,0.000117116542411759
41250,0.000117214694207701
41249,0.000117312843749542
41248,0.000117410990893922
41247,0.000117509135497364
41246,0.00011760727741628
41245,0.000117705416506965
41244,0.000117803552625602
41243,0.00011790168562826
41242,0.000117999815370894
41241,0.000118097941709347
41240,0.00011819606449935
41239,0.00011829416924895
41238,0.000118392269064602
41237,0.000118490363798958
41236,0.000118588453304563
41235,0.000118686537433852
41234,0.000118784616039156
41233,0.000118882688972694
41232,0.000118980756086581
41231,0.000119078817232824
41230,0.000119176872263323
41229,0.000119274921029872
41228,0.000119372963384159
41227,0.000119470999177768
41226,0.000119569028262177
41225,0.000119667050488758
41224,0.000119765065708781
41223,0.00011986307377341
41222,0.000119961074533706
41221,0.000120059067840627
41220,0.000120157053545028
41219,0.000120252174867384
41218,0.00012034728982737
41217,0.000120442398290815
41216,0.000120537500123461
41215,0.000120632595190952
41214,0.000120727683358844
41213,0.000120822764492599
41212,0.000120917838457585
41211,0.000121012905119085
41210,0.000121107964342284
41209,0.000121203015992281
41208,0.000121298059934082
41207,0.000121393096032604
41206,0.000121488124152673
41205,0.000121583144159026
41204,0.000121678155916312
41203,0.000121773159289088
41202,0.000121868154141825
41201,0.000121963140338904
41200,0.000122058117744619
41199,0.000122155963915065
41198,0.0001222538004605
41197,0.000122351627232211
41196,0.000122449444081388
41195,0.000122547250859122
41194,0.000122645047416408
41193,0.000122742833604145
41192,0.000122840609273132
41191,0.000122938374274077
41190,0.000123036128457586
41189,0.000123133871674175
41188,0.000123231603774262
41187,0.000123329324608171
41186,0.000123427034026132
41185,0.00012352473187828
41184,0.000123622418014657
41183,0.000123720092285212
41182,0.0001238177545398
41181,0.000123915404628184
41180,0.000124013042400035
41179,0.000124107820550209
41178,0.000124202587363244
41177,0.000124297342701555
41176,0.000124392086427472
41175,0.000124486818403244
41174,0.000124581538491035
41173,0.000124676246552927
41172,0.000124770942450919
41171,0.000124865626046931
41170,0.000124960297202797
41169,0.000125054955780273
41168,0.000125149601641032
41167,0.000125244234646668
41166,0.000125338854658692
41165,0.000125433461538538
41164,0.000125528055147557
41163,0.000125622635347023
41162,0.00012571720199813
41161,0.000125811754961993
41160,0.000125906294099649
41159,0.000125997955967318
41158,0.000126089604591992
41157,0.000126181239846741
41156,0.000126272861604569
41155,0.00012636446973841
41154,0.000126456064121132
41153,0.000126547644625535
41152,0.000126639211124351
41151,0.000126730763490245
41150,0.000126822301595814
41149,0.000126913825313593
41148,0.000127005334516045
41147,0.000127096829075572
41146,0.000127188308864506
41145,0.000127279773755118
41144,0.00012737122361961
41143,0.000127462658330122
41142,0.000127554077758729
41141,0.000127645481777439
41140,0.0001277368702582
41139,0.000127828243072894
41138,0.000127919600093341
41137,0.000128010941191295
41136,0.000128102266238451
41135,0.000128193575106438
41134,0.000128284867666826
41133,0.000128376143791121
41132,0.000128467403350767
41131,0.000128558646217147
41130,0.000128649872261584
41129,0.000128741081355339
41128,0.000128832273369612
41127,0.000128923448175546
41126,0.000129014605644218
41125,0.00012910574564665
41124,0.000129196868053804
41123,0.000129287972736582
41122,0.000129379059565828
41121,0.000129470128412326
41120,0.000129561179146802
41119,0.000129655015394595
41118,0.000129748831546138
41117,0.000129842627459503
41116,0.000129936402992698
41115,0.00013003015800367
41114,0.000130123892350306
41113,0.000130217605890433
41112,0.000130311298481815
41111,0.00013040496998216
41110,0.000130498620249116
41109,0.000130592249140269
41108,0.00013068585651315
41107,0.000130779442225229
41106,0.000130873006133919
41105,0.000130966548096577
41104,0.000131060067970499
41103,0.000131153565612928
41102,0.000131247040881046
41101,0.000131340493631984
41100,0.000131433923722813
41099,0.000131521670614564
41098,0.000131609397264902
41097,0.000131697103555211
41096,0.000131784789366829
41095,0.000131872454581056
41094,0.000131960099079148
41093,0.000132047722742319
41092,0.000132135325451742
41091,0.000132222907088548
41090,0.000132310467533829
41089,0.000132398006668635
41088,0.000132485524373975
41087,0.000132573020530819
41086,0.000132660495020096
41085,0.000132747947722696
41084,0.00013283537851947
41083,0.000132922787291229
41082,0.000133010173918746
41081,0.000133097538282755
41080,0.00013318488026395
41079,0.000133269332960077
41078,0.000133353763935542
41077,0.000133438173081527
41076,0.00013352256028918
41075,0.00013360692544962
41074,0.000133691268453938
41073,0.00013377558919319
41072,0.000133859887558406
41071,0.000133944163440584
41070,0.000134028416730695
41069,0.000134112647319678
41068,0.000134196855098444
41067,0.000134281039957876
41066,0.000134365201788828
41065,0.000134449340482126
41064,0.000134533455928566
41063,0.000134617548018919
41062,0.000134701616643927
41061,0.000134785661694305
41060,0.000134869683060739
41059,0.00013495373669633
41058,0.000135037766978009
41057,0.000135121773796946
41056,0.000135205757044282
41055,0.000135289716611132
41054,0.00013537365238858
41053,0.000135457564267686
41052,0.00013554145213948
41051,0.000135625315894966
41050,0.000135709155425122
41049,0.000135792970620897
41048,0.000135876761373215
41047,0.000135960527572975
41046,0.000136044269111048
41045,0.000136127985878279
41044,0.000136211677765491
41043,0.000136295344663476
41042,0.000136378986463007
41041,0.000136462603054828
41040,0.00013654619432966
41039,0.000136629821449428
41038,0.000136713423529713
41037,0.000136797000460974
41036,0.000136880552133641
41035,0.000136964078438123
41034,0.000137047579264799
41033,0.000137131054504027
41032,0.000137214504046135
41031,0.000137297927781429
41030,0.000137381325600191
41029,0.000137464697392677
41028,0.000137548043049119
41027,0.000137631362459726
41026,0.000137714655514682
41025,0.000137797922104149
41024,0.000137881162118263
41023,0.000137964375447141
41022,0.000138047561980875
41021,0.000138130721609533
41020,0.000138213854223163
41019,0.000138291358690578
41018,0.000138368839011973
41017,0.000138446295098084
41016,0.000138523726859632
41015,0.000138601134207327
41014,0.000138678517051861
41013,0.000138755875303914
41012,0.000138833208874151
41011,0.000138910517673227
41010,0.000138987801611779
41009,0.000139065060600432
41008,0.0001391422945498
41007,0.000139219503370481
41006,0.000139296686973063
41005,0.000139373845268119
41004,0.000139450978166212
41003,0.00013952808557789
41002,0.00013960516741369
41001,0.000139682223584139
41000,0.00013975925399975
40999,0.000139836258571024
40998,0.000139913237208453
40997,0.000139990189822513
40996,0.000140067116323676
40995,0.000140144016622397
40994,0.000140220890629123
40993,0.00014029773825429
40992,0.000140374559408323
40991,0.000140451354001637
40990,0.000140528121944637
40989,0.000140604863147718
40988,0.000140681577521267
40987,0.000140758264975657
40986,0.000140834925421256
40985,0.000140911558768422
40984,0.000140988164927502
40983,0.000141064743808835
40982,0.000141141295322751
40981,0.000141217819379573
40980,0.000141294315889614
40979,0.000141368054208876
40978,0.000141441766750014
40977,0.000141515453432592
40976,0.000141589114176165
40975,0.000141662748900283
40974,0.000141736357524487
40973,0.000141809939968316
40972,0.000141883496151299
40971,0.00014195702599296
40970,0.000142030529412819
40969,0.000142104006330389
40968,0.000142177456665177
40967,0.000142250880336685
40966,0.00014232427726441
40965,0.000142397647367844
40964,0.000142470990566474
40963,0.000142544306779781
40962,0.000142617595927245
40961,0.000142690857928336
40960,0.000142764092702523
40959,0.000142834749973169
40958,0.000142905382609258
40957,0.000142975990537669
40956,0.000143046573685273
40955,0.000143117131978936
40954,0.000143187665345518
40953,0.000143258173711872
40952,0.000143328657004845
40951,0.000143399115151279
40950,0.000143469548078011
40949,0.00014353995571187
40948,0.000143610337979681
40947,0.000143680694808263
40946,0.000143751026124432
40945,0.000143821331854996
40944,0.00014389161192676
40943,0.000143961866266523
40942,0.00014403209480108
40941,0.00014410229745722
40940,0.000144172474161731
40939,0.00014423985033753
40938,0.000144307202097531
40937,0.000144374529377448
40936,0.000144441832112993
40935,0.000144509110239877
40934,0.000144576363693808
40933,0.000144643592410492
40932,0.000144710796325635
40931,0.00014477797537494
40930,0.000144845129494108
40929,0.00014491225861884
40928,0.000144979362684836
40927,0.000145046441627792
40926,0.000145113495383405
40925,0.000145180523887373
40924,0.000145247527075388
40923,0.000145314504883146
40922,0.000145381457246339
40921,0.000145448384100662
40920,0.000145515285381805
40919,0.000145579403179156
40918,0.000145643496938192
40917,0.000145707566602296
40916,0.000145771612114851
40915,0.000145835633419245
40914,0.000145899630458863
40913,0.000145963603177094
40912,0.000146027551517327
40911,0.000146091475422955
40910,0.000146155374837368
40909,0.000146219249703962
40908,0.000146283099966132
40907,0.000146346925567276
40906,0.000146410726450793
40905,0.000146474502560085
40904,0.000146538253838555
40903,0.00014660198022961
40902,0.000146665681676655
40901,0.000146729358123103
40900,0.000146793009512365
40899,0.000146851243661072
40898,0.000146909456245235
40897,0.00014696764722103
40896,0.000147025816544635
40895,0.000147083964172231
40894,0.000147142090060004
40893,0.000147200194164141
40892,0.000147258276440832
40891,0.000147316336846272
40890,0.000147374375336657
40889,0.000147432391868187
40888,0.000147490386397067
40887,0.000147548358879502
40886,0.000147606309271702
40885,0.000147664237529881
40884,0.000147722143610257
40883,0.000147780027469049
40882,0.000147837889062483
40881,0.000147895728346785
40880,0.000147953545278187
40879,0.000148008804474073
40878,0.000148064043610741
40877,0.000148119262650335
40876,0.000148174461554995
40875,0.000148229640286869
40874,0.000148284798808106
40873,0.000148339937080855
40872,0.000148395055067272
40871,0.000148450152729512
40870,0.000148505230029734
40869,0.000148560286930102
40868,0.000148615323392777
40867,0.00014867033937993
40866,0.000148725334853729
40865,0.000148780309776349
40864,0.000148835264109965
40863,0.000148890197816757
40862,0.000148945110858906
40861,0.000149000003198599
40860,0.000149054874798024
40859,0.000149107213238327
40858,0.000149159533095236
40857,0.00014921183433581
40856,0.000149264116927112
40855,0.000149316380836207
40854,0.000149368626030159
40853,0.000149420852476039
40852,0.000149473060140917
40851,0.000149525248991865
40850,0.00014957741899596
40849,0.000149629570120278
40848,0.000149681702331899
40847,0.000149733815597906
40846,0.000149785909885384
40845,0.000149837985161418
40844,0.000149890041393099
40843,0.000149942078547519
40842,0.000149994096591772
40841,0.000150046095492955
40840,0.000150098075218168
40839,0.000150147443240903
40838,0.000150196793910768
40837,0.000150246127199537
40836,0.000150295443078987
40835,0.000150344741520894
40834,0.000150394022497041
40833,0.00015044328597921
40832,0.000150492531939186
40831,0.000150541760348757
40830,0.000150590971179712
40829,0.000150640164403844
40828,0.000150689339992948
40827,0.000150738497918821
40826,0.000150787638153262
40825,0.000150836760668073
40824,0.000150885865435059
40823,0.000150934952426027
40822,0.000150984021612787
40821,0.000151033072967152
40820,0.000151082106460935
40819,0.000151128548202239
40818,0.000151174973875
40817,0.000151221383455233
40816,0.000151267776918958
40815,0.000151314154242196
40814,0.000151360515400971
40813,0.000151406860371307
40812,0.000151453189129233
40811,0.000151499501650779
40810,0.000151545797911978
40809,0.000151592077888864
40808,0.000151638341557474
40807,0.000151684588893848
40806,0.000151730819874028
40805,0.000151777034474057
40804,0.000151823232669984
40803,0.000151869414437856
40802,0.000151915579753725
40801,0.000151961728593646
40800,0.000152007860933675
40799,0.000152053765271452
40798,0.000152099652465537
40797,0.000152145522492109
40796,0.00015219137532735
40795,0.000152237210947448
40794,0.000152283029328592
40793,0.000152328830446976
40792,0.000152374614278797
40791,0.000152420380800258
40790,0.000152466129987562
40789,0.000152511861816919
40788,0.000152557576264541
40787,0.000152603273306644
40786,0.000152648952919449
40785,0.000152694615079178
40784,0.000152740259762061
40783,0.000152785886944329
40782,0.000152831496602216
40781,0.000152877088711963
40780,0.000152922663249813
40779,0.000152968220192014
40778,0.000153013759514816
40777,0.000153059281194474
40776,0.000153104785207249
40775,0.000153150271529404
40774,0.000153195740137206
40773,0.000153241191006926
40772,0.000153286624114841
40771,0.000153332039437229
40770,0.000153377436950375
40769,0.000153422816630567
40768,0.000153468178454098
40767,0.000153513522397262
40766,0.000153558848436361
40765,0.000153604156547701
40764,0.00015364944670759
40763,0.000153694718892342
40762,0.000153739973078273
40761,0.000153785209241708
40760,0.000153830427358971
40759,0.000153878144319304
40758,0.000153925841142394
40757,0.000153973517800434
40756,0.000154021174265627
40755,0.000154068810510176
40754,0.000154116426506294
40753,0.000154164022226198
40752,0.00015421159764211
40751,0.000154259152726258
40750,0.000154306687450875
40749,0.000154354201788202
40748,0.000154401695710483
40747,0.000154449169189969
40746,0.000154496622198916
40745,0.000154544054709587
40744,0.000154591466694249
40743,0.000154638858125177
40742,0.00015468622897465
40741,0.000154733579214954
40740,0.000154780908818379
40739,0.000154828335963618
40738,0.000154875742793437
40737,0.000154923129280279
40736,0.000154970495396592
40735,0.00015501784111483
40734,0.000155065166407451
40733,0.00015511247124692
40732,0.000155159755605705
40731,0.000155207019456284
40730,0.000155254262771134
40729,0.000155301485522743
40728,0.000155348687683603
40727,0.00015539586922621
40726,0.000155443030123066
40725,0.000155490170346681
40724,0.000155537289869567
40723,0.000155584388664244
40722,0.000155631466703237
40721,0.000155678523959078
40720,0.000155725560404302
40719,0.000155777402385399
40718,0.000155829218462807
40717,0.000155881008599343
40716,0.000155932772757836
40715,0.000155984510901126
40714,0.00015603622299206
40713,0.000156087908993496
40712,0.000156139568868303
40711,0.000156191202579358
40710,0.000156242810089548
40709,0.000156294391361773
40708,0.000156345946358938
40707,0.000156397475043963
40706,0.000156448977379774
40705,0.000156500453329311
40704,0.00015655190285552
40703,0.000156603325921362
40702,0.000156654722489804
40701,0.000156706092523825
40700,0.000156757435986416
40699,0.000156808878971792
40698,0.000156860295725659
40697,0.000156911686211149
40696,0.000156963050391399
40695,0.000157014388229561
40694,0.000157065699688793
40693,0.000157116984732264
40692,0.000157168243323151
40691,0.000157219475424644
40690,0.00015727068099994
40689,0.000157321860012248
40688,0.000157373012424785
40687,0.000157424138200779
40686,0.000157475237303468
40685,0.0001575263096961
40684,0.000157577355341933
40683,0.000157628374204235
40682,0.000157679366246285
40681,0.000157730331431371
40680,0.000157781269722792
40679,0.000157834475085719
40678,0.000157887650419824
40677,0.000157940795682854
40676,0.000157993910832569
40675,0.000158046995826742
40674,0.000158100050623164
40673,0.000158153075179634
40672,0.000158206069453969
40671,0.000158259033403999
40670,0.000158311966987568
40669,0.000158364870162534
40668,0.000158417742886769
40667,0.000158470585118159
40666,0.000158523396814606
40665,0.000158576177934024
40664,0.000158628928434343
40663,0.000158681648273506
40662,0.000158734337409473
40661,0.000158786995800216
40660,0.000158839623403722
40659,0.000158896877723037
40658,0.000158954094754618
40657,0.000159011274443395
40656,0.000159068416734321
40655,0.000159125521572371
40654,0.000159182588902545
40653,0.000159239618669866
40652,0.000159296610819377
40651,0.000159353565296147
40650,0.000159410482045268
40649,0.000159467361011856
40648,0.000159524202141049
40647,0.000159581005378008
40646,0.000159637770667922
40645,0.000159694497955998
40644,0.000159751187187472
40643,0.000159807838307601
40642,0.000159864451261666
40641,0.000159921025994974
40640,0.000159977562452855
40639,0.000160036425615404
40638,0.000160095247182892
40637,0.000160154027093689
40636,0.00016021276528619
40635,0.000160271461698824
40634,0.000160330116270045
40633,0.000160388728938338
40632,0.000160447299642216
40631,0.000160505828320222
40630,0.000160564314910929
40629,0.00016062275935294
40628,0.000160681161584885
40627,0.000160739521545426
40626,0.000160797839173255
40625,0.000160856114407093
40624,0.000160914347185692
40623,0.000160972537447833
40622,0.000161030685132329
40621,0.000161088790178021
40620,0.000161146852523783
40619,0.000161207352076507
40618,0.000161267806014152
40617,0.000161328214268717
40616,0.000161388576772232
40615,0.000161448893456761
40614,0.000161509164254401
40613,0.000161569389097285
40612,0.000161629567917578
40611,0.00016168970064748
40610,0.000161749787219225
40609,0.000161809827565081
40608,0.000161869821617351
40607,0.000161929769308373
40606,0.000161989670570519
40605,0.000162049525336196
40604,0.000162109333537847
40603,0.000162169095107948
40602,0.000162228809979013
40601,0.000162288478083589
40600,0.000162348099354261
40599,0.00016240782768732
40598,0.000162467509566657
40597,0.00016252714492492
40596,0.000162586733694787
40595,0.000162646275808974
40594,0.000162705771200231
40593,0.000162765219801339
40592,0.000162824621545117
40591,0.000162883976364417
40590,0.000162943284192128
40589,0.00016300254496117
40588,0.000163061758604503
40587,0.000163120925055117
40586,0.000163180044246042
40585,0.000163239116110339
40584,0.00016329814058111
40583,0.000163357117591487
40582,0.000163416047074641
40581,0.000163474928963779
40580,0.000163533763192143
40579,0.000163597069752748
40578,0.00016366032087747
40577,0.00016372351648307
40576,0.000163786656486361
40575,0.000163849740804204
40574,0.00016391276935351
40573,0.000163975742051239
40572,0.000164038658814402
40571,0.00016410151956006
40570,0.000164164324205324
40569,0.000164227072667355
40568,0.000164289764863366
40567,0.000164352400710618
40566,0.000164414980126428
40565,0.000164477503028159
40564,0.000164539969333228
40563,0.000164602378959104
40562,0.000164664731823306
40561,0.000164727027843407
40560,0.000164789266937029
40559,0.000164849066070527
40558,0.000164908811595155
40557,0.000164968503437311
40556,0.000165028141523444
40555,0.00016508772578005
40554,0.000165147256133673
40553,0.000165206732510904
40552,0.000165266154838386
40551,0.000165325523042807
40550,0.000165384837050906
40549,0.00016544409678947
40548,0.000165503302185335
40547,0.000165562453165388
40546,0.000165621549656563
40545,0.000165680591585845
40544,0.000165739578880269
40543,0.000165798511466918
40542,0.000165857389272927
40541,0.000165916212225481
40540,0.000165974980251813
40539,0.00016603352406807
40538,0.000166092012137867
40537,0.000166150444388163
40536,0.00016620882074597
40535,0.000166267141138357
40534,0.000166325405492445
40533,0.000166383613735409
40532,0.000166441765794481
40531,0.000166499861596947
40530,0.000166557901070145
40529,0.000166615884141473
40528,0.000166673810738382
40527,0.000166731680788377
40526,0.00016678949421902
40525,0.000166847250957929
40524,0.000166904950932777
40523,0.000166962594071295
40522,0.000167020180301269
40521,0.000167077709550538
40520,0.000167135181747004
40519,0.000167192773567442
40518,0.00016725030887323
40517,0.000167307787592814
40516,0.000167365209654695
40515,0.000167422574987429
40514,0.000167479883519625
40513,0.000167537135179947
40512,0.000167594329897114
40511,0.000167651467599898
40510,0.000167708548217128
40509,0.000167765571677686
40508,0.00016782253791051
40507,0.000167879446844595
40506,0.000167936298408987
40505,0.000167993092532792
40504,0.00016804982914517
40503,0.000168106508175336
40502,0.000168163129552562
40501,0.000168219693206177
40500,0.000168276199065564
40499,0.000168328454175903
40498,0.000168380659578506
40497,0.000168432815217442
40496,0.00016848492103682
40495,0.000168536976980794
40494,0.000168588982993556
40493,0.000168640939019345
40492,0.000168692845002439
40491,0.000168744700887159
40490,0.00016879650661787
40489,0.000168848262138978
40488,0.000168899967394933
40487,0.000168951622330228
40486,0.000169003226889398
40485,0.000169054781017021
40484,0.000169106284657718
40483,0.000169157737756156
40482,0.000169209140257042
40481,0.000169260492105127
40480,0.000169311793245208
40479,0.00016936342044975
40478,0.000169414997663968
40477,0.000169466524831842
40476,0.000169518001897394
40475,0.000169569428804686
40474,0.000169620805497819
40473,0.000169672131920939
40472,0.000169723408018232
40471,0.000169774633733925
40470,0.000169825809012286
40469,0.000169876933797626
40468,0.000169928008034298
40467,0.000169979031666696
40466,0.000170030004639257
40465,0.000170080926896458
40464,0.00017013179838282
40463,0.000170182619042907
40462,0.000170233388821323
40461,0.000170284107662717
40460,0.000170334775511779
40459,0.000170381169279682
40458,0.000170427519525079
40457,0.00017047382620558
40456,0.000170520089278827
40455,0.000170566308702493
40454,0.000170612484434282
40453,0.00017065861643193
40452,0.000170704704653206
40451,0.000170750749055909
40450,0.000170796749597871
40449,0.000170842706236957
40448,0.000170888618931061
40447,0.000170934487638113
40446,0.000170980312316072
40445,0.000171026092922932
40444,0.000171071829416716
40443,0.000171117521755482
40442,0.00017116316989732
40441,0.000171208773800352
40440,0.000171254333422732
40439,0.000171295698040031
40438,0.000171337025258439
40437,0.000171378315046325
40436,0.000171419567372083
40435,0.000171460782204129
40434,0.000171501959510904
40433,0.000171543099260872
40432,0.000171584201422523
40431,0.00017162526596437
40430,0.00017166629285495
40429,0.000171707282062825
40428,0.000171748233556582
40427,0.000171789147304829
40426,0.000171830023276203
40425,0.000171870861439362
40424,0.000171911661762989
40423,0.000171952424215793
40422,0.000171993148766507
40421,0.000172033835383887
40420,0.000172074484036716
40419,0.000172115294298702
40418,0.000172156066950818
40417,0.00017219680196175
40416,0.000172237499300212
40415,0.000172278158934939
40414,0.000172318780834691
40413,0.00017235936496825
40412,0.000172399911304426
40411,0.000172440419812046
40410,0.000172480890459968
40409,0.00017252132321707
40408,0.000172561718052253
40407,0.000172602074934444
40406,0.000172642393832594
40405,0.000172682674715678
40404,0.000172722917552695
40403,0.000172763122312665
40402,0.000172803288964638
40401,0.000172843417477684
40400,0.000172883507820898
40399,0.000172917637687738
40398,0.000172951739102703
40397,0.000172985812046483
40396,0.000173019856499784
40395,0.000173053872443323
40394,0.000173087859857831
40393,0.000173121818724057
40392,0.000173155749022758
40391,0.00017318965073471
40390,0.000173223523840702
40389,0.000173257368321534
40388,0.000173291184158025
40387,0.000173324971331003
40386,0.000173358729821314
40385,0.000173392459609816
40384,0.000173426160677383
40383,0.000173459833004902
40382,0.000173493476573273
40381,0.000173527091363413
40380,0.000173560677356252
40379,0.000173590484332881
40378,0.000173620268481789
40377,0.000173650029789604
40376,0.000173679768242963
40375,0.000173709483828513
40374,0.00017373917653291
40373,0.000173768846342817
40372,0.00017379849324491
40371,0.000173828117225869
40370,0.000173857718272388
40369,0.000173887296371166
40368,0.000173916851508914
40367,0.000173946383672352
40366,0.000173975892848206
40365,0.000174005379023216
40364,0.000174034842184125
40363,0.000174064282317692
40362,0.000174093699410679
40361,0.000174123093449861
40360,0.000174152464422022
40359,0.000174180177135704
40358,0.000174207869847723
40357,0.000174235542547137
40356,0.000174263195223011
40355,0.000174290827864417
40354,0.000174318440460433
40353,0.000174346033000144
40352,0.000174373605472641
40351,0.000174401157867024
40350,0.000174428690172397
40349,0.000174456202377873
40348,0.000174483694472569
40347,0.00017451116644561
40346,0.00017453861828613
40345,0.000174566049983267
40344,0.000174593461526166
40343,0.00017462085290398
40342,0.000174648224105868
40341,0.000174675575120996
40340,0.000174702905938536
40339,0.000174723363204821
40338,0.000174743809577973
40337,0.000174764245053071
40336,0.0001747846696252
40335,0.000174805083289445
40334,0.000174825486040893
40333,0.000174845877874634
40332,0.000174866258785761
40331,0.000174886628769366
40330,0.000174906987820547
40329,0.000174927335934401
40328,0.000174947673106028
40327,0.000174967999330531
40326,0.000174988314603015
40325,0.000175008618918585
40324,0.000175028912272352
40323,0.000175049194659425
40322,0.000175069466074918
40321,0.000175089726513946
40320,0.000175109975971626
40319,0.000175128413534825
40318,0.000175146841979444
40317,0.000175165261301736
40316,0.000175183671497954
40315,0.000175202072564352
40314,0.000175220464497188
40313,0.000175238847292718
40312,0.000175257220947202
40311,0.000175275585456901
40310,0.000175293940818078
40309,0.000175312287026996
40308,0.00017533062407992
40307,0.000175348951973119
40306,0.000175367270702859
40305,0.000175385580265411
40304,0.000175403880657046
40303,0.000175422171874038
40302,0.000175440453912661
40301,0.000175458726769191
40300,0.000175476990439905
40299,0.000175491888134162
40298,0.000175506779524435
40297,0.000175521664608232
40296,0.000175536543383067
40295,0.00017555141584645
40294,0.000175566281995893
40293,0.000175581141828911
40292,0.000175595995343019
40291,0.00017561084253573
40290,0.000175625683404563
40289,0.000175640517947034
40288,0.000175655346160661
40287,0.000175670168042962
40286,0.000175684983591459
40285,0.000175699792803672
40284,0.000175714595677122
40283,0.000175729392209332
40282,0.000175744182397825
40281,0.000175758966240126
40280,0.00017577374373376
40279,0.000175786540556781
40278,0.00017579933271749
40277,0.000175812120214456
40276,0.000175824903046249
40275,0.000175837681211438
40274,0.000175850454708594
40273,0.000175863223536288
40272,0.000175875987693091
40271,0.000175888747177575
40270,0.000175901501988311
40269,0.000175914252123873
40268,0.000175926997582832
40267,0.000175939738363763
40266,0.00017595247446524
40265,0.000175965205885836
40264,0.000175977932624127
40263,0.000175990654678687
40262,0.000176003372048092
40261,0.000176016084730918
40260,0.000176028792725742
40259,0.000176039536819584
40258,0.000176050277586058
40257,0.000176061015024402
40256,0.000176071749133856
40255,0.000176082479913659
40254,0.000176093207363051
40253,0.000176103931481271
40252,0.000176114652267559
40251,0.000176125369721156
40250,0.000176136083841301
40249,0.000176146794627236
40248,0.0001761575020782
40247,0.000176168206193435
40246,0.000176178906972182
40245,0.000176189604413683
40244,0.000176200298517178
40243,0.000176210989281909
40242,0.000176221676707119
40241,0.000176232360792048
40240,0.000176243041535941
40239,0.000176253718938039
40238,0.000176264392997584
40237,0.00017627506371382
40236,0.000176285731085989
40235,0.000176296395113336
40234,0.000176307055795103
40233,0.000176317713130534
40232,0.000176328367118873
40231,0.000176339017759363
40230,0.00017634966505125
40229,0.000176360308993778
40228,0.000176370949586191
40227,0.000176381586827734
40226,0.000176392220717652
40225,0.00017640285125519
40224,0.000176413478439594
40223,0.00017642410227011
40222,0.000176434722745983
40221,0.000176445339866459
40220,0.000176455953630785
40219,0.000176466764604342
40218,0.000176477572023083
40217,0.000176488375886051
40216,0.000176499176192288
40215,0.000176509972940839
40214,0.000176520766130747
40213,0.000176531555761057
40212,0.000176542341830814
40211,0.000176553124339061
40210,0.000176563903284845
40209,0.00017657467866721
40208,0.000176585450485202
40207,0.000176596218737867
40206,0.000176606983424251
40205,0.0001766177445434
40204,0.000176628502094362
40203,0.000176639256076182
40202,0.000176650006487909
40201,0.00017666075332859
40200,0.000176671496597272
40199,0.000176681840889911
40198,0.00017669218182378
40197,0.000176702519398219
40196,0.000176712853612568
40195,0.000176723184466166
40194,0.000176733511958353
40193,0.000176743836088469
40192,0.000176754156855855
40191,0.000176764474259852
40190,0.000176774788299799
40189,0.000176785098975038
40188,0.000176795406284909
40187,0.000176805710228754
40186,0.000176816010805915
40185,0.000176826308015733
40184,0.00017683660185755
40183,0.000176846892330707
40182,0.000176857179434548
40181,0.000176867463168413
40180,0.000176877743531647
40179,0.00017688993155789
40178,0.000176902114991586
40177,0.000176914293831584
40176,0.000176926468076731
40175,0.000176938637725876
40174,0.000176950802777867
40173,0.000176962963231554
40172,0.000176975119085786
40171,0.000176987270339413
40170,0.000176999416991285
40169,0.000177011559040253
40168,0.000177023696485168
40167,0.000177035829324881
40166,0.000177047957558244
40165,0.000177060081184108
40164,0.000177072200201327
40163,0.000177084314608753
40162,0.000177096424405239
40161,0.000177108529589638
40160,0.000177120630160805
40159,0.000177134030290866
40158,0.000177147424203422
40157,0.000177160811896914
40156,0.000177174193369786
40155,0.000177187568620481
40154,0.000177200937647444
40153,0.000177214300449119
40152,0.000177227657023952
40151,0.00017724100737039
40150,0.00017725435148688
40149,0.000177267689371869
40148,0.000177281021023807
40147,0.000177294346441141
40146,0.000177307665622323
40145,0.000177320978565802
40144,0.00017733428527003
40143,0.00017734758573346
40142,0.000177360879954542
40141,0.000177374167931733
40140,0.000177387449663484
40139,0.00017740429376156
40138,0.000177421128401333
40137,0.000177437953579807
40136,0.000177454769293989
40135,0.000177471575540884
40134,0.000177488372317502
40133,0.000177505159620852
40132,0.000177521937447945
40131,0.000177538705795794
40130,0.000177555464661414
40129,0.000177572214041821
40128,0.000177588953934032
40127,0.000177605684335065
40126,0.000177622405241941
40125,0.000177639116651681
40124,0.00017765581856131
40123,0.000177672510967852
40122,0.000177689193868333
40121,0.00017770586725978
40120,0.000177722531139224
40119,0.000177744179957173
40118,0.000177765812688298
40117,0.000177787429326084
40116,0.000177809029864019
40115,0.000177830614295599
40114,0.000177852182614319
40113,0.000177873734813681
40112,0.000177895270887193
40111,0.000177916790828365
40110,0.00017793829463071
40109,0.00017795978228775
40108,0.000177981253793006
40107,0.000178002709140008
40106,0.000178024148322286
40105,0.000178045571333378
40104,0.000178066978166824
40103,0.00017808836881617
40102,0.000178109743274964
40101,0.000178131101536761
40100,0.000178152443595119
40099,0.000178175409221884
40098,0.000178198356040994
40097,0.00017822128404442
40096,0.00017824419322414
40095,0.000178267083572136
40094,0.000178289955080397
40093,0.000178312807740918
40092,0.0001783356415457
40091,0.000178358456486749
40090,0.000178381252556077
40089,0.000178404029745702
40088,0.000178426788047649
40087,0.000178449527453948
40086,0.000178472247956635
40085,0.000178494949547751
40084,0.000178517632219345
40083,0.000178540295963469
40082,0.000178562940772185
40081,0.000178585566637557
40080,0.000178608173551656
40079,0.000178632374206223
40078,0.000178656553086671
40077,0.000178680710183272
40076,0.000178704845486304
40075,0.000178728958986055
40074,0.000178753050672818
40073,0.000178777120536897
40072,0.000178801168568601
40071,0.000178825194758249
40070,0.000178849199096167
40069,0.000178873181572689
40068,0.000178897142178157
40067,0.000178921080902921
40066,0.000178944997737338
40065,0.000178968892671775
40064,0.000178992765696603
40063,0.000179016616802207
40062,0.000179040445978973
40061,0.000179064253217301
40060,0.000179088038507595
40059,0.0001791163448247
40058,0.000179144619192877
40057,0.000179172861595765
40056,0.000179201072017025
40055,0.00017922925044033
40054,0.000179257396849374
40053,0.000179285511227867
40052,0.000179313593559535
40051,0.000179341643828125
40050,0.000179369662017398
40049,0.000179397648111134
40048,0.000179425602093129
40047,0.000179453523947198
40046,0.000179481413657173
40045,0.000179509271206903
40044,0.000179537096580255
40043,0.000179564889761113
40042,0.000179592650733378
40041,0.00017962037948097
40040,0.000179648075987825
40039,0.00017967749908243
40038,0.000179706886565356
40037,0.000179736238417553
40036,0.000179765554619994
40035,0.000179794835153672
40034,0.000179824079999601
40033,0.000179853289138816
40032,0.000179882462552373
40031,0.000179911600221349
40030,0.000179940702126842
40029,0.000179969768249972
40028,0.000179998798571878
40027,0.000180027793073722
40026,0.000180056751736687
40025,0.000180085674541977
40024,0.000180114561470815
40023,0.00018014341250445
40022,0.000180172227624147
40021,0.000180201006811195
40020,0.000180229750046904
40019,0.000180259753829327
40018,0.000180289717402552
40017,0.000180319640745118
40016,0.00018034952383559
40015,0.000180379366652562
40014,0.000180409169174654
40013,0.000180438931380513
40012,0.000180468653248813
40011,0.000180498334758257
40010,0.000180527975887573
40009,0.000180557576615519
40008,0.000180587136920877
40007,0.00018061665678246
40006,0.000180646136179105
40005,0.00018067557508968
40004,0.000180704973493077
40003,0.000180734331368218
40002,0.000180763648694052
40001,0.000180792925449553
40000,0.000180822161613727
39999,0.000180851357165605
39998,0.000180880512084244
39997,0.000180909626348733
39996,0.000180938699938185
39995,0.000180967732831742
39994,0.000180996725008574
39993,0.000181025676447878
39992,0.00018105458712888
39991,0.000181083457030832
39990,0.000181112286133014
39989,0.000181141074414737
39988,0.000181169821855336
39987,0.000181198528434176
39986,0.000181227194130648
39985,0.000181255818924174
39984,0.000181284402794201
39983,0.000181312945720206
39982,0.000181341447681693
39981,0.000181369908658194
39980,0.00018139832862927
39979,0.000181426929549303
39978,0.000181455489749283
39977,0.000181484009208562
39976,0.000181512487906517
39975,0.000181540925822555
39974,0.000181569322936107
39973,0.000181597679226635
39972,0.000181625994673624
39971,0.000181654269256589
39970,0.000181682502955074
39969,0.000181710695748646
39968,0.000181738847616903
39967,0.000181766958539469
39966,0.000181795028495996
39965,0.000181823057466163
39964,0.000181851045429676
39963,0.00018187899236627
39962,0.000181906898255707
39961,0.000181934763077775
39960,0.000181962586812293
39959,0.000181991533287819
39958,0.000182020434086676
39957,0.000182049289185943
39956,0.000182078098562734
39955,0.000182106862194199
39954,0.00018213558005752
39953,0.000182164252129916
39952,0.00018219287838864
39951,0.000182221458810981
39950,0.00018224999337426
39949,0.000182278482055838
39948,0.000182306924833105
39947,0.000182335321683492
39946,0.000182363672584459
39945,0.000182391977513507
39944,0.000182420236448169
39943,0.000182448449366011
39942,0.000182476616244639
39941,0.000182504737061692
39940,0.000182532811794843
39939,0.000182560611786438
39938,0.000182588365114963
39937,0.000182616071758266
39936,0.000182643731694232
39935,0.000182671344900786
39934,0.000182698911355886
39933,0.000182726431037531
39932,0.000182753903923757
39931,0.000182781329992635
39930,0.000182808709222278
39929,0.000182836041590833
39928,0.000182863327076486
39927,0.000182890565657459
39926,0.000182917757312015
39925,0.000182944902018452
39924,0.000182971999755107
39923,0.000182999050500352
39922,0.000183026054232602
39921,0.000183053010930306
39920,0.00018307992057195
39919,0.000183107018152311
39918,0.000183134069168169
39917,0.000183161073598024
39916,0.000183188031420412
39915,0.000183214942613907
39914,0.000183241807157116
39913,0.000183268625028683
39912,0.00018329539620729
39911,0.000183322120671652
39910,0.000183348798400523
39909,0.000183375429372691
39908,0.000183402013566981
39907,0.000183428550962254
39906,0.000183455041537408
39905,0.000183481485271376
39904,0.000183507882143128
39903,0.00018353423213167
39902,0.000183560535216045
39901,0.000183586791375332
39900,0.000183613000588646
39899,0.000183638145881668
39898,0.000183663248848559
39897,0.00018368830947102
39896,0.000183713327730783
39895,0.000183738303609608
39894,0.000183763237089282
39893,0.000183788128151627
39892,0.000183812976778488
39891,0.000183837782951742
39890,0.000183862546653298
39889,0.000183887267865088
39888,0.00018391194656908
39887,0.000183936582747267
39886,0.000183961176381672
39885,0.000183985727454349
39884,0.000184010235947381
39883,0.000184034701842879
39882,0.000184059125122984
39881,0.000184083505769868
39880,0.000184107843765732
39879,0.000184131897861001
39878,0.000184155908963748
39877,0.000184179877056633
39876,0.00018420380212235
39875,0.000184227684143619
39874,0.000184251523103196
39873,0.000184275318983863
39872,0.000184299071768435
39871,0.000184322781439757
39870,0.000184346447980704
39869,0.000184370071374184
39868,0.000184393651603133
39867,0.000184417188650519
39866,0.00018444068249934
39865,0.000184464133132626
39864,0.000184487540533437
39863,0.000184510904684864
39862,0.000184534225570028
39861,0.000184557503172082
39860,0.000184580737474209
39859,0.000184605099141272
39858,0.000184629413053442
39857,0.000184653679191345
39856,0.000184677897535648
39855,0.000184702068067053
39854,0.0001847261907663
39853,0.000184750265614168
39852,0.000184774292591472
39851,0.000184798271679065
39850,0.000184822202857839
39849,0.000184846086108721
39848,0.000184869921412679
39847,0.000184893708750717
39846,0.000184917448103876
39845,0.000184941139453237
39844,0.000184964782779917
39843,0.000184988378065071
39842,0.000185011925289893
39841,0.000185035424435615
39840,0.000185058875483505
39839,0.000185082028806783
39838,0.000185105133473373
39837,0.000185128189464866
39836,0.00018515119676289
39835,0.000185174155349116
39834,0.000185197065205254
39833,0.000185219926313053
39832,0.000185242738654305
39831,0.00018526550221084
39830,0.000185288216964528
39829,0.000185310882897281
39828,0.000185333499991051
39827,0.000185356068227828
39826,0.000185378587589646
39825,0.000185401058058576
39824,0.000185423479616732
39823,0.000185445852246267
39822,0.000185468175929374
39821,0.000185490450648288
39820,0.000185512676385284
39819,0.00018553510901457
39818,0.000185557493145951
39817,0.000185579828761583
39816,0.00018560211584366
39815,0.000185624354374416
39814,0.000185646544336124
39813,0.000185668685711094
39812,0.000185690778481675
39811,0.000185712822630256
39810,0.000185734818139262
39809,0.00018575676499116
39808,0.000185778663168453
39807,0.000185800512653684
39806,0.000185822313429435
39805,0.000185844065478327
39804,0.000185865768783017
39803,0.000185887423326204
39802,0.000185909029090626
39801,0.000185930586059057
39800,0.000185952094214313
39799,0.000185973553539248
39798,0.000185994964016752
39797,0.000186016325629759
39796,0.000186037638361238
39795,0.0001860589021942
39794,0.000186080117111693
39793,0.000186101283096803
39792,0.000186122400132659
39791,0.000186143468202426
39790,0.000186164487289308
39789,0.000186185457376551
39788,0.000186206378447437
39787,0.000186227250485289
39786,0.000186248073473468
39785,0.000186268847395376
39784,0.000186289572234453
39783,0.000186310247974178
39782,0.000186330874598071
39781,0.000186351452089689
39780,0.000186371980432629
39779,0.000186393710064192
39778,0.000186415386037543
39777,0.000186437008333375
39776,0.000186458576932424
39775,0.000186480091815476
39774,0.000186501552963361
39773,0.000186522960356955
39772,0.000186544313977183
39771,0.000186565613805013
39770,0.000186586859821462
39769,0.000186608052007593
39768,0.000186629190344516
39767,0.000186650274813385
39766,0.000186671305395404
39765,0.000186692282071821
39764,0.000186713204823933
39763,0.000186734073633081
39762,0.000186754888480654
39761,0.000186775649348089
39760,0.000186796356216867
39759,0.000186818477761988
39758,0.000186840540182132
39757,0.000186862543454318
39756,0.000186884487555619
39755,0.000186906372463165
39754,0.000186928198154145
39753,0.000186949964605803
39752,0.000186971671795444
39751,0.000186993319700427
39750,0.000187014908298171
39749,0.00018703643756615
39748,0.000187057907481898
39747,0.000187079318023004
39746,0.000187100669167118
39745,0.000187121960891945
39744,0.000187143193175249
39743,0.00018716436599485
39742,0.000187185479328629
39741,0.000187206533154521
39740,0.000187227527450522
39739,0.00018724934819046
39738,0.000187271104086339
39737,0.000187292795113472
39736,0.000187314421247243
39735,0.000187335982463102
39734,0.000187357478736568
39733,0.00018737891004323
39732,0.000187400276358744
39731,0.000187421577658837
39730,0.000187442813919304
39729,0.000187463985116007
39728,0.000187485091224881
39727,0.000187506132221926
39726,0.000187527108083214
39725,0.000187548018784885
39724,0.000187568864303148
39723,0.000187589644614281
39722,0.000187610359694633
39721,0.00018763100952062
39720,0.000187651594068729
39719,0.000187671281332954
39718,0.00018769090858061
39717,0.000187710475791082
39716,0.000187729982943816
39715,0.000187749430018318
39714,0.00018776881699415
39713,0.000187788143850936
39712,0.000187807410568355
39711,0.000187826617126149
39710,0.000187845763504118
39709,0.000187864849682119
39708,0.00018788387564007
39707,0.000187902841357948
39706,0.000187921746815789
39705,0.000187940591993689
39704,0.000187959376871801
39703,0.000187978101430339
39702,0.000187996765649577
39701,0.000188015369509846
39700,0.000188033912991539
39699,0.00018805213877666
39698,0.000188070304333072
39697,0.000188088409642389
39696,0.000188106454686285
39695,0.000188124439446492
39694,0.000188142363904797
39693,0.00018816022804305
39692,0.000188178031843154
39691,0.000188195775287075
39690,0.000188213458356835
39689,0.000188231081034514
39688,0.00018824864330225
39687,0.000188266145142242
39686,0.000188283586536744
39685,0.000188300967468072
39684,0.000188318287918597
39683,0.000188335547870751
39682,0.000188352747307022
39681,0.00018836988620996
39680,0.00018838696456217
39679,0.000188403982346319
39678,0.00018842093954513
39677,0.000188437836141385
39676,0.000188454672117926
39675,0.000188471447457654
39674,0.000188488162143526
39673,0.000188504816158561
39672,0.000188521409485834
39671,0.000188537942108481
39670,0.000188554414009697
39669,0.000188570825172734
39668,0.000188587175580904
39667,0.000188603465217577
39666,0.000188619694066185
39665,0.000188635862110216
39664,0.000188651969333217
39663,0.000188668015718796
39662,0.000188684001250619
39661,0.000188699925912412
39660,0.000188715789687957
39659,0.000188732267148023
39658,0.000188748678280766
39657,0.000188765023068013
39656,0.000188781301491659
39655,0.00018879751353367
39654,0.000188813659176083
39653,0.000188829738401003
39652,0.000188845751190608
39651,0.000188861697527145
39650,0.000188877577392932
39649,0.000188893390770357
39648,0.000188909137641878
39647,0.000188924817990025
39646,0.000188940431797397
39645,0.000188955979046665
39644,0.00018897145972057
39643,0.000188986873801923
39642,0.000189002221273607
39641,0.000189017502118574
39640,0.000189032716319848
39639,0.000189047499172415
39638,0.000189062220556204
39637,0.000189076880455436
39636,0.00018909147885439
39635,0.000189106015737409
39634,0.000189120491088896
39633,0.000189134904893315
39632,0.000189149257135194
39631,0.00018916354779912
39630,0.000189177776869743
39629,0.000189191944331773
39628,0.000189206050169985
39627,0.000189220094369212
39626,0.000189234076914351
39625,0.00018924799779036
39624,0.000189261856982258
39623,0.000189275654475127
39622,0.000189289390254111
39621,0.000189303064304415
39620,0.000189316676611305
39619,0.00018933022716011
39618,0.000189343715936223
39617,0.000189357142925095
39616,0.000189370508112241
39615,0.000189383811483239
39614,0.000189397053023726
39613,0.000189410232719405
39612,0.000189423350556038
39611,0.00018943640651945
39610,0.000189449400595528
39609,0.000189462332770222
39608,0.000189475203029544
39607,0.000189488011359567
39606,0.000189500757746428
39605,0.000189513442176324
39604,0.000189526064635517
39603,0.00018953862511033
39602,0.000189551123587147
39601,0.000189563560052416
39600,0.000189575934492648
39599,0.000189587734370187
39598,0.000189599477443242
39597,0.000189611163700086
39596,0.000189622793129048
39595,0.000189634365718506
39594,0.000189645881456893
39593,0.000189657340332694
39592,0.000189668742334445
39591,0.000189680087450736
39590,0.00018969137567021
39589,0.000189702606981562
39588,0.00018971378137354
39587,0.000189724898834943
39586,0.000189735959354626
39585,0.000189746962921494
39584,0.000189757909524504
39583,0.00018976879915267
39582,0.000189779631795054
39581,0.000189790407440774
39580,0.000189801126078998
39579,0.000189811300414297
39578,0.000189821418028854
39577,0.000189831478913541
39576,0.000189841483059279
39575,0.000189851430457043
39574,0.000189861321097858
39573,0.000189871154972797
39572,0.000189880932072988
39571,0.000189890652389608
39570,0.000189900315913884
39569,0.000189909922637097
39568,0.000189919472550574
39567,0.000189928965645699
39566,0.000189938401913903
39565,0.000189947781346668
39564,0.000189957103935529
39563,0.00018996636967207
39562,0.000189975578547928
39561,0.00018998473055479
39560,0.000189993825684394
39559,0.000190002619368666
39558,0.00019001135597298
39557,0.000190020035489838
39556,0.000190028657911796
39555,0.00019003722323146
39554,0.000190045731441489
39553,0.000190054182534592
39552,0.000190062576503534
39551,0.000190070913341129
39550,0.000190079193040243
39549,0.000190087415593794
39548,0.000190095580994755
39547,0.000190103689236147
39546,0.000190111740311045
39545,0.000190119734212577
39544,0.00019012767093392
39543,0.000190135550468307
39542,0.00019014337280902
39541,0.000190151137949395
39540,0.000190158845882819
39539,0.000190166496602732
39538,0.000190174090102624
39537,0.000190181626376041
39536,0.000190189105416577
39535,0.000190196527217882
39534,0.000190203891773655
39533,0.000190211199077648
39532,0.000190218449123667
39531,0.000190225641905568
39530,0.00019023277741726
39529,0.000190239855652705
39528,0.000190246876605916
39527,0.000190253840270958
39526,0.00019026074664195
39525,0.000190267595713062
39524,0.000190274387478516
39523,0.000190281121932587
39522,0.000190287799069602
39521,0.00019029441888394
39520,0.000190300981370033
39519,0.00019030743115732
39518,0.000190313828854885
39517,0.00019032017445746
39516,0.000190326467959818
39515,0.000190332709356779
39514,0.000190338898643201
39513,0.000190345035813989
39512,0.000190351120864088
39511,0.000190357153788486
39510,0.000190363134582217
39509,0.000190369063240353
39508,0.000190374939758012
39507,0.000190380764130354
39506,0.000190386536352582
39505,0.000190392256419942
39504,0.000190397924327723
39503,0.000190403540071255
39502,0.000190409103645914
39501,0.000190414615047116
39500,0.000190420074270322
39499,0.000190425993545595
39498,0.000190431850219693
39497,0.000190437644286829
39496,0.000190443375741278
39495,0.000190449044577376
39494,0.00019045465078952
39493,0.000190460194372172
39492,0.000190465675319851
39491,0.000190471093627142
39490,0.00019047644928869
39489,0.000190481742299202
39488,0.000190486972653446
39487,0.000190492140346253
39486,0.000190497245372516
39485,0.000190502287727189
39484,0.000190507267405287
39483,0.00019051218440189
39482,0.000190517038712136
39481,0.000190521830331229
39480,0.000190526559254431
39479,0.000190530974123424
39478,0.00019053532613321
39477,0.000190539615279958
39476,0.000190543841559901
39475,0.000190548004969335
39474,0.000190552105504618
39473,0.000190556143162172
39472,0.00019056011793848
39471,0.00019056402983009
39470,0.00019056787883361
39469,0.000190571664945713
39468,0.000190575388163134
39467,0.000190579048482671
39466,0.000190582645901184
39465,0.000190586180415596
39464,0.000190589652022895
39463,0.000190593060720128
39462,0.000190596406504407
39461,0.000190599689372908
39460,0.000190602909322866
39459,0.000190606213233585
39458,0.00019060944864138
39457,0.000190612615543298
39456,0.000190615713936458
39455,0.000190618743818055
39454,0.000190621705185358
39453,0.000190624598035711
39452,0.00019062742236653
39451,0.000190630178175308
39450,0.000190632865459612
39449,0.000190635484217083
39448,0.000190638034445436
39447,0.000190640516142461
39446,0.000190642929306023
39445,0.00019064527393406
39444,0.000190647550024586
39443,0.000190649757575688
39442,0.000190651896585528
39441,0.000190653967052343
39440,0.000190655968974445
39439,0.000190657478545367
39438,0.000190658912770237
39437,0.00019066027164911
39436,0.000190661555182134
39435,0.000190662763369554
39434,0.000190663896211708
39433,0.000190664953709028
39432,0.00019066593586204
39431,0.000190666842671366
39430,0.000190667674137721
39429,0.000190668430261914
39428,0.00019066911104485
39427,0.000190669716487526
39426,0.000190670246591037
39425,0.000190670701356567
39424,0.000190671080785399
39423,0.000190671384878908
39422,0.000190671613638564
39421,0.000190671767065931
39420,0.000190671845162667
39419,0.000190672142195466
39418,0.000190672358436502
39417,0.000190672493886833
39416,0.00019067254854762
39415,0.00019067252242013
39414,0.000190672415505735
39413,0.000190672227805913
39412,0.000190671959322245
39411,0.000190671610056419
39410,0.000190671180010227
39409,0.000190670669185567
39408,0.000190670077584441
39407,0.000190669405208956
39406,0.000190668652061324
39405,0.000190667818143864
39404,0.000190666903458997
39403,0.000190665908009252
39402,0.000190664831797259
39401,0.000190663674825757
39400,0.000190662437097589
39399,0.000190661387232954
39398,0.000190660256963288
39397,0.000190659046290704
39396,0.000190657755217418
39395,0.000190656383745746
39394,0.00019065493187811
39393,0.000190653399617031
39392,0.000190651786965134
39391,0.000190650093925144
39390,0.000190648320499892
39389,0.000190646466692309
39388,0.000190644532505427
39387,0.000190642517942382
39386,0.000190640423006413
39385,0.000190638247700859
39384,0.000190635992029163
39383,0.00019063365599487
39382,0.000190631239601625
39381,0.000190628742853178
39380,0.000190626165753381
39379,0.000190623050557714
39378,0.000190619841870285
39377,0.00019061653969745
39376,0.000190613144045711
39375,0.000190609654921706
39374,0.000190606072332216
39373,0.00019060239628416
39372,0.000190598626784597
39371,0.000190594763840729
39370,0.000190590807459894
39369,0.000190586757649574
39368,0.000190582614417388
39367,0.000190578377771096
39366,0.000190574047718599
39365,0.000190569624267936
39364,0.000190565107427287
39363,0.000190560497204972
39362,0.000190555793609451
39361,0.000190550996649323
39360,0.000190546106333328
39359,0.000190541787935605
39358,0.000190537369675424
39357,0.000190532851558886
39356,0.000190528233592252
39355,0.000190523515781942
39354,0.00019051869813453
39353,0.000190513780656751
39352,0.000190508763355497
39351,0.000190503646237816
39350,0.000190498429310917
39349,0.000190493112582164
39348,0.000190487696059079
39347,0.000190482179749342
39346,0.000190476563660792
39345,0.000190470847801425
39344,0.000190465032179392
39343,0.000190459116803005
39342,0.000190453101680732
39341,0.000190446986821199
39340,0.00019044077223319
39339,0.000190434229029857
39338,0.000190427579131553
39337,0.000190420822548578
39336,0.000190413959291412
39335,0.000190406989370717
39334,0.000190399912797333
39333,0.000190392729582282
39332,0.000190385439736764
39331,0.000190378043272162
39330,0.000190370540200036
39329,0.000190362930532128
39328,0.00019035521428036
39327,0.000190347391456832
39326,0.000190339462073826
39325,0.000190331426143803
39324,0.000190323283679405
39323,0.000190315034693451
39322,0.000190306679198944
39321,0.000190298217209062
39320,0.000190289648737167
39319,0.00019028013544377
39318,0.000190270508650705
39317,0.000190260768376254
39316,0.000190250914638904
39315,0.000190240947457343
39314,0.000190230866850464
39313,0.000190220672837365
39312,0.000190210365437345
39311,0.000190199944669906
39310,0.000190189410554756
39309,0.000190178763111805
39308,0.000190168002361166
39307,0.000190157128323154
39306,0.000190146141018289
39305,0.000190135040467293
39304,0.000190123826691092
39303,0.000190112499710813
39302,0.000190101059547787
39301,0.000190089506223549
39300,0.000190077839759833
39299,0.000190065957735292
39298,0.00019005395521977
39297,0.00019004183223619
39296,0.000190029588807702
39295,0.000190017224957684
39294,0.000190004740709745
39293,0.000189992136087721
39292,0.000189979411115679
39291,0.000189966565817912
39290,0.000189953600218943
39289,0.000189940514343525
39288,0.000189927308216636
39287,0.000189913981863486
39286,0.000189900535309511
39285,0.000189886968580375
39284,0.000189873281701973
39283,0.000189859474700424
39282,0.000189845547602079
39281,0.000189831500433513
39280,0.000189817333221532
39279,0.000189802328020768
39278,0.000189787195226711
39277,0.000189771934871234
39276,0.000189756546986465
39275,0.000189741031604793
39274,0.000189725388758861
39273,0.000189709618481574
39272,0.000189693720806089
39271,0.000189677695765825
39270,0.000189661543394454
39269,0.000189645263725908
39268,0.000189628856794375
39267,0.000189612322634299
39266,0.000189595661280381
39265,0.000189578872767578
39264,0.000189561957131105
39263,0.000189544914406432
39262,0.000189527744629285
39261,0.000189510447835647
39260,0.000189493024061754
39259,0.000189474947721415
39258,0.000189456736669786
39257,0.000189438390947293
39256,0.00018941991059465
39255,0.000189401295652857
39254,0.000189382546163204
39253,0.000189363662167267
39252,0.000189344643706907
39251,0.000189325490824276
39250,0.000189306203561808
39249,0.000189286781962229
39248,0.000189267226068546
39247,0.000189247535924056
39246,0.000189227711572341
39245,0.000189207753057269
39244,0.000189187660422992
39243,0.000189167433713952
39242,0.000189147072974872
39241,0.000189126578250762
39240,0.000189105949586918
39239,0.000189085458156008
39238,0.000189064832812031
39237,0.000189044073599295
39236,0.000189023180562393
39235,0.0001890021537462
39234,0.000188980993195875
39233,0.000188959698956863
39232,0.000188938271074892
39231,0.000188916709595971
39230,0.000188895014566396
39229,0.000188873186032744
39228,0.000188851224041875
39227,0.000188829128640933
39226,0.000188806899877343
39225,0.000188784537798814
39224,0.000188762042453336
39223,0.000188739413889183
39222,0.00018871665215491
39221,0.000188693757299353
39220,0.00018867072937163
39219,0.00018864783753122
39218,0.000188624812401664
39217,0.000188601654031344
39216,0.000188578362468928
39215,0.000188554937763365
39214,0.000188531379963891
39213,0.000188507689120022
39212,0.00018848386528156
39211,0.000188459908498588
39210,0.000188435818821472
39209,0.000188411596300861
39208,0.000188387240987687
39207,0.000188362752933164
39206,0.000188338132188786
39205,0.000188313378806332
39204,0.00018828849283786
39203,0.000188263474335712
39202,0.000188238323352509
39201,0.000188213039941155
39200,0.000188187624154834
39199,0.0001881615794494
39198,0.000188135394028171
39197,0.000188109067948801
39196,0.000188082601269265
39195,0.000188055994047858
39194,0.000188029246343197
39193,0.000188002358214217
39192,0.000187975329720175
39191,0.000187948160920646
39190,0.000187920851875525
39189,0.000187893402645026
39188,0.000187865813289684
39187,0.000187838083870349
39186,0.000187810214448193
39185,0.000187782205084705
39184,0.000187754055841691
39183,0.000187725766781278
39182,0.000187697337965907
39181,0.000187668769458338
39180,0.00018764006132165
39179,0.000187611213619235
39178,0.000187582226414805
39177,0.000187553099772388
39176,0.000187523833756327
39175,0.000187494428431281
39174,0.000187464883862226
39173,0.000187435200114452
39172,0.000187405377253567
39171,0.00018737541534549
39170,0.000187345314456458
39169,0.000187315074653022
39168,0.000187284696002045
39167,0.000187254178570707
39166,0.0001872235224265
39165,0.000187192727637231
39164,0.000187161794271017
39163,0.000187130722396293
39162,0.000187099512081802
39161,0.000187068163396603
39160,0.000187036676410065
39159,0.000187005301766836
39158,0.000186973788140951
39157,0.000186942135601922
39156,0.00018691034421958
39155,0.000186878414064077
39154,0.000186846345205886
39153,0.000186814137715798
39152,0.000186781791664926
39151,0.0001867493071247
39150,0.00018671668416687
39149,0.000186683922863505
39148,0.000186651023286991
39147,0.000186617985510034
39146,0.000186584809605658
39145,0.000186551495647202
39144,0.000186518043708325
39143,0.000186484453863003
39142,0.000186450726185527
39141,0.000186416860750505
39140,0.000186382857632863
39139,0.000186351228094069
39138,0.000186319484747653
39137,0.000186287627652755
39136,0.000186255656868723
39135,0.000186223572455116
39134,0.000186191374471702
39133,0.000186159062978457
39132,0.000186126638035566
39131,0.000186094099703422
39130,0.000186061448042629
39129,0.000186028683113995
39128,0.00018599580497854
39127,0.000185962813697488
39126,0.000185929709332275
39125,0.000185896491944541
39124,0.000185863161596133
39123,0.000185829718349107
39122,0.000185796162265726
39121,0.000185762493408458
39120,0.000185728711839977
39119,0.000185697190625389
39118,0.000185665569846113
39117,0.000185633849553622
39116,0.000185602029799558
39115,0.000185570110635721
39114,0.000185538092114077
39113,0.000185505974286755
39112,0.000185473757206047
39111,0.000185441440924408
39110,0.000185409025494455
39109,0.000185376510968969
39108,0.000185343897400892
39107,0.000185311184843329
39106,0.000185278373349548
39105,0.000185245462972977
39104,0.000185212453767207
39103,0.000185179345785993
39102,0.000185146139083247
39101,0.000185112833713045
39100,0.000185079429729626
39099,0.000185049098166038
39098,0.000185018687240629
39097,0.000184988196993607
39096,0.000184957627465286
39095,0.00018492697869608
39094,0.000184896250726506
39093,0.000184865443597185
39092,0.000184834557348839
39091,0.000184803592022293
39090,0.000184772547658474
39089,0.00018474142429841
39088,0.000184710221983234
39087,0.000184678940754176
39086,0.000184647580652573
39085,0.000184616141719862
39084,0.000184584623997579
39083,0.000184553027527365
39082,0.000184521352350962
39081,0.00018448959851021
39080,0.000184457766047056
39079,0.000184429654646534
39078,0.000184401480601928
39077,0.000184373243942637
39076,0.000184344944698126
39075,0.000184316582897924
39074,0.000184288158571627
39073,0.000184259671748899
39072,0.000184231122459467
39071,0.000184202510733123
39070,0.000184173836599728
39069,0.000184145100089206
39068,0.000184116301231546
39067,0.000184087440056806
39066,0.000184058516595104
39065,0.00018402953087663
39064,0.000184000482931632
39063,0.00018397137279043
39062,0.000183942200483404
39061,0.000183912966041003
39060,0.000183883669493738
39059,0.000183858257273567
39058,0.000183832796677469
39057,0.000183807287726198
39056,0.000183781730440552
39055,0.000183756124841367
39054,0.000183730470949524
39053,0.000183704768785945
39052,0.000183679018371591
39051,0.000183653219727468
39050,0.000183627372874621
39049,0.000183601477834137
39048,0.000183575534627145
39047,0.000183549543274815
39046,0.000183523503798359
39045,0.000183497416219028
39044,0.000183471280558117
39043,0.000183445096836961
39042,0.000183418865076936
39041,0.000183392585299461
39040,0.000183366257525992
39039,0.000183343322117573
39038,0.000183320352327783
39037,0.000183297348170072
39036,0.000183274309657908
39035,0.000183251236804782
39034,0.000183228129624202
39033,0.000183204988129695
39032,0.000183181812334811
39031,0.000183158602253116
39030,0.000183135357898197
39029,0.000183112079283661
39028,0.000183088766423134
39027,0.000183065419330261
39026,0.000183042038018707
39025,0.000183018622502156
39024,0.000182995172794312
39023,0.000182971688908899
39022,0.000182948170859658
39021,0.000182924618660353
39020,0.000182901032324765
39019,0.000182878529778908
39018,0.000182855997053931
39017,0.000182833434161671
39016,0.000182810841113981
39015,0.000182788217922728
39014,0.000182765564599796
39013,0.000182742881157081
39012,0.000182720167606496
39011,0.000182697423959967
39010,0.000182674650229436
39009,0.00018265184642686
39008,0.000182629012564209
39007,0.00018260614865347
39006,0.000182583254706643
39005,0.000182560330735744
39004,0.000182537376752803
39003,0.000182514392769865
39002,0.000182491378798989
39001,0.00018246833485225
39000,0.000182445260941737
38999,0.000182426031219267
38998,0.000182406781224341
38997,0.000182387510964041
38996,0.000182368220445456
38995,0.000182348909675682
38994,0.00018232957866182
38993,0.000182310227410979
38992,0.000182290855930277
38991,0.000182271464226834
38990,0.000182252052307782
38989,0.000182232620180254
38988,0.000182213167851395
38987,0.000182193695328354
38986,0.000182174202618287
38985,0.000182154689728358
38984,0.000182135156665735
38983,0.000182115603437596
38982,0.000182096030051123
38981,0.000182076436513506
38980,0.000182056822831942
38979,0.000182039965662465
38978,0.000182023093693342
38977,0.000182006206929161
38976,0.000181989305374517
38975,0.000181972389034006
38974,0.000181955457912227
38973,0.000181938512013785
38972,0.000181921551343286
38971,0.000181904575905342
38970,0.000181887585704567
38969,0.00018187058074558
38968,0.000181853561033002
38967,0.000181836526571459
38966,0.00018181947736558
38965,0.000181802413419997
38964,0.000181785334739348
38963,0.000181768241328271
38962,0.000181751133191409
38961,0.000181734010333412
38960,0.000181716872758928
38959,0.000181702545753842
38958,0.000181688208521094
38957,0.000181673861063421
38956,0.000181659503383563
38955,0.000181645135484262
38954,0.000181630757368261
38953,0.000181616369038305
38952,0.00018160197049714
38951,0.000181587561747516
38950,0.000181573142792182
38949,0.00018155871363389
38948,0.000181544274275395
38947,0.000181529824719451
38946,0.000181515364968816
38945,0.000181500895026249
38944,0.000181486414894511
38943,0.000181471924576363
38942,0.000181457424074571
38941,0.0001814429133919
38940,0.000181428392531117
38939,0.000181416934650011
38938,0.000181405470255119
38937,0.000181393999347766
38936,0.000181382521929281
38935,0.00018137103800099
38934,0.000181359547564222
38933,0.000181348050620307
38932,0.000181336547170574
38931,0.000181325037216353
38930,0.000181313520758977
38929,0.000181301997799776
38928,0.000181290468340084
38927,0.000181278932381234
38926,0.00018126738992456
38925,0.000181255840971396
38924,0.000181244285523078
38923,0.000181232723580943
38922,0.000181221155146326
38921,0.000181209580220565
38920,0.000181197998804999
38919,0.000181186410900966
38918,0.000181174816509806
38917,0.000181163215632859
38916,0.000181151608271467
38915,0.000181139994426969
38914,0.00018112837410071
38913,0.000181116747294032
38912,0.000181105114008278
38911,0.000181093474244793
38910,0.000181081828004923
38909,0.000181070175290012
38908,0.000181058516101407
38907,0.000181046850440456
38906,0.000181035178308507
38905,0.000181023499706906
38904,0.000181011814637005
38903,0.000181000123100152
38902,0.000180988425097699
38901,0.000180976720630997
38900,0.000180965009701397
38899,0.000180954757337465
38898,0.000180944500027319
38897,0.000180934237771866
38896,0.000180923970572014
38895,0.000180913698428671
38894,0.000180903421342744
38893,0.000180893139315142
38892,0.000180882852346775
38891,0.000180872560438551
38890,0.000180862263591381
38889,0.000180851961806175
38888,0.000180841655083842
38887,0.000180831343425295
38886,0.000180821026831445
38885,0.000180810705303203
38884,0.000180800378841481
38883,0.000180790047447193
38882,0.000180779711121251
38881,0.000180769369864569
38880,0.00018075902367806
38879,0.000180749946374143
38878,0.000180740865415008
38877,0.000180731780801316
38876,0.00018072269253373
38875,0.000180713600612909
38874,0.000180704505039517
38873,0.000180695405814215
38872,0.000180686302937666
38871,0.000180677196410533
38870,0.000180668086233478
38869,0.000180658972407165
38868,0.000180649854932257
38867,0.000180640733809417
38866,0.000180631609039309
38865,0.000180622480622598
38864,0.000180613348559947
38863,0.000180604212852021
38862,0.000180595073499486
38861,0.000180585930503005
38860,0.000180576783863244
38859,0.000180569331009099
38858,0.000180561875648736
38857,0.000180554417782489
38856,0.000180546957410697
38855,0.000180539494533693
38854,0.000180532029151815
38853,0.000180524561265398
38852,0.00018051709087478
38851,0.000180509617980296
38850,0.000180502142582283
38849,0.000180494664681078
38848,0.000180487184277018
38847,0.000180479701370439
38846,0.000180472215961678
38845,0.000180464728051072
38844,0.000180457237638959
38843,0.000180449744725676
38842,0.000180442249311561
38841,0.000180434751396949
38840,0.000180427250982181
38839,0.000180419542060618
38838,0.000180411830596004
38837,0.000180404116588745
38836,0.000180396400039244
38835,0.000180388680947906
38834,0.000180380959315135
38833,0.000180373235141338
38832,0.000180365508426918
38831,0.00018035777917228
38830,0.000180350047377831
38829,0.000180342313043974
38828,0.000180334576171116
38827,0.000180326836759662
38826,0.000180319094810018
38825,0.000180311350322589
38824,0.000180303603297782
38823,0.000180295853736003
38822,0.000180288101637656
38821,0.00018028034700315
38820,0.00018027258983289
38819,0.000180268473348222
38818,0.000180264355502393
38817,0.000180260236295548
38816,0.000180256115727829
38815,0.000180251993799381
38814,0.000180247870510346
38813,0.000180243745860869
38812,0.000180239619851095
38811,0.000180235492481165
38810,0.000180231363751226
38809,0.00018022723366142
38808,0.000180223102211891
38807,0.000180218969402785
38806,0.000180214835234245
38805,0.000180210699706416
38804,0.000180206562819441
38803,0.000180202424573466
38802,0.000180198284968635
38801,0.000180194144005092
38800,0.000180190001682982
38799,0.000180185858002449
38798,0.00018018171296364
38797,0.000180177566566697
38796,0.000180173418811767
38795,0.000180169269698994
38794,0.000180165119228523
38793,0.000180160967400499
38792,0.000180156814215068
38791,0.000180152659672374
38790,0.000180148503772563
38789,0.00018014434651578
38788,0.000180140187902171
38787,0.000180136027931881
38786,0.000180131866605055
38785,0.000180127703921839
38784,0.00018012353988238
38783,0.000180119374486821
38782,0.000180115207735311
38781,0.000180111039627993
38780,0.000180106870165014
38779,0.000180102699346521
38778,0.000180098527172658
38777,0.000180094353643573
38776,0.000180090178759411
38775,0.000180086002520319
38774,0.000180081824926442
38773,0.000180077645977928
38772,0.000180073465674922
38771,0.000180069284017572
38770,0.000180065101006023
38769,0.000180060916640422
38768,0.000180056730920916
38767,0.000180052543847653
38766,0.000180048355420777
38765,0.000180044165640437
38764,0.000180039974506779
38763,0.000180035782019951
38762,0.000180031588180099
38761,0.00018002739298737
38760,0.000180023196441912
38759,0.000180020138689658
38758,0.000180017080540376
38757,0.000180014021994088
38756,0.000180010963050816
38755,0.000180007903710583
38754,0.00018000484397341
38753,0.000180001783839319
38752,0.000179998723308332
38751,0.000179995662380471
38750,0.000179992601055759
38749,0.000179989539334217
38748,0.000179986477215867
38747,0.000179983414700731
38746,0.000179980351788832
38745,0.000179977288480191
38744,0.00017997422477483
38743,0.000179971160672772
38742,0.000179968096174039
38741,0.000179965031278651
38740,0.000179961965986633
38739,0.000179955445381749
38738,0.000179948922883075
38737,0.000179942398490957
38736,0.000179935872205739
38735,0.000179929344027769
38734,0.00017992281395739
38733,0.00017991628199495
38732,0.000179909748140793
38731,0.000179903212395266
38730,0.000179896674758715
38729,0.000179890135231485
38728,0.000179883593813924
38727,0.000179877050506377
38726,0.000179870505309191
38725,0.000179863958222712
38724,0.000179857409247287
38723,0.000179850858383262
38722,0.000179844305630985
38721,0.000179837750990802
38720,0.000179831194463061
38719,0.000179826176832484
38718,0.00017982115798518
38717,0.000179816137921346
38716,0.000179811116641181
38715,0.000179806094144883
38714,0.000179801070432651
38713,0.000179796045504683
38712,0.000179791019361179
38711,0.000179785992002336
38710,0.000179780963428354
38709,0.000179775933639431
38708,0.000179770902635766
38707,0.000179765870417558
38706,0.000179760836985006
38705,0.000179755802338308
38704,0.000179750766477665
38703,0.000179745729403274
38702,0.000179740691115335
38701,0.000179735651614048
38700,0.00017973061089961
38699,0.000179725568972223
38698,0.000179720525832084
38697,0.000179715481479393
38696,0.00017971043591435
38695,0.000179705389137154
38694,0.000179700341148005
38693,0.000179695291947101
38692,0.000179690241534643
38691,0.00017968518991083
38690,0.000179680137075862
38689,0.000179675083029939
38688,0.000179670027773259
38687,0.000179664971306024
38686,0.000179659913628433
38685,0.000179654854740686
38684,0.000179649794642982
38683,0.000179644733335522
38682,0.000179639670818506
38681,0.000179634607092133
38680,0.000179629542156605
38679,0.000179621371557448
38678,0.00017961319821932
38677,0.000179605022142793
38676,0.000179596843328439
38675,0.00017958866177683
38674,0.000179580477488536
38673,0.000179572290464132
38672,0.000179564100704188
38671,0.000179555908209278
38670,0.000179547712979974
38669,0.000179539515016849
38668,0.000179531314320477
38667,0.00017952311089143
38666,0.000179514904730282
38665,0.000179506695837606
38664,0.000179498484213977
38663,0.000179490269859967
38662,0.000179482052776152
38661,0.000179473832963106
38660,0.000179465610421403
38659,0.000179457593592807
38658,0.00017944957426981
38657,0.000179441552452828
38656,0.000179433528142281
38655,0.000179425501338587
38654,0.000179417472042164
38653,0.000179409440253431
38652,0.000179401405972807
38651,0.00017939336920071
38650,0.00017938532993756
38649,0.000179377288183775
38648,0.000179369243939774
38647,0.000179361197205977
38646,0.000179353147982804
38645,0.000179345096270673
38644,0.000179337042070005
38643,0.000179328985381218
38642,0.000179320926204734
38641,0.000179312864540971
38640,0.000179304800390351
38639,0.000179296733753292
38638,0.000179288664630216
38637,0.000179280593021543
38636,0.000179272518927693
38635,0.000179264442349087
38634,0.000179256363286145
38633,0.000179248281739289
38632,0.00017924019770894
38631,0.000179232111195518
38630,0.000179224022199446
38629,0.000179215930721143
38628,0.000179207836761031
38627,0.000179199740319533
38626,0.000179191641397069
38625,0.000179183539994062
38624,0.000179175436110934
38623,0.000179167329748105
38622,0.000179159220905999
38621,0.000179151109585037
38620,0.000179142995785643
38619,0.000179133298171227
38618,0.000179123597017153
38617,0.000179113892324121
38616,0.000179104184092831
38615,0.000179094472323984
38614,0.000179084757018281
38613,0.000179075038176422
38612,0.000179065315799109
38611,0.000179055589887045
38610,0.000179045860440929
38609,0.000179036127461464
38608,0.000179026390949353
38607,0.000179016650905297
38606,0.00017900690733
38605,0.000178997160224164
38604,0.000178987409588492
38603,0.000178977655423687
38602,0.000178967897730454
38601,0.000178958136509495
38600,0.000178948371761514
38599,0.000178937010476337
38598,0.00017892564441292
38597,0.00017891427357235
38596,0.000178902897955719
38595,0.000178891517564115
38594,0.000178880132398627
38593,0.000178868742460347
38592,0.000178857347750364
38591,0.00017884594826977
38590,0.000178834544019656
38589,0.000178823135001114
38588,0.000178811721215236
38587,0.000178800302663114
38586,0.000178788879345842
38585,0.000178777451264513
38584,0.00017876601842022
38583,0.000178754580814058
38582,0.000178743138447122
38581,0.000178731691320506
38580,0.000178720239435305
38579,0.000178708782792616
38578,0.000178697321393535
38577,0.000178685855239156
38576,0.00017867438433058
38575,0.000178662908668901
38574,0.000178651428255217
38573,0.000178639943090628
38572,0.00017862845317623
38571,0.000178616958513124
38570,0.000178605459102408
38569,0.000178593954945183
38568,0.000178582446042547
38567,0.000178570932395601
38566,0.000178559414005446
38565,0.000178547890873184
38564,0.000178536362999915
38563,0.000178524830386742
38562,0.000178513293034767
38561,0.000178501750945094
38560,0.000178490204118824
38559,0.000178477461028869
38558,0.00017846471156434
38557,0.000178451955726722
38556,0.000178439193517498
38555,0.000178426424938156
38554,0.000178413649990181
38553,0.00017840086867506
38552,0.000178388080994282
38551,0.000178375286949335
38550,0.000178362486541708
38549,0.000178349679772893
38548,0.000178336866644378
38547,0.000178324047157657
38546,0.000178311221314222
38545,0.000178298389115564
38544,0.000178285550563179
38543,0.000178272705658561
38542,0.000178259854403204
38541,0.000178246996798605
38540,0.000178234132846261
38539,0.000178219838059406
38538,0.000178205534881067
38537,0.000178191223313512
38536,0.000178176903359011
38535,0.000178162575019836
38534,0.000178148238298261
38533,0.00017813389319656
38532,0.000178119539717009
38531,0.000178105177861886
38530,0.000178090807633469
38529,0.00017807642903404
38528,0.000178062042065879
38527,0.000178047646731271
38526,0.000178033243032499
38525,0.00017801883097185
38524,0.000178004410551611
38523,0.000177989981774072
38522,0.000177975544641522
38521,0.000177961099156253
38520,0.000177946645320559
38519,0.000177930735995621
38518,0.00017791481588352
38517,0.00017789888498767
38516,0.000177882943311488
38515,0.000177866990858395
38514,0.000177851027631813
38513,0.000177835053635167
38512,0.000177819068871885
38511,0.000177803073345397
38510,0.000177787067059138
38509,0.000177771050016542
38508,0.000177755022221048
38507,0.000177738983676097
38506,0.000177722934385133
38505,0.000177706874351602
38504,0.000177690803578952
38503,0.000177674722070636
38502,0.000177658629830108
38501,0.000177642526860823
38500,0.000177626413166243
38499,0.000177610487810358
38498,0.000177594550951298
38497,0.000177578602593019
38496,0.00017756264273948
38495,0.000177546671394645
38494,0.000177530688562482
38493,0.000177514694246961
38492,0.000177498688452055
38491,0.000177482671181743
38490,0.000177466642440006
38489,0.000177450602230826
38488,0.000177434550558193
38487,0.000177418487426098
38486,0.000177402412838534
38485,0.000177386326799501
38484,0.000177370229312999
38483,0.000177354120383034
38482,0.000177338000013614
38481,0.000177321868208751
38480,0.00017730572497246
38479,0.00017729107209073
38478,0.000177276410392568
38477,0.00017726173988065
38476,0.000177247060557654
38475,0.000177232372426261
38474,0.000177217675489154
38473,0.000177202969749016
38472,0.000177188255208535
38471,0.000177173531870398
38470,0.000177158799737294
38469,0.000177144058811916
38468,0.000177129309096957
38467,0.000177114550595113
38466,0.000177099783309079
38465,0.000177085007241557
38464,0.000177070222395246
38463,0.000177055428772849
38462,0.000177040626377071
38461,0.000177025815210617
38460,0.000177010995276198
38459,0.000176992747704946
38458,0.000176974487546541
38457,0.000176956214805584
38456,0.000176937929486682
38455,0.000176919631594446
38454,0.000176901321133488
38453,0.000176882998108427
38452,0.000176864662523881
38451,0.000176846314384475
38450,0.000176827953694836
38449,0.000176809580459595
38448,0.000176791194683387
38447,0.000176772796370847
38446,0.000176754385526619
38445,0.000176735962155345
38444,0.000176717526261675
38443,0.000176699077850259
38442,0.000176680616925752
38441,0.000176662143492812
38440,0.000176643657556101
38439,0.0001766286198472
38438,0.000176613573440816
38437,0.000176598518339707
38436,0.00017658345454663
38435,0.000176568382064346
38434,0.000176553300895615
38433,0.000176538211043202
38432,0.000176523112509873
38431,0.000176508005298393
38430,0.000176492889411532
38429,0.000176477764852061
38428,0.000176462631622752
38427,0.000176447489726379
38426,0.00017643233916572
38425,0.000176417179943551
38424,0.000176402012062652
38423,0.000176386835525804
38422,0.000176371650335792
38421,0.0001763564564954
38420,0.000176341254007415
38419,0.000176329367107445
38418,0.000176317475138905
38417,0.000176305578103031
38416,0.00017629367600106
38415,0.000176281768834231
38414,0.000176269856603782
38413,0.000176257939310953
38412,0.000176246016956983
38411,0.000176234089543112
38410,0.000176222157070583
38409,0.000176210219540635
38408,0.000176198276954512
38407,0.000176186329313455
38406,0.000176174376618709
38405,0.000176162418871516
38404,0.000176150456073122
38403,0.000176138488224771
38402,0.000176126515327708
38401,0.000176114537383181
38400,0.000176102554392434
38399,0.00017608897178136
38398,0.000176075382172316
38397,0.000176061785567403
38396,0.000176048181968716
38395,0.000176034571378358
38394,0.000176020953798428
38393,0.000176007329231028
38392,0.000175993697678264
38391,0.000175980059142238
38390,0.000175966413625057
38389,0.000175952761128829
38388,0.000175939101655662
38387,0.000175925435207666
38386,0.000175911761786952
38385,0.000175898081395631
38384,0.000175884394035817
38383,0.000175870699709625
38382,0.000175856998419172
38381,0.000175843290166572
38380,0.000175829574953947
38379,0.000175817309278204
38378,0.000175805038938839
38377,0.000175792763936959
38376,0.00017578048427367
38375,0.000175768199950081
38374,0.000175755910967299
38373,0.000175743617326432
38372,0.000175731319028588
38371,0.000175719016074877
38370,0.000175706708466408
38369,0.000175694396204292
38368,0.000175682079289637
38367,0.000175669757723555
38366,0.000175657431507157
38365,0.000175645100641554
38364,0.000175632765127858
38363,0.000175620424967181
38362,0.000175608080160636
38361,0.000175595730709336
38360,0.000175583376614393
38359,0.000175571017876923
38358,0.000175558654498039
38357,0.000175546286478855
38356,0.000175533913820488
38355,0.000175521536524051
38354,0.000175509154590661
38353,0.000175496768021435
38352,0.000175484376817487
38351,0.000175471980979937
38350,0.0001754595805099
38349,0.000175447175408495
38348,0.00017543476567684
38347,0.000175422351316053
38346,0.000175409932327253
38345,0.00017539750871156
38344,0.000175385080470094
38343,0.000175372647603974
38342,0.000175360210114321
38341,0.000175347768002256
38340,0.0001753353212689
38339,0.000175324516573178
38338,0.000175313708605828
38337,0.000175302897367537
38336,0.000175292082858992
38335,0.00017528126508088
38334,0.00017527044403389
38333,0.000175259619718709
38332,0.000175248792136026
38331,0.000175237961286528
38330,0.000175227127170904
38329,0.000175216289789842
38328,0.000175205449144032
38327,0.000175194605234162
38326,0.000175183758060921
38325,0.000175172907624998
38324,0.000175162053927084
38323,0.000175151196967867
38322,0.000175140336748038
38321,0.000175129473268286
38320,0.000175118606529301
38319,0.000175105924548766
38318,0.000175093238134089
38317,0.000175080547286368
38316,0.0001750678520067
38315,0.000175055152296182
38314,0.000175042448155913
38313,0.000175029739586989
38312,0.000175017026590511
38311,0.000175004309167576
38310,0.000174991587319284
38309,0.000174978861046734
38308,0.000174966130351026
38307,0.00017495339523326
38306,0.000174940655694537
38305,0.000174927911735958
38304,0.000174915163358623
38303,0.000174902410563634
38302,0.000174889653352092
38301,0.000174876891725101
38300,0.000174864125683762
38299,0.000174853179849989
38298,0.000174842230774527
38297,0.00017483127845807
38296,0.000174820322901314
38295,0.000174809364104953
38294,0.000174798402069683
38293,0.000174787436796199
38292,0.000174776468285196
38291,0.000174765496537372
38290,0.000174754521553421
38289,0.00017474354333404
38288,0.000174732561879926
38287,0.000174721577191774
38286,0.000174710589270283
38285,0.000174699598116147
38284,0.000174688603730065
38283,0.000174677606112734
38282,0.00017466660526485
38281,0.000174655601187113
38280,0.000174644593880219
38279,0.000174631747941812
38278,0.000174618897610223
38277,0.000174606042886561
38276,0.000174593183771934
38275,0.000174580320267453
38274,0.000174567452374228
38273,0.000174554580093367
38272,0.000174541703425983
38271,0.000174528822373186
38270,0.000174515936936087
38269,0.000174503047115797
38268,0.000174490152913429
38267,0.000174477254330093
38266,0.000174464351366904
38265,0.000174451444024973
38264,0.000174438532305414
38263,0.00017442561620934
38262,0.000174412695737865
38261,0.000174399770892103
38260,0.000174386841673167
38259,0.000174373756392794
38258,0.000174360666730091
38257,0.000174347572686276
38256,0.000174334474262566
38255,0.000174321371460178
38254,0.000174308264280331
38253,0.000174295152724241
38252,0.000174282036793128
38251,0.000174268916488211
38250,0.000174255791810708
38249,0.000174242662761839
38248,0.000174229529342824
38247,0.000174216391554883
38246,0.000174203249399237
38245,0.000174190102877106
38244,0.000174176951989711
38243,0.000174163796738274
38242,0.000174150637124016
38241,0.000174137473148161
38240,0.000174124304811929
38239,0.000174112839604945
38238,0.00017410137098483
38237,0.000174089898952578
38236,0.000174078423509183
38235,0.00017406694465564
38234,0.000174055462392943
38233,0.000174043976722087
38232,0.000174032487644066
38231,0.000174020995159877
38230,0.000174009499270515
38229,0.000173997999976975
38228,0.000173986497280253
38227,0.000173974991181347
38226,0.000173963481681252
38225,0.000173951968780964
38224,0.000173940452481482
38223,0.000173928932783803
38222,0.000173917409688923
38221,0.000173905883197841
38220,0.000173894353311555
38219,0.000173880793679501
38218,0.000173867229170606
38217,0.000173853659786729
38216,0.000173840085529735
38215,0.000173826506401484
38214,0.000173812922403841
38213,0.000173799333538669
38212,0.000173785739807832
38211,0.000173772141213195
38210,0.000173758537756624
38209,0.000173744929439984
38208,0.000173731316265143
38207,0.000173717698233967
38206,0.000173704075348325
38205,0.000173690447610084
38204,0.000173676815021114
38203,0.000173663177583283
38202,0.000173649535298462
38201,0.000173635888168522
38200,0.000173622236195333
38199,0.000173610782198757
38198,0.000173599325023635
38197,0.000173587864670763
38196,0.000173576401140941
38195,0.000173564934434967
38194,0.000173553464553639
38193,0.000173541991497756
38192,0.000173530515268117
38191,0.00017351903586552
38190,0.000173507553290766
38189,0.000173496067544653
38188,0.000173484578627982
38187,0.000173473086541551
38186,0.000173461591286161
38185,0.000173450092862612
38184,0.000173438591271704
38183,0.000173427086514238
38182,0.000173415578591014
38181,0.000173404067502833
38180,0.000173392553250497
38179,0.000173381196816439
38178,0.000173369837233592
38177,0.000173358474502672
38176,0.000173347108624396
38175,0.00017333573959948
38174,0.000173324367428642
38173,0.000173312992112598
38172,0.000173301613652065
38171,0.000173290232047762
38170,0.000173278847300405
38169,0.000173267459410712
38168,0.000173256068379402
38167,0.000173244674207191
38166,0.000173233276894799
38165,0.000173221876442943
38164,0.000173210472852343
38163,0.000173199066123717
38162,0.000173187656257783
38161,0.000173176243255261
38160,0.00017316482711687
38159,0.000173153568004219
38158,0.00017314230559697
38157,0.000173131039895877
38156,0.000173119770901692
38155,0.000173108498615169
38154,0.000173097223037064
38153,0.000173085944168128
38152,0.000173074662009118
38151,0.000173063376560787
38150,0.00017305208782389
38149,0.000173040795799182
38148,0.000173029500487419
38147,0.000173018201889355
38146,0.000173006900005747
38145,0.00017299559483735
38144,0.000172984286384919
38143,0.000172972974649212
38142,0.000172961659630985
38141,0.000172950341330994
38140,0.000172939019749996
38139,0.000172929451166631
38138,0.000172919880416398
38137,0.000172910307499714
38136,0.000172900732416998
38135,0.000172891155168669
38134,0.000172881575755144
38133,0.000172871994176844
38132,0.000172862410434187
38131,0.000172852824527591
38130,0.000172843236457476
38129,0.00017283364622426
38128,0.000172824053828363
38127,0.000172814459270203
38126,0.000172804862550201
38125,0.000172795263668775
38124,0.000172785662626344
38123,0.000172776059423329
38122,0.000172766454060148
38121,0.000172756846537222
38120,0.00017274723685497
38119,0.000172735702386548
38118,0.000172724164810028
38117,0.000172712624126133
38116,0.000172701080335591
38115,0.000172689533439127
38114,0.000172677983437468
38113,0.000172666430331339
38112,0.000172654874121468
38111,0.000172643314808581
38110,0.000172631752393404
38109,0.000172620186876666
38108,0.000172608618259092
38107,0.000172597046541411
38106,0.000172585471724349
38105,0.000172573893808635
38104,0.000172562312794996
38103,0.00017255072868416
38102,0.000172539141476855
38101,0.00017252755117381
38100,0.000172515957775753
38099,0.000172508070673194
38098,0.000172500182159239
38097,0.000172492292234154
38096,0.000172484400898206
38095,0.000172476508151665
38094,0.000172468613994796
38093,0.000172460718427868
38092,0.000172452821451148
38091,0.000172444923064904
38090,0.000172437023269404
38089,0.000172429122064915
38088,0.000172421219451705
38087,0.000172413315430043
38086,0.000172405410000196
38085,0.000172397503162431
38084,0.000172389594917018
38083,0.000172381685264223
38082,0.000172373774204316
38081,0.000172365861737563
38080,0.000172357947864234
38079,0.000172352129781361
38078,0.000172346310927481
38077,0.000172340491302686
38076,0.000172334670907067
38075,0.000172328849740715
38074,0.000172323027803721
38073,0.000172317205096178
38072,0.000172311381618176
38071,0.000172305557369807
38070,0.000172299732351162
38069,0.000172293906562332
38068,0.00017228808000341
38067,0.000172282252674487
38066,0.000172276424575653
38065,0.000172270595707001
38064,0.000172264766068622
38063,0.000172258935660607
38062,0.000172253104483049
38061,0.000172247272536037
38060,0.000172241439819665
38059,0.000172235606334024
38058,0.000172229772079204
38057,0.000172223937055298
38056,0.000172218101262398
38055,0.000172212264700594
38054,0.000172206427369978
38053,0.000172200589270642
38052,0.000172194750402678
38051,0.000172188910766177
38050,0.000172183070361231
38049,0.000172177229187931
38048,0.000172171387246369
38047,0.000172165544536638
38046,0.000172159701058827
38045,0.000172153856813029
38044,0.000172148011799336
38043,0.000172142166017839
38042,0.000172136319468631
38041,0.000172130472151802
38040,0.000172124624067444
38039,0.000172122831384951
38038,0.000172121038519835
38037,0.000172119245472109
38036,0.000172117452241785
38035,0.000172115658828875
38034,0.000172113865233392
38033,0.000172112071455347
38032,0.000172110277494753
38031,0.000172108483351622
38030,0.000172106689025966
38029,0.000172104894517797
38028,0.000172103099827128
38027,0.00017210130495397
38026,0.000172099509898335
38025,0.000172097714660237
38024,0.000172095919239687
38023,0.000172094123636697
38022,0.000172092327851279
38021,0.000172090531883446
38020,0.00017208873573321
38019,0.000172087403977311
38018,0.000172086070729908
38017,0.000172084735991122
38016,0.000172083399761073
38015,0.000172082062039882
38014,0.000172080722827669
38013,0.000172079382124557
38012,0.000172078039930664
38011,0.000172076696246114
38010,0.000172075351071027
38009,0.000172074004405524
38008,0.000172072656249727
38007,0.000172071306603757
38006,0.000172069955467737
38005,0.000172068602841788
38004,0.000172067248726032
38003,0.000172065893120591
38002,0.000172064536025587
38001,0.000172063177441144
38000,0.000172061817367382
37999,0.00017206030793504
37998,0.000172058797618962
37997,0.000172057286419222
37996,0.000172055774335896
37995,0.00017205426136906
37994,0.000172052747518789
37993,0.000172051232785161
37992,0.000172049717168249
37991,0.000172048200668132
37990,0.000172046683284883
37989,0.00017204516501858
37988,0.000172043645869299
37987,0.000172042125837116
37986,0.000172040604922106
37985,0.000172039083124346
37984,0.000172037560443913
37983,0.000172036036880882
37982,0.00017203451243533
37981,0.000172032987107334
37980,0.000172031460896969
37979,0.000172031889422676
37978,0.000172032317185523
37977,0.000172032744185494
37976,0.000172033170422573
37975,0.000172033595896743
37974,0.000172034020607988
37973,0.000172034444556292
37972,0.000172034867741639
37971,0.000172035290164012
37970,0.000172035711823395
37969,0.000172036132719773
37968,0.000172036552853129
37967,0.000172036972223447
37966,0.000172037390830711
37965,0.000172037808674905
37964,0.000172038225756014
37963,0.000172038642074021
37962,0.00017203905762891
37961,0.000172039472420666
37960,0.000172039886449272
37959,0.000172041980148228
37958,0.000172044073688303
37957,0.000172046167069485
37956,0.000172048260291756
37955,0.000172050353355104
37954,0.000172052446259513
37953,0.000172054539004969
37952,0.000172056631591456
37951,0.00017205872401896
37950,0.000172060816287467
37949,0.000172062908396962
37948,0.000172065000347429
37947,0.000172067092138854
37946,0.000172069183771223
37945,0.000172071275244521
37944,0.000172073366558733
37943,0.000172075457713844
37942,0.00017207754870984
37941,0.000172079639546705
37940,0.000172081730224426
37939,0.000172082002645368
37938,0.000172082274726804
37937,0.000172082546468729
37936,0.000172082817871138
37935,0.000172083088934028
37934,0.000172083359657393
37933,0.000172083630041228
37932,0.00017208390008553
37931,0.000172084169790293
37930,0.000172084439155513
37929,0.000172084708181186
37928,0.000172084976867307
37927,0.00017208524521387
37926,0.000172085513220873
37925,0.00017208578088831
37924,0.000172086048216176
37923,0.000172086315204467
37922,0.000172086581853179
37921,0.000172086848162307
37920,0.000172087114131847
37919,0.000172089334247921
37918,0.00017209155396042
37917,0.000172093773269294
37916,0.000172095992174494
37915,0.00017209821067597
37914,0.000172100428773673
37913,0.000172102646467552
37912,0.000172104863757559
37911,0.000172107080643643
37910,0.000172109297125755
37909,0.000172111513203846
37908,0.000172113728877865
37907,0.000172115944147765
37906,0.000172118159013493
37905,0.000172120373475002
37904,0.000172122587532242
37903,0.000172124801185163
37902,0.000172127014433715
37901,0.00017212922727785
37900,0.000172131439717517
37899,0.000172131698761639
37898,0.000172131957465803
37897,0.000172132215830006
37896,0.000172132473854243
37895,0.000172132731538509
37894,0.000172132988882801
37893,0.000172133245887113
37892,0.000172133502551442
37891,0.000172133758875782
37890,0.000172134014860131
37889,0.000172134270504483
37888,0.000172134525808834
37887,0.000172134780773179
37886,0.000172135035397515
37885,0.000172135289681837
37884,0.000172135543626141
37883,0.000172135797230422
37882,0.000172136050494676
37881,0.000172136303418899
37880,0.000172136556003086
37879,0.000172136682167665
37878,0.000172136808247234
37877,0.000172136934241791
37876,0.000172137060151337
37875,0.000172137185975871
37874,0.000172137311715392
37873,0.0001721374373699
37872,0.000172137562939394
37871,0.000172137688423874
37870,0.000172137813823339
37869,0.000172137939137789
37868,0.000172138064367223
37867,0.000172138189511641
37866,0.000172138314571042
37865,0.000172138439545425
37864,0.000172138564434791
37863,0.000172138689239138
37862,0.000172138813958466
37861,0.000172138938592774
37860,0.000172139063142062
37859,0.000172136985227326
37858,0.000172134907152251
37857,0.000172132828916851
37856,0.000172130750521143
37855,0.000172128671965139
37854,0.000172126593248855
37853,0.000172124514372305
37852,0.000172122435335504
37851,0.000172120356138467
37850,0.000172118276781208
37849,0.000172116197263742
37848,0.000172114117586083
37847,0.000172112037748246
37846,0.000172109957750247
37845,0.000172107877592098
37844,0.000172105797273815
37843,0.000172103716795414
37842,0.000172101636156907
37841,0.00017209955535831
37840,0.000172097474399638
37839,0.000172093438225676
37838,0.000172089401646171
37837,0.000172085364661173
37836,0.000172081327270734
37835,0.000172077289474902
37834,0.000172073251273728
37833,0.000172069212667262
37832,0.000172065173655555
37831,0.000172061134238658
37830,0.00017205709441662
37829,0.000172053054189491
37828,0.000172049013557323
37827,0.000172044972520164
37826,0.000172040931078067
37825,0.00017203688923108
37824,0.000172032846979255
37823,0.000172028804322641
37822,0.000172024761261289
37821,0.00017202071779525
37820,0.000172016673924573
37819,0.000172010671205461
37818,0.000172004667666794
37817,0.0001719986633087
37816,0.000171992658131307
37815,0.000171986652134743
37814,0.000171980645319137
37813,0.000171974637684616
37812,0.000171968629231309
37811,0.000171962619959343
37810,0.000171956609868847
37809,0.00017195059895995
37808,0.00017194458723278
37807,0.000171938574687464
37806,0.000171932561324131
37805,0.000171926547142909
37804,0.000171920532143927
37803,0.000171914516327313
37802,0.000171908499693195
37801,0.000171902482241701
37800,0.00017189646397296
37799,0.000171884554064518
37798,0.000171872641079792
37797,0.000171860725019599
37796,0.000171848805884763
37795,0.000171836883676101
37794,0.000171824958394437
37793,0.00017181303004059
37792,0.000171801098615381
37791,0.000171789164119633
37790,0.000171777226554165
37789,0.000171765285919801
37788,0.000171753342217361
37787,0.000171741395447667
37786,0.000171729445611543
37785,0.000171717492709809
37784,0.000171705536743288
37783,0.000171693577712803
37782,0.000171681615619177
37781,0.000171669650463233
37780,0.000171657682245793
37779,0.000171643607007894
37778,0.000171629527445199
37777,0.000171615443559232
37776,0.000171601355351516
37775,0.000171587262823574
37774,0.000171573165976931
37773,0.000171559064813111
37772,0.000171544959333638
37771,0.000171530849540038
37770,0.000171516735433836
37769,0.000171502617016558
37768,0.000171488494289731
37767,0.000171474367254879
37766,0.000171460235913532
37765,0.000171446100267216
37764,0.000171431960317459
37763,0.000171417816065789
37762,0.000171403667513733
37761,0.000171389514662823
37760,0.000171375357514585
37759,0.000171353253663314
37758,0.000171331139563927
37757,0.00017130901522161
37756,0.000171286880641548
37755,0.000171264735828932
37754,0.000171242580788952
37753,0.0001712204155268
37752,0.000171198240047671
37751,0.000171176054356761
37750,0.000171153858459269
37749,0.000171131652360394
37748,0.000171109436065339
37747,0.000171087209579307
37746,0.000171064972907503
37745,0.000171042726055136
37744,0.000171020469027413
37743,0.000170998201829548
37742,0.000170975924466752
37741,0.000170953636944241
37740,0.00017093133926723
37739,0.000170903288820722
37738,0.000170875222079455
37737,0.000170847139052969
37736,0.00017081903975081
37735,0.000170790924182527
37734,0.000170762792357673
37733,0.000170734644285806
37732,0.00017070647997649
37731,0.00017067829943929
37730,0.00017065010268378
37729,0.000170621889719533
37728,0.00017059366055613
37727,0.000170565415203155
37726,0.000170537153670197
37725,0.00017050887596685
37724,0.000170480582102711
37723,0.00017045227208738
37722,0.000170423945930465
37721,0.000170395603641576
37720,0.000170367245230328
37719,0.000170330627625961
37718,0.00017029398352964
37717,0.000170257312962197
37716,0.000170220615944472
37715,0.000170183892497322
37714,0.00017014714264161
37713,0.000170110366398216
37712,0.000170073563788027
37711,0.000170036734831943
37710,0.000169999879550876
37709,0.00016996299796575
37708,0.000169926090097499
37707,0.000169889155967068
37706,0.000169852195595415
37705,0.000169815209003508
37704,0.000169778196212328
37703,0.000169741157242865
37702,0.000169704092116123
37701,0.000169667000853114
37700,0.000169629883474864
37699,0.000169586701655922
37698,0.000169543484177548
37697,0.000169500231072612
37696,0.000169456942374003
37695,0.00016941361811463
37694,0.000169370258327425
37693,0.000169326863045339
37692,0.000169283432301346
37691,0.000169239966128438
37690,0.000169196464559631
37689,0.000169152927627959
37688,0.000169109355366479
37687,0.000169065747808266
37686,0.000169022104986418
37685,0.000168978426934052
37684,0.000168934713684307
37683,0.000168890965270341
37682,0.000168847181725333
37681,0.000168803363082482
37680,0.000168759509375009
37679,0.000168713269373101
37678,0.000168666991165272
37677,0.00016862067479123
37676,0.000168574320290707
37675,0.000168527927703458
37674,0.000168481497069262
37673,0.000168435028427924
37672,0.000168388521819268
37671,0.000168341977283147
37670,0.000168295394859436
37669,0.000168248774588032
37668,0.000168202116508857
37667,0.000168155420661857
37666,0.000168108687087
37665,0.000168061915824278
37664,0.000168015106913707
37663,0.000167968260395326
37662,0.000167921376309197
37661,0.000167874454695405
37660,0.000167827495594058
37659,0.000167778243015054
37658,0.000167728949450625
37657,0.000167679614948085
37656,0.000167630239554775
37655,0.000167580823318065
37654,0.000167531366285352
37653,0.000167481868504061
37652,0.000167432330021643
37651,0.000167382750885579
37650,0.000167333131143377
37649,0.000167283470842571
37648,0.000167233770030723
37647,0.000167184028755423
37646,0.000167134247064287
37645,0.000167084425004958
37644,0.000167034562625108
37643,0.000166984659972433
37642,0.000166934717094658
37641,0.000166884734039534
37640,0.000166834710854838
37639,0.000166778299041331
37638,0.000166721836180495
37637,0.000166665322338853
37636,0.000166608757582971
37635,0.000166552141979457
37634,0.00016649547559496
37633,0.000166438758496171
37632,0.000166381990749824
37631,0.000166325172422692
37630,0.00016626830358159
37629,0.000166211384293376
37628,0.000166154414624947
37627,0.00016609739464324
37626,0.000166040324415236
37625,0.000165983204007954
37624,0.000165926033488454
37623,0.000165868812923837
37622,0.000165811542381243
37621,0.000165754221927853
37620,0.000165696851630888
37619,0.000165639431557608
37618,0.000165581961775314
37617,0.000165524442351345
37616,0.00016546687335308
37615,0.000165409254847938
37614,0.000165351586903375
37613,0.00016529386958689
37612,0.000165236102966017
37611,0.00016517828710833
37610,0.000165120422081442
37609,0.000165062507953003
37608,0.000165004544790705
37607,0.000164946532662274
37606,0.000164888471635476
37605,0.000164830361778115
37604,0.000164772203158032
37603,0.000164713995843107
37602,0.000164655739901256
37601,0.000164597435400434
37600,0.000164539082408631
37599,0.000164478838031162
37598,0.000164418540606994
37597,0.000164358190210367
37596,0.000164297786915565
37595,0.000164237330796918
37594,0.000164176821928804
37593,0.000164116260385644
37592,0.000164055646241906
37591,0.000163994979572103
37590,0.000163934260450796
37589,0.000163873488952586
37588,0.000163812665152123
37587,0.0001637517891241
37586,0.000163690860943257
37585,0.000163629880684375
37584,0.000163568848422282
37583,0.00016350776423185
37582,0.000163446628187993
37581,0.000163385440365671
37580,0.000163324200839888
37579,0.000163260507818837
37578,0.000163196759831905
37577,0.000163132956962888
37576,0.000163069099295631
37575,0.000163005186914026
37574,0.000162941219902014
37573,0.000162877198343581
37572,0.000162813122322761
37571,0.000162748991923636
37570,0.000162684807230331
37569,0.000162620568327022
37568,0.000162556275297928
37567,0.000162491928227317
37566,0.0001624275271995
37565,0.000162363072298835
37564,0.000162298563609725
37563,0.000162234001216621
37562,0.000162169385204016
37561,0.000162104715656448
37560,0.000162039992658503
37559,0.00016197753065434
37558,0.000161915019104119
37557,0.000161852458083798
37556,0.000161789847669375
37555,0.000161727187936883
37554,0.000161664478962397
37553,0.000161601720822025
37552,0.000161538913591917
37551,0.000161476057348257
37550,0.000161413152167267
37549,0.000161350198125208
37548,0.000161287195298376
37547,0.000161224143763103
37546,0.000161161043595761
37545,0.000161097894872755
37544,0.000161034697670527
37543,0.000160971452065557
37542,0.000160908158134358
37541,0.000160844815953483
37540,0.000160781425599516
37539,0.000160722806489905
37538,0.000160664145790047
37537,0.000160605443560888
37536,0.000160546699863399
37535,0.000160487914758579
37534,0.000160429088307453
37533,0.000160370220571075
37532,0.000160311311610524
37531,0.000160252361486906
37530,0.000160193370261354
37529,0.000160134337995028
37528,0.000160075264749113
37527,0.000160016150584822
37526,0.000159956995563392
37525,0.000159897799746088
37524,0.000159838563194201
37523,0.000159779285969047
37522,0.000159719968131967
37521,0.00015966060974433
37520,0.000159601210867529
37519,0.000159546309691703
37518,0.000159491374953456
37517,0.000159436406701022
37516,0.000159381404982651
37515,0.00015932636984661
37514,0.000159271301341182
37513,0.000159216199514665
37512,0.000159161064415375
37511,0.000159105896091642
37510,0.000159050694591814
37509,0.000158995459964251
37508,0.000158940192257333
37507,0.000158884891519454
37506,0.000158829557799021
37505,0.000158774191144461
37504,0.000158718791604212
37503,0.000158663359226732
37502,0.000158607894060489
37501,0.000158552396153971
37500,0.000158496865555679
37499,0.000158446125465773
37498,0.000158395358215526
37497,0.000158344563841939
37496,0.000158293742382026
37495,0.000158242893872808
37494,0.000158192018351321
37493,0.000158141115854606
37492,0.000158090186419717
37491,0.000158039230083719
37490,0.000157988246883683
37489,0.000157937236856694
37488,0.000157886200039845
37487,0.00015783513647024
37486,0.000157784046184991
37485,0.000157732929221222
37484,0.000157681785616065
37483,0.000157630615406662
37482,0.000157579418630166
37481,0.000157528195323739
37480,0.000157476945524551
37479,0.000157435637365674
37478,0.000157394311423444
37477,0.000157352967717515
37476,0.000157311606267549
37475,0.000157270227093209
37474,0.000157228830214166
37473,0.000157187415650092
37472,0.000157145983420667
37471,0.000157104533545576
37470,0.000157063066044505
37469,0.000157021580937148
37468,0.000156980078243202
37467,0.00015693855798237
37466,0.000156897020174359
37465,0.000156855464838879
37464,0.000156813891995648
37463,0.000156772301664385
37462,0.000156730693864815
37461,0.000156689068616668
37460,0.000156647425939679
37459,0.000156613137671729
37458,0.000156578837553479
37457,0.000156544525596001
37456,0.00015651020181037
37455,0.000156475866207665
37454,0.000156441518798965
37453,0.00015640715959535
37452,0.000156372788607906
37451,0.000156338405847718
37450,0.000156304011325873
37449,0.000156269605053462
37448,0.000156235187041577
37447,0.000156200757301311
37446,0.000156166315843761
37445,0.000156131862680025
37444,0.000156097397821203
37443,0.000156062921278397
37442,0.000156028433062711
37441,0.000155993933185252
37440,0.000155959421657128
37439,0.000155932422614242
37438,0.000155905416005075
37437,0.000155878401835425
37436,0.000155851380111091
37435,0.00015582435083787
37434,0.000155797314021564
37433,0.000155770269667974
37432,0.000155743217782902
37431,0.000155716158372152
37430,0.000155689091441528
37429,0.000155662016996835
37428,0.000155634935043879
37427,0.000155607845588468
37426,0.000155580748636411
37425,0.000155553644193515
37424,0.000155526532265592
37423,0.000155499412858453
37422,0.00015547228597791
37421,0.000155445151629776
37420,0.000155418009819866
37419,0.000155393048791076
37418,0.00015536808212995
37417,0.000155343109840647
37416,0.000155318131927326
37415,0.000155293148394147
37414,0.000155268159245269
37413,0.000155243164484854
37412,0.000155218164117061
37411,0.000155193158146053
37410,0.00015516814657599
37409,0.000155143129411034
37408,0.000155118106655348
37407,0.000155093078313094
37406,0.000155068044388435
37405,0.000155043004885534
37404,0.000155017959808556
37403,0.000154992909161663
37402,0.000154967852949021
37401,0.000154942791174793
37400,0.000154917723843146
37399,0.000154897844499476
37398,0.000154877961379633
37397,0.000154858074485759
37396,0.000154838183819997
37395,0.00015481828938449
37394,0.000154798391181381
37393,0.000154778489212814
37392,0.000154758583480932
37391,0.00015473867398788
37390,0.0001547187607358
37389,0.000154698843726839
37388,0.000154678922963139
37387,0.000154658998446847
37386,0.000154639070180106
37385,0.000154619138165063
37384,0.000154599202403862
37383,0.000154579262898649
37382,0.000154559319651571
37381,0.000154539372664773
37380,0.0001545194219404
37379,0.000154499467480601
37378,0.000154479509287521
37377,0.000154459547363309
37376,0.000154439581710109
37375,0.00015441961233007
37374,0.00015439963922534
37373,0.000154379662398066
37372,0.000154359681850397
37371,0.00015433969758448
37370,0.000154319709602464
37369,0.000154299717906497
37368,0.000154279722498729
37367,0.000154259723381309
37366,0.000154239720556384
37365,0.000154219714026106
37364,0.000154199703792624
37363,0.000154179689858087
37362,0.000154159672224646
37361,0.000154139650894451
37360,0.000154119625869653
37359,0.000154099691785173
37358,0.000154079753734589
37357,0.000154059811720327
37356,0.000154039865744813
37355,0.000154019915810474
37354,0.000153999961919737
37353,0.000153980004075029
37352,0.000153960042278778
37351,0.000153940076533411
37350,0.000153920106841356
37349,0.000153900133205043
37348,0.000153880155626899
37347,0.000153860174109354
37346,0.000153840188654837
37345,0.000153820199265777
37344,0.000153800205944605
37343,0.00015378020869375
37342,0.000153760207515644
37341,0.000153740202412717
37340,0.000153720193387399
37339,0.000153700180442123
37338,0.000153680163579319
37337,0.000153660142801421
37336,0.00015364011811086
37335,0.000153620089510068
37334,0.000153600057001478
37333,0.000153580020587524
37332,0.000153559980270638
37331,0.000153539936053255
37330,0.000153519887937808
37329,0.000153499835926732
37328,0.000153479780022461
37327,0.00015345972022743
37326,0.000153439656544073
37325,0.000153419588974826
37324,0.000153399517522125
37323,0.000153379442188406
37322,0.000153359362976106
37321,0.000153339279887659
37320,0.000153319192925503
37319,0.000153296480339082
37318,0.000153273763223817
37317,0.000153251041582756
37316,0.000153228315418947
37315,0.000153205584735439
37314,0.00015318284953528
37313,0.00015316010982152
37312,0.000153137365597208
37311,0.000153114616865394
37310,0.000153091863629128
37309,0.00015306910589146
37308,0.000153046343655441
37307,0.000153023576924121
37306,0.000153000805700551
37305,0.000152978029987785
37304,0.000152955249788871
37303,0.000152932465106864
37302,0.000152909675944814
37301,0.000152886882305775
37300,0.0001528640841928
37299,0.000152841195702588
37298,0.000152818302915735
37297,0.000152795405835197
37296,0.000152772504463933
37295,0.000152749598804901
37294,0.000152726688861058
37293,0.000152703774635362
37292,0.000152680856130774
37291,0.00015265793335025
37290,0.00015263500629675
37289,0.000152612074973233
37288,0.000152589139382659
37287,0.000152566199527987
37286,0.000152543255412176
37285,0.000152520307038187
37284,0.00015249735440898
37283,0.000152474397527515
37282,0.000152451436396753
37281,0.000152428471019654
37280,0.00015240550139918
37279,0.000152379889856856
37278,0.000152354273162989
37277,0.000152328651321776
37276,0.000152303024337416
37275,0.000152277392214107
37274,0.000152251754956049
37273,0.00015222611256744
37272,0.000152200465052479
37271,0.000152174812415367
37270,0.000152149154660303
37269,0.000152123491791488
37268,0.000152097823813121
37267,0.000152072150729403
37266,0.000152046472544534
37265,0.000152020789262717
37264,0.000151995100888152
37263,0.00015196940742504
37262,0.000151943708877584
37261,0.000151918005249984
37260,0.000151892296546444
37259,0.000151866667250677
37258,0.000151841032805287
37257,0.000151815393214344
37256,0.000151789748481914
37255,0.000151764098612067
37254,0.000151738443608872
37253,0.000151712783476397
37252,0.000151687118218711
37251,0.000151661447839884
37250,0.000151635772343987
37249,0.000151610091735088
37248,0.000151584406017258
37247,0.000151558715194569
37246,0.00015153301927109
37245,0.000151507318250893
37244,0.00015148161213805
37243,0.000151455900936631
37242,0.000151430184650709
37241,0.000151404463284357
37240,0.000151378736841646
37239,0.000151347775284701
37238,0.00015131680654052
37237,0.000151285830616304
37236,0.000151254847519258
37235,0.000151223857256584
37234,0.000151192859835485
37233,0.000151161855263167
37232,0.000151130843546833
37231,0.000151099824693689
37230,0.00015106879871094
37229,0.000151037765605791
37228,0.00015100672538545
37227,0.000150975678057122
37226,0.000150944623628014
37225,0.000150913562105335
37224,0.000150882493496291
37223,0.000150851417808091
37222,0.000150820335047943
37221,0.000150789245223057
37220,0.000150758148340642
37219,0.000150724623947416
37218,0.000150691090930868
37217,0.000150657549300099
37216,0.000150623999064209
37215,0.000150590440232298
37214,0.000150556872813471
37213,0.000150523296816829
37212,0.000150489712251476
37211,0.000150456119126518
37210,0.000150422517451058
37209,0.000150388907234204
37208,0.000150355288485063
37207,0.000150321661212743
37206,0.000150288025426352
37205,0.000150254381134999
37204,0.000150220728347795
37203,0.000150187067073851
37202,0.000150153397322278
37201,0.00015011971910219
37200,0.000150086032422699
37199,0.000150049659156813
37198,0.000150013276360178
37197,0.000149976884044005
37196,0.000149940482219503
37195,0.000149904070897881
37194,0.000149867650090351
37193,0.000149831219808124
37192,0.000149794780062414
37191,0.000149758330864433
37190,0.000149721872225395
37189,0.000149685404156515
37188,0.000149648926669008
37187,0.000149612439774091
37186,0.00014957594348298
37185,0.000149539437806893
37184,0.000149502922757049
37183,0.000149466398344666
37182,0.000149429864580964
37181,0.000149393321477163
37180,0.000149356769044485
37179,0.000149314983426989
37178,0.000149273185656247
37177,0.000149231375749009
37176,0.000149189553722032
37175,0.000149147719592069
37174,0.000149105873375878
37173,0.000149064015090216
37172,0.00014902214475184
37171,0.000148980262377512
37170,0.000148938367983992
37169,0.00014889646158804
37168,0.000148854543206421
37167,0.000148812612855898
37166,0.000148770670553235
37165,0.000148728716315199
37164,0.000148686750158555
37163,0.000148644772100074
37162,0.000148602782156521
37161,0.000148560780344668
37160,0.000148518766681285
37159,0.000148474038471624
37158,0.000148429297104106
37157,0.000148384542599079
37156,0.000148339774976888
37155,0.000148294994257883
37154,0.000148250200462411
37153,0.000148205393610823
37152,0.000148160573723468
37151,0.000148115740820698
37150,0.000148070894922865
37149,0.00014802603605032
37148,0.000147981164223417
37147,0.000147936279462511
37146,0.000147891381787955
37145,0.000147846471220105
37144,0.000147801547779317
37143,0.000147756611485948
37142,0.000147711662360354
37141,0.000147666700422894
37140,0.000147621725693925
37139,0.000147574170174637
37138,0.000147526600152319
37137,0.000147479015650874
37136,0.000147431416694208
37135,0.000147383803306229
37134,0.000147336175510844
37133,0.000147288533331962
37132,0.000147240876793493
37131,0.000147193205919347
37130,0.000147145520733437
37129,0.000147097821259674
37128,0.000147050107521972
37127,0.000147002379544247
37126,0.000146954637350413
37125,0.000146906880964386
37124,0.000146859110410084
37123,0.000146811325711424
37122,0.000146763526892325
37121,0.000146715713976706
37120,0.000146667886988488
37119,0.000146614729414662
37118,0.000146561554529603
37117,0.000146508362366126
37116,0.000146455152957048
37115,0.000146401926335186
37114,0.000146348682533358
37113,0.000146295421584385
37112,0.000146242143521086
37111,0.000146188848376282
37110,0.000146135536182795
37109,0.000146082206973448
37108,0.000146028860781064
37107,0.000145975497638469
37106,0.000145922117578485
37105,0.00014586872063394
37104,0.00014581530683766
37103,0.00014576187622247
37102,0.0001457084288212
37101,0.000145654964666675
37100,0.000145601483791726
37099,0.000145545310913593
37098,0.000145489119675389
37097,0.000145432910115118
37096,0.000145376682270787
37095,0.0001453204361804
37094,0.000145264171881962
37093,0.000145207889413481
37092,0.000145151588812961
37091,0.000145095270118411
37090,0.000145038933367836
37089,0.000144982578599244
37088,0.000144926205850641
37087,0.000144869815160035
37086,0.000144813406565432
37085,0.00014475698010484
37084,0.000144700535816266
37083,0.000144644073737717
37082,0.000144587593907199
37081,0.00014453109636272
37080,0.000144474581142285
37079,0.000144412597028092
37078,0.000144350592079938
37077,0.000144288566348032
37076,0.000144226519882577
37075,0.000144164452733778
37074,0.000144102364951837
37073,0.000144040256586956
37072,0.000143978127689333
37071,0.000143915978309165
37070,0.000143853808496649
37069,0.000143791618301977
37068,0.000143729407775342
37067,0.000143667176966933
37066,0.000143604925926938
37065,0.000143542654705542
37064,0.000143480363352929
37063,0.000143418051919279
37062,0.000143355720454773
37061,0.000143293369009584
37060,0.000143230997633888
37059,0.000143163185668938
37058,0.000143095350257209
37057,0.000143027491463072
37056,0.000142959609350893
37055,0.000142891703985033
37054,0.000142823775429851
37053,0.000142755823749701
37052,0.000142687849008933
37051,0.000142619851271893
37050,0.000142551830602923
37049,0.000142483787066359
37048,0.000142415720726534
37047,0.000142347631647776
37046,0.000142279519894408
37045,0.000142211385530749
37044,0.000142143228621111
37043,0.000142075049229804
37042,0.00014200684742113
37041,0.000141938623259388
37040,0.000141870376808871
37039,0.000141796650573615
37038,0.000141722898472557
37037,0.000141649120586617
37036,0.000141575316996701
37035,0.000141501487783714
37034,0.000141427633028548
37033,0.00014135375281209
37032,0.000141279847215216
37031,0.000141205916318796
37030,0.00014113196020369
37029,0.000141057978950751
37028,0.000140983972640821
37027,0.000140909941354735
37026,0.000140835885173316
37025,0.000140761804177382
37024,0.000140687698447738
37023,0.000140613568065181
37022,0.000140539413110498
37021,0.000140465233664467
37020,0.000140391029807854
37019,0.000140316859668233
37018,0.00014024266493337
37017,0.00014016844568374
37016,0.000140094201999804
37015,0.000140019933962016
37014,0.000139945641650822
37013,0.000139871325146657
37012,0.000139796984529945
37011,0.000139722619881102
37010,0.000139648231280534
37009,0.000139573818808637
37008,0.000139499382545794
37007,0.000139424922572382
37006,0.000139350438968764
37005,0.000139275931815295
37004,0.000139201401192315
37003,0.000139126847180158
37002,0.000139052269859145
37001,0.000138977669309583
37000,0.000138903045611772
36999,0.000138828290308666
36998,0.000138753512649839
36997,0.000138678712716695
36996,0.000138603890590625
36995,0.000138529046353003
36994,0.000138454180085189
36993,0.000138379291868524
36992,0.000138304381784339
36991,0.000138229449913944
36990,0.000138154496338638
36989,0.000138079521139699
36988,0.000138004524398393
36987,0.000137929506195968
36986,0.000137854466613655
36985,0.00013777940573267
36984,0.000137704323634209
36983,0.000137629220399456
36982,0.000137554096109573
36981,0.000137478950845709
36980,0.000137403784688994
36979,0.000137325764749414
36978,0.000137247722752071
36977,0.000137169658788868
36976,0.000137091572951689
36975,0.000137013465332393
36974,0.000136935336022815
36973,0.00013685718511477
36972,0.000136779012700046
36971,0.000136700818870409
36970,0.000136622603717601
36969,0.00013654436733334
36968,0.00013646610980932
36967,0.00013638783123721
36966,0.000136309531708655
36965,0.000136231211315276
36964,0.000136152870148666
36963,0.000136074508300398
36962,0.000135996125862014
36961,0.000135917722925036
36960,0.000135839299580956
36959,0.000135766498476645
36958,0.000135693679729078
36957,0.00013562084341037
36956,0.000135547989592621
36955,0.000135475118347909
36954,0.000135402229748297
36953,0.000135329323865826
36952,0.000135256400772523
36951,0.000135183460540392
36950,0.000135110503241422
36949,0.00013503752894758
36948,0.000134964537730817
36947,0.000134891529663062
36946,0.000134818504816227
36945,0.000134745463262205
36944,0.000134672405072866
36943,0.000134599330320066
36942,0.000134526239075636
36941,0.000134453131411392
36940,0.000134380007399126
36939,0.000134312533214306
36938,0.000134245044973218
36937,0.000134177542731694
36936,0.000134110026545555
36935,0.000134042496470605
36934,0.000133974952562639
36933,0.000133907394877434
36932,0.000133839823470756
36931,0.000133772238398354
36930,0.000133704639715966
36929,0.000133637027479314
36928,0.000133569401744108
36927,0.00013350176256604
36926,0.000133434110000791
36925,0.000133366444104025
36924,0.000133298764931395
36923,0.000133231072538536
36922,0.00013316336698107
36921,0.000133095648314604
36920,0.000133027916594731
36919,0.000132963079734688
36918,0.000132898230305735
36917,0.000132833368357029
36916,0.000132768493937718
36915,0.00013270360709694
36914,0.000132638707883819
36913,0.000132573796347471
36912,0.000132508872536997
36911,0.000132443936501491
36910,0.000132378988290032
36909,0.000132314027951688
36908,0.000132249055535517
36907,0.000132184071090564
36906,0.000132119074665863
36905,0.000132054066310436
36904,0.000131989046073294
36903,0.000131924014003435
36902,0.000131858970149845
36901,0.000131793914561499
36900,0.000131728847287359
36899,0.00013166939183061
36898,0.000131609927012195
36897,0.000131550452869043
36896,0.000131490969438076
36895,0.000131431476756205
36894,0.000131371974860333
36893,0.000131312463787354
36892,0.000131252943574151
36891,0.000131193414257601
36890,0.00013113387587457
36889,0.000131074328461914
36888,0.000131014772056481
36887,0.000130955206695108
36886,0.000130895632414626
36885,0.000130836049251853
36884,0.0001307764572436
36883,0.000130716856426668
36882,0.000130657246837846
36881,0.000130597628513917
36880,0.000130538001491653
36879,0.000130484009367504
36878,0.000130430010441108
36877,0.000130376004739805
36876,0.000130321992290923
36875,0.000130267973121788
36874,0.000130213947259714
36873,0.000130159914732012
36872,0.000130105875565983
36871,0.000130051829788922
36870,0.000129997777428117
36869,0.000129943718510849
36868,0.000129889653064391
36867,0.000129835581116008
36866,0.00012978150269296
36865,0.000129727417822498
36864,0.000129673326531865
36863,0.000129619228848299
36862,0.000129565124799029
36861,0.000129511014411277
36860,0.000129456897712258
36859,0.000129405621674836
36858,0.00012935434003276
36857,0.000129303052809168
36856,0.00012925176002719
36855,0.000129200461709952
36854,0.000129149157880574
36853,0.00012909784856217
36852,0.000129046533777845
36851,0.000128995213550702
36850,0.000128943887903834
36849,0.000128892556860331
36848,0.000128841220443276
36847,0.000128789878675743
36846,0.000128738531580804
36845,0.000128687179181522
36844,0.000128635821500955
36843,0.000128584458562153
36842,0.000128533090388161
36841,0.000128481717002019
36840,0.000128430338426758
36839,0.000128381776043652
36838,0.000128333209287766
36837,0.000128284638179004
36836,0.000128236062737264
36835,0.00012818748298244
36834,0.000128138898934419
36833,0.000128090310613082
36832,0.000128041718038306
36831,0.000127993121229958
36830,0.000127944520207905
36829,0.000127895914992003
36828,0.000127847305602106
36827,0.000127798692058059
36826,0.000127750074379703
36825,0.000127701452586872
36824,0.000127652826699396
36823,0.000127604196737097
36822,0.000127555562719792
36821,0.000127506924667292
36820,0.000127458282599402
36819,0.00012741535280198
36818,0.000127372419947236
36817,0.0001273294840489
36816,0.000127286545120696
36815,0.000127243603176346
36814,0.000127200658229567
36813,0.000127157710294073
36812,0.000127114759383573
36811,0.000127071805511775
36810,0.00012702884869238
36809,0.000126985888939087
36808,0.00012694292626559
36807,0.00012689996068558
36806,0.000126856992212744
36805,0.000126814020860766
36804,0.000126771046643324
36803,0.000126728069574093
36802,0.000126685089666746
36801,0.000126642106934951
36800,0.00012659912139237
36799,0.000126561941738402
36798,0.000126524759473808
36797,0.000126487574607344
36796,0.000126450387147767
36795,0.00012641319710383
36794,0.000126376004484284
36793,0.000126338809297882
36792,0.000126301611553372
36791,0.0001262644112595
36790,0.000126227208425013
36789,0.000126190003058654
36788,0.000126152795169165
36787,0.000126115584765287
36786,0.000126078371855759
36785,0.000126041156449316
36784,0.000126003938554695
36783,0.00012596671818063
36782,0.000125929495335851
36781,0.000125892270029089
36780,0.000125855042269072
36779,0.000125823518103189
36778,0.000125791992343245
36777,0.000125760464994393
36776,0.00012572893606179
36775,0.00012569740555059
36774,0.000125665873465945
36773,0.000125634339813006
36772,0.000125602804596926
36771,0.000125571267822853
36770,0.000125539729495938
36769,0.000125508189621328
36768,0.00012547664820417
36767,0.000125445105249611
36766,0.000125413560762797
36765,0.000125382014748871
36764,0.000125350467212976
36763,0.000125318918160256
36762,0.000125287367595852
36761,0.000125255815524905
36760,0.000125224261952553
36759,0.000125189814014798
36758,0.000125155364472091
36757,0.000125120913331185
36756,0.000125086460598828
36755,0.000125052006281768
36754,0.000125017550386751
36753,0.000124983092920521
36752,0.000124948633889822
36751,0.000124914173301394
36750,0.000124879711161979
36749,0.000124845247478313
36748,0.000124810782257135
36747,0.000124776315505179
36746,0.000124741847229179
36745,0.000124707377435868
36744,0.000124672906131976
36743,0.000124638433324232
36742,0.000124603959019364
36741,0.000124569483224097
36740,0.000124535005945156
36739,0.000124506292573892
36738,0.000124477578062082
36737,0.000124448862413572
36736,0.000124420145632203
36735,0.000124391427721818
36734,0.000124362708686257
36733,0.000124333988529361
36732,0.000124305267254969
36731,0.000124276544866922
36730,0.000124247821369056
36729,0.00012421909676521
36728,0.000124190371059222
36727,0.000124161644254927
36726,0.000124132916356161
36725,0.000124104187366759
36724,0.000124075457290556
36723,0.000124046726131385
36722,0.000124017993893079
36721,0.000123989260579471
36720,0.000123960526194391
36719,0.000123931769672785
36718,0.000123903012228185
36717,0.000123874253864495
36716,0.000123845494585616
36715,0.000123816734395448
36714,0.00012378797329789
36713,0.000123759211296842
36712,0.000123730448396202
36711,0.000123701684599867
36710,0.000123672919911733
36709,0.000123644154335697
36708,0.000123615387875652
36707,0.000123586620535494
36706,0.000123557852319116
36705,0.000123529083230409
36704,0.000123500313273266
36703,0.000123471542451577
36702,0.000123442770769233
36701,0.000123413998230122
36700,0.000123385224838134
36699,0.000123353594852154
36698,0.000123321963671602
36697,0.000123290331301555
36696,0.000123258697747091
36695,0.000123227063013285
36694,0.000123195427105213
36693,0.000123163790027947
36692,0.000123132151786562
36691,0.000123100512386128
36690,0.000123068871831717
36689,0.000123037230128398
36688,0.00012300558728124
36687,0.00012297394329531
36686,0.000122942298175676
36685,0.000122910651927402
36684,0.000122879004555552
36683,0.000122847356065192
36682,0.000122815706461381
36681,0.000122784055749183
36680,0.000122752403933658
36679,0.000122723610520877
36678,0.000122694816346967
36677,0.000122666021415796
36676,0.000122637225731234
36675,0.000122608429297146
36674,0.0001225796321174
36673,0.00012255083419586
36672,0.000122522035536392
36671,0.000122493236142859
36670,0.000122464436019124
36669,0.000122435635169049
36668,0.000122406833596496
36667,0.000122378031305325
36666,0.000122349228299396
36665,0.000122320424582567
36664,0.000122291620158696
36663,0.000122262815031641
36662,0.000122234009205258
36661,0.000122205202683402
36660,0.000122176395469928
36659,0.000122141862684265
36658,0.00012210732851498
36657,0.000122072792968814
36656,0.000122038256052503
36655,0.000122003717772784
36654,0.000121969178136394
36653,0.000121934637150063
36652,0.000121900094820526
36651,0.000121865551154513
36650,0.000121831006158752
36649,0.000121796459839971
36648,0.000121761912204895
36647,0.000121727363260251
36646,0.00012169281301276
36645,0.000121658261469144
36644,0.000121623708636123
36643,0.000121589154520416
36642,0.00012155459912874
36641,0.000121520042467809
36640,0.000121485484544338
36639,0.0001214509106365
36638,0.000121416335667931
36637,0.000121381759645141
36636,0.000121347182574635
36635,0.000121312604462921
36634,0.000121278025316503
36633,0.000121243445141884
36632,0.000121208863945564
36631,0.000121174281734044
36630,0.000121139698513821
36629,0.000121105114291392
36628,0.000121070529073251
36627,0.000121035942865893
36626,0.000121001355675808
36625,0.000120966767509488
36624,0.000120932178373419
36623,0.00012089758827409
36622,0.000120862997217985
36621,0.000120828405211589
36620,0.000120793812261383
36619,0.000120753465545345
36618,0.000120713117347224
36617,0.000120672767677553
36616,0.000120632416546862
36615,0.000120592063965678
36614,0.000120551709944525
36613,0.000120511354493925
36612,0.000120470997624395
36611,0.00012043063934645
36610,0.000120390279670604
36609,0.000120349918607366
36608,0.000120309556167243
36607,0.000120269192360738
36606,0.000120228827198351
36605,0.000120188460690581
36604,0.000120148092847922
36603,0.000120107723680866
36602,0.000120067353199902
36601,0.000120026981415516
36600,0.000119986608338191
36599,0.000119949107958043
36598,0.000119911606663485
36597,0.000119874104462703
36596,0.000119836601363885
36595,0.000119799097375211
36594,0.000119761592504863
36593,0.000119724086761019
36592,0.000119686580151855
36591,0.000119649072685544
36590,0.000119611564370259
36589,0.000119574055214169
36588,0.000119536545225439
36587,0.000119499034412236
36586,0.000119461522782721
36585,0.000119424010345054
36584,0.000119386497107392
36583,0.000119348983077892
36582,0.000119311468264706
36581,0.000119273952675985
36580,0.000119236436319877
36579,0.000119193156056536
36578,0.000119149874570131
36577,0.000119106591873444
36576,0.000119063307979251
36575,0.000119020022900325
36574,0.000118976736649435
36573,0.000118933449239345
36572,0.000118890160682816
36571,0.000118846870992604
36570,0.000118803580181462
36569,0.000118760288262137
36568,0.000118716995247375
36567,0.000118673701149914
36566,0.000118630405982492
36565,0.000118587109757841
36564,0.000118543812488687
36563,0.000118500514187755
36562,0.000118457214867764
36561,0.000118413914541429
36560,0.000118370613221463
36559,0.000118327310920572
36558,0.000118284007651459
36557,0.000118240703426823
36556,0.000118197398259359
36555,0.000118154092161756
36554,0.000118110785146703
36553,0.00011806747722688
36552,0.000118024168414967
36551,0.000117980858723636
36550,0.000117937548165557
36549,0.000117894236753396
36548,0.000117850924499814
36547,0.000117807611417467
36546,0.00011776429751901
36545,0.00011772098281709
36544,0.000117677667324352
36543,0.000117634351053435
36542,0.000117591034016976
36541,0.000117547716227607
36540,0.000117504397697954
36539,0.000117458190177924
36538,0.000117411981860757
36537,0.000117365772761728
36536,0.000117319562896109
36535,0.000117273352279165
36534,0.000117227140926155
36533,0.000117180928852333
36532,0.000117134716072948
36531,0.000117088502603244
36530,0.000117042288458457
36529,0.000116996073653819
36528,0.000116949858204556
36527,0.00011690364212589
36526,0.000116857425433034
36525,0.000116811208141199
36524,0.000116764990265589
36523,0.0001167187718214
36522,0.000116672552823826
36521,0.000116626333288054
36520,0.000116580113229265
36519,0.000116528114807057
36518,0.000116476115795383
36517,0.000116424116215761
36516,0.000116372116089698
36515,0.000116320115438695
36514,0.000116268114284239
36513,0.000116216112647814
36512,0.000116164110550888
36511,0.000116112108014926
36510,0.00011606010506138
36509,0.000116008101711695
36508,0.000115956097987304
36507,0.000115904093909633
36506,0.000115852089500099
36505,0.000115800084780109
36504,0.000115748079771059
36503,0.00011569607449434
36502,0.000115644068971329
36501,0.000115592063223396
36500,0.000115540057271903
36499,0.000115488052135503
36498,0.000115436047330166
36497,0.000115384042876888
36496,0.000115332038796655
36495,0.000115280035110444
36494,0.000115228031839223
36493,0.000115176029003947
36492,0.000115124026625564
36491,0.00011507202472501
36490,0.000115020023323211
36489,0.000114968022441085
36488,0.000114916022099538
36487,0.000114864022319465
36486,0.000114812023121754
36485,0.00011476002452728
36484,0.000114708026556909
36483,0.000114656029231497
36482,0.00011460403257189
36481,0.000114552036598924
36480,0.000114500041333423
36479,0.000114445161047523
36478,0.000114390281846898
36477,0.0001143354037564
36476,0.000114280526800866
36475,0.00011422565100512
36474,0.000114170776393972
36473,0.000114115902992217
36472,0.00011406103082464
36471,0.000114006159916008
36470,0.000113951290291077
36469,0.000113896421974588
36468,0.00011384155499127
36467,0.000113786689365836
36466,0.000113731825122986
36465,0.000113676962287407
36464,0.000113622100883771
36463,0.000113567240936737
36462,0.00011351238247095
36461,0.00011345752551104
36460,0.000113402670081626
36459,0.00011334204669686
36458,0.00011328142548518
36457,0.000113220806480464
36456,0.000113160189716573
36455,0.000113099575227342
36454,0.000113038963046584
36453,0.000112978353208093
36452,0.000112917745745635
36451,0.00011285714069296
36450,0.00011279653808379
36449,0.000112735937951827
36448,0.000112675340330751
36447,0.000112614745254217
36446,0.000112554152755862
36445,0.000112493562869296
36444,0.000112432975628107
36443,0.000112372391065863
36442,0.000112311809216107
36441,0.000112251230112359
36440,0.000112190653788119
36439,0.000112130071460585
36438,0.00011206949166333
36437,0.000112008914428966
36436,0.000111948339790087
36435,0.000111887767779265
36434,0.000111827198429052
36433,0.000111766631771977
36432,0.000111706067840549
36431,0.000111645506667256
36430,0.000111584948284564
36429,0.000111524392724919
36428,0.000111463840020744
36427,0.000111403290204442
36426,0.000111342743308395
36425,0.000111282199364964
36424,0.000111221658406486
36423,0.00011116112046528
36422,0.000111100585573642
36421,0.000111040053763846
36420,0.000110979525068146
36419,0.000110913221078661
36418,0.000110846920496288
36417,0.000110780623362815
36416,0.00011071432972
36415,0.000110648039609573
36414,0.000110581753073234
36413,0.000110515470152656
36412,0.00011044919088948
36411,0.00011038291532532
36410,0.000110316643501759
36409,0.000110250375460352
36408,0.000110184111242625
36407,0.000110117850890071
36406,0.00011005159444416
36405,0.000109985341946326
36404,0.000109919093437977
36403,0.000109852848960492
36402,0.000109786608555218
36401,0.000109720372263475
36400,0.000109654140126551
36399,0.00010958504751077
36398,0.000109515959855609
36397,0.000109446877208225
36396,0.000109377799615734
36395,0.000109308727125219
36394,0.000109239659783722
36393,0.000109170597638252
36392,0.000109101540735777
36391,0.00010903248912323
36390,0.000108963442847505
36389,0.000108894401955461
36388,0.000108825366493919
36387,0.000108756336509661
36386,0.000108687312049432
36385,0.000108618293159941
36384,0.000108549279887859
36383,0.000108480272279818
36382,0.000108411270382414
36381,0.000108342274242205
36380,0.00010827328390571
36379,0.00010819854779409
36378,0.000108123818539891
36377,0.000108049096202008
36376,0.000107974380839283
36375,0.000107899672510505
36374,0.000107824971274414
36373,0.000107750277189694
36372,0.00010767559031498
36371,0.000107600910708855
36370,0.000107526238429849
36369,0.000107451573536438
36368,0.00010737691608705
36367,0.000107302266140056
36366,0.000107227623753779
36365,0.000107152988986486
36364,0.000107078361896393
36363,0.000107003742541663
36362,0.000106929130980408
36361,0.000106854527270684
36360,0.000106779931470498
36359,0.000106699602876798
36358,0.000106619283527987
36357,0.000106538973496219
36356,0.000106458672853576
36355,0.000106378381672069
36354,0.000106298100023637
36353,0.000106217827980149
36352,0.000106137565613403
36351,0.000106057312995125
36350,0.00010597707019697
36349,0.000105896837290522
36348,0.000105816614347293
36347,0.000105736401438722
36346,0.00010565619863618
36345,0.000105576006010961
36344,0.000105495823634292
36343,0.000105415651577325
36342,0.000105335489911142
36341,0.000105255338706751
36340,0.000105175198035089
36339,0.000105092232027025
36338,0.000105009277911667
36337,0.000104926335768301
36336,0.000104843405676129
36335,0.000104760487714262
36334,0.000104677581961728
36333,0.000104594688497463
36332,0.000104511807400318
36331,0.000104428938749056
36330,0.000104346082622352
36329,0.000104263239098793
36328,0.000104180408256879
36327,0.000104097590175021
36326,0.00010401478493154
36325,0.000103931992604673
36324,0.000103849213272564
36323,0.000103766447013273
36322,0.000103683693904768
36321,0.00010360095402493
36320,0.00010351822745155
36319,0.0001034298688011
36318,0.000103341526538938
36317,0.000103253200762626
36316,0.000103164891569598
36315,0.000103076599057156
36314,0.000102988323322476
36313,0.000102900064462602
36312,0.000102811822574452
36311,0.000102723597754812
36310,0.000102635390100339
36309,0.000102547199707561
36308,0.000102459026672876
36307,0.000102370871092551
36306,0.000102282733062725
36305,0.000102194612679405
36304,0.000102106510038467
36303,0.000102018425235658
36302,0.000101930358366595
36301,0.000101842309526762
36300,0.000101754278811514
36299,0.000101660537735403
36298,0.000101566816589488
36297,0.000101473115485841
36296,0.000101379434536377
36295,0.000101285773852853
36294,0.000101192133546868
36293,0.000101098513729866
36292,0.00010100491451313
36291,0.000100911336007789
36290,0.000100817778324809
36289,0.000100724241575003
36288,0.000100630725869022
36287,0.000100537231317359
36286,0.00010044375803035
36285,0.00010035030611817
36284,0.000100256875690837
36283,0.000100163466858208
36282,0.000100070079729982
36281,9.99767144156981e-05
36280,9.98833710247347e-05
36279,9.97899602943572e-05
36278,9.969657052385e-05
36277,9.96032018205336e-05
36276,9.95098542915813e-05
36275,9.94165280440176e-05
36274,9.93232231847193e-05
36273,9.92299398204148e-05
36272,9.91366780576835e-05
36271,9.90434380029566e-05
36270,9.8950219762516e-05
36269,9.8857023442495e-05
36268,9.87638491488779e-05
36267,9.86706969874991e-05
36266,9.85775670640443e-05
36265,9.84844594840489e-05
36264,9.83913743528993e-05
36263,9.82983117758317e-05
36262,9.82052718579322e-05
36261,9.81122547041373e-05
36260,9.80192604192322e-05
36259,9.79178291755273e-05
36258,9.78164252978758e-05
36257,9.77150489216839e-05
36256,9.76137001821454e-05
36255,9.75123792142409e-05
36254,9.7411086152738e-05
36253,9.73098211321912e-05
36252,9.7208584286941e-05
36251,9.71073757511153e-05
36250,9.70061956586272e-05
36249,9.69050441431759e-05
36248,9.68039213382465e-05
36247,9.67028273771093e-05
36246,9.66017623928203e-05
36245,9.65007265182204e-05
36244,9.63997198859353e-05
36243,9.62987426283755e-05
36242,9.61977948777358e-05
36241,9.60968767659958e-05
36240,9.59959884249188e-05
36239,9.58921569265766e-05
36238,9.57883554709322e-05
36237,9.56845842032747e-05
36236,9.55808432686587e-05
36235,9.54771328119066e-05
36234,9.53734529776062e-05
36233,9.52698039101116e-05
36232,9.51661857535432e-05
36231,9.50625986517861e-05
36230,9.49590427484915e-05
36229,9.48555181870752e-05
36228,9.47520251107177e-05
36227,9.46485636623648e-05
36226,9.4545133984726e-05
36225,9.44417362202753e-05
36224,9.43383705112504e-05
36223,9.42350369996525e-05
36222,9.41317358272468e-05
36221,9.40284671355609e-05
36220,9.39252310658863e-05
36219,9.38191796417863e-05
36218,9.37131624911612e-05
36217,9.36071797685473e-05
36216,9.35012316282156e-05
36215,9.33953182241698e-05
36214,9.32894397101471e-05
36213,9.31835962396179e-05
36212,9.30777879657846e-05
36211,9.29720150415826e-05
36210,9.28662776196788e-05
36209,9.27605758524725e-05
36208,9.26549098920944e-05
36207,9.25492798904063e-05
36206,9.24436859990014e-05
36205,9.23381283692033e-05
36204,9.22326071520666e-05
36203,9.21271224983761e-05
36202,9.20216745586462e-05
36201,9.19162634831219e-05
36200,9.18108894217768e-05
36199,9.17056175621551e-05
36198,9.16003834329501e-05
36197,9.14951871810391e-05
36196,9.13900289530311e-05
36195,9.12849088952641e-05
36194,9.11798271538068e-05
36193,9.10747838744575e-05
36192,9.09697792027438e-05
36191,9.08648132839228e-05
36190,9.07598862629803e-05
36189,9.06549982846315e-05
36188,9.055014949332e-05
36187,9.04453400332175e-05
36186,9.03405700482246e-05
36185,9.02358396819691e-05
36184,9.01311490778071e-05
36183,9.00264983788224e-05
36182,8.99218877278257e-05
36181,8.98173172673554e-05
36180,8.97127871396763e-05
36179,8.96110448697616e-05
36178,8.95093410925763e-05
36177,8.94076759387495e-05
36176,8.93060495386634e-05
36175,8.92044620224547e-05
36174,8.91029135200128e-05
36173,8.90014041609807e-05
36172,8.88999340747552e-05
36171,8.87985033904851e-05
36170,8.8697112237073e-05
36169,8.85957607431736e-05
36168,8.84944490371941e-05
36167,8.83931772472947e-05
36166,8.82919455013869e-05
36165,8.81907539271352e-05
36164,8.80896026519553e-05
36163,8.79884918030146e-05
36162,8.78874215072329e-05
36161,8.77863918912802e-05
36160,8.76854030815789e-05
36159,8.75843819461521e-05
36158,8.74834015194726e-05
36157,8.73824619293537e-05
36156,8.72815633033561e-05
36155,8.71807057687893e-05
36154,8.70798894527108e-05
36153,8.69791144819257e-05
36152,8.68783809829876e-05
36151,8.67776890821969e-05
36150,8.66770389056022e-05
36149,8.65764305789991e-05
36148,8.64758642279301e-05
36147,8.63753399776854e-05
36146,8.62748579533013e-05
36145,8.61744182795615e-05
36144,8.6074021080996e-05
36143,8.59736664818809e-05
36142,8.58733546062394e-05
36141,8.57730855778398e-05
36140,8.56728595201974e-05
36139,8.5575532145644e-05
36138,8.54782463452487e-05
36137,8.53810022287057e-05
36136,8.52837999054844e-05
36135,8.51866394848275e-05
36134,8.50895210757525e-05
36133,8.49924447870506e-05
36132,8.4895410727287e-05
36131,8.47984190048015e-05
36130,8.47014697277069e-05
36129,8.46045630038899e-05
36128,8.45076989410111e-05
36127,8.44108776465042e-05
36126,8.43140992275771e-05
36125,8.42173637912102e-05
36124,8.41206714441578e-05
36123,8.4024022292947e-05
36122,8.39274164438781e-05
36121,8.38308540030249e-05
36120,8.37343350762335e-05
36119,8.36458977094462e-05
36118,8.35574970764964e-05
36117,8.34691332584091e-05
36116,8.33808063360498e-05
36115,8.32925163901225e-05
36114,8.32042635011711e-05
36113,8.3116047749579e-05
36112,8.30278692155683e-05
36111,8.29397279792009e-05
36110,8.28516241203772e-05
36109,8.27635577188376e-05
36108,8.26755288541611e-05
36107,8.25875376057655e-05
36106,8.24995840529084e-05
36105,8.24116682746854e-05
36104,8.23237903500318e-05
36103,8.22359503577215e-05
36102,8.2148148376367e-05
36101,8.206038448442e-05
36100,8.19726587601706e-05
36099,8.18875441814096e-05
36098,8.18024653415043e-05
36097,8.17174223126098e-05
36096,8.1632415166737e-05
36095,8.15474439757544e-05
36094,8.14625088113866e-05
36093,8.13776097452149e-05
36092,8.12927468486778e-05
36091,8.12079201930695e-05
36090,8.11231298495416e-05
36089,8.10383758891017e-05
36088,8.09536583826138e-05
36087,8.08689774007988e-05
36086,8.07843330142336e-05
36085,8.06997252933519e-05
36084,8.06151543084433e-05
36083,8.05306201296538e-05
36082,8.0446122826986e-05
36081,8.03616624702982e-05
36080,8.02772391293058e-05
36079,8.01979481593465e-05
36078,8.01186895257513e-05
36077,8.00394632889519e-05
36076,7.99602695092634e-05
36075,7.9881108246884e-05
36074,7.9801979561895e-05
36073,7.97228835142613e-05
36072,7.96438201638306e-05
36071,7.95647895703339e-05
36070,7.94857917933854e-05
36069,7.94068268924823e-05
36068,7.93278949270047e-05
36067,7.9248995956216e-05
36066,7.91701300392623e-05
36065,7.90912972351731e-05
36064,7.90124976028603e-05
36063,7.89337312011192e-05
36062,7.88549980886276e-05
36061,7.87762983239464e-05
36060,7.86976319655193e-05
36059,7.86294468003094e-05
36058,7.85612867963268e-05
36057,7.84931519920147e-05
36056,7.84250424257493e-05
36055,7.83569581358388e-05
36054,7.82888991605242e-05
36053,7.82208655379792e-05
36052,7.81528573063098e-05
36051,7.80848745035553e-05
36050,7.80169171676869e-05
36049,7.79489853366083e-05
36048,7.78810790481562e-05
36047,7.78131983400993e-05
36046,7.77453432501396e-05
36045,7.76775138159106e-05
36044,7.76097100749791e-05
36043,7.7541932064844e-05
36042,7.74741798229365e-05
36041,7.74064533866209e-05
36040,7.73387527931934e-05
36039,7.72736704529796e-05
36038,7.72086120744959e-05
36037,7.71435776908889e-05
36036,7.7078567335247e-05
36035,7.70135810406007e-05
36034,7.69486188399221e-05
36033,7.68836807661253e-05
36032,7.68187668520662e-05
36031,7.67538771305426e-05
36030,7.6689011634294e-05
36029,7.66241703960018e-05
36028,7.65593534482893e-05
36027,7.64945608237214e-05
36026,7.64297925548049e-05
36025,7.63650486739886e-05
36024,7.63003292136627e-05
36023,7.62356342061594e-05
36022,7.61709636837528e-05
36021,7.61063176786584e-05
36020,7.60416962230338e-05
36019,7.59873916203408e-05
36018,7.59331044036165e-05
36017,7.58788345923348e-05
36016,7.58245822059402e-05
36015,7.57703472638464e-05
36014,7.57161297854377e-05
36013,7.5661929790068e-05
36012,7.56077472970614e-05
36011,7.55535823257124e-05
36010,7.54994348952849e-05
36009,7.54453050250132e-05
36008,7.53911927341012e-05
36007,7.53370980417231e-05
36006,7.52830209670234e-05
36005,7.5228961529116e-05
36004,7.51749197470851e-05
36003,7.51208956399848e-05
36002,7.50668892268391e-05
36001,7.50129005266426e-05
36000,7.4958929558359e-05
35999,7.49076187703567e-05
35998,7.48563240634926e-05
35997,7.48050454533107e-05
35996,7.47537829553318e-05
35995,7.47025365850535e-05
35994,7.46513063579499e-05
35993,7.46000922894718e-05
35992,7.45488943950469e-05
35991,7.44977126900793e-05
35990,7.444654718995e-05
35989,7.43953979100165e-05
35988,7.43442648656131e-05
35987,7.42931480720508e-05
35986,7.42420475446172e-05
35985,7.41909632985767e-05
35984,7.41398953491701e-05
35983,7.40888437116154e-05
35982,7.40378084011066e-05
35981,7.3986789432815e-05
35980,7.39357868218882e-05
35979,7.38925075435729e-05
35978,7.38492401130994e-05
35977,7.38059845393861e-05
35976,7.37627408313389e-05
35975,7.37195089978529e-05
35974,7.36762890478108e-05
35973,7.36330809900836e-05
35972,7.35898848335311e-05
35971,7.35467005870008e-05
35970,7.3503528259329e-05
35969,7.34603678593399e-05
35968,7.3417219395846e-05
35967,7.33740828776484e-05
35966,7.33309583135361e-05
35965,7.32878457122869e-05
35964,7.32447450826664e-05
35963,7.32016564334284e-05
35962,7.31585797733156e-05
35961,7.31155151110583e-05
35960,7.30724624553758e-05
35959,7.30345608863319e-05
35958,7.29966687382489e-05
35957,7.29587860168651e-05
35956,7.2920912727912e-05
35955,7.2883048877114e-05
35954,7.28451944701888e-05
35953,7.2807349512847e-05
35952,7.27695140107923e-05
35951,7.27316879697213e-05
35950,7.2693871395324e-05
35949,7.2656064293283e-05
35948,7.26182666692744e-05
35947,7.25804785289672e-05
35946,7.25426998780233e-05
35945,7.2504930722098e-05
35944,7.24671710668393e-05
35943,7.24294209178883e-05
35942,7.23916802808796e-05
35941,7.23539491614404e-05
35940,7.23162275651911e-05
35939,7.22835432226498e-05
35938,7.22508660409489e-05
35937,7.2218196023734e-05
35936,7.21855331746476e-05
35935,7.21528774973276e-05
35934,7.21202289954085e-05
35933,7.20875876725208e-05
35932,7.20549535322906e-05
35931,7.2022326578341e-05
35930,7.19897068142901e-05
35929,7.19570942437529e-05
35928,7.19244888703405e-05
35927,7.18918906976593e-05
35926,7.18592997293129e-05
35925,7.18267159688999e-05
35924,7.17941394200156e-05
35923,7.17615700862518e-05
35922,7.17290079711951e-05
35921,7.16964530784297e-05
35920,7.16639054115346e-05
35919,7.1638697436895e-05
35918,7.16134937767859e-05
35917,7.15882944332029e-05
35916,7.15630994081395e-05
35915,7.1537908703588e-05
35914,7.15127223215386e-05
35913,7.148754026398e-05
35912,7.1462362532899e-05
35911,7.14371891302808e-05
35910,7.1412020058109e-05
35909,7.13868553183653e-05
35908,7.13616949130297e-05
35907,7.13365388440807e-05
35906,7.13113871134948e-05
35905,7.1286239723247e-05
35904,7.12610966753105e-05
35903,7.12359579716567e-05
35902,7.12108236142555e-05
35901,7.1185693605075e-05
35900,7.11605679460814e-05
35899,7.1140348733823e-05
35898,7.11201325099725e-05
35897,7.10999192758742e-05
35896,7.10797090328718e-05
35895,7.10595017823077e-05
35894,7.10392975255235e-05
35893,7.10190962638597e-05
35892,7.09988979986551e-05
35891,7.09787027312485e-05
35890,7.09585104629765e-05
35889,7.09383211951755e-05
35888,7.09181349291805e-05
35887,7.08979516663253e-05
35886,7.08777714079429e-05
35885,7.08575941553648e-05
35884,7.08374199099218e-05
35883,7.08172486729439e-05
35882,7.07970804457592e-05
35881,7.07769152296954e-05
35880,7.07567530260787e-05
35879,7.07365938362346e-05
35878,7.07164376614876e-05
35877,7.06962845031603e-05
35876,7.06761343625754e-05
35875,7.06559872410535e-05
35874,7.06358431399147e-05
35873,7.06157020604782e-05
35872,7.05955640040613e-05
35871,7.05754289719812e-05
35870,7.05552969655532e-05
35869,7.0535167986092e-05
35868,7.05150420349115e-05
35867,7.04949191133235e-05
35866,7.047479922264e-05
35865,7.04546823641708e-05
35864,7.04345685392254e-05
35863,7.04144577491119e-05
35862,7.03943499951373e-05
35861,7.03742452786079e-05
35860,7.03541436008282e-05
35859,7.03365260648198e-05
35858,7.03189109328327e-05
35857,7.03012982058294e-05
35856,7.02836878847712e-05
35855,7.02660799706192e-05
35854,7.02484744643334e-05
35853,7.02308713668729e-05
35852,7.02132706791968e-05
35851,7.01956724022625e-05
35850,7.01780765370277e-05
35849,7.01604830844485e-05
35848,7.01428920454806e-05
35847,7.01253034210793e-05
35846,7.01077172121986e-05
35845,7.00901334197921e-05
35844,7.00725520448127e-05
35843,7.00549730882122e-05
35842,7.00373965509423e-05
35841,7.00198224339533e-05
35840,7.00022507381954e-05
35839,6.99873179934425e-05
35838,6.99723868382618e-05
35837,6.99574572730401e-05
35836,6.99425292981645e-05
35835,6.99276029140217e-05
35834,6.99126781209979e-05
35833,6.98977549194795e-05
35832,6.98828333098521e-05
35831,6.98679132925021e-05
35830,6.98529948678148e-05
35829,6.98380780361756e-05
35828,6.98231627979697e-05
35827,6.98082491535819e-05
35826,6.97933371033972e-05
35825,6.97784266478002e-05
35824,6.9763517787175e-05
35823,6.97486105219059e-05
35822,6.97337048523767e-05
35821,6.97188007789713e-05
35820,6.97038983020732e-05
35819,6.96865274601167e-05
35818,6.96691587829988e-05
35817,6.96517922713098e-05
35816,6.96344279256387e-05
35815,6.9617065746575e-05
35814,6.95997057347075e-05
35813,6.95823478906243e-05
35812,6.95649922149138e-05
35811,6.95476387081634e-05
35810,6.95302873709606e-05
35809,6.95129382038923e-05
35808,6.94955912075448e-05
35807,6.94782463825047e-05
35806,6.94609037293574e-05
35805,6.94435632486888e-05
35804,6.94262249410837e-05
35803,6.94088888071267e-05
35802,6.93915548474025e-05
35801,6.93742230624947e-05
35800,6.93568934529872e-05
35799,6.93370225649509e-05
35798,6.93171546010945e-05
35797,6.92972895624291e-05
35796,6.92774274499656e-05
35795,6.92575682647139e-05
35794,6.92377120076831e-05
35793,6.92178586798818e-05
35792,6.91980082823174e-05
35791,6.91781608159969e-05
35790,6.9158316281926e-05
35789,6.91384746811102e-05
35788,6.91186360145542e-05
35787,6.90988002832612e-05
35786,6.90789674882346e-05
35785,6.90591376304761e-05
35784,6.90393107109873e-05
35783,6.90194867307689e-05
35782,6.89996656908203e-05
35781,6.8979847592141e-05
35780,6.89600324357287e-05
35779,6.89378418147584e-05
35778,6.89156547993882e-05
35777,6.88934713907935e-05
35776,6.88712915901486e-05
35775,6.88491153986272e-05
35774,6.88269428174016e-05
35773,6.88047738476437e-05
35772,6.87826084905242e-05
35771,6.87604467472123e-05
35770,6.8738288618877e-05
35769,6.87161341066861e-05
35768,6.86939832118061e-05
35767,6.86718359354032e-05
35766,6.86496922786418e-05
35765,6.86275522426861e-05
35764,6.86054158286988e-05
35763,6.8583283037842e-05
35762,6.85611538712768e-05
35761,6.85390283301629e-05
35760,6.85169064156595e-05
35759,6.84923394247278e-05
35758,6.8467776909302e-05
35757,6.84432188709494e-05
35756,6.8418665311236e-05
35755,6.83941162317262e-05
35754,6.83695716339831e-05
35753,6.83450315195682e-05
35752,6.83204958900418e-05
35751,6.82959647469624e-05
35750,6.82714380918874e-05
35749,6.82469159263725e-05
35748,6.8222398251972e-05
35747,6.81978850702389e-05
35746,6.81733763827246e-05
35745,6.81488721909791e-05
35744,6.8124372496551e-05
35743,6.80998773009874e-05
35742,6.8075386605834e-05
35741,6.8050900412635e-05
35740,6.80264187229331e-05
35739,6.79996570003976e-05
35738,6.79729008348298e-05
35737,6.79461502280876e-05
35736,6.79194051820275e-05
35735,6.78926656985032e-05
35734,6.78659317793666e-05
35733,6.78392034264676e-05
35732,6.78124806416538e-05
35731,6.77857634267712e-05
35730,6.77590517836634e-05
35729,6.77323457141718e-05
35728,6.77056452201359e-05
35727,6.76789503033931e-05
35726,6.76522609657791e-05
35725,6.76255772091269e-05
35724,6.75988990352678e-05
35723,6.75722264460309e-05
35722,6.75455594432431e-05
35721,6.751889802873e-05
35720,6.74922422043142e-05
35719,6.74608117939178e-05
35718,6.74293893656072e-05
35717,6.73979749224198e-05
35716,6.73665684673889e-05
35715,6.73351700035432e-05
35714,6.73037795339072e-05
35713,6.72723970615013e-05
35712,6.72410225893407e-05
35711,6.72096561204373e-05
35710,6.71782976577977e-05
35709,6.71469472044248e-05
35708,6.71156047633169e-05
35707,6.70842703374678e-05
35706,6.70529439298672e-05
35705,6.70216255435002e-05
35704,6.69903151813476e-05
35703,6.69590128463863e-05
35702,6.69277185415879e-05
35701,6.68964322699207e-05
35700,6.68651540343478e-05
35699,6.68338023041047e-05
35698,6.68024584168256e-05
35697,6.67711223754278e-05
35696,6.67397941828255e-05
35695,6.67084738419283e-05
35694,6.66771613556423e-05
35693,6.66458567268694e-05
35692,6.66145599585074e-05
35691,6.65832710534506e-05
35690,6.65519900145888e-05
35689,6.65207168448082e-05
35688,6.64894515469911e-05
35687,6.64581941240154e-05
35686,6.64269445787556e-05
35685,6.63957029140816e-05
35684,6.636446913286e-05
35683,6.63332432379533e-05
35682,6.63020252322195e-05
35681,6.62708151185135e-05
35680,6.62396128996854e-05
35679,6.62036073757481e-05
35678,6.61676123447485e-05
35677,6.61316278110518e-05
35676,6.60956537790159e-05
35675,6.60596902529921e-05
35674,6.60237372373245e-05
35673,6.59877947363504e-05
35672,6.59518627544e-05
35671,6.59159412957969e-05
35670,6.58800303648573e-05
35669,6.58441299658909e-05
35668,6.58082401032001e-05
35667,6.57723607810806e-05
35666,6.57364920038212e-05
35665,6.57006337757036e-05
35664,6.56647861010026e-05
35663,6.56289489839861e-05
35662,6.55931224289152e-05
35661,6.55573064400439e-05
35660,6.55215010216193e-05
35659,6.54857908787099e-05
35658,6.54500915231137e-05
35657,6.54144029590611e-05
35656,6.53787251907753e-05
35655,6.53430582224718e-05
35654,6.53074020583588e-05
35653,6.52717567026372e-05
35652,6.52361221595004e-05
35651,6.52004984331344e-05
35650,6.51648855277177e-05
35649,6.51292834474216e-05
35648,6.50936921964099e-05
35647,6.50581117788389e-05
35646,6.50225421988576e-05
35645,6.49869834606078e-05
35644,6.49514355682235e-05
35643,6.49158985258317e-05
35642,6.48803723375516e-05
35641,6.48448570074955e-05
35640,6.48093525397679e-05
35639,6.47740335756986e-05
35638,6.47387261783047e-05
35637,6.47034303519658e-05
35636,6.4668146101052e-05
35635,6.46328734299238e-05
35634,6.45976123429323e-05
35633,6.45623628444191e-05
35632,6.45271249387165e-05
35631,6.44918986301469e-05
35630,6.44566839230237e-05
35629,6.44214808216506e-05
35628,6.43862893303219e-05
35627,6.43511094533223e-05
35626,6.43159411949273e-05
35625,6.42807845594027e-05
35624,6.42456395510051e-05
35623,6.42105061739815e-05
35622,6.41753844325695e-05
35621,6.41402743309971e-05
35620,6.41051758734833e-05
35619,6.40699972978311e-05
35618,6.40348299772937e-05
35617,6.39996739158835e-05
35616,6.39645291176042e-05
35615,6.39293955864517e-05
35614,6.38942733264136e-05
35613,6.38591623414695e-05
35612,6.38240626355904e-05
35611,6.37889742127395e-05
35610,6.37538970768718e-05
35609,6.3718831231934e-05
35608,6.36837766818647e-05
35607,6.36487334305944e-05
35606,6.36137014820454e-05
35605,6.35786808401318e-05
35604,6.35436715087596e-05
35603,6.35086734918267e-05
35602,6.34736867932226e-05
35601,6.34387114168291e-05
35600,6.34037473665195e-05
35599,6.33640970312025e-05
35598,6.33244611020202e-05
35597,6.32848395845225e-05
35596,6.32452324842453e-05
35595,6.32056398067129e-05
35594,6.31660615574359e-05
35593,6.31264977419122e-05
35592,6.30869483656273e-05
35591,6.30474134340532e-05
35590,6.30078929526499e-05
35589,6.29683869268638e-05
35588,6.29288953621288e-05
35587,6.28894182638663e-05
35586,6.28499556374843e-05
35585,6.28105074883786e-05
35584,6.27710738219318e-05
35583,6.27316546435137e-05
35582,6.26922499584818e-05
35581,6.26528597721801e-05
35580,6.26134840899405e-05
35579,6.25741229170818e-05
35578,6.25347762589098e-05
35577,6.24954441207183e-05
35576,6.24561265077874e-05
35575,6.24168234253853e-05
35574,6.23775348787669e-05
35573,6.23382608731743e-05
35572,6.22990014138377e-05
35571,6.22597565059733e-05
35570,6.22205261547859e-05
35569,6.21813103654667e-05
35568,6.21421091431941e-05
35567,6.21029224931346e-05
35566,6.20637504204412e-05
35565,6.20245929302547e-05
35564,6.19854500277031e-05
35563,6.19463217179013e-05
35562,6.19072080059522e-05
35561,6.18681088969454e-05
35560,6.18290243959585e-05
35559,6.17876386419018e-05
35558,6.17462692101568e-05
35557,6.17049161066917e-05
35556,6.16635793374596e-05
35555,6.16222589083975e-05
35554,6.15809548254271e-05
35553,6.15396670944546e-05
35552,6.149839572137e-05
35551,6.14571407120483e-05
35550,6.14159020723483e-05
35549,6.13746798081139e-05
35548,6.13334739251731e-05
35547,6.12922844293379e-05
35546,6.12511113264055e-05
35545,6.12099546221568e-05
35544,6.11688143223576e-05
35543,6.11276904327581e-05
35542,6.10865829590927e-05
35541,6.10454919070805e-05
35540,6.10044172824249e-05
35539,6.09611670950904e-05
35538,6.09179355822043e-05
35537,6.08747227504884e-05
35536,6.08315286066433e-05
35535,6.07883531573494e-05
35534,6.07451964092657e-05
35533,6.0702058369031e-05
35532,6.06589390432631e-05
35531,6.06158384385586e-05
35530,6.0572756561494e-05
35529,6.05296934186247e-05
35528,6.04866490164855e-05
35527,6.04436233615905e-05
35526,6.04006164604329e-05
35525,6.03576283194854e-05
35524,6.03146589452e-05
35523,6.02717083440078e-05
35522,6.02287765223199e-05
35521,6.01858634865256e-05
35520,6.01429692429946e-05
35519,6.00956459524748e-05
35518,6.00483459527942e-05
35517,6.00010692525476e-05
35516,5.99538158602977e-05
35515,5.99065857845743e-05
35514,5.98593790338749e-05
35513,5.98121956166647e-05
35512,5.9765035541376e-05
35511,5.97178988164096e-05
35510,5.96707854501333e-05
35509,5.96236954508825e-05
35508,5.95766288269606e-05
35507,5.95295855866384e-05
35506,5.94825657381549e-05
35505,5.94355692897163e-05
35504,5.93885962494968e-05
35503,5.93416466256383e-05
35502,5.92947204262505e-05
35501,5.92478176594112e-05
35500,5.92009383331658e-05
35499,5.9153965682954e-05
35498,5.91070159591251e-05
35497,5.90600891695504e-05
35496,5.90131853220725e-05
35495,5.89663044245044e-05
35494,5.89194464846297e-05
35493,5.88726115102031e-05
35492,5.88257995089499e-05
35491,5.87790104885667e-05
35490,5.87322444567205e-05
35489,5.86855014210491e-05
35488,5.86387813891616e-05
35487,5.85920843686375e-05
35486,5.85454103670279e-05
35485,5.84987593918543e-05
35484,5.84521314506092e-05
35483,5.84055265507564e-05
35482,5.83589446997301e-05
35481,5.83123859049364e-05
35480,5.82658501737518e-05
35479,5.82147410801562e-05
35478,5.81636590358245e-05
35477,5.81126040504349e-05
35476,5.80615761336284e-05
35475,5.80105752950074e-05
35474,5.79596015441366e-05
35473,5.79086548905432e-05
35472,5.78577353437157e-05
35471,5.78068429131055e-05
35470,5.77559776081257e-05
35469,5.77051394381517e-05
35468,5.76543284125216e-05
35467,5.76035445405347e-05
35466,5.75527878314536e-05
35465,5.75020582945025e-05
35464,5.74513559388682e-05
35463,5.74006807737001e-05
35462,5.73500328081092e-05
35461,5.72994120511698e-05
35460,5.72488185119177e-05
35459,5.71914841002536e-05
35458,5.71341839762812e-05
35457,5.70769181533081e-05
35456,5.70196866445838e-05
35455,5.69624894632992e-05
35454,5.69053266225875e-05
35453,5.68481981355236e-05
35452,5.67911040151243e-05
35451,5.6734044274349e-05
35450,5.66770189260984e-05
35449,5.66200279832157e-05
35448,5.65630714584861e-05
35447,5.65061493646369e-05
35446,5.6449261714338e-05
35445,5.6392408520201e-05
35444,5.63355897947801e-05
35443,5.62788055505719e-05
35442,5.62220558000149e-05
35441,5.61653405554907e-05
35440,5.61086598293229e-05
35439,5.6049569046778e-05
35438,5.59905150874034e-05
35437,5.59314979659709e-05
35436,5.58725176971861e-05
35435,5.58135742956896e-05
35434,5.57546677760559e-05
35433,5.56957981527938e-05
35432,5.56369654403472e-05
35431,5.55781696530939e-05
35430,5.55194108053468e-05
35429,5.5460688911353e-05
35428,5.54020039852943e-05
35427,5.53433560412876e-05
35426,5.52847450933839e-05
35425,5.52261711555696e-05
35424,5.51676342417656e-05
35423,5.51091343658274e-05
35422,5.50506715415461e-05
35421,5.49922457826472e-05
35420,5.49338571027915e-05
35419,5.48734743712558e-05
35418,5.48131316933705e-05
35417,5.47528290834788e-05
35416,5.46925665558495e-05
35415,5.46323441246762e-05
35414,5.45721618040781e-05
35413,5.45120196080997e-05
35412,5.44519175507106e-05
35411,5.43918556458063e-05
35410,5.43318339072073e-05
35409,5.42718523486601e-05
35408,5.42119109838367e-05
35407,5.41520098263344e-05
35406,5.40921488896769e-05
35405,5.4032328187313e-05
35404,5.39725477326179e-05
35403,5.39128075388925e-05
35402,5.38531076193634e-05
35401,5.37934479871838e-05
35400,5.37338286554323e-05
35399,5.36679858014522e-05
35398,5.36021926072113e-05
35397,5.35364490895071e-05
35396,5.34707552650264e-05
35395,5.34051111503434e-05
35394,5.33395167619213e-05
35393,5.32739721161119e-05
35392,5.32084772291554e-05
35391,5.31430321171815e-05
35390,5.3077636796208e-05
35389,5.30122912821423e-05
35388,5.29469955907807e-05
35387,5.28817497378087e-05
35386,5.28165537388014e-05
35385,5.27514076092232e-05
35384,5.2686311364428e-05
35383,5.26212650196593e-05
35382,5.25562685900503e-05
35381,5.24913220906246e-05
35380,5.24264255362953e-05
35379,5.23596135967284e-05
35378,5.22928552336869e-05
35377,5.22261504625619e-05
35376,5.21594992986175e-05
35375,5.20929017569913e-05
35374,5.20263578526945e-05
35373,5.19598676006117e-05
35372,5.18934310155019e-05
35371,5.18270481119975e-05
35370,5.17607189046056e-05
35369,5.1694443407707e-05
35368,5.1628221635557e-05
35367,5.15620536022858e-05
35366,5.14959393218976e-05
35365,5.14298788082721e-05
35364,5.13638720751634e-05
35363,5.12979191362006e-05
35362,5.12320200048885e-05
35361,5.11661746946068e-05
35360,5.11003832186109e-05
35359,5.10323027985533e-05
35358,5.09642790481632e-05
35357,5.08963119832824e-05
35356,5.08284016196169e-05
35355,5.07605479727351e-05
35354,5.069275105807e-05
35353,5.06250108909179e-05
35352,5.05573274864385e-05
35351,5.04897008596562e-05
35350,5.04221310254589e-05
35349,5.03546179985993e-05
35348,5.02871617936944e-05
35347,5.02197624252254e-05
35346,5.01524199075388e-05
35345,5.00851342548454e-05
35344,5.00179054812214e-05
35343,4.99507336006082e-05
35342,4.98836186268119e-05
35341,4.9816560573505e-05
35340,4.97495594542246e-05
35339,4.96743478336348e-05
35338,4.95992076696447e-05
35337,4.95241389820777e-05
35336,4.94491417905436e-05
35335,4.93742161144412e-05
35334,4.92993619729562e-05
35333,4.92245793850629e-05
35332,4.91498683695247e-05
35331,4.90752289448928e-05
35330,4.90006611295084e-05
35329,4.89261649415012e-05
35328,4.88517403987907e-05
35327,4.87773875190865e-05
35326,4.87031063198877e-05
35325,4.86288968184846e-05
35324,4.85547590319571e-05
35323,4.84806929771764e-05
35322,4.8406698670805e-05
35321,4.83327761292964e-05
35320,4.8258925368896e-05
35319,4.81869989306859e-05
35318,4.81151404678665e-05
35317,4.80433499960236e-05
35316,4.79716275305552e-05
35315,4.78999730866701e-05
35314,4.78283866793893e-05
35313,4.7756868323546e-05
35312,4.76854180337854e-05
35311,4.7614035824566e-05
35310,4.75427217101584e-05
35309,4.74714757046466e-05
35308,4.74002978219276e-05
35307,4.7329188075712e-05
35306,4.72581464795245e-05
35305,4.71871730467034e-05
35304,4.71162677904011e-05
35303,4.70454307235847e-05
35302,4.69746618590357e-05
35301,4.6903961209351e-05
35300,4.68333287869421e-05
35299,4.67587141600617e-05
35298,4.66841756856518e-05
35297,4.66097133789029e-05
35296,4.65353272547726e-05
35295,4.64610173279853e-05
35294,4.63867836130331e-05
35293,4.63126261241761e-05
35292,4.62385448754418e-05
35291,4.61645398806268e-05
35290,4.60906111532958e-05
35289,4.6016758706783e-05
35288,4.59429825541919e-05
35287,4.58692827083953e-05
35286,4.57956591820364e-05
35285,4.57221119875283e-05
35284,4.56486411370549e-05
35283,4.55752466425714e-05
35282,4.55019285158033e-05
35281,4.54286867682488e-05
35280,4.5355521411177e-05
35279,4.52842093518958e-05
35278,4.52129699770257e-05
35277,4.514180329765e-05
35276,4.50707093246406e-05
35275,4.49996880686595e-05
35274,4.49287395401582e-05
35273,4.48578637493784e-05
35272,4.47870607063525e-05
35271,4.47163304209034e-05
35270,4.46456729026452e-05
35269,4.45750881609831e-05
35268,4.45045762051141e-05
35267,4.44341370440271e-05
35266,4.43637706865031e-05
35265,4.42934771411157e-05
35264,4.42232564162313e-05
35263,4.41531085200091e-05
35262,4.40830334604022e-05
35261,4.40130312451567e-05
35260,4.39431018818135e-05
35259,4.38733807017548e-05
35258,4.38037321402562e-05
35257,4.37341562031061e-05
35256,4.36646528958936e-05
35255,4.35952222240105e-05
35254,4.35258641926499e-05
35253,4.34565788068078e-05
35252,4.33873660712832e-05
35251,4.33182259906774e-05
35250,4.3249158569396e-05
35249,4.31801638116473e-05
35248,4.3111241721444e-05
35247,4.3042392302603e-05
35246,4.29736155587455e-05
35245,4.2904911493298e-05
35244,4.28362801094914e-05
35243,4.27677214103624e-05
35242,4.26992353987535e-05
35241,4.26308220773128e-05
35240,4.25624814484953e-05
35239,4.24978874007411e-05
35238,4.24333584252018e-05
35237,4.23688945235784e-05
35236,4.23044956974175e-05
35235,4.22401619481108e-05
35234,4.21758932768961e-05
35233,4.21116896848572e-05
35232,4.20475511729239e-05
35231,4.19834777418728e-05
35230,4.19194693923268e-05
35229,4.18555261247561e-05
35228,4.17916479394777e-05
35227,4.17278348366563e-05
35226,4.1664086816304e-05
35225,4.16004038782807e-05
35224,4.15367860222945e-05
35223,4.14732332479018e-05
35222,4.14097455545074e-05
35221,4.13463229413649e-05
35220,4.12829654075771e-05
35219,4.12250729827639e-05
35218,4.11672349934881e-05
35217,4.11094514388568e-05
35216,4.10517223178712e-05
35215,4.09940476294275e-05
35214,4.09364273723164e-05
35213,4.08788615452236e-05
35212,4.08213501467299e-05
35211,4.07638931753112e-05
35210,4.0706490629339e-05
35209,4.064914250708e-05
35208,4.05918488066968e-05
35207,4.05346095262477e-05
35206,4.04774246636869e-05
35205,4.04202942168651e-05
35204,4.03632181835287e-05
35203,4.03061965613208e-05
35202,4.02492293477812e-05
35201,4.01923165403461e-05
35200,4.0135458136349e-05
35199,4.0083953024201e-05
35198,4.00324926294903e-05
35197,3.99810769501151e-05
35196,3.99297059839037e-05
35195,3.98783797286147e-05
35194,3.98270981819376e-05
35193,3.97758613414921e-05
35192,3.97246692048287e-05
35191,3.96735217694285e-05
35190,3.96224190327037e-05
35189,3.95713609919972e-05
35188,3.95203476445831e-05
35187,3.94693789876668e-05
35186,3.94184550183842e-05
35185,3.93675757338034e-05
35184,3.93167411309234e-05
35183,3.92659512066748e-05
35182,3.92152059579201e-05
35181,3.91645053814528e-05
35180,3.9113849473999e-05
35179,3.90681925002233e-05
35178,3.90225721456848e-05
35177,3.897698840873e-05
35176,3.89314412876557e-05
35175,3.88859307807075e-05
35174,3.88404568860815e-05
35173,3.8795019601923e-05
35172,3.87496189263272e-05
35171,3.87042548573397e-05
35170,3.86589273929556e-05
35169,3.861363653112e-05
35168,3.85683822697283e-05
35167,3.8523164606626e-05
35166,3.84779835396088e-05
35165,3.84328390664228e-05
35164,3.83877311847642e-05
35163,3.83426598922799e-05
35162,3.82976251865669e-05
35161,3.82526270651733e-05
35160,3.82076655255973e-05
35159,3.81732361610953e-05
35158,3.81388281312762e-05
35157,3.81044414347336e-05
35156,3.80700760700457e-05
35155,3.80357320357749e-05
35154,3.8001409330468e-05
35153,3.79671079526563e-05
35152,3.79328279008555e-05
35151,3.78985691735657e-05
35150,3.78643317692714e-05
35149,3.78301156864418e-05
35148,3.77959209235305e-05
35147,3.77617474789755e-05
35146,3.77275953511995e-05
35145,3.76934645386096e-05
35144,3.76593550395974e-05
35143,3.76252668525394e-05
35142,3.75911999757963e-05
35141,3.75571544077137e-05
35140,3.75231301466216e-05
35139,3.74943102028563e-05
35138,3.74655055380947e-05
35137,3.74367161511874e-05
35136,3.74079420409766e-05
35135,3.73791832062977e-05
35134,3.73504396459781e-05
35133,3.73217113588377e-05
35132,3.72929983436891e-05
35131,3.72643005993371e-05
35130,3.72356181245793e-05
35129,3.72069509182054e-05
35128,3.71782989789976e-05
35127,3.71496623057312e-05
35126,3.71210408971732e-05
35125,3.70924347520837e-05
35124,3.7063843869215e-05
35123,3.7035268247312e-05
35122,3.70067078851122e-05
35121,3.69781627813454e-05
35120,3.69496329347344e-05
35119,3.69295871872462e-05
35118,3.69095490035969e-05
35117,3.6889518383277e-05
35116,3.68694953257748e-05
35115,3.68494798305771e-05
35114,3.68294718971689e-05
35113,3.68094715250333e-05
35112,3.67894787136519e-05
35111,3.67694934625042e-05
35110,3.67495157710684e-05
35109,3.67295456388207e-05
35108,3.67095830652352e-05
35107,3.66896280497851e-05
35106,3.66696805919409e-05
35105,3.66497406911722e-05
35104,3.66298083469464e-05
35103,3.6609883558729e-05
35102,3.65899663259842e-05
35101,3.6570056648174e-05
35100,3.65501545247593e-05
35099,3.65352328894446e-05
35098,3.65203155029438e-05
35097,3.65054023650276e-05
35096,3.64904934754656e-05
35095,3.64755888340274e-05
35094,3.64606884404817e-05
35093,3.64457922945968e-05
35092,3.64309003961407e-05
35091,3.64160127448802e-05
35090,3.64011293405821e-05
35089,3.63862501830125e-05
35088,3.63713752719369e-05
35087,3.63565046071204e-05
35086,3.63416381883273e-05
35085,3.63267760153215e-05
35084,3.63119180878665e-05
35083,3.6297064405725e-05
35082,3.62822149686594e-05
35081,3.62673697764311e-05
35080,3.62525288288016e-05
35079,3.62460526603584e-05
35078,3.62395773763051e-05
35077,3.62331029766075e-05
35076,3.62266294612311e-05
35075,3.62201568301416e-05
35074,3.62136850833045e-05
35073,3.62072142206856e-05
35072,3.62007442422505e-05
35071,3.61942751479644e-05
35070,3.61878069377931e-05
35069,3.6181339611702e-05
35068,3.61748731696565e-05
35067,3.61684076116222e-05
35066,3.61619429375643e-05
35065,3.61554791474483e-05
35064,3.61490162412395e-05
35063,3.61425542189033e-05
35062,3.6136093080405e-05
35061,3.61296328257098e-05
35060,3.61231734547829e-05
35059,3.61201232984227e-05
35058,3.61170735531657e-05
35057,3.6114024218993e-05
35056,3.61109752958851e-05
35055,3.6107926783823e-05
35054,3.61048786827874e-05
35053,3.61018309927588e-05
35052,3.60987837137184e-05
35051,3.60957368456465e-05
35050,3.60926903885242e-05
35049,3.6089644342332e-05
35048,3.60865987070505e-05
35047,3.60835534826607e-05
35046,3.60805086691429e-05
35045,3.60774642664781e-05
35044,3.60744202746469e-05
35043,3.60713766936297e-05
35042,3.60683335234075e-05
35041,3.60652907639606e-05
35040,3.60622484152699e-05
35039,3.606236988888e-05
35038,3.60624914143941e-05
35037,3.60626129918114e-05
35036,3.60627346211316e-05
35035,3.60628563023538e-05
35034,3.60629780354777e-05
35033,3.60630998205026e-05
35032,3.6063221657428e-05
35031,3.60633435462532e-05
35030,3.60634654869778e-05
35029,3.60635874796011e-05
35028,3.60637095241225e-05
35027,3.60638316205414e-05
35026,3.60639537688575e-05
35025,3.60640759690699e-05
35024,3.60641982211781e-05
35023,3.60643205251816e-05
35022,3.60644428810798e-05
35021,3.60645652888722e-05
35020,3.6064687748558e-05
35019,3.6066452822164e-05
35018,3.60682180015884e-05
35017,3.60699832868313e-05
35016,3.60717486778925e-05
35015,3.60735141747725e-05
35014,3.60752797774712e-05
35013,3.60770454859889e-05
35012,3.60788113003256e-05
35011,3.60805772204813e-05
35010,3.60823432464563e-05
35009,3.60841093782506e-05
35008,3.60858756158643e-05
35007,3.60876419592977e-05
35006,3.60894084085506e-05
35005,3.60911749636233e-05
35004,3.60929416245159e-05
35003,3.60947083912284e-05
35002,3.60964752637611e-05
35001,3.60982422421139e-05
35000,3.6100009326287e-05
34999,3.61016529502727e-05
34998,3.61032966266059e-05
34997,3.6104940355287e-05
34996,3.61065841363162e-05
34995,3.61082279696939e-05
34994,3.61098718554204e-05
34993,3.6111515793496e-05
34992,3.61131597839213e-05
34991,3.61148038266963e-05
34990,3.61164479218215e-05
34989,3.61180920692971e-05
34988,3.61197362691236e-05
34987,3.61213805213014e-05
34986,3.61230248258306e-05
34985,3.61246691827117e-05
34984,3.61263135919449e-05
34983,3.61279580535306e-05
34982,3.61296025674693e-05
34981,3.6131247133761e-05
34980,3.61328917524063e-05
34979,3.61345364234054e-05
34978,3.61361811467587e-05
34977,3.61378259224667e-05
34976,3.61394707505294e-05
34975,3.61411156309473e-05
34974,3.61427605637206e-05
34973,3.61444055488499e-05
34972,3.61460505863354e-05
34971,3.61476956761774e-05
34970,3.61493408183762e-05
34969,3.61509860129322e-05
34968,3.61526312598457e-05
34967,3.61542765591172e-05
34966,3.61559219107468e-05
34965,3.61575673147349e-05
34964,3.61592127710819e-05
34963,3.6160858279788e-05
34962,3.61625038408538e-05
34961,3.61641494542793e-05
34960,3.6165795120065e-05
34959,3.6165795120065e-05
34958,3.6165795120065e-05
34957,3.6165795120065e-05
34956,3.6165795120065e-05
34955,3.6165795120065e-05
34954,3.6165795120065e-05
34953,3.6165795120065e-05
34952,3.6165795120065e-05
34951,3.6165795120065e-05
34950,3.6165795120065e-05
34949,3.6165795120065e-05
34948,3.6165795120065e-05
34947,3.6165795120065e-05
34946,3.6165795120065e-05
34945,3.6165795120065e-05
34944,3.6165795120065e-05
34943,3.6165795120065e-05
34942,3.6165795120065e-05
34941,3.6165795120065e-05
34940,3.6165795120065e-05
34939,3.61625038408538e-05
34938,3.61592127710819e-05
34937,3.61559219107468e-05
34936,3.61526312598457e-05
34935,3.61493408183762e-05
34934,3.61460505863354e-05
34933,3.61427605637206e-05
34932,3.61394707505294e-05
34931,3.61361811467587e-05
34930,3.61328917524063e-05
34929,3.61296025674693e-05
34928,3.61263135919449e-05
34927,3.61230248258306e-05
34926,3.61197362691236e-05
34925,3.61164479218215e-05
34924,3.61131597839213e-05
34923,3.61098718554204e-05
34922,3.61065841363162e-05
34921,3.61032966266059e-05
34920,3.6100009326287e-05
34919,3.6093188385389e-05
34918,3.60863685022679e-05
34917,3.60795496769105e-05
34916,3.60727319093036e-05
34915,3.60659151994339e-05
34914,3.60590995472881e-05
34913,3.60522849528527e-05
34912,3.60454714161145e-05
34911,3.60386589370597e-05
34910,3.60318475156749e-05
34909,3.60250371519462e-05
34908,3.60182278458601e-05
34907,3.60114195974028e-05
34906,3.60046124065602e-05
34905,3.59978062733185e-05
34904,3.59910011976638e-05
34903,3.5984197179582e-05
34902,3.5977394219059e-05
34901,3.59705923160804e-05
34900,3.59637914706322e-05
34899,3.59520744137456e-05
34898,3.59403601506529e-05
34897,3.59286486812702e-05
34896,3.59169400055127e-05
34895,3.59052341232956e-05
34894,3.58935310345336e-05
34893,3.58818307391409e-05
34892,3.58701332370318e-05
34891,3.58584385281199e-05
34890,3.58467466123189e-05
34889,3.58350574895415e-05
34888,3.58233711597005e-05
34887,3.58116876227086e-05
34886,3.58000068784776e-05
34885,3.57883289269193e-05
34884,3.57766537679452e-05
34883,3.57649814014663e-05
34882,3.57533118273934e-05
34881,3.57416450456367e-05
34880,3.57299810561067e-05
34879,3.571342512503e-05
34878,3.56968746621242e-05
34877,3.56803296671089e-05
34876,3.5663790139703e-05
34875,3.56472560796238e-05
34874,3.56307274865879e-05
34873,3.56142043603105e-05
34872,3.5597686700506e-05
34871,3.55811745068873e-05
34870,3.55646677791667e-05
34869,3.55481665170549e-05
34868,3.55316707202617e-05
34867,3.5515180388496e-05
34866,3.54986955214652e-05
34865,3.54822161188761e-05
34864,3.54657421804338e-05
34863,3.54492737058428e-05
34862,3.54328106948063e-05
34861,3.54163531470263e-05
34860,3.53999010622041e-05
34859,3.53803293990731e-05
34858,3.53607653269865e-05
34857,3.53412088453658e-05
34856,3.53216599536304e-05
34855,3.53021186511981e-05
34854,3.5282584937485e-05
34853,3.52630588119049e-05
34852,3.52435402738705e-05
34851,3.5224029322792e-05
34850,3.52045259580784e-05
34849,3.51850301791365e-05
34848,3.51655419853713e-05
34847,3.51460613761864e-05
34846,3.51265883509829e-05
34845,3.5107122909161e-05
34844,3.50876650501183e-05
34843,3.50682147732509e-05
34842,3.50487720779533e-05
34841,3.50293369636179e-05
34840,3.50099094296357e-05
34839,3.49873885287018e-05
34838,3.49648778447922e-05
34837,3.49423773768296e-05
34836,3.49198871237337e-05
34835,3.48974070844213e-05
34834,3.48749372578062e-05
34833,3.48524776427989e-05
34832,3.48300282383073e-05
34831,3.48075890432357e-05
34830,3.47851600564857e-05
34829,3.47627412769559e-05
34828,3.47403327035417e-05
34827,3.47179343351358e-05
34826,3.46955461706273e-05
34825,3.46731682089028e-05
34824,3.46508004488457e-05
34823,3.46284428893364e-05
34822,3.46060955292523e-05
34821,3.45837583674676e-05
34820,3.45614314028538e-05
34819,3.45344492919584e-05
34818,3.45074822332807e-05
34817,3.44805302246114e-05
34816,3.44535932637345e-05
34815,3.44266713484278e-05
34814,3.43997644764624e-05
34813,3.43728726456031e-05
34812,3.43459958536083e-05
34811,3.43191340982299e-05
34810,3.42922873772136e-05
34809,3.42654556882985e-05
34808,3.42386390292171e-05
34807,3.42118373976962e-05
34806,3.41850507914555e-05
34805,3.41582792082088e-05
34804,3.41315226456633e-05
34803,3.41047811015198e-05
34802,3.4078054573473e-05
34801,3.40513430592108e-05
34800,3.40246465564155e-05
34799,3.39915456978458e-05
34798,3.39584677108846e-05
34797,3.39254125914433e-05
34796,3.38923803354188e-05
34795,3.38593709386928e-05
34794,3.38263843971322e-05
34793,3.37934207065891e-05
34792,3.37604798629009e-05
34791,3.37275618618902e-05
34790,3.3694666699365e-05
34789,3.36617943711182e-05
34788,3.36289448729283e-05
34787,3.35961182005589e-05
34786,3.35633143497593e-05
34785,3.35305333162638e-05
34784,3.34977750957921e-05
34783,3.34650396840494e-05
34782,3.34323270767261e-05
34781,3.33996372694985e-05
34780,3.33669702580278e-05
34779,3.3331334020343e-05
34778,3.32957251187627e-05
34777,3.32601435472305e-05
34776,3.32245892996696e-05
34775,3.31890623699825e-05
34774,3.31535627520515e-05
34773,3.31180904397384e-05
34772,3.3082645426884e-05
34771,3.30472277073096e-05
34770,3.30118372748153e-05
34769,3.29764741231813e-05
34768,3.29411382461677e-05
34767,3.29058296375135e-05
34766,3.28705482909384e-05
34765,3.28352942001412e-05
34764,3.28000673588008e-05
34763,3.2764867760576e-05
34762,3.27296953991051e-05
34761,3.26945502680069e-05
34760,3.26594323608795e-05
34759,3.26210489663574e-05
34758,3.2582697830747e-05
34757,3.25443789463937e-05
34756,3.25060923056138e-05
34755,3.24678379006947e-05
34754,3.24296157238943e-05
34753,3.23914257674419e-05
34752,3.23532680235377e-05
34751,3.23151424843526e-05
34750,3.22770491420292e-05
34749,3.22389879886809e-05
34748,3.22009590163922e-05
34747,3.21629622172193e-05
34746,3.21249975831891e-05
34745,3.20870651063005e-05
34744,3.20491647785231e-05
34743,3.20112965917985e-05
34742,3.19734605380395e-05
34741,3.19356566091305e-05
34740,3.18978847969274e-05
34739,3.18556322369259e-05
34738,3.18134199212425e-05
34737,3.17712478382753e-05
34736,3.17291159763789e-05
34735,3.16870243238629e-05
34734,3.16449728689935e-05
34733,3.16029615999928e-05
34732,3.15609905050386e-05
34731,3.15190595722655e-05
34730,3.14771687897636e-05
34729,3.143531814558e-05
34728,3.13935076277181e-05
34727,3.13517372241374e-05
34726,3.13100069227546e-05
34725,3.12683167114424e-05
34724,3.12266665780308e-05
34723,3.11850565103063e-05
34722,3.11434864960125e-05
34721,3.11019565228499e-05
34720,3.1060466578476e-05
34719,3.10177669219609e-05
34718,3.09751100211513e-05
34717,3.09324958614249e-05
34716,3.08899244281119e-05
34715,3.08473957064962e-05
34714,3.08049096818148e-05
34713,3.0762466339258e-05
34712,3.07200656639697e-05
34711,3.06777076410471e-05
34710,3.06353922555413e-05
34709,3.05931194924569e-05
34708,3.05508893367527e-05
34707,3.05087017733411e-05
34706,3.04665567870886e-05
34705,3.04244543628159e-05
34704,3.03823944852979e-05
34703,3.03403771392639e-05
34702,3.02984023093975e-05
34701,3.02564699803369e-05
34700,3.02145801366747e-05
34699,3.01683944365895e-05
34698,3.0122260425292e-05
34697,3.00761780819491e-05
34696,3.00301473856605e-05
34695,2.99841683154597e-05
34694,2.99382408503133e-05
34693,2.98923649691218e-05
34692,2.984654065072e-05
34691,2.9800767873876e-05
34690,2.97550466172929e-05
34689,2.97093768596074e-05
34688,2.96637585793911e-05
34687,2.96181917551503e-05
34686,2.95726763653259e-05
34685,2.95272123882942e-05
34684,2.94817998023661e-05
34683,2.9436438585788e-05
34682,2.93911287167419e-05
34681,2.93458701733453e-05
34680,2.93006629336515e-05
34679,2.92555069756496e-05
34678,2.92104022772648e-05
34677,2.91653488163588e-05
34676,2.91203465707291e-05
34675,2.90753955181106e-05
34674,2.90304956361741e-05
34673,2.89856469025276e-05
34672,2.89408492947162e-05
34671,2.88961027902219e-05
34670,2.88514073664644e-05
34669,2.88067630008005e-05
34668,2.87621696705249e-05
34667,2.871762735287e-05
34666,2.8673136025006e-05
34665,2.86286956640417e-05
34664,2.85843062470235e-05
34663,2.85399677509366e-05
34662,2.84956801527048e-05
34661,2.84514434291905e-05
34660,2.84072575571951e-05
34659,2.83618538820314e-05
34658,2.83165042788532e-05
34657,2.82712087213917e-05
34656,2.82259671833106e-05
34655,2.81807796382053e-05
34654,2.81356460596038e-05
34653,2.80905664209667e-05
34652,2.80455406956868e-05
34651,2.80005688570905e-05
34650,2.79556508784367e-05
34649,2.79107867329176e-05
34648,2.78659763936594e-05
34647,2.78212198337211e-05
34646,2.77765170260962e-05
34645,2.77318679437117e-05
34644,2.76872725594291e-05
34643,2.76427308460442e-05
34642,2.75982427762871e-05
34641,2.7553808322823e-05
34640,2.75094274582518e-05
34639,2.74651001551085e-05
34638,2.74208263858636e-05
34637,2.73766061229226e-05
34636,2.73324393386272e-05
34635,2.72883260052544e-05
34634,2.72442660950178e-05
34633,2.72002595800668e-05
34632,2.71563064324872e-05
34631,2.71124066243017e-05
34630,2.70685601274692e-05
34629,2.70247669138859e-05
34628,2.69810269553854e-05
34627,2.69373402237379e-05
34626,2.68937066906517e-05
34625,2.68501263277723e-05
34624,2.68065991066834e-05
34623,2.67631249989068e-05
34622,2.6719703975902e-05
34621,2.66763360090676e-05
34620,2.66330210697401e-05
34619,2.65883270537738e-05
34618,2.65436892402857e-05
34617,2.64991075984316e-05
34616,2.6454582097298e-05
34615,2.64101127059029e-05
34614,2.63656993931957e-05
34613,2.63213421280573e-05
34612,2.62770408793006e-05
34611,2.62327956156703e-05
34610,2.61886063058434e-05
34609,2.61444729184296e-05
34608,2.61003954219709e-05
34607,2.60563737849424e-05
34606,2.60124079757521e-05
34605,2.59684979627414e-05
34604,2.59246437141852e-05
34603,2.58808451982918e-05
34602,2.58371023832038e-05
34601,2.57934152369975e-05
34600,2.57497837276838e-05
34599,2.57062078232079e-05
34598,2.56626874914497e-05
34597,2.56192227002244e-05
34596,2.55758134172816e-05
34595,2.55324596103068e-05
34594,2.54891612469209e-05
34593,2.54459182946804e-05
34592,2.5402730721078e-05
34591,2.53595984935419e-05
34590,2.53165215794374e-05
34589,2.5273499946066e-05
34588,2.52305335606659e-05
34587,2.51876223904124e-05
34586,2.51447664024177e-05
34585,2.51019655637316e-05
34584,2.50592198413415e-05
34583,2.50165292021723e-05
34582,2.49738936130872e-05
34581,2.49313130408872e-05
34580,2.48887874523119e-05
34579,2.4846202589871e-05
34578,2.48036727340045e-05
34577,2.4761197851739e-05
34576,2.47187779100389e-05
34575,2.46764128758067e-05
34574,2.46341027158833e-05
34573,2.45918473970477e-05
34572,2.45496468860178e-05
34571,2.45075011494502e-05
34570,2.44654101539406e-05
34569,2.4423373866024e-05
34568,2.43813922521745e-05
34567,2.43394652788064e-05
34566,2.42975929122733e-05
34565,2.4255775118869e-05
34564,2.42140118648278e-05
34563,2.41723031163241e-05
34562,2.41306488394731e-05
34561,2.40890490003308e-05
34560,2.40475035648942e-05
34559,2.40071192628138e-05
34558,2.39667863324302e-05
34557,2.39265047427528e-05
34556,2.38862744627378e-05
34555,2.38460954612879e-05
34554,2.38059677072528e-05
34553,2.37658911694294e-05
34552,2.37258658165616e-05
34551,2.36858916173412e-05
34550,2.36459685404071e-05
34549,2.36060965543462e-05
34548,2.35662756276936e-05
34547,2.3526505728932e-05
34546,2.3486786826493e-05
34545,2.34471188887561e-05
34544,2.340750188405e-05
34543,2.33679357806518e-05
34542,2.33284205467878e-05
34541,2.32889561506334e-05
34540,2.32495425603134e-05
34539,2.32104007181016e-05
34538,2.31713093358414e-05
34537,2.31322683808735e-05
34536,2.30932778204919e-05
34535,2.30543376219437e-05
34534,2.30154477524294e-05
34533,2.2976608179103e-05
34532,2.2937818869072e-05
34531,2.28990797893981e-05
34530,2.28603909070964e-05
34529,2.28217521891367e-05
34528,2.27831636024432e-05
34527,2.27446251138942e-05
34526,2.27061366903229e-05
34525,2.26676982985173e-05
34524,2.26293099052205e-05
34523,2.25909714771309e-05
34522,2.25526829809018e-05
34521,2.25144443831424e-05
34520,2.24762556504176e-05
34519,2.24370685046432e-05
34518,2.23979342073009e-05
34517,2.23588527210992e-05
34516,2.23198240086982e-05
34515,2.22808480327101e-05
34514,2.22419247556988e-05
34513,2.22030541401806e-05
34512,2.21642361486244e-05
34511,2.21254707434512e-05
34510,2.20867578870353e-05
34509,2.20480975417037e-05
34508,2.20094896697369e-05
34507,2.19709342333686e-05
34506,2.19324311947858e-05
34505,2.189398051613e-05
34504,2.1855582159496e-05
34503,2.18172360869331e-05
34502,2.17789422604451e-05
34501,2.17407006419899e-05
34500,2.17025111934806e-05
34499,2.16656116637454e-05
34498,2.16287612828058e-05
34497,2.15919600149371e-05
34496,2.15552078243756e-05
34495,2.15185046753186e-05
34494,2.14818505319248e-05
34493,2.14452453583146e-05
34492,2.14086891185694e-05
34491,2.1372181776733e-05
34490,2.13357232968108e-05
34489,2.12993136427705e-05
34488,2.12629527785422e-05
34487,2.12266406680181e-05
34486,2.11903772750536e-05
34485,2.11541625634663e-05
34484,2.11179964970374e-05
34483,2.10818790395108e-05
34482,2.1045810154594e-05
34481,2.10097898059579e-05
34480,2.0973817957237e-05
34479,2.09369081177724e-05
34478,2.09000498192534e-05
34477,2.08632430209035e-05
34476,2.08264876819062e-05
34475,2.07897837614051e-05
34474,2.07531312185043e-05
34473,2.07165300122685e-05
34472,2.06799801017229e-05
34471,2.06434814458539e-05
34470,2.06070340036091e-05
34469,2.05706377338975e-05
34468,2.05342925955895e-05
34467,2.04979985475175e-05
34466,2.04617555484757e-05
34465,2.04255635572208e-05
34464,2.03894225324715e-05
34463,2.03533324329095e-05
34462,2.0317293217179e-05
34461,2.02813048438872e-05
34460,2.02453672716047e-05
34459,2.02094804588655e-05
34458,2.01736443641669e-05
34457,2.01378589459704e-05
34456,2.01021241627012e-05
34455,2.00664399727487e-05
34454,2.00308063344669e-05
34453,1.99952232061743e-05
34452,1.99596905461542e-05
34451,1.99242083126548e-05
34450,1.98887764638895e-05
34449,1.98533949580373e-05
34448,1.98180637532427e-05
34447,1.97827828076158e-05
34446,1.97475520792327e-05
34445,1.97123715261359e-05
34444,1.96772411063341e-05
34443,1.96421607778027e-05
34442,1.96071304984837e-05
34441,1.95721502262862e-05
34440,1.95372199190863e-05
34439,1.95011858387889e-05
34438,1.94652044834344e-05
34437,1.9429275808086e-05
34436,1.93933997677701e-05
34435,1.93575763174773e-05
34434,1.93218054121614e-05
34433,1.92860870067409e-05
34432,1.92504210560982e-05
34431,1.92148075150802e-05
34430,1.91792463384988e-05
34429,1.91437374811305e-05
34428,1.91082808977172e-05
34427,1.9072876542966e-05
34426,1.90375243715497e-05
34425,1.90022243381066e-05
34424,1.89669763972413e-05
34423,1.89317805035245e-05
34422,1.88966366114932e-05
34421,1.8861544675651e-05
34420,1.88265046504686e-05
34419,1.87916321554266e-05
34418,1.87568115802199e-05
34417,1.8722042878239e-05
34416,1.86873260028426e-05
34415,1.8652660907358e-05
34414,1.86180475450812e-05
34413,1.85834858692772e-05
34412,1.85489758331802e-05
34411,1.85145173899938e-05
34410,1.84801104928913e-05
34409,1.84457550950156e-05
34408,1.84114511494799e-05
34407,1.83771986093675e-05
34406,1.83429974277323e-05
34405,1.83088475575988e-05
34404,1.82747489519624e-05
34403,1.82407015637896e-05
34402,1.82067053460185e-05
34401,1.81727602515582e-05
34400,1.81388662332901e-05
34399,1.8104672302428e-05
34398,1.80705293426698e-05
34397,1.80364373090816e-05
34396,1.80023961566992e-05
34395,1.79684058405277e-05
34394,1.79344663155423e-05
34393,1.79005775366879e-05
34392,1.78667394588797e-05
34391,1.78329520370033e-05
34390,1.7799215225915e-05
34389,1.77655289804416e-05
34388,1.7731893255381e-05
34387,1.76983080055023e-05
34386,1.7664773185546e-05
34385,1.76312887502239e-05
34384,1.75978546542197e-05
34383,1.75644708521891e-05
34382,1.75311372987598e-05
34381,1.74978539485318e-05
34380,1.74646207560776e-05
34379,1.74314376759426e-05
34378,1.73983046626448e-05
34377,1.73652216706755e-05
34376,1.73321886544991e-05
34375,1.72992055685535e-05
34374,1.72662723672504e-05
34373,1.72333890049751e-05
34372,1.72005554360871e-05
34371,1.716777161492e-05
34370,1.7135037495782e-05
34369,1.71023530329557e-05
34368,1.70697181806985e-05
34367,1.70371328932428e-05
34366,1.70045971247963e-05
34365,1.69721108295418e-05
34364,1.69396739616378e-05
34363,1.69072864752185e-05
34362,1.6874948324394e-05
34361,1.68426594632505e-05
34360,1.68104198458504e-05
34359,1.67773071541704e-05
34358,1.67442464656055e-05
34357,1.67112377301015e-05
34356,1.66782808975784e-05
34355,1.66453759179307e-05
34354,1.66125227410276e-05
34353,1.65797213167131e-05
34352,1.65469715948063e-05
34351,1.65142735251018e-05
34350,1.64816270573695e-05
34349,1.64490321413552e-05
34348,1.64164887267804e-05
34347,1.6383996763343e-05
34346,1.63515562007172e-05
34345,1.63191669885537e-05
34344,1.62868290764801e-05
34343,1.62545424141009e-05
34342,1.62223069509977e-05
34341,1.61901226367298e-05
34340,1.61579894208338e-05
34339,1.6126687907684e-05
34338,1.60954347719276e-05
34337,1.60642299673774e-05
34336,1.6033073447825e-05
34335,1.60019651670417e-05
34334,1.5970905078778e-05
34333,1.59398931367643e-05
34332,1.59089292947111e-05
34331,1.58780135063087e-05
34330,1.58471457252278e-05
34329,1.58163259051195e-05
34328,1.57855539996155e-05
34327,1.57548299623285e-05
34326,1.5724153746852e-05
34325,1.56935253067607e-05
34324,1.56629445956107e-05
34323,1.56324115669396e-05
34322,1.56019261742666e-05
34321,1.55714883710928e-05
34320,1.55410981109016e-05
34319,1.55108661474627e-05
34318,1.54806814550334e-05
34317,1.54505439868122e-05
34316,1.54204536959817e-05
34315,1.53904105357089e-05
34314,1.53604144591455e-05
34313,1.53304654194282e-05
34312,1.53005633696785e-05
34311,1.52707082630032e-05
34310,1.52409000524944e-05
34309,1.52111386912297e-05
34308,1.51814241322723e-05
34307,1.51517563286714e-05
34306,1.51221352334623e-05
34305,1.50925607996663e-05
34304,1.50630329802911e-05
34303,1.50335517283311e-05
34302,1.50041169967674e-05
34301,1.49747287385676e-05
34300,1.4945386906687e-05
34299,1.49168215701687e-05
34298,1.48883001296708e-05
34297,1.48598225422243e-05
34296,1.48313887648481e-05
34295,1.48029987545488e-05
34294,1.47746524683211e-05
34293,1.47463498631478e-05
34292,1.47180908960002e-05
34291,1.46898755238375e-05
34290,1.4661703703608e-05
34289,1.46335753922486e-05
34288,1.46054905466849e-05
34287,1.45774491238318e-05
34286,1.45494510805929e-05
34285,1.45214963738617e-05
34284,1.44935849605207e-05
34283,1.44657167974422e-05
34282,1.44378918414882e-05
34281,1.44101100495105e-05
34280,1.4382371378351e-05
34279,1.43555969823254e-05
34278,1.43288629559968e-05
34277,1.43021692597055e-05
34276,1.42755158537847e-05
34275,1.42489026985606e-05
34274,1.42223297543525e-05
34273,1.4195796981473e-05
34272,1.41693043402281e-05
34271,1.41428517909173e-05
34270,1.41164392938335e-05
34269,1.40900668092637e-05
34268,1.40637342974885e-05
34267,1.40374417187824e-05
34266,1.40111890334144e-05
34265,1.39849762016473e-05
34264,1.39588031837383e-05
34263,1.39326699399394e-05
34262,1.39065764304966e-05
34261,1.3880522615651e-05
34260,1.38545084556384e-05
34259,1.38284280386143e-05
34258,1.3802387371534e-05
34257,1.37763864147726e-05
34256,1.37504251286993e-05
34255,1.37245034736774e-05
34254,1.36986214100647e-05
34253,1.36727788982132e-05
34252,1.36469758984695e-05
34251,1.36212123711749e-05
34250,1.35954882766651e-05
34249,1.35698035752712e-05
34248,1.35441582273191e-05
34247,1.35185521931295e-05
34246,1.34929854330187e-05
34245,1.34674579072982e-05
34244,1.3441969576275e-05
34243,1.34165204002516e-05
34242,1.33911103395263e-05
34241,1.3365739354393e-05
34240,1.33404074051418e-05
34239,1.33166462489531e-05
34238,1.32929194724358e-05
34237,1.32692270426615e-05
34236,1.32455689266996e-05
34235,1.32219450916163e-05
34234,1.31983555044753e-05
34233,1.31748001323376e-05
34232,1.31512789422619e-05
34231,1.31277919013044e-05
34230,1.3104338976519e-05
34229,1.30809201349572e-05
34228,1.30575353436685e-05
34227,1.30341845697002e-05
34226,1.30108677800978e-05
34225,1.29875849419046e-05
34224,1.29643360221623e-05
34223,1.29411209879107e-05
34222,1.29179398061879e-05
34221,1.28947924440307e-05
34220,1.2871678868474e-05
34219,1.28499853019886e-05
34218,1.2828321468493e-05
34217,1.2806687340912e-05
34216,1.27850828921684e-05
34215,1.27635080951835e-05
34214,1.2741962922877e-05
34213,1.27204473481668e-05
34212,1.26989613439698e-05
34211,1.2677504883201e-05
34210,1.26560779387742e-05
34209,1.2634680483602e-05
34208,1.26133124905955e-05
34207,1.25919739326649e-05
34206,1.2570664782719e-05
34205,1.25493850136657e-05
34204,1.25281345984119e-05
34203,1.25069135098634e-05
34202,1.24857217209253e-05
34201,1.24645592045016e-05
34200,1.24434259334958e-05
34199,1.24221235903933e-05
34198,1.24008510834925e-05
34197,1.23796083849352e-05
34196,1.23583954668608e-05
34195,1.2337212301407e-05
34194,1.2316058860709e-05
34193,1.22949351169005e-05
34192,1.22738410421129e-05
34191,1.22527766084759e-05
34190,1.22317417881174e-05
34189,1.22107365531635e-05
34188,1.21897608757388e-05
34187,1.21688147279664e-05
34186,1.21478980819675e-05
34185,1.21270109098622e-05
34184,1.2106153183769e-05
34183,1.20853248758053e-05
34182,1.20645259580871e-05
34181,1.20437564027292e-05
34180,1.20230161818453e-05
34179,1.20028186898449e-05
34178,1.19826494215247e-05
34177,1.19625083502387e-05
34176,1.19423954493391e-05
34175,1.19223106921754e-05
34174,1.19022540520952e-05
34173,1.1882225502444e-05
34172,1.1862225016565e-05
34171,1.18422525677997e-05
34170,1.18223081294875e-05
34169,1.1802391674966e-05
34168,1.17825031775713e-05
34167,1.17626426106373e-05
34166,1.17428099474967e-05
34165,1.17230051614803e-05
34164,1.17032282259176e-05
34163,1.16834791141368e-05
34162,1.16637577994643e-05
34161,1.16440642552257e-05
34160,1.16243984547449e-05
34159,1.16067247501848e-05
34158,2.16718211387127e-05
34157,2.17600033984206e-05
34156,2.18495027078175e-05
34155,2.19403362838706e-05
34154,2.20325215830092e-05
34153,2.21260763044502e-05
34152,2.22210183935659e-05
34151,2.23173660452968e-05
34150,2.2415137707608e-05
34149,2.25143520849901e-05
34148,2.26150281420059e-05
34147,2.27171851068823e-05
34146,2.28208424751485e-05
34145,2.29260200133207e-05
34144,2.30327377626338e-05
34143,2.31410160428206e-05
34142,2.3250875455939e-05
34141,2.33623368902479e-05
34140,2.34754215241312e-05
34139,2.35673980520156e-05
34138,2.36606618632944e-05
34137,2.37552297091218e-05
34136,2.38511185792554e-05
34135,2.39483457055289e-05
34134,2.40469285653802e-05
34133,2.41468848854256e-05
34132,2.42482326450836e-05
34131,2.43509900802527e-05
34130,2.44551756870348e-05
34129,2.4560808225516e-05
34128,2.46679067235961e-05
34127,2.47764904808729e-05
34126,2.48865790725816e-05
34125,2.49981923535827e-05
34124,2.51113504624114e-05
34123,2.52260738253788e-05
34122,2.53423831607296e-05
34121,2.54602994828594e-05
34120,2.55798441065828e-05
34119,2.57076898782423e-05
34118,2.58372204637516e-05
34117,2.59684569506858e-05
34116,2.61014207035352e-05
34115,2.62361333672771e-05
34114,2.63726168709776e-05
34113,2.65108934314421e-05
34112,2.6650985556908e-05
34111,2.67929160507709e-05
34110,2.69367080153659e-05
34109,2.70823848557788e-05
34108,2.72299702837088e-05
34107,2.73794883213741e-05
34106,2.75309633054533e-05
34105,2.7684419891082e-05
34104,2.78398830558827e-05
34103,2.79973781040457e-05
34102,2.81569306704558e-05
34101,2.83185667248551e-05
34100,2.84823125760634e-05
34099,2.86305527477285e-05
34098,2.87804750695999e-05
34097,2.89320978986671e-05
34096,2.90854397965004e-05
34095,2.92405195314101e-05
34094,2.93973560806255e-05
34093,2.95559686324917e-05
34092,2.97163765886861e-05
34091,2.98785995664534e-05
34090,3.004265740086e-05
34089,3.02085701470669e-05
34088,3.03763580826224e-05
34087,3.05460417097733e-05
34086,3.07176417577954e-05
34085,3.08911791853439e-05
34084,3.10666751828222e-05
34083,3.12441511747701e-05
34082,3.14236288222721e-05
34081,3.16051300253836e-05
34080,3.17886769255781e-05
34079,3.20103426647137e-05
34078,3.22346791752885e-05
34077,3.24617161569229e-05
34076,3.2691483621358e-05
34075,3.29240118952237e-05
34074,3.31593316228095e-05
34073,3.33974737688537e-05
34072,3.36384696213447e-05
34071,3.38823507943293e-05
34070,3.41291492307444e-05
34069,3.43788972052492e-05
34068,3.46316273270751e-05
34067,3.4887372542886e-05
34066,3.51461661396452e-05
34065,3.54080417475038e-05
34064,3.56730333426886e-05
34063,3.59411752504056e-05
34062,3.62125021477542e-05
34061,3.64870490666438e-05
34060,3.67648513967335e-05
34059,3.71019685136683e-05
34058,3.74432051378821e-05
34057,3.77886021822834e-05
34056,3.81382008576297e-05
34055,3.84920426730613e-05
34054,3.88501694366076e-05
34053,3.92126232556664e-05
34052,3.95794465374542e-05
34051,2.99455338375395e-05
34050,3.03334126413476e-05
34049,3.07257776078009e-05
34048,3.11226723561595e-05
34047,3.15241408073144e-05
34046,3.19302271840602e-05
34045,3.2340976011333e-05
34044,3.27564321164187e-05
34043,3.31766406291271e-05
34042,3.36016469819329e-05
34041,3.40314969100831e-05
34040,3.44662364516696e-05
34039,3.48646486063936e-05
34038,3.52670346962677e-05
34037,3.56734260924817e-05
34036,3.6083854311617e-05
34035,3.64983510150377e-05
34034,3.6916948008288e-05
34033,3.73396772404522e-05
34032,3.77665708034936e-05
34031,3.81976609315921e-05
34030,3.86329800004333e-05
34029,3.90725605265042e-05
34028,3.9516435166351e-05
34027,3.99646367158139e-05
34026,4.04171981092609e-05
34025,4.08741524187712e-05
34024,4.13355328533264e-05
34023,4.18013727579601e-05
34022,4.22717056128861e-05
34021,4.27465650326244e-05
34020,4.32259847650749e-05
34019,4.37442813328605e-05
34018,4.42677350437238e-05
34017,4.47963831038361e-05
34016,4.53302628131159e-05
34015,4.58694115632095e-05
34014,4.6413866835477e-05
34013,4.69636661989258e-05
34012,4.75188473081153e-05
34011,4.80794479010533e-05
34010,4.86455057970311e-05
34009,4.92170588944614e-05
34008,4.97941451686643e-05
34007,5.03768026696248e-05
34006,5.09650695197422e-05
34005,5.15589839115163e-05
34004,5.21585841052386e-05
34003,5.27639084266311e-05
34002,5.33749952644541e-05
34001,5.39918830681101e-05
34000,5.4614610345181e-05
33999,5.51684466084975e-05
33998,5.57270199768391e-05
33997,5.62903606978689e-05
33996,5.68584990984652e-05
33995,5.74314655836139e-05
33994,5.80092906352579e-05
33993,5.85920048111423e-05
33992,5.91796387436411e-05
33991,5.97722231385535e-05
33990,6.03697887739085e-05
33989,6.09723664987261e-05
33988,6.15799872317721e-05
33987,6.2192681960297e-05
33986,6.28104817387412e-05
33985,6.34334176874516e-05
33984,6.40615209913504e-05
33983,6.46948228986014e-05
33982,6.53333547192566e-05
33981,6.59771478238711e-05
33980,6.66262336421282e-05
33979,6.73258451301314e-05
33978,6.80313704463614e-05
33977,6.87428425856954e-05
33976,6.9460294538777e-05
33975,7.01837592896692e-05
33974,7.0913269813456e-05
33973,7.16488590738407e-05
33972,7.2390560020724e-05
33971,7.31384055877476e-05
33970,7.38924286898495e-05
33969,7.46526622207688e-05
33968,7.54191390505474e-05
33967,7.61918920230124e-05
33966,7.69709539532239e-05
33965,7.7756357624936e-05
33964,7.85481357880074e-05
33963,7.9346321155809e-05
33962,8.01509464026145e-05
33961,8.09620441609538e-05
33960,8.17796470189847e-05
33959,8.24505558445754e-05
33958,8.31264716798438e-05
33957,8.38074256699008e-05
33956,8.44934490781118e-05
33955,8.51845732856096e-05
33954,8.58808297907544e-05
33953,8.65822502085971e-05
33952,8.72888662703257e-05
33951,8.80007098226773e-05
33950,8.87178128273711e-05
33949,8.94402073604872e-05
33948,9.01679256118476e-05
33947,9.09009998843807e-05
33946,9.16394625934487e-05
33945,9.23833462661969e-05
33944,9.31326835408476e-05
33943,9.38875071659942e-05
33942,9.46478499998796e-05
33941,9.54137450096355e-05
33940,9.61852252705437e-05
33939,9.67400812634052e-05
33938,9.72985049159894e-05
33937,9.78605191108034e-05
33936,9.84261468569657e-05
33935,9.89954112905058e-05
33934,9.95683356746992e-05
33933,0.000100144943400375
33932,0.000100725257986218
33931,0.000101309303079087
33930,0.000101897102454281
33929,0.000102488680015847
33928,0.000103084059796853
33927,0.000103683265959663
33926,0.000104286322796214
33925,0.00010489325472826
33924,0.000105504086307635
33923,0.000106118842216499
33922,0.00010673754726757
33921,0.000107360226404376
33920,0.000107986904701447
33919,0.00010867944640312
33918,0.000109376724585122
33917,0.000110078770336914
33916,0.000110785614910379
33915,0.000111497289719944
33914,0.000112213826342681
33913,0.000112935256518409
33912,0.000113661612149764
33911,0.000114392925302269
33910,0.000115129228204385
33909,0.000115870553247539
33908,0.000116616932986152
33907,0.00011736840013764
33906,0.000118124987582402
33905,0.000118886728363794
33904,0.000119653655688089
33903,0.000120425802924413
33902,0.000121203203604669
33901,0.000121985891423449
33900,0.000122773900237917
33899,0.000123497883430215
33898,0.000124226488611994
33897,0.000124959744048986
33896,0.000125697678140108
33895,0.00012644031941739
33894,0.000127187696545942
33893,0.000127939838323883
33892,0.00012869677368225
33891,0.000129458531684932
33890,0.000130225141528526
33889,0.000130996632542242
33888,0.000131773034187759
33887,0.000132554376059076
33886,0.000133340687882366
33885,0.000134131999515773
33884,0.000134928340949236
33883,0.000135729742304279
33882,0.000136536233833787
33881,0.000137347845921787
33880,0.000138164609083166
33879,0.000139332082081166
33878,0.000140507669527204
33877,0.000141691408677676
33876,0.000142883336751459
33875,0.000144083490927127
33874,0.000145291908340092
33873,0.000146508626079736
33872,0.000147733681186527
33871,0.000148967110649076
33870,0.000150208951401223
33869,0.000151459240319048
33868,0.000152718014217874
33867,0.000153985309849252
33866,0.000155261163897886
33865,0.000156545612978593
33864,0.000157838693633184
33863,0.000159140442327331
33862,0.000160450895447433
33861,0.000161770089297404
33860,0.000163098060095509
33859,0.0001644149648103
33858,0.000165740032054484
33857,0.000167073287949922
33856,0.000168414758461148
33855,0.000169764469392549
33854,0.000171122446385534
33853,0.000172488714915695
33852,0.00017386330028995
33851,0.000175246227643688
33850,0.000176637521937894
33849,0.000178037207956267
33848,0.00017944531030233
33847,0.000180861853396532
33846,0.000182286861473333
33845,0.000183720358578288
33844,0.000185162368565122
33843,0.000186612915092788
33842,0.000188072021622526
33841,0.00018953971141491
33840,0.000191016007526883
33839,0.000192798955361679
33838,0.000194594368276583
33837,0.000196402284916078
33836,0.000198222743475168
33835,0.000200055781691962
33834,0.000201901436840134
33833,0.000203759745721436
33832,0.000205630744658192
33831,0.0002075144694857
33830,0.000209410955544728
33829,0.000211320237673886
33828,0.00021324235020205
33827,0.000215177326940781
33826,0.000217125201176647
33825,0.000219086005663652
33824,0.000221059772615534
33823,0.000223046533698132
33822,0.000225046320021744
33821,0.000227059162133392
33820,0.000229085090009206
33819,0.000231010508314766
33818,0.000232947649310444
33817,0.000234896536808994
33816,0.000236857194145135
33815,0.000238829644169696
33814,0.000240813909243874
33813,0.000242810011233419
33812,0.0002448179715028
33811,0.000246837810909479
33810,0.000248869549798034
33809,0.000250913207994432
33808,0.000252968804800205
33807,0.000255036358986635
33806,0.000257115888789029
33805,0.000259207411900862
33804,0.000261310945468064
33803,0.000263426506083218
33802,0.00026555410977977
33801,0.000267693772026331
33800,0.000269845507720851
33799,0.000272343435677221
33798,0.000274856688234147
33797,0.000277385268399272
33796,0.00027992917803264
33795,0.000282488417837538
33794,0.000285062987351499
33793,0.000287652884937354
33792,0.000290258107774367
33791,0.0002928786518495
33790,0.000295514511948678
33789,0.000298165681648238
33788,0.000300832153306425
33787,0.000303513918054979
33786,0.000306210965790878
33785,0.000308923285168072
33784,0.000311650863589419
33783,0.000314393687198681
33782,0.000317151740872615
33781,0.000319925008213234
33780,0.000322713471540062
33779,0.000325597019308624
33778,0.000328495723076651
33777,0.000331409541045236
33776,0.000334338429885439
33775,0.000337282344733679
33774,0.000340241239187425
33773,0.000343215065301033
33772,0.000346203773581781
33771,0.000349207312986153
33770,0.000352225630916221
33769,0.000355258673216332
33768,0.000358306384169948
33767,0.000361368706496694
33766,0.000364445581349659
33765,0.000367536948312809
33764,0.000370642745398701
33763,0.000373762909046374
33762,0.000376897374119433
33761,0.000380046073904416
33760,0.000383208940109256
33759,0.000386626002448952
33758,0.000390060589243494
33757,0.000393512635733522
33756,0.000396982075067385
33755,0.000400468838293922
33754,0.000403972854355395
33753,0.000407494050080755
33752,0.000411032350179185
33751,0.00041458767723386
33750,0.000418159951696114
33749,0.00042174909187977
33748,0.000425355013955814
33747,0.00042897763194737
33746,0.000432616857724897
33745,0.000436272601001816
33744,0.0004399447693303
33743,0.000443633268097446
33742,0.000447338000521729
33741,0.000451058867649724
33740,0.000454795768353241
33739,0.000458548599326667
33738,0.000462317255084666
33737,0.000466101627960214
33736,0.000469901608102871
33735,0.000473717083477519
33734,0.000477547939863284
33733,0.000481394060852853
33732,0.000485255327852116
33731,0.000489131620080073
33730,0.000493022814569206
33729,0.000496928786166048
33728,0.000500849407532156
33727,0.000504784549145425
33726,0.000508734079301665
33725,0.000512697864116657
33724,0.000516675767528419
33723,0.000520667651299877
33722,0.000524673375021887
33721,0.000528692796116526
33720,0.000532725769840878
33719,0.000536578716537687
33718,0.000540448163745689
33717,0.000544334043654048
33716,0.000548236286405248
33715,0.000552154820081852
33714,0.000556089570693278
33713,0.000560040462162802
33712,0.000564007416314718
33711,0.000567990352861599
33710,0.000571989189391869
33709,0.0005760038413574
33708,0.000580034222061372
33707,0.000584080242646304
33706,0.000588141812082207
33705,0.000592218837155069
33704,0.000596311222455398
33703,0.00060041887036703
33702,0.000604541681056148
33701,0.00060867955246043
33700,0.000612832380278569
33699,0.000617000057959848
33698,0.000621182476694029
33697,0.000625379525401452
33696,0.000629591090723306
33695,0.000633817057012269
33694,0.000638057306323255
33693,0.000642311718404471
33692,0.00064658017068872
33691,0.000650862538284895
33690,0.000655158693969866
33689,0.000659468508180492
33688,0.000663791849005967
33687,0.000668128582180439
33686,0.000672478571075833
33685,0.000676841676695099
33684,0.000681217757665597
33683,0.000685606670232848
33682,0.000690008268254576
33681,0.000694422403194967
33680,0.000698848924119396
33679,0.000702894360071568
33678,0.000706948423742625
33677,0.000711010982010961
33676,0.000715081900233243
33675,0.000719161042245971
33674,0.000723248270367389
33673,0.000727343445399505
33672,0.000731446426630317
33671,0.000735557071836306
33670,0.00073967523728498
33669,0.000743800777737766
33668,0.000747933546453037
33667,0.000752073395189325
33666,0.000756220174208833
33665,0.000760373732280985
33664,0.000764533916686337
33663,0.000768700573220628
33662,0.000772873546199024
33661,0.000777052678460663
33660,0.000781237811373242
33659,0.000785207016113205
33658,0.000789181417356074
33657,0.000793160877445596
33656,0.000797145257547329
33655,0.00080113441765292
33654,0.000805128216584299
33653,0.000809126511998182
33652,0.000813129160390748
33651,0.000817136017102289
33650,0.000821146936322281
33649,0.000825161771094359
33648,0.000829180373321615
33647,0.000833202593772058
33646,0.000837228282084068
33645,0.000841257286772255
33644,0.000845289455233236
33643,0.000849324633751733
33642,0.000853362667506836
33641,0.000857403400578261
33640,0.000861446675953015
33639,0.000865045687891939
33638,0.000868643117894854
33637,0.000872238832371614
33636,0.000875832697414184
33635,0.000879424578805568
33634,0.000883014342028625
33633,0.000886601852275012
33632,0.00089018697445418
33631,0.000893769573202328
33630,0.000897349512891564
33629,0.000900926657638959
33628,0.000904500871315711
33627,0.000908072017556362
33626,0.00091163995976797
33625,0.000915204561139489
33624,0.00091876568465102
33623,0.000922323193083184
33622,0.000925876949026539
33621,0.000929426814890941
33620,0.000932972652915117
33619,0.000935847354623968
33618,0.000938718931870232
33617,0.000941587309444749
33616,0.000944452412103805
33615,0.000947314164572845
33614,0.000950172491549958
33613,0.000953027317709522
33612,0.000955878567705856
33611,0.000958726166176718
33610,0.000961570037747051
33609,0.000964410107032492
33608,0.00096724629864304
33607,0.000970078537186742
33606,0.000972906747273212
33605,0.000975730853517397
33604,0.000978550780543109
33603,0.000981366452986719
33602,0.000984177795500852
33601,0.000986984732757932
33600,0.000989787189453958
33599,0.000991965548953211
33598,0.000994142149300249
33597,0.000996316957907585
33596,0.000998489942151806
33595,0.00100066106937436
33594,0.00100283030688233
33593,0.00100499762194924
33592,0.00100716298181582
33591,0.00100932635369085
33590,0.0010114877047519
33589,0.00101364700214613
33588,0.00101580421299116
33587,0.00101795930437581
33586,0.00102011224336091
33585,0.00102226299698016
33584,0.00102441153224088
33583,0.00102655781612486
33582,0.0010287018155892
33581,0.00103084349756706
33580,0.00103298282896857
33579,0.00103473835727272
33578,0.00103649331910686
33577,0.00103824769815351
33576,0.00104000147805612
33575,0.0010417546424193
33574,0.00104350717480894
33573,0.00104525905875239
33572,0.0010470102777387
33571,0.00104876081521867
33570,0.00105051065460517
33569,0.00105225977927322
33568,0.00105400817256018
33567,0.00105575581776602
33566,0.00105750269815335
33565,0.00105924879694778
33564,0.00106099409733796
33563,0.00106273858247585
33562,0.0010644822354769
33561,0.0010662250394202
33560,0.00106796697734874
33559,0.00106907588478898
33558,0.00107018466104935
33557,0.00107129330197835
33556,0.0010724018034161
33555,0.00107351016119435
33554,0.00107461837113655
33553,0.00107572642905778
33552,0.00107683433076485
33551,0.00107794207205622
33550,0.00107904964872211
33549,0.00108015705654443
33548,0.00108126429129685
33547,0.00108237134874477
33546,0.00108347822464538
33545,0.00108458491474763
33544,0.00108569141479226
33543,0.00108679772051184
33542,0.00108790382763073
33541,0.00108900973186515
33540,0.00109011542892315
33539,0.00109095128469754
33538,0.00109178661831855
33537,0.00109262142760595
33536,0.00109345571037957
33535,0.00109428946445921
33534,0.00109512268766471
33533,0.00109595537781596
33532,0.00109678753273286
33531,0.00109761915023543
33530,0.00109845022814369
33529,0.00109928076427775
33528,0.00110011075645782
33527,0.00110094020250418
33526,0.00110176910023724
33525,0.00110259744747749
33524,0.00110342524204557
33523,0.00110425248176221
33522,0.00110507916444831
33521,0.00110590528792492
33520,0.00110673085001323
33519,0.00110749006421035
33518,0.00110824817336358
33517,0.00110900517535096
33516,0.00110976106805619
33515,0.00111051584936856
33514,0.00111126951718301
33513,0.00111202206940014
33512,0.00111277350392621
33511,0.00111352381867319
33510,0.0011142730115587
33509,0.00111502108050606
33508,0.0011157680234443
33507,0.00111651383830816
33506,0.00111725852303814
33505,0.00111800207558044
33504,0.00111874449388702
33503,0.00111948577591559
33502,0.00112022591962963
33501,0.00112096492299841
33500,0.00112170278399697
33499,0.00112223756656808
33498,0.00112277159551765
33497,0.00112330487002235
33496,0.00112383738926146
33495,0.00112436915241696
33494,0.00112490015867343
33493,0.00112543040721812
33492,0.00112595989724097
33491,0.00112648862793452
33490,0.00112701659849403
33489,0.00112754380811736
33488,0.00112807025600507
33487,0.00112859594136039
33486,0.00112912086338917
33485,0.00112964502129999
33484,0.00113016841430405
33483,0.00113069104161522
33482,0.00113121290245009
33481,0.00113173399602786
33480,0.00113225432157047
33479,0.00113324650483699
33478,0.00113423768833061
33477,0.00113522786790854
33476,0.00113621703942934
33475,0.00113720519875294
33474,0.00113819234174067
33473,0.0011391784642553
33472,0.00114016356216105
33471,0.00114114763132364
33470,0.00114213066761029
33469,0.00114311266688978
33468,0.00114409362503245
33467,0.00114507353791027
33466,0.00114605240139679
33465,0.00114703021136728
33464,0.00114800696369865
33463,0.00114898265426955
33462,0.00114995727896038
33461,0.00115093083365329
33460,0.00115190331423226
33459,0.00115295695827647
33458,0.00115401011236659
33457,0.00115506277193787
33456,0.00115611493241894
33455,0.00115716658923185
33454,0.00115821773779205
33453,0.00115926837350848
33452,0.00116031849178352
33451,0.00116136808801304
33450,0.00116241715758644
33449,0.00116346569588664
33448,0.00116451369829014
33447,0.001165561160167
33446,0.00116660807688088
33445,0.00116765444378909
33444,0.00116870025624256
33443,0.0011697455095859
33442,0.00117079019915741
33441,0.00117183432028912
33440,0.00117287786830679
33439,0.00117439059900283
33438,0.00117590263642756
33437,0.00117741396690828
33436,0.00117892457673298
33435,0.00118043445215027
33434,0.00118194357936962
33433,0.00118345194456142
33432,0.001184959533857
33431,0.00118646633334888
33430,0.00118797232909075
33429,0.00118947750709767
33428,0.00119098185334612
33427,0.00119248535377413
33426,0.00119398799428141
33425,0.00119548976072942
33424,0.00119699063894155
33423,0.00119849061470322
33422,0.0011999896737619
33421,0.00120148780182742
33420,0.00120298498457189
33419,0.0012048579805914
33418,0.00120673099695923
33417,0.00120860400730146
33416,0.00121047698508927
33415,0.00121234990363903
33414,0.00121422273611222
33413,0.00121609545551551
33412,0.00121796803470087
33411,0.00121984044636543
33410,0.00122171266305174
33409,0.0012235846571477
33408,0.00122545640088668
33407,0.00122732786634763
33406,0.00122919902545513
33405,0.00123106984997955
33404,0.0012329403115371
33403,0.00123481038159001
33402,0.00123668003144668
33401,0.00123854923226174
33400,0.00124041795503634
33399,0.00124254919149719
33398,0.00124467781735755
33397,0.0012468037866428
33396,0.00124892705322545
33395,0.00125104757082623
33394,0.00125316529301513
33393,0.00125528017321249
33392,0.00125739216469009
33391,0.00125950122057229
33390,0.00126160729383715
33389,0.00126371033731756
33388,0.00126581030370241
33387,0.00126790714553782
33386,0.00127000081522826
33385,0.00127209126503783
33384,0.00127417844709144
33383,0.0012762623133761
33382,0.00127834281574215
33381,0.00128041990590455
33380,0.00128249353544421
33379,0.00128479912647759
33378,0.00128709779378644
33377,0.00128938946636801
33376,0.00129167407317297
33375,0.00129395154310843
33374,0.00129622180504111
33373,0.00129848478780046
33372,0.00130074042018183
33371,0.00130298863094966
33370,0.00130522934884067
33369,0.0013074625025671
33368,0.00130968802081995
33367,0.00131190583227217
33366,0.00131411586558205
33365,0.00131631804939639
33364,0.00131851231235391
33363,0.00132069858308854
33362,0.00132287679023271
33361,0.00132504686242083
33360,0.00132720872829254
33359,0.00132939825673182
33358,0.00133157657827692
33357,0.00133374361485642
33356,0.00133589928859612
33355,0.00133804352182347
33354,0.00134017623707198
33353,0.00134229735708556
33352,0.00134440680482302
33351,0.00134650450346235
33350,0.00134859037640527
33349,0.00135066434728147
33348,0.00135272633995317
33347,0.00135477627851943
33346,0.00135681408732058
33345,0.00135883969094266
33344,0.00136085301422177
33343,0.00136285398224848
33342,0.00136484252037231
33341,0.001366818554206
33340,0.00136878200963003
33339,0.00137087646482117
33338,0.00137295244588723
33337,0.00137500985924373
33336,0.00137704861204543
33335,0.00137906861219327
33334,0.00138106976834134
33333,0.0013830519899037
33332,0.00138501518706128
33331,0.00138695927076861
33330,0.00138888415276055
33329,0.00139078974555896
33328,0.00139267596247937
33327,0.00139454271763748
33326,0.0013963899259557
33325,0.00139821750316963
33324,0.00140002536583444
33323,0.00140181343133121
33322,0.00140358161787324
33321,0.00140532984451226
33320,0.00140705803114463
33319,0.00140884499982516
33318,0.00141060469037369
33317,0.00141233701458663
33316,0.00141404188595041
33315,0.00141571921964845
33314,0.00141736893256805
33313,0.00141899094330705
33312,0.00142058517218029
33311,0.00142215154122592
33310,0.00142368997421152
33309,0.00142520039664
33308,0.0014266827357554
33307,0.00142813692054835
33306,0.00142956288176151
33305,0.00143096055189472
33304,0.00143232986520999
33303,0.0014336707577363
33302,0.00143498316727422
33301,0.00143626703340032
33300,0.0014375222974714
33299,0.00143890826085038
33298,0.0014402664844251
33297,0.00144159688714688
33296,0.00144289938957706
33295,0.00144417391389489
33294,0.00144542038390528
33293,0.00144663872504638
33292,0.00144782886439703
33291,0.00144899073068403
33290,0.00145012425428924
33289,0.00145122936725655
33288,0.00145230600329866
33287,0.00145335409780369
33286,0.00145437358784171
33285,0.00145536441217092
33284,0.0014563265112439
33283,0.00145725982721352
33282,0.0014581643039387
33281,0.00145903988699013
33280,0.00145988652365563
33279,0.00146067852471497
33278,0.00146142963165136
33277,0.00146213980934317
33276,0.00146280902617236
33275,0.00146343725402498
33274,0.00146402446829113
33273,0.00146457064786441
33272,0.00146507577514091
33271,0.00146553983601765
33270,0.00146596281989056
33269,0.00146634471965194
33268,0.00146668553168743
33267,0.0014669852558725
33266,0.00146724389556839
33265,0.00146746145761767
33264,0.00146763795233917
33263,0.00146777339352255
33262,0.00146786779842227
33261,0.00146792118775117
33260,0.00146793358567354
33259,0.00146790501979764
33258,0.00146783552116786
33257,0.0014677251242563
33256,0.00146757386695397
33255,0.00146738179056142
33254,0.00146714893977897
33253,0.00146687536269648
33252,0.0014665611107826
33251,0.00146620623887363
33250,0.00146581080516185
33249,0.00146537487118346
33248,0.00146489850180603
33247,0.00146438176521553
33246,0.0014638247329029
33245,0.00146322747965018
33244,0.00146259008351617
33243,0.00146191262582176
33242,0.00146119519113471
33241,0.00146043786725405
33240,0.0014596407451941
33239,0.00145893983141893
33238,0.0014581947508497
33237,0.00145740557150836
33236,0.00145657236541751
33235,0.00145569520858943
33234,0.00145477418101455
33233,0.00145380936664926
33232,0.00145280085340317
33231,0.00145174873312578
33230,0.00145065310159249
33229,0.00144951405849015
33228,0.00144833170740183
33227,0.00144710615579122
33226,0.00144583751498633
33225,0.00144452590016259
33224,0.00144317143032548
33223,0.00144177422829247
33222,0.00144033442067455
33221,0.00143885213785703
33220,0.00143732751397989
33219,0.00143552288851964
33218,0.0014336732428688
33217,0.00143177879100887
33216,0.00142983975094291
33215,0.00142785634465514
33214,0.00142582879806981
33213,0.00142375734100967
33212,0.00142164220715389
33211,0.00141948363399534
33210,0.00141728186279754
33209,0.00141503713855097
33208,0.00141274970992897
33207,0.00141041982924313
33206,0.00140804775239823
33205,0.00140563373884672
33204,0.00140317805154275
33203,0.00140068095689576
33202,0.00139814272472372
33201,0.0013955636282058
33200,0.00139294394383485
33199,0.0013904323032742
33198,0.00138787892299434
33197,0.0013852840497308
33196,0.00138264793390767
33195,0.00137997082959744
33194,0.00137725299448017
33193,0.00137449468980218
33192,0.00137169618033423
33191,0.0013688577343292
33190,0.00136597962347926
33189,0.00136306212287255
33188,0.00136010551094939
33187,0.00135711006945808
33186,0.00135407608341015
33185,0.00135100384103522
33184,0.00134789363373543
33183,0.0013447457560394
33182,0.00134156050555585
33181,0.00133833818292671
33180,0.00133507909177994
33179,0.00133219109924356
33178,0.00132926576290824
33177,0.00132630329988668
33176,0.00132330393087729
33175,0.00132026788013668
33174,0.00131719537545167
33173,0.00131408664811049
33172,0.00131094193287354
33171,0.00130776146794341
33170,0.0013045454949343
33169,0.0013012942588409
33168,0.00129800800800661
33167,0.00129468699409118
33166,0.00129133147203778
33165,0.00128794170003944
33164,0.00128451793950496
33163,0.00128106045502424
33162,0.00127756951433298
33161,0.00127404538827699
33160,0.00127048835077572
33159,0.00126643120301997
33158,0.00126233857597118
33157,0.00125821086575504
33156,0.00125404847156807
33155,0.00124985179561146
33154,0.00124562124302466
33153,0.00124135722181848
33152,0.00123706014280759
33151,0.00123273041954291
33150,0.00122836846824325
33149,0.00122397470772688
33148,0.00121954955934251
33147,0.0012150934469
33146,0.00121060679660078
33145,0.00120609003696785
33144,0.00120154359877555
33143,0.00119696791497906
33142,0.00119236342064347
33141,0.00118773055287289
33140,0.001183069750739
33139,0.0011784372802175
33138,0.00117378534090724
33137,0.00116911433511242
33136,0.00116442466504195
33135,0.00115971673275575
33134,0.00115499094011109
33133,0.00115024768870951
33132,0.00114548737984407
33131,0.00114071041444675
33130,0.00113591719303657
33129,0.0011311081156677
33128,0.00112628358187826
33127,0.00112144399063943
33126,0.00111658974030481
33125,0.00111172122856046
33124,0.0011068388523751
33123,0.00110194300795086
33122,0.00109703409067456
33121,0.00109211249506915
33120,0.00108717861474593
33119,0.00108245565729762
33118,0.00107772232076178
33117,0.00107297894479581
33116,0.00106822586812126
33115,0.00106346342848773
33114,0.00105869196263735
33113,0.00105391180626949
33112,0.00104912329400594
33111,0.00104432675935643
33110,0.0010395225346845
33109,0.00103471095117386
33108,0.00102989233879505
33107,0.00102506702627256
33106,0.00102023534105238
33105,0.0010153976092698
33104,0.00101055415571782
33103,0.00100570530381583
33102,0.00100085137557875
33101,0.000995992691586677
33100,0.000991129570954722
33099,0.000986238045634407
33098,0.000981345144767546
33097,0.000976451172568988
33096,0.000971556431171935
33095,0.000966661220606439
33094,0.000961765838778579
33093,0.000956870581450078
33092,0.000951975742218433
33091,0.000947081612497652
33090,0.000942188481499331
33089,0.000937296636214422
33088,0.000932406361395424
33087,0.000927517939539088
33086,0.000922631650869719
33085,0.000917747773322811
33084,0.000912866582529366
33083,0.000907988351800628
33082,0.000903113352113324
33081,0.000898241852095484
33080,0.000893374118012601
33079,0.000888512498771182
33078,0.000883650621611004
33077,0.000878788781094992
33076,0.000873927270166565
33075,0.000869066380123121
33074,0.000864206400590078
33073,0.000859347619495236
33072,0.000854490323043535
33071,0.000849634795692296
33070,0.000844781320126696
33069,0.000839930177235824
33068,0.000835081646089052
33067,0.000830236003912822
33066,0.000825393526067923
33065,0.000820554486027017
33064,0.000815719155352745
33063,0.000810887803676169
33062,0.000806060698675627
33061,0.000801238106056093
33060,0.000796420289528793
33059,0.00079206564650511
33058,0.000787715319800209
33057,0.000783369500428748
33056,0.000779028378020164
33055,0.000774692140807693
33054,0.000770360975617462
33053,0.000766035067857897
33052,0.000761714601509363
33051,0.000757399759113954
33050,0.000753090721765692
33049,0.00074878766910078
33048,0.00074449077928819
33047,0.000740200229020474
33046,0.000735916193504726
33045,0.000731638846453956
33044,0.00072736836007852
33043,0.000723104905077878
33042,0.000718848650632577
33041,0.000714599764396395
33040,0.000710358412488876
33039,0.000705902152008797
33038,0.000701454612259189
33037,0.000697015981431308
33036,0.000692586445797617
33035,0.000688166189703569
33034,0.000683755395559691
33033,0.000679354243833992
33032,0.000674962913044686
33031,0.000670581579753224
33030,0.000666210418557638
33029,0.000661849602086202
33028,0.000657499300991393
33027,0.000653159683944177
33026,0.000648830917628586
33025,0.000644513166736617
33024,0.000640206593963424
33023,0.000635911360002827
33022,0.000631627623543117
33021,0.000627355541263164
33020,0.000623095267828823
33019,0.000619111736987059
33018,0.000615140352682477
33017,0.000611181219506535
33016,0.000607234440371614
33015,0.000603300116514357
33014,0.000599378347499023
33013,0.000595469231221105
33012,0.000591572863911109
33011,0.00058768934013844
33010,0.000583818752815606
33009,0.000579961193202442
33008,0.00057611675091057
33007,0.000572285513908025
33006,0.000568467568523976
33005,0.000564662999453741
33004,0.000560871889763826
33003,0.000557094320897181
33002,0.00055333037267862
33001,0.000549580123320312
33000,0.000545843649427566
32999,0.000542184414821639
32998,0.000538540021058447
32997,0.00053491051867666
32996,0.000531295956670779
32995,0.00052769638250147
32994,0.000524111842105842
32993,0.000520542379907886
32992,0.000516988038828987
32991,0.000513448860298451
32990,0.00050992488426425
32989,0.000506416149203696
32988,0.000502922692134261
32987,0.000499444548624464
32986,0.000495981752804755
32985,0.000492534337378604
32984,0.000489102333633512
32983,0.000485685771452148
32982,0.000482284679323549
32981,0.000478899084354302
32980,0.000475529012279911
32979,0.000472541854361981
32978,0.000469567281499127
32977,0.000466605306092125
32976,0.000463655939703971
32975,0.000460719193066972
32974,0.000457795076089651
32973,0.000454883597863797
32972,0.000451984766671525
32971,0.000449098589992218
32970,0.000446225074509673
32969,0.000443364226119059
32968,0.000440516049934016
32967,0.000437680550293757
32966,0.000434857730770047
32965,0.000432047594174383
32964,0.000429250142564982
32963,0.000426465377253899
32962,0.000423693298814153
32961,0.000420933907086717
32960,0.000418187201187709
32959,0.000415359866248792
32958,0.000412547107736513
32957,0.000409748908191372
32956,0.000406965249369365
32955,0.000404196112252705
32954,0.000401441477060699
32953,0.000398701323260446
32952,0.000395975629577504
32951,0.000393264374006611
32950,0.0003905675338222
32949,0.000387885085589023
32948,0.000385217005172627
32947,0.000382563267749763
32946,0.000379923847818869
32945,0.000377298719210329
32944,0.000374687855096841
32943,0.000372091228003627
32942,0.000369508809818585
32941,0.000366940571802497
32940,0.000364386484599014
32939,0.000361921226136073
32938,0.000359468370561417
32937,0.000357027902070802
32936,0.000354599804313896
32935,0.000352184060401094
32934,0.00034978065291014
32933,0.000347389563892852
32932,0.000345010774881814
32931,0.000342644266896946
32930,0.000340290020452208
32929,0.000337948015562127
32928,0.000335618231748403
32927,0.000333300648046494
32926,0.000330995243012068
32925,0.000328701994727595
32924,0.000326420880808746
32923,0.000324151878410885
32922,0.000321894964235523
32921,0.000319650114536649
32920,0.000317417305127182
32919,0.000315196511385251
32918,0.000312987708260542
32917,0.00031079087028062
32916,0.00030860597155712
32915,0.000306432985792062
32914,0.000304271886283981
32913,0.000302122645934135
32912,0.000299985237252677
32911,0.000297859632364698
32910,0.00029574580301639
32909,0.000293643720581024
32908,0.000291553356065006
32907,0.000289474680113887
32906,0.000287407663018253
32905,0.000285352274719724
32904,0.000283308484816777
32903,0.00028127626257063
32902,0.000279255576911094
32901,0.000277246396442298
32900,0.000275248689448513
32899,0.000273136525112127
32898,0.000271037162897494
32897,0.000268950565275307
32896,0.000266876694326992
32895,0.000264815511752062
32894,0.000262766978875544
32893,0.000260731056655283
32892,0.000258707705689188
32891,0.000256696886222525
32890,0.000254698558155025
32889,0.000252712681048079
32888,0.000250739214131789
32887,0.000248778116311982
32886,0.000246829346177246
32885,0.0002448928620058
32884,0.000242968621772435
32883,0.000241056583155318
32882,0.000239156703542754
32881,0.00023726894003997
32880,0.000235393249475732
32879,0.000233675214507808
32878,0.000231966832387934
32877,0.000230268077762097
32876,0.000228578925040155
32875,0.000226899348399517
32874,0.000225229321788892
32873,0.000223568818931974
32872,0.000221917813331114
32871,0.000220276278271019
32870,0.000218644186822344
32869,0.000217021511845359
32868,0.000215408225993544
32867,0.000213804301717184
32866,0.000212209711266966
32865,0.000210624426697498
32864,0.000209048419870876
32863,0.000207481662460194
32862,0.000205924125953048
32861,0.00020437578165504
32860,0.000202836600693204
32859,0.000201457331236668
32858,0.000200086582255953
32857,0.000198724313919997
32856,0.00019737048641472
32855,0.000196025059945536
32854,0.000194687994739917
32853,0.000193359251049867
32852,0.000192038789154378
32851,0.000190726569361872
32850,0.000189422552012546
32849,0.000188126697480752
32848,0.000186838966177305
32847,0.000185559318551754
32846,0.000184287715094666
32845,0.000183024116339789
32844,0.000181768482866267
32843,0.000180520775300777
32842,0.000179280954319638
32841,0.000178048980650919
32840,0.000176824815076448
32839,0.000175697829740866
32838,0.000174577586696341
32837,0.000173464053179738
32836,0.000172357196486863
32835,0.000171256983973753
32834,0.000170163383057958
32833,0.000169076361219787
32832,0.000167995886003546
32831,0.000166921925018741
32830,0.000165854445941278
32829,0.00016479341651462
32828,0.000163738804550944
32827,0.000162690577932265
32826,0.000161648704611545
32825,0.000160613152613777
32824,0.000159583890037059
32823,0.000158560885053633
32822,0.000157544105910922
32821,0.000156533520932532
32820,0.000155529098519245
32819,0.000154830719652069
32818,0.00015413638506296
32817,0.000153446070430954
32816,0.000152759751561196
32815,0.000152077404384681
32814,0.000151399004958073
32813,0.000150724529463461
32812,0.000150053954208103
32811,0.000149387255624222
32810,0.000148724410268707
32809,0.000148065394822899
32808,0.000147410186092302
32807,0.000146758761006296
32806,0.000146111096617897
32805,0.000145467170103422
32804,0.000144826958762242
32803,0.000144190440016459
32802,0.000143557591410586
32801,0.000142928390611279
32800,0.000142302815406968
32799,0.000141760642510102
32798,0.000141221075323275
32797,0.00014068410079159
32796,0.000140149705917906
32795,0.0001396178777627
32794,0.000139088603443966
32793,0.0001385618701371
32792,0.00013803766507477
32791,0.00013751597554682
32790,0.000136996788900113
32789,0.00013648009253843
32788,0.000135965873922337
32787,0.000135454120569052
32786,0.000134944820052339
32785,0.000134437960002339
32784,0.000133933528105466
32783,0.000133431512104262
32782,0.000132931899797258
32781,0.000132434679038856
32780,0.00013193983773916
32779,0.000131383964558521
32778,0.00013083036549338
32777,0.000130279032379745
32776,0.000129729957072158
32775,0.00012918313144375
32774,0.000128638547386293
32773,0.000128096196810259
32772,0.000127556071644863
32771,0.000127018163838122
32770,0.000126482465356898
32769,0.000125948968186951
32768,0.000125417664332985
32767,0.000124888545818693
32766,0.000124361604686806
32765,0.000123836832999131
32764,0.000123314222836603
32763,0.000122793766299321
32762,0.000122275455506591
32761,0.000121759282596966
32760,0.000121245239728289
32759,0.000120861191339738
32758,0.000120478250179911
32757,0.000120096413652499
32756,0.000119715679164162
32755,0.000119336044124574
32754,0.000118957505946411
32753,0.000118580062045373
32752,0.000118203709840216
32751,0.000117828446752729
32750,0.000117454270207788
32749,0.000117081177633335
32748,0.000116709166460406
32747,0.000116338234123155
32746,0.00011596837805884
32745,0.000115599595707868
32744,0.000115231884513778
32743,0.000114865241923266
32742,0.000114499665386212
32741,0.000114135152355659
32740,0.000113771700287865
32739,0.000113407990111599
32738,0.000113045207692195
32737,0.000112683351567525
32736,0.000112322420274382
32735,0.000111962412348477
32734,0.000111603326324466
32733,0.000111245160735965
32732,0.000110887914115561
32731,0.000110531584994841
32730,0.000110176171904386
32729,0.000109821673373803
32728,0.000109468087931732
32727,0.000109115414105863
32726,0.000108763650422963
32725,0.000108412795408869
32724,0.00010806284758852
32723,0.000107713805485965
32722,0.000107365667624379
32721,0.000107018432526089
32720,0.000106672098712568
32719,0.000106499269325328
32718,0.000106326664704465
32717,0.000106154284664925
32716,0.000105982129021619
32715,0.000105810197589395
32714,0.000105638490183063
32713,0.000105467006617385
32712,0.000105295746707062
32711,0.000105124710266765
32710,0.000104953897111101
32709,0.000104783307054641
32708,0.000104612939911913
32707,0.000104442795497385
32706,0.000104272873625496
32705,0.000104103174110625
32704,0.000103933696767118
32703,0.000103764441409277
32702,0.00010359540785135
32701,0.000103426595907557
32700,0.000103258005392058
32699,0.000103317014183565
32698,0.000103376044584917
32697,0.000103435096580389
32696,0.000103494170154237
32695,0.0001035532652907
32694,0.000103612381974003
32693,0.00010367152018835
32692,0.000103730679917933
32691,0.000103789861146925
32690,0.000103849063859481
32689,0.000103908288039743
32688,0.000103967533671833
32687,0.000104026800739859
32686,0.000104086089227911
32685,0.000104145399120063
32684,0.000104204730400372
32683,0.00010426408305288
32682,0.000104323457061612
32681,0.000104382852410574
32680,0.00010444226908376
32679,0.00010455529748731
32678,0.000104668424172211
32677,0.000104781649192801
32676,0.000104894972603428
32675,0.000105008394458411
32674,0.000105121914812075
32673,0.000105235533718734
32672,0.000105349251232682
32671,0.00010546306740822
32670,0.00010557698229962
32669,0.000105690995961162
32668,0.000105805108447112
32667,0.000105919319811718
32666,0.000106033630109233
32665,0.000106148039393882
32664,0.000106262547719896
32663,0.000106377155141494
32662,0.000106491861712874
32661,0.00010660666748824
32660,0.00010672157252177
32659,0.000106951680580031
32658,0.000107182186320944
32657,0.000107413090177627
32656,0.000107644392583046
32655,0.000107876093969988
32654,0.000108108194771074
32653,0.000108340695418756
32652,0.000108573596345307
32651,0.000108806897982839
32650,0.000109040600763273
32649,0.000109274705118357
32648,0.000109509211479657
32647,0.000109744120278552
32646,0.000109979431946251
32645,0.000110215146913761
32644,0.000110451265611905
32643,0.000110687788471317
32642,0.000110924715922432
32641,0.000111162048395504
32640,0.000111399786320578
32639,0.000111757154370931
32638,0.000112115437105297
32637,0.000112474635972545
32636,0.000112834752420483
32635,0.000113195787895869
32634,0.000113557743844381
32633,0.000113920621710604
32632,0.000114284422938018
32631,0.000114649148968967
32630,0.000115014801244669
32629,0.000115381381205182
32628,0.000115748890289394
32627,0.000116117329935011
32626,0.000116486701578524
32625,0.000116857006655221
32624,0.00011722824659915
32623,0.000117600422843111
32622,0.000117973536818645
32621,0.000118347589955995
32620,0.000118722583684126
32619,0.000119159944528234
32618,0.00011959893560841
32617,0.000120039562528924
32616,0.000120481830908242
32615,0.000120925746378993
32614,0.000121371314587975
32613,0.000121818541196144
32612,0.000122267431878601
32611,0.000122717992324593
32610,0.000123170228237484
32609,0.000123624145334756
32608,0.000124079749347995
32607,0.000124537046022874
32606,0.000124996041119158
32605,0.000125456740410664
32604,0.000125919149685267
32603,0.000126383274744878
32602,0.000126849121405429
32601,0.000127316695496871
32600,0.000127786002863136
32599,0.000128324049299953
32598,0.000128864301907809
32597,0.000129406768658085
32596,0.000129951457540673
32595,0.000130498376563926
32594,0.000131047533754606
32593,0.000131598937157834
32592,0.000132152594837034
32591,0.000132708514873881
32590,0.000133266705368244
32589,0.000133827174438132
32588,0.000134389930219633
32587,0.00013495498086686
32586,0.000135522334551886
32585,0.000136091999464687
32584,0.000136663983813079
32583,0.000137238295822653
32582,0.000137814943736713
32581,0.000138393935816212
32580,0.000138975280339679
32579,0.000139486951123557
32578,0.000140000500186985
32577,0.000140515933709267
32576,0.000141033257883057
32575,0.000141552478914295
32574,0.000142073603022193
32573,0.000142596636439198
32572,0.000143121585410958
32571,0.000143648456196303
32570,0.000144177255067181
32569,0.000144707988308645
32568,0.000145240662218809
32567,0.000145775283108809
32566,0.000146311857302785
32565,0.00014685039113781
32564,0.000147390890963876
32563,0.000147933363143845
32562,0.000148477814053409
32561,0.000149024250081063
32560,0.000149572677628039
32559,0.00015033936505219
32558,0.000151109085610198
32557,0.000151881845671858
32556,0.000152657651585302
32555,0.000153436509676739
32554,0.000154218426250196
32553,0.000155003407587248
32552,0.000155791459946762
32551,0.000156582589564628
32550,0.000157376802653491
32549,0.000158174105402493
32548,0.000158974503976998
32547,0.000159778004518332
32546,0.00016058461314351
32545,0.000161394335944971
32544,0.000162207178990305
32543,0.000163023148321988
32542,0.000163842249957109
32541,0.000164664489887099
32540,0.000165489874077461
32539,0.000166090293842288
32538,0.000166692851145495
32537,0.000167297552565838
32536,0.000167904404692988
32535,0.000168513414127439
32534,0.000169124587480462
32533,0.000169737931374041
32532,0.000170353452440799
32531,0.000170971157323957
32530,0.000171591052677236
32529,0.000172213145164805
32528,0.000172837441461217
32527,0.000173463948251327
32526,0.000174092672230249
32525,0.00017472362010325
32524,0.000175356798585703
32523,0.000175992214403005
32522,0.000176629874290501
32521,0.000177269784993436
32520,0.000177911953266837
32519,0.000178291859535539
32518,0.000178672709715119
32517,0.000179054506109158
32516,0.00017943725102547
32515,0.000179820946776137
32514,0.000180205595677479
32513,0.000180591200050059
32512,0.000180977762218686
32511,0.000181365284512385
32510,0.000181753769264434
32509,0.000182143218812335
32508,0.000182533635497813
32507,0.000182925021666826
32506,0.000183317379669528
32505,0.000183710711860309
32504,0.000184105020597763
32503,0.000184500308244692
32502,0.000184896577168107
32501,0.000185293829739199
32500,0.000185692068333373
32499,0.000185924691952153
32498,0.00018615794523785
32497,0.000186391830080392
32496,0.000186626348375046
32495,0.000186861502022423
32494,0.000187097292928491
32493,0.000187333723004586
32492,0.000187570794167414
32491,0.000187808508339068
32490,0.000188046867447033
32489,0.000188285873424198
32488,0.00018852552820886
32487,0.000188765833744739
32486,0.000189006791980984
32485,0.000189248404872183
32484,0.000189490674378369
32483,0.000189733602465035
32482,0.000189977191103135
32481,0.000190221442269101
32480,0.000190466357944844
32479,0.000190692836765891
32478,0.000190919750593533
32477,0.000191147100328769
32476,0.000191374886874268
32475,0.000191603111134327
32474,0.000191831774014903
32473,0.000192060876423604
32472,0.000192290419269685
32471,0.000192520403464079
32470,0.000192750829919351
32469,0.00019298169954973
32468,0.000193213013271103
32467,0.000193444772001008
32466,0.000193676976658666
32465,0.000193909628164933
32464,0.000194142727442338
32463,0.000194376275415069
32462,0.000194610273008971
32461,0.000194844721151575
32460,0.000195079620772055
32459,0.000195197240177319
32458,0.000195314972801257
32457,0.000195432818760472
32456,0.000195550778171696
32455,0.000195668851151742
32454,0.000195787037817546
32453,0.000195905338286146
32452,0.000196023752674668
32451,0.000196142281100367
32450,0.000196260923680576
32449,0.000196379680532751
32448,0.000196498551774455
32447,0.000196617537523334
32446,0.000196736637897166
32445,0.000196855853013805
32444,0.00019697518299123
32443,0.000197094627947527
32442,0.000197214188000864
32441,0.00019733386326954
32440,0.000197453653871934
32439,0.000197302683559101
32438,0.000197151786611673
32437,0.000197000963262055
32436,0.000196850213742504
32435,0.000196699538285125
32434,0.00019654893712187
32433,0.000196398410484542
32432,0.000196247958604786
32431,0.000196097581714095
32430,0.000195947280043805
32429,0.000195797053825096
32428,0.000195646903288988
32427,0.000195496828666343
32426,0.000195346830187865
32425,0.000195196908084094
32424,0.000195047062585409
32423,0.000194897293922027
32422,0.000194747602324
32421,0.000194597988021213
32420,0.000194448451243389
32419,0.000194224291938059
32418,0.000194000308354382
32417,0.000193776501265532
32416,0.000193552871443814
32415,0.000193329419660661
32414,0.000193106146686623
32413,0.00019288305329136
32412,0.000192660140243633
32411,0.000192437408311299
32410,0.000192214858261304
32409,0.00019199249085967
32408,0.000191770306871494
32407,0.000191548307060936
32406,0.000191326492191213
32405,0.000191104863024592
32404,0.000190883420322382
32403,0.000190662164844925
32402,0.00019044109735159
32401,0.000190220218600768
32400,0.000189999529349859
32399,0.000189535753215186
32398,0.000189072671891856
32397,0.000188610289575676
32396,0.000188148610446983
32395,0.00018768763867047
32394,0.000187227378395068
32393,0.000186767833753811
32392,0.000186309008863687
32391,0.000185850907825533
32390,0.000185393534723862
32389,0.000184936893626755
32388,0.000184480988585719
32387,0.000184025823635555
32386,0.000183571402794251
32385,0.000183117730062812
32384,0.00018266480942516
32383,0.000182212644847996
32382,0.000181761240280673
32381,0.00018131059965509
32380,0.000180860726885533
32379,0.000180293925179763
32378,0.000179728169271283
32377,0.000179163462334722
32376,0.000178599807520814
32375,0.000178037207956267
32374,0.000177475666743737
32373,0.000176915186961732
32372,0.000176355771664516
32371,0.000175797423882082
32370,0.000175240146620031
32369,0.000174683942859546
32368,0.000174128815557301
32367,0.000173574767645375
32366,0.000173021802031231
32365,0.000172469921597594
32364,0.000171919129202438
32363,0.000171369427678896
32362,0.000170820819835184
32361,0.000170273308454581
32360,0.000169726896295318
32359,0.000169067860618139
32358,0.00016841042890703
32357,0.000167754602840784
32356,0.000167100384067052
32355,0.000166447774202346
32354,0.000165796774832047
32353,0.000165147387510419
32352,0.000164499613760611
32351,0.000163853455074677
32350,0.000163208912913583
32349,0.000162565988707223
32348,0.000161924683854433
32347,0.000161284999723009
32346,0.000160646937649723
32345,0.00016001049894034
32344,0.000159375684869641
32343,0.000158742496681443
32342,0.000158110935588619
32341,0.000157481002773122
32340,0.000156852699386011
32339,0.000156183414797187
32338,0.000155516178788201
32337,0.000154850989218346
32336,0.000154187843928471
32335,0.000153526740741126
32334,0.000152867677460616
32333,0.000152210651873109
32332,0.000151555661746756
32331,0.000150902704831736
32330,0.000150251778860402
32329,0.000149602881547338
32328,0.000148956010589464
32327,0.000148311163666159
32326,0.000147668338439307
32325,0.000147027532553442
32324,0.000146388743635807
32323,0.00014575196929646
32322,0.000145117207128393
32321,0.000144484454707585
32320,0.000143853709593146
32319,0.00014298274770455
32318,0.000142115704098586
32317,0.000141252570893604
32316,0.000140393340155822
32315,0.000139538003899833
32314,0.000138686554089112
32313,0.000137838982636527
32312,0.000136995281404837
32311,0.000136155442207208
32310,0.000135319456807709
32309,0.000134487316921826
32308,0.000133659014216963
32307,0.000132834540312949
32306,0.000132013886782538
32305,0.000131197045151922
32304,0.000130384006901224
32303,0.00012957476346501
32302,0.000128769306232787
32301,0.000127967626549509
32300,0.000127169715716073
32299,0.000126272107773601
32298,0.000125379827698769
32297,0.000124492853206706
32296,0.000123611162019719
32295,0.000122734731868187
32294,0.000121863540491529
32293,0.000120997565639107
32292,0.000120136785071125
32291,0.000119281176559563
32290,0.000118430717889036
32289,0.00011758538685771
32288,0.000116745161278166
32287,0.00011591001897825
32286,0.000115079937801971
32285,0.000114254895610305
32284,0.00011343487028208
32283,0.000112619839714783
32282,0.00011180978182538
32281,0.00011100467455116
32280,0.000110204495850502
32279,0.000109050430751285
32278,0.000107905583528154
32277,0.000106769915767874
32276,0.00010564338880673
32275,0.000104525963735923
32274,0.000103417601407003
32273,0.00010231826243726
32272,0.0001012279072151
32271,0.000100146495905434
32270,9.90739884549961e-05
32269,9.8010344597696e-05
32268,9.69555238599321e-05
32267,9.59094855658834e-05
32266,9.48721888428055e-05
32265,9.38435926262646e-05
32264,9.28236556653939e-05
32263,9.18123365281087e-05
32262,9.08095936063004e-05
32261,8.98153851210287e-05
32260,8.88296691276514e-05
32259,8.78383700995469e-05
32258,8.68561859974735e-05
32257,8.58830586994751e-05
32256,8.49189301283605e-05
32255,8.39637422563495e-05
32254,8.30174371097213e-05
32253,8.20799567733641e-05
32252,8.11512433952688e-05
32251,8.0231239191002e-05
32250,7.93198864480641e-05
32249,7.84171275302471e-05
32248,7.75229048818961e-05
32247,7.66371610321148e-05
32246,7.57598385989487e-05
32245,7.48908802934575e-05
32244,7.40302289237837e-05
32243,7.31778273991284e-05
32242,7.23336187336703e-05
32241,7.14975460504625e-05
32240,7.06695525852209e-05
32239,6.98007447358965e-05
32238,6.89411341646058e-05
32237,6.80906457605164e-05
32236,6.72492047019738e-05
32235,6.64167364604273e-05
32234,6.55931668042627e-05
32233,6.47784218025397e-05
32232,6.39724278286372e-05
32231,6.31751115638047e-05
32230,6.23864000006237e-05
32229,6.16062204463762e-05
32228,6.08345005263251e-05
32227,6.0071168186903e-05
32226,5.93161516988153e-05
32225,5.85693796600524e-05
32224,5.78307809988179e-05
32223,5.71002849763685e-05
32222,5.63778211897703e-05
32221,5.56633195745693e-05
32220,5.49567104073797e-05
32219,5.42573135367012e-05
32218,5.35659185913077e-05
32217,5.28824490218087e-05
32216,5.22068287664311e-05
32215,5.15389822520052e-05
32214,5.08788343948892e-05
32213,5.02263106017929e-05
32212,4.95813367705161e-05
32211,4.89438392906142e-05
32210,4.83137450439567e-05
32209,4.76909814052284e-05
32208,4.70754762423369e-05
32207,4.64671579167434e-05
32206,4.58659552837243e-05
32205,4.52717976925361e-05
32204,4.46846149865267e-05
32203,4.41043375031616e-05
32202,4.35308960739782e-05
32201,4.29642220244797e-05
32200,4.24042471739366e-05
32199,4.1881569610219e-05
32198,4.13649750955255e-05
32197,4.08544001069384e-05
32196,4.03497816487815e-05
32195,3.9851057250737e-05
32194,3.93581649659388e-05
32193,3.8871043369012e-05
32192,3.83896315540699e-05
32191,3.79138691326802e-05
32190,3.74436962317713e-05
32189,3.69790534915202e-05
32188,3.65198820631931e-05
32187,3.60661236069487e-05
32186,3.56177202896172e-05
32185,3.51746147824258e-05
32184,3.47367502587099e-05
32183,3.43040703915831e-05
32182,3.3876519351577e-05
32181,3.34540418042597e-05
32180,3.30365829078075e-05
32179,3.26008144087811e-05
32178,3.21704951504374e-05
32177,3.17455632861457e-05
32176,3.13259575477713e-05
32175,3.09116172426466e-05
32174,3.05024822504848e-05
32173,3.0098493020277e-05
32172,2.96995905671608e-05
32171,2.93057164692425e-05
32170,2.89168128644154e-05
32169,2.85328224471285e-05
32168,2.81536884651449e-05
32167,2.77793547162763e-05
32166,2.74097655450784e-05
32165,2.70448658395479e-05
32164,2.66846010277757e-05
32163,2.63289170745957e-05
32162,2.5977760478214e-05
32161,2.5631078266807e-05
32160,2.5288817995124e-05
32159,2.49250505706861e-05
32158,2.45659865185925e-05
32157,2.4211573971068e-05
32156,2.38617614866321e-05
32155,2.35164980489427e-05
32154,2.31757330656121e-05
32153,2.2839416366978e-05
32152,2.2507498204836e-05
32151,2.21799292511406e-05
32150,2.18566605966576e-05
32149,2.15376437495928e-05
32148,2.12228306341798e-05
32147,2.09121735892336e-05
32146,2.06056253666769e-05
32145,2.0303139130022e-05
32144,2.0004668452833e-05
32143,1.97101673171512e-05
32142,1.94195901118902e-05
32141,1.91328916312077e-05
32140,1.88500270728373e-05
32139,1.85850081381159e-05
32138,1.8323370970245e-05
32137,1.80650780775901e-05
32136,1.78100922943894e-05
32135,1.75583767793231e-05
32134,1.73098950140656e-05
32133,1.7064610801821e-05
32132,1.68224882658417e-05
32131,1.65834918479314e-05
32130,1.63475863069333e-05
32129,1.61147367172019e-05
32128,1.58849084670622e-05
32127,1.56580672572532e-05
32126,1.54341790993594e-05
32125,1.5213210314228e-05
32124,1.49951275303743e-05
32123,1.4779897682375e-05
32122,1.45674880092489e-05
32121,1.43578660528276e-05
32120,1.41509996561144e-05
32119,1.39287344640205e-05
32118,1.37095332065581e-05
32117,1.3493360983078e-05
32116,1.3280183172961e-05
32115,1.30699654351759e-05
32114,1.28626737077991e-05
32113,1.26582742075092e-05
32112,1.24567334290521e-05
32111,1.22580181446736e-05
32110,1.20620954035314e-05
32109,1.1868932531072e-05
32108,1.16784971283841e-05
32107,1.14907570715251e-05
32106,1.13056805108181e-05
32105,1.11232358701298e-05
32104,1.09433918461163e-05
32103,1.07661174074479e-05
32102,1.05913817940087e-05
32101,1.04191545160702e-05
32100,1.02494053534463e-05
32099,1.00708637307144e-05
32098,0
32097,0
32096,0
32095,0
32094,0
32093,0
32092,0
32091,0
32090,0
32089,0
32088,0
32087,0
32086,0
32085,0
32084,0
32083,0
32082,0
32081,0
32080,0
32079,0
32078,0
32077,0
32076,0
32075,0
32074,0
32073,0
32072,0
32071,0
32070,0
32069,0
32068,0
32067,0
32066,0
32065,0
32064,0
32063,0
32062,0
32061,0
32060,0
32059,0
32058,0
32057,0
32056,0
32055,0
32054,0
32053,0
32052,0
32051,0
32050,0
32049,0
32048,0
32047,0
32046,0
32045,0
32044,0
32043,0
32042,0
32041,0
32040,0
32039,0
32038,0
32037,0
32036,0
32035,0
32034,0
32033,0
32032,0
32031,0
32030,0
32029,0
32028,0
32027,0
32026,0
32025,0
32024,0
32023,0
32022,0
32021,0
32020,0
32019,0
32018,0
32017,0
32016,0
32015,0
32014,0
32013,0
32012,0
32011,0
32010,0
32009,0
32008,0
32007,0
32006,0
32005,0
32004,0
32003,0
32002,0
32001,0
32000,0
31999,0
31998,0
31997,0
31996,0
31995,0
31994,0
31993,0
31992,0
31991,0
31990,0
31989,0
31988,0
31987,0
31986,0
31985,0
31984,0
31983,0
31982,0
31981,0
31980,0
31979,0
31978,0
31977,0
31976,0
31975,0
31974,0
31973,0
31972,0
31971,0
31970,0
31969,0
31968,0
31967,0
31966,0
31965,0
31964,0
31963,0
31962,0
31961,0
31960,0
31959,0
31958,0
31957,0
31956,0
31955,0
31954,0
31953,0
31952,0
31951,0
31950,0
31949,0
31948,0
31947,0
31946,0
31945,0
31944,0
31943,0
31942,0
31941,0
31940,0
31939,0
31938,0
31937,0
31936,0
31935,0
31934,0
31933,0
31932,0
31931,0
31930,0
31929,0
31928,0
31927,0
31926,0
31925,0
31924,0
31923,0
31922,0
31921,0
31920,0
31919,0
31918,0
31917,0
31916,0
31915,0
31914,0
31913,0
31912,0
31911,0
31910,0
31909,0
31908,0
31907,0
31906,0
31905,0
31904,0
31903,0
31902,0
31901,0
31900,0
31899,0
31898,0
31897,0
31896,0
31895,0
31894,0
31893,0
31892,0
31891,0
31890,0
31889,0
31888,0
31887,0
31886,0
31885,0
31884,0
31883,0
31882,0
31881,0
31880,0
31879,0
31878,0
31877,0
31876,0
31875,0
31874,0
31873,0
31872,0
31871,0
31870,0
31869,0
31868,0
31867,0
31866,0
31865,0
31864,0
31863,0
31862,0
31861,0
31860,0
31859,0
31858,0
31857,0
31856,0
31855,0
31854,0
31853,0
31852,0
31851,0
31850,0
31849,0
31848,0
31847,0
31846,0
31845,0
31844,0
31843,0
31842,0
31841,0
31840,0
31839,0
31838,0
31837,0
31836,0
31835,0
31834,0
31833,0
31832,0
31831,0
31830,0
31829,0
31828,0
31827,0
31826,0
31825,0
31824,0
31823,0
31822,0
31821,0
31820,0
31819,0
31818,0
31817,0
31816,0
31815,0
31814,0
31813,0
31812,0
31811,0
31810,0
31809,0
31808,0
31807,0
31806,0
31805,0
31804,0
31803,0
31802,0
31801,0
31800,0
31799,0
31798,0
31797,0
31796,0
31795,0
31794,0
31793,0
31792,0
31791,0
31790,0
31789,0
31788,0
31787,0
31786,0
31785,0
31784,0
31783,0
31782,0
31781,0
31780,0
31779,0
31778,0
31777,0
31776,0
31775,0
31774,0
31773,0
31772,0
31771,0
31770,0
31769,0
31768,0
31767,0
31766,0
31765,0
31764,0
31763,0
31762,0
31761,0
31760,0
31759,0
31758,0
31757,0
31756,0
31755,0
31754,0
31753,0
31752,0
31751,0
31750,0
31749,0
31748,0
31747,0
31746,0
31745,0
31744,0
31743,0
31742,0
31741,0
31740,0
31739,0
31738,0
31737,0
31736,0
31735,0
31734,0
31733,0
31732,0
31731,0
31730,0
31729,0
31728,0
31727,0
31726,0
31725,0
31724,0
31723,0
31722,0
31721,0
31720,0
31719,0
31718,0
31717,0
31716,0
31715,0
31714,0
31713,0
31712,0
31711,0
31710,0
31709,0
31708,0
31707,0
31706,0
31705,0
31704,0
31703,0
31702,0
31701,0
31700,0
31699,0
31698,0
31697,0
31696,0
31695,0
31694,0
31693,0
31692,0
31691,0
31690,0
31689,0
31688,0
31687,0
31686,0
31685,0
31684,0
31683,0
31682,0
31681,0
31680,0
31679,0
31678,0
31677,0
31676,0
31675,0
31674,0
31673,0
31672,0
31671,0
31670,0
31669,0
31668,0
31667,0
31666,0
31665,0
31664,0
31663,0
31662,0
31661,0
31660,0
31659,0
31658,0
31657,0
31656,0
31655,0
31654,0
31653,0
31652,0
31651,0
31650,0
31649,0
31648,0
31647,0
31646,0
31645,0
31644,0
31643,0
31642,0
31641,0
31640,0
31639,0
31638,0
31637,0
31636,0
31635,0
31634,0
31633,0
31632,0
31631,0
31630,0
31629,0
31628,0
31627,0
31626,0
31625,0
31624,0
31623,0
31622,0
31621,0
31620,0
31619,0
31618,0
31617,0
31616,0
31615,0
31614,0
31613,0
31612,0
31611,0
31610,0
31609,0
31608,0
31607,0
31606,0
31605,0
31604,0
31603,0
31602,0
31601,0
31600,0
31599,0
31598,0
31597,0
31596,0
31595,0
31594,0
31593,0
31592,0
31591,0
31590,0
31589,0
31588,0
31587,0
31586,0
31585,0
31584,0
31583,0
31582,0
31581,0
31580,0
31579,0
31578,0
31577,0
31576,0
31575,0
31574,0
31573,0
31572,0
31571,0
31570,0
31569,0
31568,0
31567,0
31566,0
31565,0
31564,0
31563,0
31562,0
31561,0
31560,0
31559,0
31558,0
31557,0
31556,0
31555,0
31554,0
31553,0
31552,0
31551,0
31550,0
31549,0
31548,0
31547,0
31546,0
31545,0
31544,0
31543,0
31542,0
31541,0
31540,0
31539,0
31538,0
31537,0
31536,0
31535,0
31534,0
31533,0
31532,0
31531,0
31530,0
31529,0
31528,0
31527,0
31526,0
31525,0
31524,0
31523,0
31522,0
31521,0
31520,0
31519,0
31518,0
31517,0
31516,0
31515,0
31514,0
31513,0
31512,0
31511,0
31510,0
31509,0
31508,0
31507,0
31506,0
31505,0
31504,0
31503,0
31502,0
31501,0
31500,0
31499,0
31498,0
31497,0
31496,0
31495,0
31494,0
31493,0
31492,0
31491,0
31490,0
31489,0
31488,0
31487,0
31486,0
31485,0
31484,0
31483,0
31482,0
31481,0
31480,0
31479,0
31478,0
31477,0
31476,0
31475,0
31474,0
31473,0
31472,0
31471,0
31470,0
31469,0
31468,0
31467,0
31466,0
31465,0
31464,0
31463,0
31462,0
31461,0
31460,0
31459,0
31458,0
31457,0
31456,0
31455,0
31454,0
31453,0
31452,0
31451,0
31450,0
31449,0
31448,0
31447,0
31446,0
31445,0
31444,0
31443,0
31442,0
31441,0
31440,0
31439,0
31438,0
31437,0
31436,0
31435,0
31434,0
31433,0
31432,0
31431,0
31430,0
31429,0
31428,0
31427,0
31426,0
31425,0
31424,0
31423,0
31422,0
31421,0
31420,0
31419,0
31418,0
31417,0
31416,0
31415,0
31414,0
31413,0
31412,0
31411,0
31410,0
31409,0
31408,0
31407,0
31406,0
31405,0
31404,0
31403,0
31402,0
31401,0
31400,0
31399,0
31398,0
31397,0
31396,0
31395,0
31394,0
31393,0
31392,0
31391,0
31390,0
31389,0
31388,0
31387,0
31386,0
31385,0
31384,0
31383,0
31382,0
31381,0
31380,0
31379,0
31378,0
31377,0
31376,0
31375,0
31374,0
31373,0
31372,0
31371,0
31370,0
31369,0
31368,0
31367,0
31366,0
31365,0
31364,0
31363,0
31362,0
31361,0
31360,0
31359,0
31358,0
31357,0
31356,0
31355,0
31354,0
31353,0
31352,0
31351,0
31350,0
31349,0
31348,0
31347,0
31346,0
31345,0
31344,0
31343,0
31342,0
31341,0
31340,0
31339,0
31338,0
31337,0
31336,0
31335,0
31334,0
31333,0
31332,0
31331,0
31330,0
31329,0
31328,0
31327,0
31326,0
31325,0
31324,0
31323,0
31322,0
31321,0
31320,0
31319,0
31318,0
31317,0
31316,0
31315,0
31314,0
31313,0
31312,0
31311,0
31310,0
31309,0
31308,0
31307,0
31306,0
31305,0
31304,0
31303,0
31302,0
31301,0
31300,0
31299,0
31298,0
31297,0
31296,0
31295,0
31294,0
31293,0
31292,0
31291,0
31290,0
31289,0
31288,0
31287,0
31286,0
31285,0
31284,0
31283,0
31282,0
31281,0
31280,0
31279,0
31278,0
31277,0
31276,0
31275,0
31274,0
31273,0
31272,0
31271,0
31270,0
31269,0
31268,0
31267,0
31266,0
31265,0
31264,0
31263,0
31262,0
31261,0
31260,0
31259,0
31258,0
31257,0
31256,0
31255,0
31254,0
31253,0
31252,0
31251,0
31250,0
31249,0
31248,0
31247,0
31246,0
31245,0
31244,0
31243,0
31242,0
31241,0
31240,0
31239,0
31238,0
31237,0
31236,0
31235,0
31234,0
31233,0
31232,0
31231,0
31230,0
31229,0
31228,0
31227,0
31226,0
31225,0
31224,0
31223,0
31222,0
31221,0
31220,0
31219,0
31218,0
31217,0
31216,0
31215,0
31214,0
31213,0
31212,0
31211,0
31210,0
31209,0
31208,0
31207,0
31206,0
31205,0
31204,1.05906743226298e-05
31203,1.08032573872923e-05
31202,1.10196019967277e-05
31201,1.12397624600335e-05
31200,1.14637935946451e-05
31199,1.1715850460646e-05
31198,1.19727650600052e-05
31197,1.22346132397549e-05
31196,1.2501471601587e-05
31195,1.27734174993495e-05
31194,1.30505290362673e-05
31193,1.33328850618742e-05
31192,1.36205651686559e-05
31191,1.39136496884006e-05
31190,1.4212219688248e-05
31189,1.4516356966439e-05
31188,1.48261440477562e-05
31187,1.51416641786524e-05
31186,1.54630013220674e-05
31185,1.57902401519212e-05
31184,1.61234660472876e-05
31183,1.64627650862387e-05
31182,1.68082240393577e-05
31181,1.71599303629202e-05
31180,1.75179721917329e-05
31179,1.79176649826544e-05
31178,1.83251891359298e-05
31177,1.87406648402781e-05
31176,1.9164213328993e-05
31175,1.95959568700941e-05
31174,2.00360187559305e-05
31173,2.04845232922307e-05
31172,2.09415957865905e-05
31171,2.14073625363948e-05
31170,2.18819508161651e-05
31169,2.23654888643276e-05
31168,2.28581058693948e-05
31167,2.33599319555565e-05
31166,2.38710981676729e-05
31165,2.43917364556652e-05
31164,2.4921979658298e-05
31163,2.54619614863491e-05
31162,2.60118165051606e-05
31161,2.65716801165679e-05
31160,2.71416885402018e-05
31159,2.77451264153647e-05
31158,2.8359874497858e-05
31157,2.89860918619849e-05
31156,2.96239385766783e-05
31155,3.02735756819552e-05
31154,3.09351651645661e-05
31153,3.16088699328263e-05
31152,3.2294853790624e-05
31151,3.29932814106055e-05
31150,3.37043183065215e-05
31149,3.44281308047441e-05
31148,3.5164886014939e-05
31147,3.5914751799894e-05
31146,3.66778967445029e-05
31145,3.74544901238905e-05
31144,3.82447018706918e-05
31143,3.90487025414695e-05
31142,3.98666632822753e-05
31141,4.06987557933523e-05
31140,4.15451522929699e-05
31139,4.23892711306881e-05
31138,4.32476717567536e-05
31137,4.41205288455746e-05
31136,4.50080177275734e-05
31135,4.59103143564787e-05
31134,4.68275952757709e-05
31133,4.77600375842773e-05
31132,4.87078189009153e-05
31131,4.96711173285787e-05
31130,5.06501114171665e-05
31129,5.16449801257516e-05
31128,5.26559027838872e-05
31127,5.36830590520498e-05
31126,5.47266288812182e-05
31125,5.57867924715875e-05
31124,5.68637302304176e-05
31123,5.79576227290171e-05
31122,5.90686506588623e-05
31121,6.01969947868532e-05
31120,6.13428359097064e-05
31119,6.24609471243261e-05
31118,6.35960426463095e-05
31117,6.47483046540718e-05
31116,6.5917915635687e-05
31115,6.71050583487256e-05
31114,6.83099157791888e-05
31113,6.95326710995356e-05
31112,7.07735076258006e-05
31111,7.20326087738009e-05
31110,7.33101580144288e-05
31109,7.46063388280304e-05
31108,7.59213346578676e-05
31107,7.72553288626641e-05
31106,7.86085046682347e-05
31105,7.99810451181972e-05
31104,8.13731330237684e-05
31103,8.27849509126455e-05
31102,8.42166809769728e-05
31101,8.56685050203972e-05
31100,8.71406044042139e-05
31099,8.84806327845739e-05
31098,8.98379681277266e-05
31097,9.12127634817711e-05
31096,9.26051717612963e-05
31095,9.40153457094565e-05
31094,9.54434378593325e-05
31093,9.68896004945781e-05
31092,9.83539856093518e-05
31091,9.98367448675329e-05
31090,0.000101338029561221
31089,0.000102857990568523
31088,0.000104396778310622
31087,0.000105954542708139
31086,0.000107531433136773
31085,0.000109127598382243
31084,0.000110743186594508
31083,0.000112378345241298
31082,0.000114033221060924
31081,0.0001157079600144
31080,0.000117402707236869
31079,0.000118938817987542
31078,0.000120491567822299
31077,0.000122061068577903
31076,0.000123647431497838
31075,0.000125250767199566
31074,0.000126871185641371
31073,0.000128508796088752
31072,0.000130163707080382
31071,0.000131836026393655
31070,0.000133525861009783
31069,0.000135233317078482
31068,0.000136958499882246
31067,0.000138701513800186
31066,0.000140462462271481
31065,0.000142241447758392
31064,0.000144038571708902
31063,0.000145853934518939
31062,0.00014768763549421
31061,0.00014953977281166
31060,0.000151410443480517
31059,0.000153073490410775
31058,0.000154751712538966
31057,0.000156445186980702
31056,0.000158153990066601
31055,0.000159878197315638
31054,0.00016161788340817
31053,0.000163373122158747
31052,0.00016514398648864
31051,0.0001669305483981
31050,0.000168732878938397
31049,0.000170551048183575
31048,0.000172385125201983
31047,0.000174235178027572
31046,0.000176101273630924
31045,0.000177983477890092
31044,0.000179881855561175
31043,0.000181796470248698
31042,0.000183727384375777
31041,0.00018567465915404
31040,0.000187638354553399
31039,0.000189221237851025
31038,0.000190815163605124
31037,0.000192420166862346
31036,0.00019403628207703
31035,0.000195663543098553
31034,0.000197301983158561
31033,0.000198951634858144
31032,0.000200612530154959
31031,0.00020228470035024
31030,0.000203968176075796
31029,0.000205662987280895
31028,0.000207369163219117
31027,0.000209086732435145
31026,0.000210815722751477
31025,0.000212556161255113
31024,0.000214308074284159
31023,0.000216071487414396
31022,0.000217846425445819
31021,0.000219632912389077
31020,0.000221430971451936
31019,0.000222902612675521
31018,0.000224381951760949
31017,0.000225869000077061
31016,0.000227363768617983
31015,0.000228866267998196
31014,0.0002303765084476
31013,0.000231894499806564
31012,0.000233420251520977
31011,0.00023495377263729
31010,0.00023649507179755
31009,0.000238044157234428
31008,0.000239601036766253
31007,0.000241165717792027
31006,0.000242738207286454
31005,0.000244318511794951
31004,0.000245906637428672
31003,0.000247502589859523
31002,0.000249106374315181
31001,0.000250717995574115
31000,0.000252337457960604
30999,0.000253746711392423
30998,0.000255161574465166
30997,0.000256582047511933
30996,0.000258008130628918
30995,0.000259439823673563
30994,0.000260877126262712
30993,0.000262320037770768
30992,0.00026376855732786
30991,0.000265222683818003
30990,0.000266682415877278
30989,0.000268147751892004
30988,0.000269618689996924
30987,0.00027109522807339
30986,0.000272577363747557
30985,0.000274065094388586
30984,0.000275558417106843
30983,0.000277057328752118
30982,0.000278561825911841
30981,0.000280071904909305
30980,0.000281587561801903
30979,0.000282922867698649
30978,0.000284262204210516
30977,0.000285605566905574
30976,0.000286952951210413
30975,0.000288304352409556
30974,0.000289659765644827
30973,0.000291019185914751
30972,0.000292382608073955
30971,0.000293750026832551
30970,0.000295121436755565
30969,0.000296496832262331
30968,0.000297876207625905
30967,0.000299259556972488
30966,0.000300646874280829
30965,0.000302038153381674
30964,0.000303433387957182
30963,0.000304832571540359
30962,0.000306235697514501
30961,0.000307642759112622
30960,0.000309053749416923
30959,0.000310199313911448
30958,0.000311347411089573
30957,0.000312498036913812
30956,0.000313651187282524
30955,0.000314806858029759
30954,0.000315965044925084
30953,0.000317125743673415
30952,0.00031828894991486
30951,0.00031945465922454
30950,0.000320622867112452
30949,0.000321793569023293
30948,0.000322966760336302
30947,0.000324142436365114
30946,0.000325320592357581
30945,0.000326501223495647
30944,0.000327684324895178
30943,0.000328869891605813
30942,0.00033005791861082
30941,0.000331248400826933
30940,0.000332441333104227
30939,0.000333656832449707
30938,0.000334874648930443
30937,0.000336094775626493
30936,0.000337317205550239
30935,0.00033854193164634
30934,0.000339768946791671
30933,0.000340998243795261
30932,0.000342229815398253
30931,0.00034346365427383
30930,0.000344699753027194
30929,0.000345938104195503
30928,0.000347178700247828
30927,0.000348421533585113
30926,0.000349666596540121
30925,0.000350913881377417
30924,0.000352163380293314
30923,0.000353415085415846
30922,0.000354668988804734
30921,0.00035592508245134
30920,0.000357183358278664
30919,0.000358503578613717
30918,0.000359826177304329
30917,0.000361151144858407
30916,0.00036247847170152
30915,0.000363808148176832
30914,0.000365140164545117
30913,0.000366474510984728
30912,0.00036781117759156
30911,0.000369150154379073
30910,0.000370491431278245
30909,0.000371834998137595
30908,0.000373180844723163
30907,0.000374528960718494
30906,0.000375879335724674
30905,0.000377231959260292
30904,0.000378586820761481
30903,0.000379943909581913
30902,0.000381303214992797
30901,0.000382664726182924
30900,0.000384028432258652
30899,0.000385579933612854
30898,0.000387134246394124
30897,0.000388691354367472
30896,0.000390251241160999
30895,0.000391813890265959
30894,0.000393379285036812
30893,0.000394947408691296
30892,0.000396518244310497
30891,0.00039809177483893
30890,0.000399667983084627
30889,0.000401246851719222
30888,0.000402828363278058
30887,0.000404412500160288
30886,0.000405999244628985
30885,0.000407588578811263
30884,0.000409180484698399
30883,0.000410774944145967
30882,0.000412371938873969
30881,0.000413971450466987
30880,0.000415573460374325
30879,0.000417177949910173
30878,0.000418784900253767
30877,0.000420394292449556
30876,0.000422006107407387
30875,0.000423620325902678
30874,0.000425236928576616
30873,0.000426855895936348
30872,0.000428477208355187
30871,0.000430100846072821
30870,0.000431726789195528
30869,0.000433355017696401
30868,0.000434985511415576
30867,0.00043661825006047
30866,0.000438253213206021
30865,0.000439890380294941
30864,0.000441529730637974
30863,0.000443171243414153
30862,0.000444814897671074
30861,0.000446460672325175
30860,0.000448108546162014
30859,0.000449894809346441
30858,0.000451683388736198
30857,0.000453474255888351
30856,0.000455267382182584
30855,0.000457062738821741
30854,0.000458860296832447
30853,0.000460660027065693
30852,0.000462461900197436
30851,0.000464265886729253
30850,0.000466071956988941
30849,0.000467880081131196
30848,0.000469690229138254
30847,0.000471502370820552
30846,0.000473316475817436
30845,0.000475132513597819
30844,0.00047695045346092
30843,0.000478770264536961
30842,0.000480591915787882
30841,0.000482415376008115
30840,0.00048424061382529
30839,0.00048619880517501
30838,0.000488159102238846
30837,0.000490121467231086
30836,0.000492085862146846
30835,0.000494052248763001
30834,0.000496020588639177
30833,0.00049799084311874
30832,0.0004999629733298
30831,0.000501936940186255
30830,0.000503912704388803
30829,0.000505890226426021
30828,0.000507869466575433
30827,0.000509850384904595
30826,0.000511832941272224
30825,0.000513817095329294
30824,0.000515802806520188
30823,0.000517790034083857
30822,0.000519778737054986
30821,0.0005217688742652
30820,0.00052376040434424
30819,0.000525817142315567
30818,0.000527875566134408
30817,0.000529935631550174
30816,0.000531997294069833
30815,0.00053406050895912
30814,0.000536125231243772
30813,0.000538191415710773
30812,0.000540259016909631
30811,0.000542327989153667
30810,0.000544398286521326
30809,0.000546469862857514
30808,0.000548542671774944
30807,0.000550616666655509
30806,0.00055269180065168
30805,0.00055476802668791
30804,0.000556845297462071
30803,0.000558923565446907
30802,0.000561002782891503
30801,0.000563082901822779
30800,0.000565163874046999
30799,0.000567106779877814
30798,0.000569050356796473
30797,0.00057099456514236
30796,0.000572939365091277
30795,0.000574884716656613
30794,0.000576830579690453
30793,0.000578776913884757
30792,0.000580723678772547
30791,0.000582670833729051
30790,0.00058461833797295
30789,0.000586566150567547
30788,0.000588514230422009
30787,0.000590462536292618
30786,0.000592411026783987
30785,0.000594359660350359
30784,0.000596308395296852
30783,0.000598257189780759
30782,0.000600206001812864
30781,0.000602154789258718
30780,0.000604103509840012
30779,0.0006058444276499
30778,0.000607585502971253
30777,0.000609326705444469
30776,0.000611068004600612
30775,0.000612809369862145
30774,0.000614550770543684
30773,0.000616292175852744
30772,0.000618033554890511
30771,0.000619774876652607
30770,0.00062151611002987
30769,0.000623257223809144
30768,0.00062499818667407
30767,0.000626738967205892
30766,0.000628479533884266
30765,0.000630219855088081
30764,0.000631959899096285
30763,0.000633699634088717
30762,0.000635439028146954
30761,0.00063717804925516
30760,0.000638916665300944
30759,0.000640379381278433
30758,0.000641841920041243
30757,0.000643304261687539
30756,0.000644766386257343
30755,0.000646228273732964
30754,0.00064768990403938
30753,0.000649151257044654
30752,0.00065061231256035
30751,0.000652073050341925
30750,0.000653533450089182
30749,0.000654993491446671
30748,0.000656453154004121
30747,0.000657912417296874
30746,0.000659371260806299
30745,0.000660829663960261
30744,0.00066228760613354
30743,0.000663745066648282
30742,0.000665202024774452
30741,0.000666658459730268
30740,0.000668114350682681
30739,0.000669291872280601
30738,0.000670468995149417
30737,0.000671645708280432
30736,0.000672822000644701
30735,0.00067399786119315
30734,0.000675173278856772
30733,0.000676348242546778
30732,0.000677522741154735
30731,0.000678696763552778
30730,0.000679870298593722
30729,0.000681043335111274
30728,0.000682215861920176
30727,0.000683387867816361
30726,0.00068455934157716
30725,0.000685730271961423
30724,0.000686900647709734
30723,0.000688070457544557
30722,0.000689239690170405
30721,0.000690408334274035
30720,0.000691576378524595
30719,0.000692396707668606
30718,0.000693216671204386
30717,0.000694036265333052
30716,0.000694855486252886
30715,0.000695674330159321
30714,0.000696492793245008
30713,0.000697310871699825
30712,0.000698128561710891
30711,0.00069894585946263
30710,0.000699762761136759
30709,0.000700579262912348
30708,0.000701395360965838
30707,0.000702211051471049
30706,0.000703026330599248
30705,0.000703841194519135
30704,0.000704655639396906
30703,0.000705469661396268
30702,0.000706283256678452
30701,0.000707096421402275
30700,0.000707909151724131
30699,0.00070838074674227
30698,0.000708852172571656
30697,0.000709323428456555
30696,0.000709794513641096
30695,0.000710265427369236
30694,0.000710736168884798
30693,0.000711206737431452
30692,0.00071167713225271
30691,0.000712147352591954
30690,0.000712617397692408
30689,0.000713087266797167
30688,0.000713556959149187
30687,0.000714026473991273
30686,0.000714495810566113
30685,0.000714964968116244
30684,0.000715433945884084
30683,0.000715902743111924
30682,0.000716371359041911
30681,0.000716839792916088
30680,0.000717308043976355
30679,0.000717437518500015
30678,0.000717566964115547
30677,0.000717696380792093
30676,0.000717825768498822
30675,0.000717955127204892
30674,0.000718084456879477
30673,0.000718213757491761
30672,0.000718343029010916
30671,0.000718472271406143
30670,0.000718601484646628
30669,0.000718730668701575
30668,0.000718859823540199
30667,0.000718988949131703
30666,0.000719118045445316
30665,0.000719247112450255
30664,0.000719376150115757
30663,0.000719505158411065
30662,0.000719634137305413
30661,0.000719763086768062
30660,0.000719892006768259
30659,0.000719820878429432
30658,0.000719749747493758
30657,0.000719678613969299
30656,0.000719607477864131
30655,0.000719536339186312
30654,0.000719465197943903
30653,0.000719394054144961
30652,0.000719322907797537
30651,0.000719251758909695
30650,0.00071918060748948
30649,0.000719109453544941
30648,0.000719038297084124
30647,0.000718967138115069
30646,0.000718895976645826
30645,0.000718824812684429
30644,0.000718753646238916
30643,0.000718682477317319
30642,0.000718611305927667
30641,0.000718540132077998
30640,0.000718468955776335
30639,0.000718197650268813
30638,0.000717926301208314
30637,0.000717654908757666
30636,0.000717383473079622
30635,0.000717111994336894
30634,0.000716840472692132
30633,0.000716568908307927
30632,0.00071629730134682
30631,0.000716025651971275
30630,0.000715753960343717
30629,0.000715482226626505
30628,0.000715210450981941
30627,0.000714938633572272
30626,0.000714666774559673
30625,0.000714394874106273
30624,0.00071412293237414
30623,0.00071385094952528
30622,0.000713578925721645
30621,0.000713306861125114
30620,0.00071303475589752
30619,0.000712628687276326
30618,0.000712222516891044
30617,0.000711816245245555
30616,0.000711409872843536
30615,0.000711003400188442
30614,0.000710596827783512
30613,0.000710190156131774
30612,0.000709783385736031
30611,0.000709376517098886
30610,0.000708969550722706
30609,0.000708562487109645
30608,0.000708155326761634
30607,0.000707748070180379
30606,0.000707340717867378
30605,0.00070693327032389
30604,0.000706525728050955
30603,0.000706118091549386
30602,0.000705710361319766
30601,0.000705302537862462
30600,0.000704894621677602
30599,0.000704419282819589
30598,0.00070394381422768
30597,0.00070346821668185
30596,0.000702992490961665
30595,0.000702516637846321
30594,0.000702040658114609
30593,0.000701564552544925
30592,0.000701088321915285
30591,0.000700611967003286
30590,0.000700135488586146
30589,0.000699658887440666
30588,0.000699182164343245
30587,0.000698705320069888
30586,0.000698228355396174
30585,0.000697751271097292
30584,0.000697274067948006
30583,0.000696796746722662
30582,0.000696319308195209
30581,0.000695841753139156
30580,0.000695364082327615
30579,0.000694893828578462
30578,0.000694423385121178
30577,0.000693952752759692
30576,0.00069348193229789
30575,0.000693010924539652
30574,0.000692539730288814
30573,0.000692068350349182
30572,0.000691596785524542
30571,0.000691125036618626
30570,0.000690653104435145
30569,0.000690180989777754
30568,0.000689708693450067
30567,0.000689236216255664
30566,0.000688763558998059
30565,0.000688290722480731
30564,0.000687817707507095
30563,0.000687344514880506
30562,0.000686871145404278
30561,0.000686397599881641
30560,0.000685923879115785
30559,0.000685514836781854
30558,0.000685105696052511
30557,0.000684696457395219
30556,0.000684287121277327
30555,0.000683877688166033
30554,0.000683468158528408
30553,0.000683058532831386
30552,0.000682648811541763
30551,0.000682238995126211
30550,0.000681829084051251
30549,0.000681419078783268
30548,0.000681008979788512
30547,0.000680598787533084
30546,0.000680188502482962
30545,0.000679778125103966
30544,0.000679367655861778
30543,0.000678957095221937
30542,0.000678546443649834
30541,0.000678135701610728
30540,0.000677724869569719
30539,0.000677453954252062
30538,0.000677182975646385
30537,0.000676911933921391
30536,0.00067664082924577
30535,0.000676369661788228
30534,0.000676098431717467
30533,0.000675827139202191
30532,0.000675555784411111
30531,0.00067528436751292
30530,0.000675012888676331
30529,0.00067474134807005
30528,0.000674469745862782
30527,0.00067419808222324
30526,0.000673926357320118
30525,0.000673654571322128
30524,0.000673382724397973
30523,0.000673110816716358
30522,0.000672838848445989
30521,0.000672566819755557
30520,0.000672294730813767
30519,0.000672294730813767
30518,0.000672294730813767
30517,0.000672294730813767
30516,0.000672294730813767
30515,0.000672294730813767
30514,0.000672294730813767
30513,0.000672294730813767
30512,0.000672294730813767
30511,0.000672294730813767
30510,0.000672294730813767
30509,0.000672294730813767
30508,0.000672294730813767
30507,0.000672294730813767
30506,0.000672294730813767
30505,0.000672294730813767
30504,0.000672294730813767
30503,0.000672294730813767
30502,0.000672294730813767
30501,0.000672294730813767
30500,0.000672294730813767
30499,0.000672500890782602
30498,0.000672707029882245
30497,0.000672913148054766
30496,0.000673119245242205
30495,0.000673325321386613
30494,0.000673531376430016
30493,0.00067373741031443
30492,0.000673943422981875
30491,0.000674149414374344
30490,0.000674355384433837
30489,0.000674561333102332
30488,0.000674767260321795
30487,0.0006749731660342
30486,0.000675179050181488
30485,0.000675384912705614
30484,0.000675590753548505
30483,0.000675796572652082
30482,0.000676002369958267
30481,0.000676208145408957
30480,0.000676413898946056
30479,0.00067696246746987
30478,0.000677510878648038
30477,0.000678059131377757
30476,0.000678607224555732
30475,0.000679155157078222
30474,0.000679702927841007
30473,0.00068025053573941
30472,0.000680797979668309
30471,0.000681345258522113
30470,0.000681892371194801
30469,0.00068243931657989
30468,0.000682986093570459
30467,0.00068353270105916
30466,0.000684079137938194
30465,0.000684625403099347
30464,0.000685171495433967
30463,0.000685717413832974
30462,0.000686263157186887
30461,0.000686808724385786
30460,0.000687354114319357
30459,0.000688372853691882
30458,0.000689390877422801
30457,0.000690408178013211
30456,0.000691424747961098
30455,0.00069244057976143
30454,0.000693455665906254
30453,0.000694469998884789
30452,0.000695483571183517
30451,0.000696496375286281
30450,0.000697508403674375
30449,0.000698519648826642
30448,0.00069953010321957
30447,0.000700539759327379
30446,0.000701548609622126
30445,0.000702556646573792
30444,0.000703563862650382
30443,0.000704570250318018
30442,0.000705575802041036
30441,0.000706580510282078
30440,0.000707584367502195
30439,0.000708918666528875
30438,0.000710251341846686
30437,0.000711582375244996
30436,0.000712911748512577
30435,0.00071423944343804
30434,0.000715565441810276
30433,0.000716889725418892
30432,0.000718212276054648
30431,0.0007195330755099
30430,0.000720852105579037
30429,0.000722169348058923
30428,0.000723484784749337
30427,0.000724798397453414
30426,0.000726110167978089
30425,0.000727420078134537
30424,0.000728728109738619
30423,0.000730034244611321
30422,0.000731338464579202
30421,0.000732640751474838
30420,0.000733941087137264
30419,0.000735501099063723
30418,0.000737058304916913
30417,0.000738612673621138
30416,0.000740164174114486
30415,0.000741712775349873
30414,0.000743258446296139
30413,0.00074480115593912
30412,0.000746340873282722
30411,0.000747877567350016
30410,0.00074941120718429
30409,0.000750941761850151
30408,0.000752469200434597
30407,0.000753993492048101
30406,0.000755514605825705
30405,0.000757032510928079
30404,0.000758547176542626
30403,0.000760058571884559
30402,0.00076156666619798
30401,0.000763071428756987
30400,0.000764572828866732
30399,0.000766322533227955
30398,0.000768067631548799
30397,0.000769808075446887
30396,0.000771543816600641
30395,0.000773274806751627
30394,0.000775000997706823
30393,0.000776722341340945
30392,0.000778438789598759
30391,0.000780150294497363
30390,0.000781856808128522
30389,0.000783558282660945
30388,0.000785254670342605
30387,0.000786945923503053
30386,0.000788631994555691
30385,0.000790312836000113
30384,0.000791988400424373
30383,0.000793658640507297
30382,0.000795323509020799
30381,0.000796982958832144
30380,0.000798636942906279
30379,0.000800335894371089
30378,0.000802028695473567
30377,0.000803715293914708
30376,0.000805395637538085
30375,0.00080706967433268
30374,0.000808737352435741
30373,0.000810398620135624
30372,0.000812053425874617
30371,0.000813701718251792
30370,0.000815343446025796
30369,0.000816978558117687
30368,0.000818607003613736
30367,0.000820228731768226
30366,0.000821843692006261
30365,0.000823451833926533
30364,0.000825053107304112
30363,0.000826647462093214
30362,0.000828234848429964
30361,0.000829815216635166
30360,0.000831388517217019
30359,0.000832987707558433
30358,0.000834580295452788
30357,0.000836166231303927
30356,0.000837745465652814
30355,0.000839317949180073
30354,0.000840883632708552
30353,0.000842442467205874
30352,0.000843994403786975
30351,0.000845539393716668
30350,0.000847077388412151
30349,0.000848608339445566
30348,0.000850132198546519
30347,0.000851648917604603
30346,0.000853158448671935
30345,0.000854660743965653
30344,0.000856155755870433
30343,0.000857643436941
30342,0.000859123739904621
30341,0.000860596617663612
30340,0.000862062023297808
30339,0.000863482350945232
30338,0.00086489576794409
30337,0.00086630223153464
30336,0.000867701699106235
30335,0.000869094128199485
30334,0.000870479476508358
30333,0.000871857701882323
30332,0.000873228762328477
30331,0.000874592616013636
30330,0.00087594922126648
30329,0.000877298536579629
30328,0.000878640520611761
30327,0.000879975132189716
30326,0.000881302330310561
30325,0.000882622074143709
30324,0.000883934323032971
30323,0.000885239036498641
30322,0.000886536174239576
30321,0.000887825696135233
30320,0.000889107562247753
30319,0.000890291963934973
30318,0.000891469706112269
30317,0.000892640757152964
30316,0.000893805085571409
30315,0.000894962660024416
30314,0.000896113449312636
30313,0.000897257422381959
30312,0.000898394548324911
30311,0.000899524796382022
30310,0.000900648135943225
30309,0.000901764536549224
30308,0.000902873967892862
30307,0.000903976399820492
30306,0.000905071802333326
30305,0.000906160145588804
30304,0.000907241399901938
30303,0.000908315535746653
30302,0.000909382523757132
30301,0.000910442334729137
30300,0.000911494939621355
30299,0.000912451342668153
30298,0.000913402186278728
30297,0.000914347448101498
30296,0.000915287105881549
30295,0.000916221137461549
30294,0.000917149520782621
30293,0.000918072233885239
30292,0.000918989254910121
30291,0.000919900562099095
30290,0.000920806133795998
30289,0.000921705948447538
30288,0.000922599984604176
30287,0.000923488220921007
30286,0.00092437063615861
30285,0.000925247209183937
30284,0.000926117918971159
30283,0.000926982744602534
30282,0.000927841665269273
30281,0.000928694660272378
30280,0.000929541709023514
30279,0.000930249206079458
30278,0.000930952125919417
30277,0.000931650456747377
30276,0.000932344186833521
30275,0.000933033304514554
30274,0.00093371779819403
30273,0.000934397656342683
30272,0.000935072867498743
30271,0.00093574342026826
30270,0.000936409303325429
30269,0.000937070505412902
30268,0.00093772701534211
30267,0.000938378821993577
30266,0.000939025914317233
30265,0.000939668281332728
30264,0.000940305912129739
30263,0.000940938795868286
30262,0.000941566921779029
30261,0.000942190279163583
30260,0.000942808857394818
30259,0.000943333209321761
30258,0.000943854098948658
30257,0.000944371519778102
30256,0.000944885465350356
30255,0.000945395929243474
30254,0.000945902905073448
30253,0.000946406386494336
30252,0.000946906367198387
30251,0.000947402840916188
30250,0.000947895801416781
30249,0.000948385242507803
30248,0.000948871158035615
30247,0.000949353541885421
30246,0.000949832387981414
30245,0.000950307690286885
30244,0.000950779442804366
30243,0.000951247639575748
30242,0.000951712274682403
30241,0.000952173342245322
30240,0.000952630836425223
30239,0.000953068983662742
30238,0.000953503512984061
30237,0.000953934419257716
30236,0.000954361697393473
30235,0.000954785342342407
30234,0.000955205349097016
30233,0.000955621712691318
30232,0.000956034428200939
30231,0.000956443490743223
30230,0.000956848895477316
30229,0.000957250637604274
30228,0.00095764871236715
30227,0.000958043115051084
30226,0.00095843384098341
30225,0.00095882088553373
30224,0.000959204244114021
30223,0.000959583912178722
30222,0.000959959885224812
30221,0.00096033215879192
30220,0.000960700728462391
30219,0.000961039035829426
30218,0.000961374474159826
30217,0.000961707040027174
30216,0.00096203673003075
30215,0.000962363540795589
30214,0.000962687468972539
30213,0.000963008511238319
30212,0.000963326664295573
30211,0.000963641924872932
30210,0.000963954289725063
30209,0.000964263755632732
30208,0.000964570319402853
30207,0.000964873977868547
30206,0.000965174727889197
30205,0.000965472566350498
30204,0.000965767490164514
30203,0.000966059496269731
30202,0.000966348581631112
30201,0.000966634743240143
30200,0.000966917978114892
30199,0.000967200785098327
30198,0.000967479763803701
30197,0.000967754911250508
30196,0.000968026224504786
30195,0.000968293700679152
30194,0.000968557336932867
30193,0.00096881713047188
30192,0.000969073078548874
30191,0.000969325178463323
30190,0.000969573427561532
30189,0.000969817823236686
30188,0.000970058362928895
30187,0.000970295044125239
30186,0.000970527864359812
30185,0.000970756821213758
30184,0.000970981912315325
30183,0.000971203135339896
30182,0.000971420488010026
30181,0.000971633968095492
30180,0.00097184357341332
30179,0.000972054594227735
30178,0.000972260102178624
30177,0.000972460095312297
30176,0.00097265457177778
30175,0.000972843529826831
30174,0.000973026967813937
30173,0.000973204884196322
30172,0.000973377277533942
30171,0.00097354414648948
30170,0.000973705489828339
30169,0.000973861306418626
30168,0.000974011595231143
30167,0.000974156355339359
30166,0.000974295585919398
30165,0.000974429286250004
30164,0.000974557455712518
30163,0.000974680093790843
30162,0.000974797200071408
30161,0.000974908774243131
30160,0.000975014816097373
30159,0.000975160393926444
30158,0.000975296718093171
30157,0.000975423787627465
30156,0.000975541601836744
30155,0.000975650160305825
30154,0.000975749462896794
30153,0.000975839509748869
30152,0.000975920301278242
30151,0.00097599183817791
30150,0.000976054121417492
30149,0.000976107152243031
30148,0.000976150932176779
30147,0.000976185463016974
30146,0.000976210746837594
30145,0.000976226785988109
30144,0.000976233583093203
30143,0.000976231141052496
30142,0.000976219463040247
30141,0.000976198552505036
30140,0.000976168413169444
30139,0.000976075232553049
30138,0.000975968656118784
30137,0.00097584869748821
30136,0.000975715370899042
30135,0.00097556869120333
30134,0.000975408673865571
30133,0.00097523533496079
30132,0.000975048691172551
30131,0.000974848759790937
30130,0.000974635558710465
30129,0.000974409106427965
30128,0.000974169422040395
30127,0.000973916525242626
30126,0.000973650436325161
30125,0.000973371176171822
30124,0.000973078766257375
30123,0.000972773228645121
30122,0.00097245458598443
30121,0.000972122861508238
30120,0.000971778079030489
30119,0.000971384738216685
30118,0.000970972117720797
30117,0.000970540254957591
30116,0.000970089188532417
30115,0.000969618958235795
30114,0.000969129605037871
30113,0.00096862117108276
30112,0.000968093699682749
30111,0.0009675472353124
30110,0.000966981823602516
30109,0.000976399219072753
30108,0.000975961530004133
30107,0.000975507458576312
30106,0.000975037084404924
30105,0.000974550488480812
30104,0.000974047753163621
30103,0.000973528962175251
30102,0.000972994200593156
30101,0.00097244355484351
30100,0.000971877112694211
30099,0.000971211073569308
30098,0.000970525072739691
30097,0.000969819246074267
30096,0.000969093731604228
30095,0.000968348669508046
30094,0.000967584202096189
30093,0.000966800473795516
30092,0.000965997631133388
30091,0.000965175822721495
30090,0.000964335199239369
30089,0.000963475913417629
30088,0.000962598120020932
30087,0.000961701975830633
30086,0.000960787639627174
30085,0.000959855272172185
30084,0.00095890503619031
30083,0.000957937096350761
30082,0.000956951619248585
30081,0.000955948773385686
30080,0.000954928729151548
30079,0.000953871130595985
30078,0.000952792461294922
30077,0.000951692913390064
30076,0.000950572681641071
30075,0.000949431963404422
30074,0.000948270958611864
30073,0.000947089869748492
30072,0.000945888901830442
30071,0.000944668262382185
30070,0.000943428161413466
30069,0.000942168811395841
30068,0.000940890427238854
30067,0.000939593226265849
30066,0.000938277428189384
30065,0.000936943255086319
30064,0.000935590931372505
30063,0.000934220683777135
30062,0.000932832741316739
30061,0.000931427335268801
30060,0.000930004699145063
30059,0.000928548763454983
30058,0.000927074988671328
30057,0.00092558362380097
30056,0.000924074920234474
30055,0.000922549131716429
30054,0.000921006514315428
30053,0.000919447326393641
30052,0.00091787182857602
30051,0.000916280283719141
30050,0.000914672956879651
30049,0.000913050115282378
30048,0.00091141202828806
30047,0.000909758967360711
30046,0.000908091206034659
30045,0.000906409019881195
30044,0.000904712686474916
30043,0.000903002485359697
30042,0.000901278698014327
30041,0.000899541607817833
30040,0.000897791500014438
30039,0.000896001957890926
30038,0.000894199000305433
30037,0.000892382931650685
30036,0.000890554058302351
30035,0.00088871268857998
30034,0.00088685913270755
30033,0.000884993702773669
30032,0.000883116712691428
30031,0.000881228478157878
30030,0.000879329316613203
30029,0.000877419547199518
30028,0.000875499490719349
30027,0.000873569469593785
30026,0.000871629807820286
30025,0.000869680830930208
30024,0.000867722865945979
30023,0.000865756241337987
30022,0.000863781286981156
30021,0.000861798334111223
30020,0.000859807715280733
30019,0.000857896649018456
30018,0.000855978652449468
30017,0.000854054020229323
30016,0.000852123048100496
30015,0.000850186032856256
30014,0.000848243272304263
30013,0.000846295065229976
30012,0.000844341711359849
30011,0.000842383511324286
30010,0.00084042076662042
30009,0.000838453779574667
30008,0.000836482853305086
30007,0.000834508291683563
30006,0.000832530399297769
30005,0.000830549481412967
30004,0.00082856584393361
30003,0.000826579793364774
30002,0.000824591636773432
30001,0.000822601681749519
30000,0.000820610236366883
29999,0.000818660638259144
29998,0.00081670922391639
29997,0.00081475628507716
29996,0.000812802114027029
29995,0.000810847003562545
29994,0.000808891246955026
29993,0.000806935137914181
29992,0.000804978970551565
29991,0.000803023039343904
29990,0.000801067639096223
29989,0.000799113064904878
29988,0.000797159612120406
29987,0.000795207576310253
29986,0.000793257253221377
29985,0.000791308938742688
29984,0.000789362928867393
29983,0.000787419519655206
29982,0.000785479007194439
29981,0.000783541687563989
29980,0.000781607856795197
29979,0.000779802709804485
29978,0.0007780010296334
29977,0.000776203058385079
29976,0.000774409038031233
29975,0.000772619210384442
29974,0.000770833817070445
29973,0.000769053099500334
29972,0.0007672772988427
29971,0.000765506655995757
29970,0.000763741411559375
29969,0.000761981805807105
29968,0.000760228078658143
29967,0.00075848046964925
29966,0.000756739217906657
29965,0.000755004562117908
29964,0.000753276740503702
29963,0.000751555990789686
29962,0.000749842550178221
29961,0.000748136655320153
29960,0.000746438542286524
29959,0.000744834033302756
29958,0.000743237323579349
29957,0.000741648612950677
29956,0.000740068100619317
29955,0.000738495985134296
29954,0.000736932464369388
29953,0.000735377735501394
29952,0.000733831994988443
29951,0.000732295438548323
29950,0.000730768261136791
29949,0.000729250656925943
29948,0.00072774281928258
29947,0.000726244940746606
29946,0.000724757213009457
29945,0.000723279826892539
29944,0.000721812972325713
29943,0.000720356838325806
29942,0.000718911612975154
29941,0.000717477483400191
29940,0.000716054635750054
29939,0.000714754832838509
29938,0.000713463924252431
29937,0.000712182053832383
29936,0.000710909364805665
29935,0.000709645999772137
29934,0.000708392100690043
29933,0.000707147808861852
29932,0.000705913264920136
29931,0.000704688608813427
29930,0.00070347397979214
29929,0.000702269516394472
29928,0.000701075356432356
29927,0.00069989163697743
29926,0.000698718494347015
29925,0.000697556064090142
29924,0.000696404480973588
29923,0.000695263878967944
29922,0.000694134391233732
29921,0.000693016150107515
29920,0.000691909287088079
29919,0.000690911668944509
29918,0.000689923987871674
29917,0.000688946341129881
29916,0.000687978825332232
29915,0.000687021536436118
29914,0.000686074569734716
29913,0.000685138019848519
29912,0.000684211980716898
29911,0.00068329654558968
29910,0.000682391807018771
29909,0.000681497856849792
29908,0.000680614786213753
29907,0.000679742685518759
29906,0.000678881644441732
29905,0.000678031751920191
29904,0.000677193096144042
29903,0.000676365764547406
29902,0.000675549843800492
29901,0.000674745419801481
29900,0.000673952577668479
29899,0.00067324802719375
29898,0.000672551810660671
29897,0.000671863988085722
29896,0.000671184619057922
29895,0.00067051376273421
29894,0.000669851477834813
29893,0.000669197822638634
29892,0.000668552854978667
29891,0.000667916632237406
29890,0.000667289211342294
29889,0.000666670648761167
29888,0.000666061000497729
29887,0.000665460322087031
29886,0.00066486866859097
29885,0.000664286094593821
29884,0.000663712654197758
29883,0.000663148401018419
29882,0.000662593388180472
29881,0.000662047668313205
29880,0.000661511293546141
29879,0.000661061322263297
29878,0.000660618370857966
29877,0.000660182470960024
29876,0.00065975365391696
29875,0.000659331950791925
29874,0.000658917392361781
29873,0.000658510009115166
29872,0.00065810983125056
29871,0.000657716888674363
29870,0.000657331210998989
29869,0.000656952827540955
29868,0.000656581767318987
29867,0.00065621805905214
29866,0.000655861731157916
29865,0.000655512811750398
29864,0.000655171328638395
29863,0.000654837309323593
29862,0.000654510780998714
29861,0.000654191770545691
29860,0.00065388030453385
29859,0.000653630180418801
29858,0.000653385409077383
29857,0.000653146005095163
29856,0.00065291198290112
29855,0.000652683356766949
29854,0.000652460140806374
29853,0.000652242348974456
29852,0.000652029995066918
29851,0.000651823092719459
29850,0.000651621655407084
29849,0.000651425696443428
29848,0.000651235228980091
29847,0.000651050266005972
29846,0.000650870820346615
29845,0.000650696904663543
29844,0.000650528531453613
29843,0.000650365713048367
29842,0.000650208461613384
29841,0.000650056789147645
29840,0.000649910707482891
29839,0.000649772170205774
29838,0.000649637378564331
29837,0.000649506340444931
29836,0.000649379063651522
29835,0.000649255555905313
29834,0.000649135824844453
29833,0.000649019878023725
29832,0.000648907722914226
29831,0.000648799366903056
29830,0.000648694817293012
29829,0.000648594081302278
29828,0.000648497166064116
29827,0.000648404078626563
29826,0.000648314825952128
29825,0.000648229414917486
29824,0.000648147852313184
29823,0.000648070144843339
29822,0.00064799629912534
29821,0.000647926321689554
29820,0.000647860218979034
29819,0.00064782788615827
29818,0.000647798126441901
29817,0.00064777094235477
29816,0.000647746336386256
29815,0.000647724310990211
29814,0.000647704868584879
29813,0.000647688011552834
29812,0.000647673742240901
29811,0.000647662062960094
29810,0.000647652975985542
29809,0.000647646483556419
29808,0.000647642587875878
29807,0.000647641291110982
29806,0.000647642595392634
29805,0.000647646502815514
29804,0.000647653015438006
29803,0.000647662135282137
29802,0.000647673864333507
29801,0.000647688204541226
29800,0.000647705157817846
29799,0.000647725071458104
29798,0.00064774630944683
29797,0.000647768872310293
29796,0.000647792760565589
29795,0.000647817974720628
29794,0.000647844515274126
29793,0.000647872382715597
29792,0.00064790157752534
29791,0.000647932100174433
29790,0.000647963951124722
29789,0.000647997130828809
29788,0.00064803163973005
29787,0.000648067478262539
29786,0.0006481046468511
29785,0.000648143145911281
29784,0.000648182975849343
29783,0.000648224137062251
29782,0.000648266629937663
29781,0.000648310454853928
29780,0.000648355612180067
29779,0.000648410237468404
29778,0.000648465933515658
29777,0.000648522700355705
29776,0.000648580538016476
29775,0.000648639446519946
29774,0.000648699425882138
29773,0.000648760476113118
29772,0.000648822597216991
29771,0.0006488857891919
29770,0.000648950052030023
29769,0.000649015385717569
29768,0.000649081790234776
29767,0.000649149265555908
29766,0.000649217811649255
29765,0.000649287428477126
29764,0.000649358115995849
29763,0.000649429874155769
29762,0.000649502702901244
29761,0.000649576602170642
29760,0.000649651571896342
29759,0.000649702146375314
29758,0.000649753196556754
29757,0.000649804722416186
29756,0.000649856723927947
29755,0.000649909201065189
29754,0.000649962153799879
29753,0.000650015582102797
29752,0.000650069485943539
29751,0.000650123865290511
29750,0.000650178720110935
29749,0.000650234050370845
29748,0.000650289856035086
29747,0.000650346137067319
29746,0.000650402893430013
29745,0.000650460125084451
29744,0.000650517831990728
29743,0.000650576014107747
29742,0.000650634671393227
29741,0.000650693803803692
29740,0.00065075341129448
29739,0.000650823553754569
29738,0.000650894342714446
29737,0.000650965778097045
29736,0.000651037859823095
29735,0.000651110587811117
29734,0.000651183961977427
29733,0.000651257982236134
29732,0.000651332648499135
29731,0.000651407960676123
29730,0.000651483918674577
29729,0.000651560522399772
29728,0.00065163777175477
29727,0.000651715666640421
29726,0.000651794206955367
29725,0.000651873392596035
29724,0.000651953223456643
29723,0.000652033699429197
29722,0.000652114820403486
29721,0.000652196586267091
29720,0.000652278996905373
29719,0.000652376264404502
29718,0.000652474183165743
29717,0.000652572752910203
29716,0.000652671973356482
29715,0.000652771844220675
29714,0.000652872365216373
29713,0.000652973536054664
29712,0.000653075356444129
29711,0.000653177826090851
29710,0.000653280944698405
29709,0.000653384711967868
29708,0.000653489127597813
29707,0.000653594191284313
29706,0.000653699902720939
29705,0.000653806261598764
29704,0.00065391326760636
29703,0.000654020920429802
29702,0.000654129219752662
29701,0.000654238165256021
29700,0.000654347756618455
29699,0.000654457349224979
29698,0.000654567778638632
29697,0.000654679044611257
29696,0.000654791146890906
29695,0.000654904085221851
29694,0.000655017859344571
29693,0.000655132468995763
29692,0.000655247913908336
29691,0.00065536419381141
29690,0.000655481308430319
29689,0.000655599257486605
29688,0.000655718040698024
29687,0.000655837657778544
29686,0.000655958108438338
29685,0.000656079392383797
29684,0.000656201509317515
29683,0.000656324458938297
29682,0.000656448240941162
29681,0.00065657285501733
29680,0.000656698300854238
29679,0.000656794468306032
29678,0.000656891293701183
29677,0.000656988776962232
29676,0.000657086918009255
29675,0.000657185716759858
29674,0.00065728517312918
29673,0.00065738528702989
29672,0.000657486058372183
29671,0.000657587487063785
29670,0.000657689573009946
29669,0.000657792316113444
29668,0.000657895716274584
29667,0.000657999773391189
29666,0.000658104487358612
29665,0.000658209858069723
29664,0.000658315885414917
29663,0.00065842256928211
29662,0.000658529909556732
29661,0.000658637906121738
29660,0.000658746558857597
29659,0.00065886980468565
29658,0.000658993683110692
29657,0.000659118193871692
29656,0.000659243336705399
29655,0.000659369111346329
29654,0.000659495517526776
29653,0.00065962255497681
29652,0.000659750223424267
29651,0.000659878522594766
29650,0.000660007452211691
29649,0.000660137011996207
29648,0.000660267201667252
29647,0.000660398020941534
29646,0.000660529469533542
29645,0.000660661547155534
29644,0.000660794253517545
29643,0.000660927588327388
29642,0.000661061551290644
29641,0.000661196142110677
29640,0.000661331360488619
29639,0.000661414514469059
29638,0.000661498009668978
29637,0.000661581846042111
29636,0.000661666023541475
29635,0.000661750542119375
29634,0.000661835401727393
29633,0.000661920602316399
29632,0.000662006143836542
29631,0.000662092026237257
29630,0.000662178249467259
29629,0.000662264813474545
29628,0.000662351718206395
29627,0.000662438963609371
29626,0.000662526549629315
29625,0.000662614476211352
29624,0.000662702743299886
29623,0.000662791350838605
29622,0.000662880298770476
29621,0.000662969587037746
29620,0.000663059215581943
29619,0.000663169913490478
29618,0.000663281093572835
29617,0.000663392755708261
29616,0.000663504899774594
29615,0.000663617525648272
29614,0.000663730633204323
29613,0.000663844222316369
29612,0.000663958292856629
29611,0.000664072844695906
29610,0.000664187877703605
29609,0.000664303391747718
29608,0.000664419386694831
29607,0.000664535862410123
29606,0.00066465281875736
29605,0.000664770255598902
29604,0.000664888172795701
29603,0.000665006570207297
29602,0.000665125447691825
29601,0.000665244805106002
29600,0.000665364642305142
29599,0.000665475805176915
29598,0.00066558728351527
29597,0.000665699077183645
29596,0.0006658111860449
29595,0.00066592360996132
29594,0.000666036348794609
29593,0.000666149402405894
29592,0.000666262770655725
29591,0.000666376453404074
29590,0.000666490450510335
29589,0.000666604761833326
29588,0.000666719387231286
29587,0.000666834326561877
29586,0.000666949579682186
29585,0.00066706514644872
29584,0.00066718102671741
29583,0.000667297220343612
29582,0.000667413727182103
29581,0.000667530547087083
29580,0.000667647679912178
29579,0.000667752126036407
29578,0.000667856908607634
29577,0.000667962027535118
29576,0.000668067482727393
29575,0.000668173274092267
29574,0.000668279401536824
29573,0.000668385864967419
29572,0.000668492664289687
29571,0.00066859979940853
29570,0.00066870727022813
29569,0.000668815076651939
29568,0.000668923218582686
29567,0.000669031695922371
29566,0.000669140508572268
29565,0.000669249656432926
29564,0.000669359139404166
29563,0.000669468957385084
29562,0.000669579110274047
29561,0.000669689597968696
29560,0.000669800420365946
29559,0.000669924220765475
29558,0.000670048331192554
29557,0.000670172751487475
29556,0.000670297481489954
29555,0.000670422521039134
29554,0.000670547869973581
29553,0.000670673528131289
29552,0.000670799495349676
29551,0.000670925771465589
29550,0.000671052356315296
29549,0.000671179249734495
29548,0.000671306451558309
29547,0.000671433961621288
29546,0.000671561779757406
29545,0.000671689905800067
29544,0.000671818339582101
29543,0.000671947080935763
29542,0.000672076129692736
29541,0.000672205485684132
29540,0.000672335148740487
29539,0.000672465118691768
29538,0.000672595395367367
29537,0.000672725978596105
29536,0.000672856868206231
29535,0.00067298806402542
29534,0.000673119565880779
29533,0.000673251373598839
29532,0.000673383487005563
29531,0.000673515905926342
29530,0.000673648630185993
29529,0.000673781659608765
29528,0.000673914994018335
29527,0.000674048633237809
29526,0.000674182577089724
29525,0.000674316825396044
29524,0.000674451377978165
29523,0.00067458623465691
29522,0.000674721395252536
29521,0.000674856859584727
29520,0.000674992627472599
29519,0.000675143586210161
29518,0.000675295010552782
29517,0.000675446900262172
29516,0.000675599255098617
29515,0.000675752074820996
29514,0.000675905359186771
29513,0.000676059107951993
29512,0.000676213320871296
29511,0.000676367997697896
29510,0.000676523138183603
29509,0.000676678742078806
29508,0.000676834809132485
29507,0.000676991339092205
29506,0.000677148331704111
29505,0.000677305786712942
29504,0.000677463703862019
29503,0.000677622082893251
29502,0.000677780923547136
29501,0.000677940225562749
29500,0.00067809998867776
29499,0.000678226699817972
29498,0.000678353600903859
29497,0.00067848069177072
29496,0.000678607972253561
29495,0.000678735442187088
29494,0.000678863101405714
29493,0.000678990949743555
29492,0.000679118987034434
29491,0.000679247213111883
29490,0.000679375627809133
29489,0.000679504230959125
29488,0.000679633022394505
29487,0.000679762001947625
29486,0.000679891169450546
29485,0.000680020524735035
29484,0.000680150067632565
29483,0.000680279797974315
29482,0.000680409715591173
29481,0.00068053982031374
29480,0.000680670111972317
29479,0.000680783043945417
29478,0.000680896105731807
29477,0.000681009297159626
29476,0.000681122618056751
29475,0.000681236068250815
29474,0.000681349647569192
29473,0.000681463355839003
29472,0.000681577192887126
29471,0.000681691158540178
29470,0.000681805252624532
29469,0.000681919474966307
29468,0.00068203382539137
29467,0.000682148303725345
29466,0.000682262909793599
29465,0.000682377643421257
29464,0.00068249250443319
29463,0.00068260749265402
29462,0.00068272260790813
29461,0.000682837850019644
29460,0.000682953218812449
29459,0.000682995835738334
29458,0.000683038471453927
29457,0.000683081125947122
29456,0.000683123799205796
29455,0.000683166491217828
29454,0.000683209201971088
29453,0.000683251931453437
29452,0.000683294679652736
29451,0.000683337446556827
29450,0.000683380232153556
29449,0.000683423036430758
29448,0.000683465859376263
29447,0.000683508700977895
29446,0.000683551561223463
29445,0.000683594440100781
29444,0.000683637337597648
29443,0.000683680253701862
29442,0.000683723188401211
29441,0.000683766141683474
29440,0.000683809113536429
29439,0.000683791279581394
29438,0.000683773471539068
29437,0.000683755689410317
29436,0.000683737933196004
29435,0.000683720202896975
29434,0.000683702498514072
29433,0.000683684820048125
29432,0.000683667167499956
29431,0.00068364954087038
29430,0.000683631940160199
29429,0.000683614365370209
29428,0.000683596816501194
29427,0.000683579293553928
29426,0.000683561796529183
29425,0.000683544325427714
29424,0.00068352688025027
29423,0.000683509460997592
29422,0.000683492067670405
29421,0.000683474700269437
29420,0.000683457358795398
29419,0.000683366978461372
29418,0.000683276703028848
29417,0.00068318653254315
29416,0.00068309646704954
29415,0.000683006506593197
29414,0.000682916651219236
29413,0.000682826900972699
29412,0.000682737255898551
29411,0.000682647716041691
29410,0.000682558281446939
29409,0.000682468952159048
29408,0.000682379728222701
29407,0.0006822906096825
29406,0.000682201596582985
29405,0.000682112688968613
29404,0.000682023886883779
29403,0.000681935190372801
29402,0.000681846599479922
29401,0.000681758114249319
29400,0.00068166973472509
29399,0.000681555621457309
29398,0.000681441635284423
29397,0.000681327776381751
29396,0.000681214044924371
29395,0.000681100441087112
29394,0.000680986965044558
29393,0.000680873616971045
29392,0.000680760397040656
29391,0.000680647305427235
29390,0.000680534342304366
29389,0.000680421507845392
29388,0.000680308802223407
29387,0.000680196225611246
29386,0.000680083778181505
29385,0.00067997146010652
29384,0.000679859271558382
29383,0.000679747212708929
29382,0.000679635283729743
29381,0.000679523484792161
29380,0.000679411816067261
29379,0.0006793416389327
29378,0.00067927151355567
29377,0.000679201439972035
29376,0.000679131418217618
29375,0.000679061448328218
29374,0.000678991530339596
29373,0.000678921664287478
29372,0.000678851850207566
29371,0.000678782088135518
29370,0.000678712378106969
29369,0.000678642720157516
29368,0.00067857311432272
29367,0.000678503560638117
29366,0.000678434059139202
29365,0.000678364609861446
29364,0.000678295212840277
29363,0.000678225868111095
29362,0.000678156575709269
29361,0.00067808733567013
29360,0.00067801814802898
29359,0.000678074888335897
29358,0.000678131676496053
29357,0.000678188512497074
29356,0.000678245396326579
29355,0.000678302327972166
29354,0.000678359307421424
29353,0.000678416334661927
29352,0.000678473409681229
29351,0.000678530532466877
29350,0.000678587703006397
29349,0.000678644921287305
29348,0.000678702187297103
29347,0.000678759501023272
29346,0.00067881686245329
29345,0.000678874271574607
29344,0.000678931728374668
29343,0.000678989232840904
29342,0.000679046784960723
29341,0.00067910438472153
29340,0.000679162032110704
29339,0.000679401327693533
29338,0.000679641234613284
29337,0.000679881751548708
29336,0.00068012287717446
29335,0.000680364610161091
29334,0.000680606949175068
29333,0.000680849892878777
29332,0.00068109343993053
29331,0.000681337588984588
29330,0.00068158233869115
29329,0.000681827687696382
29328,0.000682073634642417
29327,0.00068232017816736
29326,0.000682567316905311
29325,0.000682815049486358
29324,0.000683063374536604
29323,0.000683312290678166
29322,0.000683561796529183
29321,0.000683811890703836
29320,0.000684062571812345
29319,0.000684557830128786
29318,0.000685055620280607
29317,0.000685555933743505
29316,0.00068605876194214
29315,0.000686564096250298
29314,0.000687071927991032
29313,0.000687582248436828
29312,0.000688095048809751
29311,0.000688610320281605
29310,0.000689128053974096
29309,0.000689648240958982
29308,0.000690170872258241
29307,0.00069069593884423
29306,0.000691223431639847
29305,0.000691753341518699
29304,0.000692285659305261
29303,0.000692820375775052
29302,0.000693357481654793
29301,0.000693896967622585
29300,0.000694438824308072
29299,0.000695347161442167
29298,0.000696262013819111
29297,0.000697183337168535
29296,0.000698111086853376
29295,0.000699045217872176
29294,0.000699985684861403
29293,0.000700932442097799
29292,0.000701885443500755
29291,0.000702844642634707
29290,0.000703809992711565
29289,0.000704781446593157
29288,0.000705758956793709
29287,0.00070674247548234
29286,0.000707731954485587
29285,0.000708727345289956
29284,0.000709728599044493
29283,0.000710735666563382
29282,0.000711748498328565
29281,0.00071276704449239
29280,0.00071379125488028
29279,0.000715209909908507
29278,0.000716639652106823
29277,0.000718080354149646
29276,0.000719531887555843
29275,0.000720994122700521
29274,0.000722466928826957
29273,0.000723950174058669
29272,0.000725443725411633
29271,0.000726947448806638
29270,0.000728461209081773
29269,0.000729984870005063
29268,0.000731518294287229
29267,0.00073306134359459
29266,0.000734613878562096
29265,0.00073617575880649
29264,0.000737746842939607
29263,0.000739326988581795
29262,0.000740916052375465
29261,0.00074251388999877
29260,0.000744120356179407
29259,0.000746159512565743
29258,0.00074821159318616
29257,0.000750276295941035
29256,0.000752353316525302
29255,0.000754442348476788
29254,0.000756543083225044
29253,0.000758655210140607
29252,0.000760778416584701
29251,0.000762912387959389
29250,0.000765056807758106
29249,0.000767211357616643
29248,0.000769375717364505
29247,0.000771549565076669
29246,0.000773732577125724
29245,0.000775924428234358
29244,0.000778124791528226
29243,0.000780333338589156
29242,0.000782549739508677
29241,0.000784773662941902
29240,0.000787004776161678
29239,0.0007895341040738
29238,0.000792072689860043
29237,0.000794620062309894
29236,0.000797175748064561
29235,0.000799739271709841
29234,0.000802310155869548
29233,0.000804887921299478
29232,0.000807472086981879
29231,0.000810062170220418
29230,0.000812657686735601
29229,0.000815258150760641
29228,0.000817863075137736
29227,0.000820471971414742
29226,0.000823084349942203
29225,0.000825699719970735
29224,0.000828317589748711
29223,0.000830937466620248
29222,0.000833558857123452
29221,0.000836181267088903
29220,0.000849076696828026
29219,0.000852146819937791
29218,0.000855225301286981
29217,0.000858311724199328
29216,0.000861405673440848
29215,0.000864506735347123
29214,0.000867614497949994
29213,0.000870728551103713
29212,0.00087384848661045
29211,0.000876973898345053
29210,0.000880104382379119
29209,0.000883239537104183
29208,0.000886378963354076
29207,0.000889522264526354
29206,0.000892669046702691
29205,0.000895818918768291
29204,0.000898971492530128
29203,0.000902126382834069
29202,0.00090528320768077
29201,0.000908441588340249
29200,0.000911601149465187
29199,0.000914695137303255
29198,0.000917791752808116
29197,0.000920890632648469
29196,0.000923991415689215
29195,0.000927093743096412
29194,0.000930197258441723
29193,0.000933301607806206
29192,0.000936406439883446
29191,0.000939511406082026
29190,0.00094261616062719
29189,0.000945720360661769
29188,0.000948823666346238
29187,0.000951925740957892
29186,0.000955026250989127
29185,0.000958124866244704
29184,0.000961221259938041
29183,0.000964315108786422
29182,0.000967406093105079
29181,0.000970493896900182
29180,0.000973578207960558
29179,0.000976548724980837
29178,0.000979516515578475
29177,0.000982481286472834
29176,0.000985442747450358
29175,0.000988400611449941
29174,0.000991354594647482
29173,0.00099430441653957
29172,0.000997249800026267
29171,0.00100019047149295
29170,0.00100312616089117
29169,0.0010060566018185
29168,0.0010089815315973
29167,0.0010119006913524
29166,0.00101481382608765
29165,0.00101772068476126
29164,0.00102062102035995
29163,0.00102351458997181
29162,0.00102640115485792
29161,0.00102928048052255
29160,0.00103215233678204
29159,0.00103484621721858
29158,0.00103753316226846
29157,0.00104021298919693
29156,0.00104288551882619
29155,0.00104555057558195
29154,0.00104820798753888
29153,0.00105085758646488
29152,0.00105349920786427
29151,0.00105613269101972
29150,0.0010587578790331
29149,0.00106137461886495
29148,0.00106398276137285
29147,0.00106658216134841
29146,0.00106917267755297
29145,0.00107175417275204
29144,0.00107432651374834
29143,0.00107688957141344
29142,0.00107944322071808
29141,0.001081987340761
29140,0.00108452181479638
29139,0.00108673534974017
29138,0.00108894147695735
29137,0.00109114011572889
29136,0.00109333118786552
29135,0.00109551461772313
29134,0.00109769033221756
29133,0.0010998582608386
29132,0.0011020183356633
29131,0.0011041704913685
29130,0.00110631466524268
29129,0.00110845079719693
29128,0.00111057882977532
29127,0.00111269870816429
29126,0.00111481038020141
29125,0.00111691379638331
29124,0.00111900890987269
29123,0.00112109567650469
29122,0.00112317405479228
29121,0.00112524400593091
29120,0.00112730549380228
29119,0.00112895839675458
29118,0.00113060577979674
29117,0.00113224762799395
29116,0.00113388392754014
29115,0.00113551466575791
29114,0.00113713983109822
29113,0.00113875941313983
29112,0.00114037340258851
29111,0.00114198179127598
29110,0.00114358457215863
29109,0.00114518173931598
29108,0.00114677328794891
29107,0.00114835921437757
29106,0.00114993951603916
29105,0.00115151419148534
29104,0.00115308324037944
29103,0.00115464666349343
29102,0.00115620446270459
29101,0.00115775664099195
29100,0.0011593032024325
29099,0.0011604774843287
29098,0.00116164848834764
29097,0.00116281621575291
29096,0.00116398066819803
29095,0.00116514184772552
29094,0.00116629975676585
29093,0.00116745439813645
29092,0.00116860577504056
29091,0.00116975389106608
29090,0.00117089875018434
29089,0.00117204035674882
29088,0.00117317871549383
29087,0.00117431383153308
29086,0.00117544571035826
29085,0.00117657435783751
29084,0.00117769978021385
29083,0.00117882198410355
29082,0.00117994097649446
29081,0.00118105676474425
29080,0.00118216935657863
29079,0.00118292573082204
29078,0.00118368061682986
29077,0.0011844340171572
29076,0.00118518593444014
29075,0.0011859363713955
29074,0.00118668533082048
29073,0.00118743281559242
29072,0.00118817882866846
29071,0.00118892337308523
29070,0.00118966645195852
29069,0.00119040806848301
29068,0.00119114822593187
29067,0.00119188692765645
29066,0.00119262417708595
29065,0.00119335997772704
29064,0.00119409433316354
29063,0.00119482724705603
29062,0.00119555872314147
29061,0.00119628876523288
29060,0.00119701737721888
29059,0.00119761389047365
29058,0.00119820946380073
29057,0.00119880409961046
29056,0.00119939780034386
29055,0.00119999056847242
29054,0.00120058240649799
29053,0.00120117331695258
29052,0.00120176330239821
29051,0.00120235236542677
29050,0.0012029405086598
29049,0.00120352773474839
29048,0.00120411404637295
29047,0.00120469944624307
29046,0.00120528393709732
29045,0.00120586752170313
29044,0.00120645020285655
29043,0.00120703198338211
29042,0.00120761286613263
29041,0.00120819285398904
29040,0.00120877194986018
29039,0.00120929550816463
29038,0.00120981841826252
29037,0.00121034068315824
29036,0.00121086230586367
29035,0.00121138328939803
29034,0.00121190363678769
29033,0.00121242335106596
29032,0.00121294243527297
29031,0.00121346089245545
29030,0.00121397872566657
29029,0.00121449593796575
29028,0.00121501253241848
29027,0.00121552851209616
29026,0.0012160438800759
29025,0.00121655863944033
29024,0.00121707279327745
29023,0.00121758634468041
29022,0.00121809929674738
29021,0.0012186116525813
29020,0.00121912341528976
29019,0.00121964766175903
29018,0.00122017118929475
29017,0.00122069400057707
29016,0.00122121609830442
29015,0.00122173748519336
29014,0.00122225816397846
29013,0.00122277813741209
29012,0.00122329740826434
29011,0.00122381597932281
29010,0.00122433385339246
29009,0.0012248510332955
29008,0.00122536752187117
29007,0.00122588332197564
29006,0.0012263984364818
29005,0.00122691286827914
29004,0.00122742662027358
29003,0.00122793969538728
29002,0.00122845209655851
29001,0.00122896382674148
29000,0.00122947488890617
28999,0.00122994281964179
28998,0.00123041022617187
28997,0.0012308771108735
28996,0.00123134347613128
28995,0.00123180932433709
28994,0.00123227465789009
28993,0.00123273947919653
28992,0.00123320379066967
28991,0.00123366759472968
28990,0.00123413089380351
28989,0.00123459369032477
28988,0.00123505598673368
28987,0.00123551778547684
28986,0.00123597908900726
28985,0.00123643989978412
28984,0.00123690022027275
28983,0.00123736005294445
28982,0.00123781940027642
28981,0.00123827826475163
28980,0.00123873664885867
28979,0.00123919455509172
28978,0.00123965198595034
28977,0.00124010894393942
28976,0.00124056543156904
28975,0.00124102145135432
28974,0.00124147700581537
28973,0.00124193209747712
28972,0.00124238672886924
28971,0.00124284090252597
28970,0.00124329462098605
28969,0.00124374788679258
28968,0.0012442007024929
28967,0.00124465307063848
28966,0.00124510499378479
28965,0.00124555647449118
28964,0.00124600751532077
28963,0.0012464581188403
28962,0.00124690828762006
28961,0.00124735802423371
28960,0.0012478073312582
28959,0.00124821613832672
28958,0.00124862462335558
28957,0.00124903278829578
28956,0.00124944063509769
28955,0.00124984816571092
28954,0.00125025538208429
28953,0.0012506622861657
28952,0.00125106887990211
28951,0.0012514751652394
28950,0.00125188114412233
28949,0.00125228681849443
28948,0.00125269219029797
28947,0.00125309726147382
28946,0.00125350203396139
28945,0.00125390650969859
28944,0.00125431069062169
28943,0.00125471457866526
28942,0.00125511817576212
28941,0.00125552148384321
28940,0.00125592450483755
28939,0.00125625403709837
28938,0.00125658337952155
28937,0.00125691253316051
28936,0.00125724149906767
28935,0.00124716435110537
28934,0.0012475262311317
28933,0.0012478878317699
28932,0.00124824915429667
28931,0.00124861019998716
28930,0.00124897097011492
28929,0.00124933146595188
28928,0.00124969168876833
28927,0.00125005163983288
28926,0.00125041132041244
28925,0.00125077073177216
28924,0.00125112987517545
28923,0.0012514887518839
28922,0.00125184736315729
28921,0.00125220571025356
28920,0.00125256379442873
28919,0.00125291453678798
28918,0.00125326507240113
28917,0.00125361540246583
28916,0.00125396552817346
28915,0.00125431545070903
28914,0.00125466517125118
28913,0.00125501469097213
28912,0.0012553640110376
28911,0.00125571313260686
28910,0.00125606205683256
28909,0.00125641078486082
28908,0.00125675931783108
28907,0.00125710765687614
28906,0.00125745580312206
28905,0.00125780375768815
28904,0.00125815152168694
28903,0.0012584990962241
28902,0.00125884648239844
28901,0.00125919368130184
28900,0.00125954069401923
28899,0.00125996939554111
28898,0.00126039778049198
28897,0.00126082585090618
28896,0.00126125360880883
28895,0.00126168105621582
28894,0.00126210819513367
28893,0.00126253502755948
28892,0.0012629615554808
28891,0.0012633877808756
28890,0.00126381370571217
28889,0.001264239331949
28888,0.00126466466153477
28887,0.0012650896964082
28886,0.00126551443849798
28885,0.00126593888972273
28884,0.00126636305199086
28883,0.00126678692720054
28882,0.00126721051723958
28881,0.00126763382398535
28880,0.00126805684930473
28879,0.00126851527977586
28878,0.00126897340923208
28877,0.00126943123989688
28876,0.00126988877397319
28875,0.00127034601364318
28874,0.00127080296106814
28873,0.0012712596183884
28872,0.00127171598772311
28871,0.00127217207117017
28870,0.00127262787080607
28869,0.00127308338868574
28868,0.00127353862684246
28867,0.0012739935872877
28866,0.00127444827201097
28865,0.00127490268297973
28864,0.00127535682213923
28863,0.00127581069141242
28862,0.00127626429269975
28861,0.00127671762787911
28860,0.00127717069880567
28859,0.00127781436682284
28858,0.00127845747982393
28857,0.00127910004328622
28856,0.00127974206260781
28855,0.00128038354310694
28854,0.0012810244900213
28853,0.0012816649085074
28852,0.00128230480363988
28851,0.00128294418041089
28850,0.00128358304372941
28849,0.00128422139842061
28848,0.00128485924922523
28847,0.00128549660079891
28846,0.00128613345771158
28845,0.00128676982444683
28844,0.00128740570540129
28843,0.00128804110488399
28842,0.00128867602711577
28841,0.00128931047622869
28840,0.00128994445626537
28839,0.00129076557788279
28838,0.00129158590210822
28837,0.00129240543781257
28836,0.0012932241936284
28835,0.00129404217794781
28834,0.00129485939892037
28833,0.00129567586445106
28832,0.00129649158219819
28831,0.00129730655957147
28830,0.00129812080372991
28829,0.00129893432157994
28828,0.00129974711977341
28827,0.00130055920470567
28826,0.00130137058251366
28825,0.00130218125907406
28824,0.00130299124000139
28823,0.0013038005306462
28822,0.00130460913609326
28821,0.00130541706115977
28820,0.00130622431039359
28819,0.00130718397888261
28818,0.00130814257755314
28817,0.00130910012088281
28816,0.00131005662294108
28815,0.0013110120973843
28814,0.00131196655745071
28813,0.00131292001595549
28812,0.00131387248528589
28811,0.00131482397739634
28810,0.00131577450380363
28809,0.00131672407558214
28808,0.00131767270335908
28807,0.00131862039730979
28806,0.0013195671671531
28805,0.00132051302214669
28804,0.0013214579710825
28803,0.00132240202228227
28802,0.00132334518359296
28801,0.00132428746238241
28800,0.00132522886553488
28799,0.0013262761005396
28798,0.00132732227730659
28797,0.00132836739918468
28796,0.00132941146871069
28795,0.00133045448760335
28794,0.00133149645675723
28793,0.00133253737623691
28792,0.0013335772452712
28791,0.00133461606224746
28790,0.00133565382470608
28789,0.0013366905293351
28788,0.00133772617196486
28787,0.00133876074756287
28786,0.00133979425022878
28785,0.00134082667318945
28784,0.00134185800879416
28783,0.00134288824850998
28782,0.00134391738291722
28781,0.00134494540170506
28780,0.00134597229366727
28779,0.00134706701713705
28778,0.0013481603748809
28777,0.00134925234501447
28776,0.00135034290443183
28775,0.00135143202880188
28774,0.00135251969256505
28773,0.00135360586893011
28772,0.00135469052987131
28771,0.00135577364612573
28770,0.00135685518719083
28769,0.00135793512132229
28768,0.00135901341553203
28767,0.00136009003558649
28766,0.00136116494600519
28765,0.00136223811005943
28764,0.00136330948977136
28763,0.00136437904591315
28762,0.00136544673800657
28761,0.00136651252432261
28760,0.00136757636188155
28759,0.0013687042374147
28758,0.00136982967646958
28757,0.0013709526168213
28756,0.00137207299462304
28755,0.00137319074440983
28754,0.0013743057991027
28753,0.00137541809001319
28752,0.00137652754684827
28751,0.00137763409771559
28750,0.00137873766912922
28749,0.00137983818601566
28748,0.00138093557172028
28747,0.0013820297480142
28746,0.00138312063510143
28745,0.0013842081516265
28744,0.00138529221468243
28743,0.0013863727398191
28742,0.00138744964105193
28741,0.00138852283087108
28740,0.00138959222025086
28739,0.00139062089513638
28738,0.00139164559443322
28737,0.00139266622632099
28736,0.00139368269768295
28735,0.00139469491411825
28734,0.00139570277995457
28733,0.00139670619826101
28732,0.00139770507086133
28731,0.00139869929834754
28730,0.00139968878009369
28729,0.00140067341427012
28728,0.00140165309785791
28727,0.00140262772666364
28726,0.00140359719533457
28725,0.00140456139737393
28724,0.00140552022515668
28723,0.00140647356994547
28722,0.0014074213219069
28721,0.0014083633701281
28720,0.00140929960263358
28719,0.00141025953811665
28718,0.00141121307341154
28717,0.00141216008288961
28716,0.00141310043979637
28715,0.00141403401627247
28714,0.00141496068337501
28713,0.00141588031109917
28712,0.0014167927684001
28711,0.00141769792321519
28710,0.00141859564248659
28709,0.00141948579218401
28708,0.00142036823732785
28707,0.00142124284201259
28706,0.00142210946943046
28705,0.00142296798189538
28704,0.00142381824086719
28703,0.0014246601069761
28702,0.00142549344004746
28701,0.00142631809912671
28700,0.00142713394250463
28699,0.00142791139543234
28698,0.00142868147572338
28697,0.00142944407200029
28696,0.00143019907222894
28695,0.00143094636373431
28694,0.00143168583321645
28693,0.00143241736676659
28692,0.00143314084988345
28691,0.00143385616748965
28690,0.00143456320394837
28689,0.00143526184308011
28688,0.00143595196817965
28687,0.00143663346203312
28686,0.00143730620693526
28685,0.00143797008470682
28684,0.00143862497671209
28683,0.00143927076387661
28682,0.00143990732670498
28681,0.00144053454529882
28680,0.00144115229937489
28679,0.0014417547221329
28678,0.00144234840774193
28677,0.00144293324821353
28676,0.0014435091351921
28675,0.00144407595996971
28674,0.00144463361350112
28673,0.00144518198641888
28672,0.00144572096904853
28671,0.0014462504514239
28670,0.00144677032330258
28669,0.0014472804741814
28668,0.00144778079331212
28667,0.00144827116971709
28666,0.00144875149220515
28665,0.00144922164938747
28664,0.00144968152969365
28663,0.00145013102138774
28662,0.00145057001258447
28661,0.00145099839126552
28660,0.00145141604529586
28659,0.0014518358475067
28658,0.00145224766207603
28657,0.00145265140574396
28656,0.00145304699497646
28655,0.00145343434597483
28654,0.00145381337468534
28653,0.0014541839968089
28652,0.00145454612781083
28651,0.00145489968293072
28650,0.00145524457719239
28649,0.00145558072541392
28648,0.00145590804221776
28647,0.0014562264420409
28646,0.00145653583914521
28645,0.00145683614762771
28644,0.00145712728143109
28643,0.00145740915435413
28642,0.00145768168006236
28641,0.00145794477209866
28640,0.00145819834389401
28639,0.00145846244781835
28638,0.00145871707480248
28637,0.00145896213544716
28636,0.0014591975402054
28635,0.00145942319939406
28634,0.00145963902320556
28633,0.00145984492171974
28632,0.00146004080491571
28631,0.0014602265826838
28630,0.00146040216483767
28629,0.00146056746112639
28628,0.00146072238124667
28627,0.00146086683485512
28626,0.00146100073158064
28625,0.00146112398103682
28624,0.00146123649283443
28623,0.001461338176594
28622,0.00146142894195846
28621,0.00146150869860577
28620,0.00146157735626175
28619,0.00146161679735137
28618,0.00146164725117912
28617,0.00146166865613462
28616,0.00146168095069395
28615,0.00146168407342655
28614,0.00146167796300211
28613,0.00146166255819746
28612,0.00146163779790355
28611,0.00146160362113235
28610,0.00146155996702383
28609,0.00146150677485292
28608,0.00146144398403654
28607,0.00146137153414055
28606,0.00146128936488677
28605,0.00146119741616002
28604,0.00146109562801514
28603,0.00146098394068403
28602,0.00146086229458268
28601,0.00146073063031826
28600,0.00146058888869611
28599,0.00146044195994431
28598,0.00146028716076189
28597,0.00146012445348165
28596,0.00145995380058392
28595,0.00145977516469986
28594,0.00145958850861492
28593,0.00145939379527212
28592,0.0014591909877755
28591,0.00145898004939346
28590,0.00145876094356209
28589,0.00145853363388857
28588,0.0014582980841545
28587,0.00145805425831927
28586,0.00145780212052338
28585,0.00145754163509179
28584,0.00145727276653725
28583,0.00145699547956361
28582,0.00145670973906916
28581,0.00145641551014995
28580,0.00145611275810306
28579,0.00145579436366776
28578,0.00145546808625593
28577,0.00145513389856675
28576,0.00145479177349223
28575,0.00145444168411948
28574,0.00145408360373298
28573,0.00145371750581688
28572,0.00145334336405721
28571,0.00145296115234414
28570,0.00145257084477422
28569,0.00145217241565259
28568,0.00145176583949523
28567,0.00145135109103109
28566,0.00145092814520437
28565,0.00145049697717665
28564,0.00145005756232905
28563,0.00144960987626442
28562,0.00144915389480949
28561,0.00144868959401697
28560,0.0014482169501677
28559,0.00144778696105417
28558,0.00144735141980491
28557,0.00144691031721262
28556,0.00144646364418733
28555,0.00144601139175698
28554,0.00144555355106784
28553,0.00144509011338506
28552,0.00144462107009317
28551,0.00144414641269656
28550,0.00144366613281995
28549,0.0014431802222089
28548,0.00144268867273028
28547,0.00144219147637269
28546,0.00144168862524701
28545,0.00144118011158679
28544,0.00144066592774874
28543,0.00144014606621317
28542,0.00143962051958441
28541,0.0014390892805913
28540,0.00143855234208757
28539,0.00143804210640022
28538,0.00143752684250394
28537,0.00143700654489561
28536,0.00143648120817064
28535,0.00143595082702315
28534,0.00143541539624637
28533,0.00143487491073283
28532,0.0014343293654747
28531,0.00143377875556401
28530,0.00143322307619298
28529,0.00143266232265424
28528,0.00143209649034111
28527,0.00143152557474786
28526,0.00143094957146996
28525,0.00143036847620434
28524,0.00142978228474962
28523,0.00142919099300639
28522,0.00142859459697739
28521,0.0014279930927678
28520,0.00142738647658545
28519,0.00142693095779207
28518,0.00142647266654512
28517,0.00142601160167027
28516,0.00142554776202432
28515,0.00142508114649521
28514,0.00142461175400211
28513,0.00142413958349539
28512,0.00142366463395672
28511,0.00142318690439905
28510,0.0014227063938667
28509,0.00142222310143536
28508,0.00142173702621214
28507,0.00142124816733557
28506,0.0014207565239757
28505,0.00142026209533407
28504,0.00141976488064376
28503,0.00141926487916944
28502,0.00141876209020738
28501,0.00141825651308548
28500,0.00141774814716331
28499,0.00141732494483319
28498,0.00141689986398864
28497,0.00141647290443279
28496,0.00141604406598346
28495,0.0014156133484732
28494,0.00141518075174928
28493,0.00141474627567368
28492,0.00141430992012316
28491,0.00141387168498915
28490,0.00141343157017788
28489,0.00141298957561032
28488,0.00141254570122219
28487,0.00141209994696398
28486,0.00141165231280094
28485,0.00141120279871311
28484,0.00141075140469528
28483,0.00141029813075706
28482,0.00140984297692283
28481,0.00140938594323175
28480,0.0014089270297378
28479,0.00140872677709781
28478,0.00140852556269
28477,0.00140832338530314
28476,0.00140812024373017
28475,0.00140791613676825
28474,0.00140771106321873
28473,0.00140750502188727
28472,0.00140729801158377
28471,0.00140709003112246
28470,0.0014068810793219
28469,0.001406671155005
28468,0.00140646025699907
28467,0.00140624838413581
28466,0.00140603553525139
28465,0.00140582170918641
28464,0.00140560690478598
28463,0.00140539112089971
28462,0.00140517435638176
28461,0.00140495661009084
28460,0.00140473788089028
28459,0.00140451284612777
28458,0.00140428722295258
28457,0.00140406101110589
28456,0.00140383421033025
28455,0.00140360682036956
28454,0.00140337884096907
28453,0.0014031502718754
28452,0.00140292111283652
28451,0.00140269136360179
28450,0.00140246102392189
28449,0.00140223009354893
28448,0.00140199857223633
28447,0.00140176645973894
28446,0.00140153375581294
28445,0.00140130046021593
28444,0.00140106657270686
28443,0.00140083209304608
28442,0.00140059702099532
28441,0.00140036135631771
28440,0.00140012509877775
28439,0.00139991352052094
28438,0.00139970157307023
28437,0.00139948925640601
28436,0.00139927657050917
28435,0.00139906351536116
28434,0.00139885009094393
28433,0.00139863629724
28432,0.0013984221342324
28431,0.00139820760190468
28430,0.00139799270024094
28429,0.00139777742922581
28428,0.00139756178884444
28427,0.00139734577908254
28426,0.00139712939992631
28425,0.00139691265136252
28424,0.00139669553337846
28423,0.00139647804596194
28422,0.00139626018910134
28421,0.00139604196278554
28420,0.00139582336700395
28419,0.00139549478056142
28418,0.00139516536276677
28417,0.00139483511359108
28416,0.00139450403300813
28415,0.00139417212099438
28414,0.00139383937752905
28413,0.00139350580259403
28412,0.00139317139617392
28411,0.00139283615825609
28410,0.00139250008883055
28409,0.00139216318789008
28408,0.00139182545543015
28407,0.00139148689144897
28406,0.00139114749594745
28405,0.00139080726892923
28404,0.00139046621040068
28403,0.00139012432037088
28402,0.00138978159885165
28401,0.00138943804585752
28400,0.00138909366140575
28399,0.00138869082870213
28398,0.00138828686435604
28397,0.00138788176840902
28396,0.00138747554090761
28395,0.00138706818190345
28394,0.00138665969145323
28393,0.00138625006961871
28392,0.00138583931646674
28391,0.00138542743206921
28390,0.00138501441650311
28389,0.00138460026985049
28388,0.00138418499219849
28387,0.00138376858363933
28386,0.0013833510442703
28385,0.00138293237419379
28384,0.00138251257351727
28383,0.00138209164235329
28382,0.0013816695808195
28381,0.00138124638903864
28380,0.00138082206713854
28379,0.00138018065037708
28378,0.00137953641243863
28377,0.00137888935298224
28376,0.00137823947169874
28375,0.00137758676831072
28374,0.00137693124257261
28373,0.00137627289427073
28372,0.00137561172322332
28371,0.0013749477292806
28370,0.00137428091232477
28369,0.00137361127227011
28368,0.00137293880906298
28367,0.00137226352268188
28366,0.0013715854131375
28365,0.00137090448047272
28364,0.00137022072476268
28363,0.00136953414611483
28362,0.00136884474466893
28361,0.00136815252059712
28360,0.00136745747410393
28359,0.00136662749457964
28358,0.00136579358674615
28357,0.00136495575133952
28356,0.00136411398915865
28355,0.00136326830106533
28354,0.00136241868798434
28353,0.00136156515090348
28352,0.00136070769087361
28351,0.00135984630900878
28350,0.00135898100648618
28349,0.00135811178454629
28348,0.00135723864449287
28347,0.00135636158769301
28346,0.00135548061557722
28345,0.00135459572963943
28344,0.00135370693143704
28343,0.00135281422259101
28342,0.0013519176047858
28341,0.00135101707976953
28340,0.00135011264935391
28339,0.00134913225740189
28338,0.00134814734753895
28337,0.00134715792238048
28336,0.00134616398462721
28335,0.00134516553706528
28334,0.00134416258256624
28333,0.00134315512408709
28332,0.00134214316467028
28331,0.00134112670744375
28330,0.00134010575562095
28329,0.00133908031250082
28328,0.00133805038146786
28327,0.0013370159659921
28326,0.00133597706962908
28325,0.00133493369601991
28324,0.00133388584889124
28323,0.00133283353205527
28322,0.0013317767494097
28321,0.00133071550493779
28320,0.00132964980270829
28319,0.00132852657601495
28318,0.00132739812072897
28317,0.00132626444086785
28316,0.00132512554057102
28315,0.00132398142409992
28314,0.00132283209583807
28313,0.00132167756029108
28312,0.00132051782208673
28311,0.00131935288597496
28310,0.00131818275682794
28309,0.0013170074396401
28308,0.00131582693952808
28307,0.00131464126173086
28306,0.00131345041160966
28305,0.001312254394648
28304,0.00131105321645171
28303,0.00130984688274888
28302,0.00130863539938989
28301,0.00130741877234736
28300,0.00130619700771615
28299,0.00130492253153673
28298,0.00130364318529319
28297,0.00130235897811804
28296,0.00130106991924786
28295,0.00129977601802306
28294,0.00129847728388768
28293,0.00129717372638915
28292,0.00129586535517807
28291,0.00129455218000794
28290,0.00129323421073499
28289,0.00129191145731784
28288,0.00129058392981735
28287,0.00128925163839632
28286,0.00128791459331922
28285,0.00128657280495198
28284,0.00128522628376169
28283,0.00128387504031638
28282,0.00128251908528467
28281,0.00128115842943561
28280,0.0012797930836383
28279,0.00127860599877601
28278,0.00127741540667968
28277,0.00127622131460616
28276,0.00127502372986821
28275,0.00127382265983428
28274,0.00127261811192843
28273,0.00127141009363017
28272,0.00127019861247428
28271,0.00126898367605068
28270,0.0012677652920043
28269,0.00126654346803492
28268,0.00126531821189698
28267,0.00126408953139948
28266,0.00126285743440579
28265,0.00126162192883349
28264,0.00126038302265423
28263,0.00125914072389359
28262,0.00125789504063083
28261,0.00125664598099886
28260,0.00125539355318392
28259,0.00125425629445707
28258,0.0012531160616083
28257,0.00125197286043092
28256,0.00125082669676139
28255,0.00124967757647926
28254,0.00124852550550711
28253,0.00124737048981041
28252,0.00124621253539748
28251,0.00124505164831935
28250,0.00124388783466971
28249,0.00124272110058478
28248,0.00124155145224325
28247,0.00124037889586617
28246,0.00123920343771682
28245,0.0012380250841007
28244,0.00123684384136532
28243,0.00123565971590017
28242,0.00123447271413663
28241,0.00123328284254779
28240,0.00123209010764845
28239,0.0012310973827204
28238,0.00123010265737366
28237,0.00122910593538171
28236,0.00122810722053863
28235,0.00122710651665898
28234,0.00122610382757786
28233,0.00122509915715079
28232,0.0012240925092537
28231,0.00122308388778287
28230,0.0012220732966549
28229,0.00122106073980667
28228,0.00122004622119529
28227,0.00121902974479803
28226,0.00121801131461233
28225,0.00121699093465568
28224,0.00121596860896564
28223,0.00121494434159979
28222,0.00121391813663561
28221,0.00121288999817054
28220,0.00121185993032184
28219,0.00121110513175177
28218,0.00121034949838454
28217,0.0012095930321316
28216,0.00120883573490779
28215,0.00120807760863144
28214,0.00120731865522424
28213,0.00120655887661128
28212,0.00120579827472107
28211,0.00120503685148544
28210,0.00120427460883961
28209,0.00120351154872211
28208,0.00120274767307478
28207,0.00120198298384283
28206,0.00120121748297469
28205,0.00120045117242211
28204,0.00119968405414008
28203,0.00119891613008686
28202,0.00119814740222393
28201,0.00119737787251598
28200,0.00119660754293092
28199,0.00119603261309511
28198,0.00119545728899201
28197,0.00119488157175287
28196,0.00119430546250976
28195,0.00119372896239562
28194,0.00119315207254418
28193,0.00119257479409002
28192,0.00119199712816853
28191,0.00119141907591588
28190,0.00119084063846906
28189,0.00119026181696586
28188,0.00118968261254482
28187,0.00118910302634529
28186,0.00118852305950735
28185,0.00118794271317189
28184,0.0011873619884805
28183,0.00118678088657556
28182,0.00118619940860016
28181,0.00118561755569812
28180,0.00118503532901399
28179,0.00118443380691832
28178,0.00118383189354433
28177,0.00118322959056128
28176,0.00118262689963914
28175,0.00118202382244858
28174,0.00118142036066096
28173,0.00118081651594826
28172,0.00118021228998314
28171,0.00117960768443887
28170,0.00117900270098934
28169,0.00117839734130904
28168,0.00117779160707303
28167,0.00117718549995693
28166,0.00117657902163691
28165,0.00117597217378967
28164,0.00117536495809244
28163,0.00117475737622292
28162,0.00117414942985931
28161,0.00117354112068028
28160,0.00117293245036494
28159,0.0011723426514549
28158,0.00117175250696047
28157,0.0011711620180403
28156,0.00117057118585357
28155,0.00116998001155998
28154,0.00116938849631971
28153,0.00116879664129347
28152,0.00116820444764243
28151,0.00116761191652828
28150,0.00116701904911315
28149,0.00116642584655966
28148,0.00116583231003089
28147,0.00116523844069035
28146,0.00116464423970204
28145,0.00116404970823035
28144,0.00116345484744014
28143,0.00116285965849668
28142,0.00116226414256566
28141,0.00116166830081317
28140,0.00116107213440572
28139,0.0011604756445102
28138,0.00115987883229389
28137,0.00115928169892446
28136,0.00115868424556996
28135,0.00115808647339877
28134,0.00115748838357967
28133,0.00115688997728177
28132,0.00115629125567454
28131,0.00115569221992776
28130,0.00115509287121156
28129,0.0011544932106964
28128,0.00115389323955303
28127,0.00115329295895254
28126,0.00115269237006629
28125,0.00115209147406596
28124,0.00115149027212349
28123,0.00115088876541113
28122,0.00115028695510137
28121,0.001149684842367
28120,0.00114908242838103
28119,0.00114838582179697
28118,0.00114768873695742
28117,0.00114699117523802
28116,0.00114629313801552
28115,0.00114559462666768
28114,0.00114489564257336
28113,0.00114419618711243
28112,0.00114349626166582
28111,0.0011427958676155
28110,0.00114209500634446
28109,0.00114139367923669
28108,0.00114069188767722
28107,0.00113998963305205
28106,0.00113928691674821
28105,0.00113858374015368
28104,0.00113788010465746
28103,0.00113717601164948
28102,0.00113647146252065
28101,0.00113576645866286
28100,0.00113506100146892
28099,0.00113410735620164
28098,0.00113315295609904
28097,0.00113219780491149
28096,0.0011312419063915
28095,0.00113028526429357
28094,0.00112932788237427
28093,0.00112836976439216
28092,0.00112741091410766
28091,0.00112645133528317
28090,0.00112549103168286
28089,0.00112453000707276
28088,0.00112356826522066
28087,0.00112260580989603
28086,0.00112164264487009
28085,0.00112067877391563
28084,0.00111971420080708
28083,0.00111874892932042
28082,0.00111778296323312
28081,0.00111681630632417
28080,0.00111584896237392
28079,0.00111478219423877
28078,0.00111371445081832
28077,0.00111264573656927
28076,0.00111157605595287
28075,0.00111050541343488
28074,0.00110943381348553
28073,0.00110836126057943
28072,0.00110728775919556
28071,0.00110621331381718
28070,0.00110513792893185
28069,0.00110406160903128
28068,0.00110298435861139
28067,0.00110190618217217
28066,0.00110082708421768
28065,0.00109974706925596
28064,0.00109866614179906
28063,0.00109758430636288
28062,0.00109650156746722
28061,0.00109541792963566
28060,0.00109433339739554
28059,0.00109316260535524
28058,0.0010919904038828
28057,0.00109081679838467
28056,0.00108964179428081
28055,0.00108846539700464
28054,0.001087287612003
28053,0.00108610844473601
28052,0.00108492790067707
28051,0.00108374598531275
28050,0.00108256270414276
28049,0.00108137806267982
28048,0.00108019206644966
28047,0.00107900472099088
28046,0.00107781603185494
28045,0.00107662600460606
28044,0.00107543464482114
28043,0.00107424195808973
28042,0.00107304795001389
28041,0.00107185262620821
28040,0.00107065599229964
28039,0.00106945805392751
28038,0.00106825881674338
28037,0.00106705828641102
28036,0.00106585646860633
28035,0.00106465336901722
28034,0.00106344899334362
28033,0.00106224334729733
28032,0.001061036436602
28031,0.00105982826699301
28030,0.00105861884421745
28029,0.001057408174034
28028,0.00105619626221288
28027,0.00105498311453575
28026,0.0010537687367957
28025,0.00105255313479709
28024,0.00105133631435553
28023,0.00105011828129779
28022,0.00104889904146173
28021,0.00104767860069621
28020,0.00104645696486104
28019,0.00104496034449688
28018,0.00104346243771018
28017,0.00104196325539834
28016,0.00104046280846554
28015,0.0010389611078225
28014,0.00103745816438634
28013,0.0010359539890803
28012,0.00103444859283364
28011,0.00103294198658136
28010,0.00103143418126405
28009,0.00102992518782764
28008,0.00102841501722327
28007,0.00102690368040705
28006,0.00102539118833985
28005,0.00102387755198714
28004,0.00102236278231877
28003,0.00102084689030875
28002,0.00101932988693513
28001,0.0010178117831797
28000,0.00101629259002789
27999,0.00101463504609369
27998,0.00101297642087016
27997,0.00101131672915575
27996,0.00100965598574516
27995,0.00100799420542894
27994,0.0010063314029932
27993,0.00100466759321931
27992,0.0010030027908835
27991,0.00100133701075663
27990,0.000999670267603788
27989,0.000998002576184017
27988,0.000996333951249995
27987,0.00099466440754767
27986,0.000992993959816012
27985,0.000991322622786618
27984,0.000989650411183465
27983,0.000987977339722564
27982,0.000986303423111619
27981,0.000984628676049777
27980,0.000982953113227243
27979,0.000981031362403464
27978,0.000979108266350586
27977,0.00097718384633477
27976,0.000975258123621795
27975,0.000973331119476495
27974,0.000971402855162195
27973,0.000969473351940142
27972,0.000967542631068947
27971,0.000965610713804019
27970,0.000963677621397004
27969,0.000961743375095229
27968,0.00095980799614114
27967,0.000957871505771745
27966,0.000955933925218061
27965,0.000953995275704555
27964,0.000952055578448598
27963,0.000950114854659901
27962,0.000948173125539979
27961,0.000946230412281589
27960,0.00094428673606819
27959,0.000942205735386067
27958,0.000940123929900311
27957,0.000938041345979911
27956,0.000935958009963239
27955,0.000933873948157213
27954,0.000931789186836569
27953,0.000929703752243083
27952,0.000927617670584797
27951,0.000925530968035301
27950,0.000923443670732915
27949,0.000921355804779978
27948,0.000919267396242088
27947,0.000917178471147349
27946,0.000915089055485666
27945,0.000912999175207951
27944,0.000910908856225428
27943,0.00090881812440889
27942,0.000906727005587969
27941,0.000904635525550446
27940,0.000902543710041481
27939,0.000900186611890378
27938,0.000897829379839824
27937,0.000895472051149173
27936,0.000893114662984789
27935,0.000890757252418675
27934,0.00088839985642726
27933,0.000886042511890093
27932,0.000883685255588552
27931,0.000881328124204662
27930,0.000878971154319771
27929,0.000876614382413392
27928,0.000874257844861952
27927,0.000871901577937549
27926,0.000869545617806828
27925,0.000867190000529713
27924,0.000864834762058295
27923,0.000862479938235639
27922,0.0008601255647946
27921,0.000857771677356745
27920,0.000855418311431146
27919,0.000852537563110705
27918,0.000849658943331751
27917,0.000846782523422582
27916,0.000843908374237468
27915,0.000841036566153514
27914,0.000838167169067462
27913,0.000835300252392663
27912,0.000832435885056146
27911,0.000829574135495659
27910,0.000826715071656942
27909,0.000823858760990936
27908,0.00082100527045117
27907,0.000818154666491225
27906,0.000815307015062189
27905,0.000812462381610326
27904,0.000809620831074693
27903,0.00080678242788492
27902,0.000803947235959081
27901,0.000801115318701537
27900,0.000798286739001007
27899,0.00079482089442689
27898,0.00079136048465191
27897,0.000787905623910725
27896,0.000784456425190005
27895,0.000781013000224279
27894,0.000777575459491915
27893,0.000774143912211466
27892,0.0007707184663383
27891,0.000767299228561394
27890,0.000763886304300542
27889,0.000760479797703691
27888,0.000757079811644627
27887,0.000753686447720923
27886,0.000750299806252056
27885,0.000746919986277915
27884,0.000743547085557417
27883,0.000740181200567478
27882,0.000736822426502216
27881,0.000733470857272318
27880,0.000730126585504777
27879,0.000726160286451693
27878,0.000722203503454038
27877,0.000718256382424934
27876,0.000714319067100896
27875,0.000710391699040724
27874,0.000706474417624755
27873,0.000702567360054697
27872,0.000698670661353952
27871,0.000694784454368327
27870,0.000690908869767348
27869,0.000687044036045914
27868,0.000683190079526488
27867,0.000679347124361745
27866,0.000675515292537581
27865,0.000671694703876684
27864,0.000667885476042408
27863,0.000664087724543155
27862,0.000660301562737181
27861,0.000656527101837714
27860,0.000652764450918612
27859,0.000648141442394911
27858,0.00064353350484649
27857,0.000638940840292663
27856,0.000634363647097944
27855,0.000629802119973179
27854,0.000625256449977492
27853,0.000620726824521168
27852,0.000616213427369407
27851,0.000611716438646895
27850,0.000607236034843318
27849,0.000602772388819622
27848,0.000598325669815131
27847,0.000593896043455491
27846,0.000589483671761349
27845,0.000585088713157908
27844,0.000580711322485165
27843,0.000576351651008939
27842,0.000572009846432645
27841,0.000567686052909745
27840,0.000563380411057007
27839,0.000558239947859662
27838,0.000553122169314377
27837,0.000548027339430944
27836,0.000542955716351451
27835,0.000537907552352529
27834,0.000532883093849357
27833,0.000527882581401258
27832,0.000522906249718935
27831,0.000517954327673333
27830,0.000513027038306004
27829,0.000508124598841102
27828,0.00050324722069887
27827,0.000498395109510629
27826,0.000493568465135289
27825,0.000488767481677233
27824,0.000483992347505716
27823,0.000479243245275625
27822,0.000474520351949618
27821,0.000469823838821662
27820,0.000465153871541812
27819,0.00045994414549217
27818,0.000454766172033297
27817,0.000449620199151555
27816,0.000444506466577507
27815,0.000439425205811468
27814,0.000434376640151605
27813,0.000429360984724435
27812,0.000424378446517708
27811,0.000419429224415688
27810,0.000414513509236649
27809,0.00040963148377272
27808,0.000404783322831896
27807,0.00039996919328223
27806,0.000395189254098176
27805,0.000390443656408945
27804,0.000385732543548965
27803,0.000381056051110284
27802,0.00037641430699692
27801,0.00037180743148113
27800,0.000367235537261454
27799,0.00036236962049561
27798,0.000357542625071955
27797,0.000352754703134161
27796,0.00034800599723879
27795,0.000343296640422076
27794,0.000338626756269425
27793,0.000333996458987671
27792,0.000329405853479984
27791,0.000324855035423338
27790,0.000320344091348555
27789,0.000315873098722747
27788,0.000311442126034161
27787,0.000307051232879353
27786,0.000302700470052565
27785,0.000298389879637346
27784,0.000294119495100216
27783,0.000289889341386398
27782,0.000285699435017515
27781,0.000281549784191155
27780,0.000277440388882324
27779,0.000273296265827017
27778,0.000269193877413785
27777,0.000265133197983589
27776,0.000261114193487615
27775,0.000257136821607356
27774,0.000253201031876263
27773,0.000249306765802876
27772,0.00024545395699537
27771,0.000241642531287422
27770,0.000237872406865334
27769,0.000234143494396321
27768,0.000230455697157907
27767,0.000226808911168327
27766,0.00022320302531788
27765,0.000219637921501148
27764,0.000216113474750009
27763,0.000212629553367367
27762,0.000209186019061526
27761,0.000205782727081143
27760,0.000202419526350676
27759,0.000199126879488528
27758,0.000186052605349808
27757,0.00018304677358994
27756,0.000180075244390708
27755,0.000177137923213566
27754,0.000174234709218188
27753,0.000171365495391731
27752,0.000168530168678444
27751,0.000165728610109536
27750,0.000162960694933291
27749,0.000160226292745296
27748,0.000157525267618786
27747,0.000154857478235001
27746,0.000152222778013506
27745,0.000149621015242449
27744,0.000147052033208634
27743,0.000144515670327407
27742,0.000142011760272283
27741,0.000139540132104226
27740,0.000137100610400607
27739,0.000134772822419558
27738,0.000132473594718932
27737,0.000130202807603159
27736,0.000127960336985234
27735,0.000125746054486289
27734,0.000123559827535406
27733,0.000121401519469647
27732,0.000119270989634222
27731,0.000117168093482783
27730,0.000115092682677758
27729,0.000113044605190711
27728,0.000111023705402661
27727,0.00010902982420432
27726,0.00010706279909621
27725,0.000105122464288605
27724,0.000103208650801263
27723,0.000101321186562899
27722,9.94598965103583e-05
27721,9.76246026874496e-05
27720,9.58151243433969e-05
27719,9.41188723060276e-05
27718,9.24451380608355e-05
27717,9.07937900133238e-05
27716,8.91646937262262e-05
27715,8.75577120004105e-05
27714,8.59727049558145e-05
27713,8.44095301123703e-05
27712,8.28680424708788e-05
27711,8.13480945937941e-05
27710,7.98495366858752e-05
27709,7.83722166746708e-05
27708,7.69159802907941e-05
27707,7.54806711479521e-05
27706,7.40661308226924e-05
27705,7.26721989338291e-05
27704,7.12987132215133e-05
27703,6.99455096259128e-05
27702,6.86124223654655e-05
27701,6.72992840146733e-05
27700,6.60059255814033e-05
27699,6.47863281932432e-05
27698,6.35845349099376e-05
27697,6.24004032971447e-05
27696,6.12337893242062e-05
27695,6.00845474353711e-05
27694,5.8952530620656e-05
27693,5.783759048628e-05
27692,5.6739577324649e-05
27691,5.56583401838646e-05
27690,5.45937269367005e-05
27689,5.35455843490478e-05
27688,5.25137581477729e-05
27687,5.14980930879684e-05
27686,5.04984330195729e-05
27685,4.95146209533112e-05
27684,4.85464991259555e-05
27683,4.7593909064861e-05
27682,4.66566916517557e-05
27681,4.57346871857687e-05
27680,4.48277354456501e-05
27679,4.40863960147709e-05
27678,4.33552221028072e-05
27677,4.26341215035057e-05
27676,4.19230018660636e-05
27675,4.1221770718176e-05
27674,4.05303354887724e-05
27673,3.98486035304595e-05
27672,3.91764821416571e-05
27671,3.8513878588417e-05
27670,3.78607001259412e-05
27669,3.72168540197674e-05
27668,3.65822475666387e-05
27667,3.59567881150483e-05
27666,3.53403830854479e-05
27665,3.47329399901355e-05
27664,3.41343664527968e-05
27663,3.35445702277144e-05
27662,3.29634592186353e-05
27661,3.23909414972917e-05
27660,3.18269253215864e-05
27659,3.13646226190699e-05
27658,3.09080339551003e-05
27657,3.04571075227707e-05
27656,3.00117916561042e-05
27655,2.95720348356616e-05
27654,2.91377856940367e-05
27653,2.8708993021253e-05
27652,2.82856057700576e-05
27651,2.78675730611075e-05
27650,2.74548441880618e-05
27649,2.70473686225627e-05
27648,2.66450960191179e-05
27647,2.62479762198806e-05
27646,2.58559592593228e-05
27645,2.54689953688155e-05
27644,2.50870349810982e-05
27643,2.4710028734651e-05
27642,2.43379274779663e-05
27641,2.39706822737146e-05
27640,2.36082444028182e-05
27639,2.33334129593769e-05
27638,2.30613401512941e-05
27637,2.27920044852639e-05
27636,2.25253845537903e-05
27635,2.22614590359163e-05
27634,2.20002066979478e-05
27633,2.17416063941526e-05
27632,2.14856370674437e-05
27631,2.12322777500528e-05
27630,2.09815075641766e-05
27629,2.07333057226177e-05
27628,2.0487651529402e-05
27627,2.02445243803795e-05
27626,2.00039037638172e-05
27625,1.97657692609642e-05
27624,1.95301005466128e-05
27623,1.92968773896354e-05
27622,1.90660796535071e-05
27621,1.88376872968186e-05
27620,1.86116803737645e-05
27619,1.84828434232602e-05
27618,1.83548034688279e-05
27617,1.82275563501167e-05
27616,1.81010979225041e-05
27615,1.79754240570818e-05
27614,1.78505306406429e-05
27613,1.77264135756672e-05
27612,1.76030687803065e-05
27611,1.74804921883701e-05
27610,1.73586797493089e-05
27609,1.72376274282e-05
27608,1.71173312057308e-05
27607,1.69977870781818e-05
27606,1.68789910574107e-05
27605,1.67609391708343e-05
27604,1.66436274614115e-05
27603,1.65270519876254e-05
27602,1.64112088234647e-05
27601,1.62960940584049e-05
27600,1.61817037973901e-05
27599,1.61151768287593e-05
27598,1.60488996437835e-05
27597,1.59828714270335e-05
27596,1.59170913651327e-05
27595,1.58515586467583e-05
27594,1.57862724626365e-05
27593,1.57212320055411e-05
27592,1.56564364702917e-05
27591,1.55918850537493e-05
27590,1.55275769548174e-05
27589,1.54635113744373e-05
27588,1.53996875155867e-05
27587,1.53361045832774e-05
27586,1.52727617845515e-05
27585,1.52096583284816e-05
27584,1.51467934261671e-05
27583,1.50841662907316e-05
27582,1.50217761373216e-05
27581,1.49596221831015e-05
27580,1.48977036472549e-05
27579,1.48883496200222e-05
27578,1.48790301657604e-05
27577,1.48697452193119e-05
27576,1.48604947156903e-05
27575,1.48512785900759e-05
27574,1.48420967778195e-05
27573,1.48329492144395e-05
27572,1.48238358356211e-05
27571,1.48147565772188e-05
27570,1.48057113752519e-05
27569,1.47967001659085e-05
27568,1.47877228855427e-05
27567,1.47787794706732e-05
27566,1.47698698579865e-05
27565,1.47609939843323e-05
27564,1.47521517867266e-05
27563,1.47433432023505e-05
27562,1.47345681685472e-05
27561,1.47258266228263e-05
27560,1.47171185028587e-05
27559,1.47185676325508e-05
27558,1.47200284412647e-05
27557,1.47215009253329e-05
27556,1.47229850811028e-05
27555,1.47244809049328e-05
27554,1.47259883931948e-05
27553,1.47275075422738e-05
27552,1.47290383485666e-05
27551,1.4730580808485e-05
27550,1.47321349184514e-05
27549,1.47337006749021e-05
27548,1.47352780742856e-05
27547,1.47368671130629e-05
27546,1.47384677877092e-05
27545,1.47400800947108e-05
27544,1.47417040305672e-05
27543,1.47433395917906e-05
27542,1.4744986774905e-05
27541,1.4746645576449e-05
27540,1.47483159929717e-05
27539,1.47572380827082e-05
27538,1.47661750986455e-05
27537,1.47751270500158e-05
27536,1.47840939460583e-05
27535,1.47930757960198e-05
27534,1.48020726091546e-05
27533,1.48110843947241e-05
27532,1.48201111619972e-05
27531,1.482915292025e-05
27530,1.48382096787661e-05
27529,1.48472814468361e-05
27528,1.48563682337579e-05
27527,1.48654700488368e-05
27526,1.48745869013849e-05
27525,1.48837188007219e-05
27524,1.48928657561742e-05
27523,1.49020277770756e-05
27522,1.49112048727669e-05
27521,1.4920397052596e-05
27520,1.49296043259176e-05
27519,1.49249988019852e-05
27518,1.4920397052596e-05
27517,1.49157990765797e-05
27516,1.49112048727669e-05
27515,1.49066144399885e-05
27514,1.49020277770756e-05
27513,1.48974448828601e-05
27512,1.48928657561742e-05
27511,1.48882903958504e-05
27510,1.48837188007219e-05
27509,1.48791509696221e-05
27508,1.48745869013849e-05
27507,1.48700265948449e-05
27506,1.48654700488368e-05
27505,1.48609172621959e-05
27504,1.48563682337579e-05
27503,1.48518229623591e-05
27502,1.48472814468361e-05
27501,1.48427436860259e-05
27500,1.48382096787661e-05
27499,1.48101045287868e-05
27498,1.47820652344043e-05
27497,1.47540916771187e-05
27496,1.47261837385231e-05
27495,1.46983413003086e-05
27494,1.46705642442613e-05
27493,1.4642852452264e-05
27492,1.46152058062985e-05
27491,1.45876241884425e-05
27490,1.4560107480874e-05
27489,1.45326555658686e-05
27488,1.45052683258012e-05
27487,1.4477945643148e-05
27486,1.44506874004838e-05
27485,1.44234934804862e-05
27484,1.43963637659328e-05
27483,1.43692981397029e-05
27482,1.43422964847798e-05
27481,1.43153586842475e-05
27480,1.42884846212955e-05
27479,1.42250922792225e-05
27478,1.4161993416697e-05
27477,1.40991869131967e-05
27476,1.40366716503759e-05
27475,1.39744465120756e-05
27474,1.39125103843385e-05
27473,1.38508621554221e-05
27472,1.37895007158104e-05
27471,1.37284249582291e-05
27470,1.36676337776548e-05
27469,1.36071260713296e-05
27468,1.35469007387728e-05
27467,1.34869566817925e-05
27466,1.34272928044995e-05
27465,1.33679080133163e-05
27464,1.33088012169906e-05
27463,1.32499713266062e-05
27462,1.31914172555942e-05
27461,1.3133137919746e-05
27460,1.30751322372214e-05
27459,1.30080562490897e-05
27458,1.29413078957425e-05
27457,1.28748858365193e-05
27456,1.28087887340357e-05
27455,1.27430152541892e-05
27454,1.26775640661708e-05
27453,1.26124338424726e-05
27452,1.25476232588951e-05
27451,1.24831309945585e-05
27450,1.24189557319078e-05
27449,1.23550961567235e-05
27448,1.22915509581289e-05
27447,1.22283188285958e-05
27446,1.21653984639563e-05
27445,1.21027885634059e-05
27444,1.20404878295143e-05
27443,1.19784949682316e-05
27442,1.19168086888937e-05
27441,1.18554277042325e-05
27440,1.17943507303792e-05
27439,1.1701057009134e-05
27438,1.1608422391121e-05
27437,1.15164430066101e-05
27436,1.14251150012776e-05
27435,1.13344345362135e-05
27434,1.12443977879233e-05
27433,1.11550009483304e-05
27432,1.10662402247796e-05
27431,1.09781118400357e-05
27430,1.08906120322876e-05
27429,1.08037370551463e-05
27428,1.07174831776444e-05
27427,1.06318466842358e-05
27426,1.05468238747919e-05
27425,1.04624110646012e-05
27424,1.03786045843651e-05
27423,1.02954007801938e-05
27422,1.02127960136027e-05
27421,1.01307866615055e-05
27420,1.00493691162112e-05
27419,0
27418,0
27417,0
27416,0
27415,0
27414,0
27413,0
27412,0
27411,0
27410,0
27409,0
27408,0
27407,0
27406,0
27405,0
27404,0
27403,0
27402,0
27401,0
27400,0
27399,0
27398,0
27397,0
27396,0
27395,0
27394,0
27393,0
27392,0
27391,0
27390,0
27389,0
27388,0
27387,0
27386,0
27385,0
27384,0
27383,0
27382,0
27381,0
27380,0
27379,0
27378,0
27377,0
27376,0
27375,0
27374,0
27373,0
27372,0
27371,0
27370,0
27369,0
27368,0
27367,0
27366,0
27365,0
27364,0
27363,0
27362,0
27361,0
27360,0
27359,0
27358,0
27357,0
27356,0
27355,0
27354,0
27353,0
27352,0
27351,0
27350,0
27349,0
27348,0
27347,0
27346,0
27345,0
27344,0
27343,0
27342,0
27341,0
27340,0
27339,0
27338,0
27337,0
27336,0
27335,0
27334,0
27333,0
27332,0
27331,0
27330,0
27329,0
27328,0
27327,0
27326,0
27325,0
27324,0
27323,0
27322,0
27321,0
27320,0
27319,0
27318,0
27317,0
27316,0
27315,0
27314,0
27313,0
27312,0
27311,0
27310,0
27309,0
27308,0
27307,0
27306,0
27305,0
27304,0
27303,0
27302,0
27301,0
27300,0
27299,0
27298,0
27297,0
27296,0
27295,0
27294,0
27293,0
27292,0
27291,0
27290,0
27289,0
27288,0
27287,0
27286,0
27285,0
27284,0
27283,0
27282,0
27281,0
27280,0
27279,0
27278,0
27277,0
27276,0
27275,0
27274,0
27273,0
27272,0
27271,0
27270,0
27269,0
27268,0
27267,0
27266,0
27265,0
27264,0
27263,0
27262,0
27261,0
27260,0
27259,0
27258,0
27257,0
27256,0
27255,0
27254,0
27253,0
27252,0
27251,0
27250,0
27249,0
27248,0
27247,0
27246,0
27245,0
27244,0
27243,0
27242,0
27241,0
27240,0
27239,0
27238,0
27237,0
27236,0
27235,0
27234,0
27233,0
27232,0
27231,0
27230,0
27229,0
27228,0
27227,0
27226,0
27225,0
27224,0
27223,0
27222,0
27221,0
27220,0
27219,0
27218,0
27217,0
27216,0
27215,0
27214,0
27213,0
27212,0
27211,0
27210,0
27209,0
27208,0
27207,0
27206,0
27205,0
27204,0
27203,0
27202,0
27201,0
27200,0
27199,0
27198,0
27197,0
27196,0
27195,0
27194,0
27193,0
27192,0
27191,0
27190,0
27189,0
27188,0
27187,0
27186,0
27185,0
27184,0
27183,0
27182,0
27181,0
27180,0
27179,0
27178,0
27177,0
27176,0
27175,0
27174,0
27173,0
27172,0
27171,0
27170,0
27169,0
27168,0
27167,0
27166,0
27165,0
27164,0
27163,0
27162,0
27161,0
27160,0
27159,0
27158,0
27157,0
27156,0
27155,0
27154,0
27153,0
27152,0
27151,0
27150,0
27149,0
27148,0
27147,0
27146,0
27145,0
27144,0
27143,0
27142,0
27141,0
27140,0
27139,0
27138,0
27137,0
27136,0
27135,0
27134,0
27133,0
27132,0
27131,0
27130,0
27129,0
27128,0
27127,0
27126,0
27125,0
27124,0
27123,0
27122,0
27121,0
27120,0
27119,0
27118,0
27117,0
27116,0
27115,0
27114,0
27113,0
27112,0
27111,0
27110,0
27109,0
27108,0
27107,0
27106,0
27105,0
27104,0
27103,0
27102,0
27101,0
27100,0
27099,0
27098,0
27097,0
27096,0
27095,0
27094,0
27093,0
27092,0
27091,0
27090,0
27089,0
27088,0
27087,0
27086,0
27085,0
27084,0
27083,0
27082,0
27081,0
27080,0
27079,0
27078,0
27077,0
27076,0
27075,0
27074,0
27073,0
27072,0
27071,0
27070,0
27069,0
27068,0
27067,0
27066,0
27065,0
27064,0
27063,0
27062,0
27061,0
27060,0
27059,0
27058,0
27057,0
27056,0
27055,0
27054,0
27053,0
27052,0
27051,0
27050,0
27049,0
27048,0
27047,0
27046,0
27045,0
27044,0
27043,0
27042,0
27041,0
27040,0
27039,0
27038,0
27037,0
27036,0
27035,0
27034,0
27033,0
27032,0
27031,0
27030,0
27029,0
27028,0
27027,0
27026,0
27025,0
27024,0
27023,0
27022,0
27021,0
27020,0
27019,0
27018,0
27017,0
27016,0
27015,0
27014,0
27013,0
27012,0
27011,0
27010,0
27009,0
27008,0
27007,0
27006,0
27005,0
27004,0
27003,0
27002,0
27001,0
27000,0
26999,0
26998,0
26997,0
26996,0
26995,0
26994,0
26993,0
26992,0
26991,0
26990,0
26989,0
26988,0
26987,0
26986,0
26985,0
26984,0
26983,0
26982,0
26981,0
26980,0
26979,0
26978,0
26977,0
26976,0
26975,0
26974,0
26973,0
26972,0
26971,0
26970,0
26969,0
26968,0
26967,0
26966,0
26965,0
26964,0
26963,0
26962,0
26961,0
26960,0
26959,0
26958,0
26957,0
26956,0
26955,0
26954,0
26953,0
26952,0
26951,0
26950,0
26949,0
26948,0
26947,0
26946,0
26945,0
26944,0
26943,0
26942,0
26941,0
26940,0
26939,0
26938,0
26937,0
26936,0
26935,0
26934,0
26933,0
26932,0
26931,0
26930,0
26929,0
26928,0
26927,0
26926,0
26925,0
26924,0
26923,0
26922,0
26921,0
26920,0
26919,0
26918,0
26917,0
26916,0
26915,0
26914,0
26913,0
26912,0
26911,0
26910,0
26909,0
26908,0
26907,0
26906,0
26905,0
26904,0
26903,0
26902,0
26901,0
26900,0
26899,0
26898,0
26897,0
26896,0
26895,0
26894,0
26893,0
26892,0
26891,0
26890,0
26889,0
26888,0
26887,0
26886,0
26885,0
26884,0
26883,0
26882,0
26881,0
26880,0
26879,0
26878,0
26877,0
26876,0
26875,0
26874,0
26873,0
26872,0
26871,0
26870,0
26869,0
26868,0
26867,0
26866,0
26865,0
26864,0
26863,0
26862,0
26861,0
26860,0
26859,0
26858,0
26857,0
26856,0
26855,0
26854,0
26853,0
26852,0
26851,0
26850,0
26849,0
26848,0
26847,0
26846,0
26845,0
26844,0
26843,0
26842,0
26841,0
26840,0
26839,0
26838,0
26837,0
26836,0
26835,0
26834,0
26833,0
26832,0
26831,0
26830,0
26829,0
26828,0
26827,0
26826,0
26825,0
26824,0
26823,0
26822,0
26821,0
26820,0
26819,0
26818,0
26817,0
26816,0
26815,0
26814,0
26813,0
26812,0
26811,0
26810,0
26809,0
26808,0
26807,0
26806,0
26805,0
26804,0
26803,0
26802,0
26801,0
26800,0
26799,0
26798,0
26797,0
26796,0
26795,0
26794,0
26793,0
26792,0
26791,0
26790,0
26789,0
26788,0
26787,0
26786,0
26785,0
26784,0
26783,0
26782,0
26781,0
26780,0
26779,0
26778,0
26777,0
26776,0
26775,0
26774,0
26773,0
26772,0
26771,0
26770,0
26769,0
26768,0
26767,0
26766,0
26765,0
26764,0
26763,0
26762,0
26761,0
26760,0
26759,0
26758,0
26757,0
26756,0
26755,0
26754,0
26753,0
26752,0
26751,0
26750,0
26749,0
26748,0
26747,0
26746,0
26745,0
26744,0
26743,0
26742,0
26741,0
26740,0
26739,0
26738,0
26737,0
26736,0
26735,0
26734,0
26733,0
26732,0
26731,0
26730,0
26729,0
26728,0
26727,0
26726,0
26725,0
26724,0
26723,0
26722,0
26721,0
26720,0
26719,0
26718,0
26717,0
26716,0
26715,0
26714,0
26713,0
26712,0
26711,0
26710,0
26709,0
26708,0
26707,0
26706,0
26705,0
26704,0
26703,0
26702,0
26701,0
26700,0
26699,0
26698,0
26697,0
26696,0
26695,0
26694,0
26693,0
26692,0
26691,0
26690,0
26689,0
26688,0
26687,0
26686,0
26685,0
26684,0
26683,0
26682,0
26681,0
26680,0
26679,0
26678,0
26677,0
26676,0
26675,0
26674,0
26673,0
26672,0
26671,0
26670,0
26669,0
26668,0
26667,0
26666,0
26665,0
26664,0
26663,0
26662,0
26661,0
26660,0
26659,0
26658,0
26657,0
26656,0
26655,0
26654,0
26653,0
26652,0
26651,0
26650,0
26649,0
26648,0
26647,0
26646,0
26645,0
26644,0
26643,0
26642,0
26641,0
26640,0
26639,0
26638,0
26637,0
26636,0
26635,0
26634,0
26633,0
26632,0
26631,0
26630,0
26629,0
26628,0
26627,0
26626,0
26625,0
26624,0
26623,0
26622,0
26621,0
26620,0
26619,0
26618,0
26617,0
26616,0
26615,0
26614,0
26613,0
26612,0
26611,0
26610,0
26609,0
26608,0
26607,0
26606,0
26605,0
26604,0
26603,0
26602,0
26601,0
26600,0
26599,0
26598,0
26597,0
26596,0
26595,0
26594,0
26593,0
26592,0
26591,0
26590,0
26589,0
26588,0
26587,0
26586,0
26585,0
26584,0
26583,0
26582,0
26581,0
26580,0
26579,0
26578,0
26577,0
26576,0
26575,0
26574,0
26573,0
26572,0
26571,0
26570,0
26569,0
26568,0
26567,0
26566,0
26565,0
26564,0
26563,0
26562,0
26561,0
26560,0
26559,0
26558,0
26557,0
26556,0
26555,0
26554,0
26553,0
26552,0
26551,0
26550,0
26549,0
26548,0
26547,0
26546,0
26545,0
26544,0
26543,0
26542,0
26541,0
26540,0
26539,0
26538,0
26537,0
26536,0
26535,0
26534,0
26533,0
26532,0
26531,0
26530,0
26529,0
26528,0
26527,0
26526,0
26525,0
26524,0
26523,0
26522,0
26521,0
26520,0
26519,0
26518,0
26517,0
26516,0
26515,0
26514,0
26513,0
26512,0
26511,0
26510,0
26509,0
26508,0
26507,0
26506,0
26505,0
26504,0
26503,0
26502,0
26501,0
26500,0
26499,0
26498,0
26497,0
26496,0
26495,0
26494,0
26493,0
26492,0
26491,0
26490,0
26489,0
26488,0
26487,0
26486,0
26485,0
26484,0
26483,0
26482,0
26481,0
26480,0
26479,0
26478,0
26477,0
26476,0
26475,0
26474,0
26473,0
26472,0
26471,0
26470,0
26469,0
26468,0
26467,0
26466,0
26465,0
26464,0
26463,0
26462,0
26461,0
26460,0
26459,0
26458,0
26457,0
26456,0
26455,0
26454,0
26453,0
26452,0
26451,0
26450,0
26449,0
26448,0
26447,0
26446,0
26445,0
26444,0
26443,0
26442,0
26441,0
26440,0
26439,0
26438,0
26437,0
26436,0
26435,0
26434,0
26433,0
26432,0
26431,0
26430,0
26429,0
26428,0
26427,0
26426,0
26425,0
26424,0
26423,0
26422,0
26421,0
26420,0
26419,0
26418,0
26417,0
26416,0
26415,0
26414,0
26413,0
26412,0
26411,0
26410,0
26409,0
26408,0
26407,0
26406,0
26405,0
26404,0
26403,0
26402,0
26401,0
26400,0
26399,0
26398,0
26397,0
26396,0
26395,0
26394,0
26393,0
26392,0
26391,0
26390,0
26389,0
26388,0
26387,0
26386,0
26385,0
26384,0
26383,0
26382,0
26381,0
26380,0
26379,0
26378,0
26377,0
26376,0
26375,0
26374,0
26373,0
26372,0
26371,0
26370,0
26369,0
26368,0
26367,0
26366,0
26365,0
26364,0
26363,0
26362,0
26361,0
26360,0
26359,0
26358,0
26357,0
26356,0
26355,0
26354,0
26353,0
26352,0
26351,0
26350,0
26349,0
26348,0
26347,0
26346,0
26345,0
26344,0
26343,0
26342,0
26341,0
26340,0
26339,0
26338,0
26337,0
26336,0
26335,0
26334,0
26333,0
26332,0
26331,0
26330,0
26329,0
26328,0
26327,0
26326,0
26325,0
26324,0
26323,0
26322,0
26321,0
26320,0
26319,0
26318,0
26317,0
26316,0
26315,0
26314,0
26313,0
26312,0
26311,0
26310,0
26309,0
26308,0
26307,0
26306,0
26305,0
26304,0
26303,0
26302,0
26301,0
26300,0
26299,0
26298,0
26297,0
26296,0
26295,0
26294,0
26293,0
26292,0
26291,0
26290,0
26289,0
26288,0
26287,0
26286,0
26285,0
26284,0
26283,0
26282,0
26281,0
26280,0
26279,0
26278,0
26277,0
26276,0
26275,0
26274,0
26273,0
26272,0
26271,0
26270,0
26269,0
26268,0
26267,0
26266,0
26265,0
26264,0
26263,0
26262,0
26261,0
26260,0
26259,0
26258,0
26257,0
26256,0
26255,0
26254,0
26253,0
26252,0
26251,0
26250,0
26249,0
26248,0
26247,0
26246,0
26245,0
26244,0
26243,0
26242,0
26241,0
26240,0
26239,0
26238,0
26237,0
26236,0
26235,0
26234,0
26233,0
26232,0
26231,0
26230,0
26229,0
26228,0
26227,0
26226,0
26225,0
26224,0
26223,0
26222,0
26221,0
26220,0
26219,0
26218,0
26217,0
26216,0
26215,0
26214,0
26213,0
26212,0
26211,0
26210,0
26209,0
26208,0
26207,0
26206,0
26205,0
26204,0
26203,0
26202,0
26201,0
26200,0
26199,0
26198,0
26197,0
26196,0
26195,0
26194,0
26193,0
26192,0
26191,0
26190,0
26189,0
26188,0
26187,0
26186,0
26185,0
26184,0
26183,0
26182,0
26181,0
26180,0
26179,0
26178,0
26177,0
26176,0
26175,0
26174,0
26173,0
26172,0
26171,0
26170,0
26169,0
26168,0
26167,0
26166,0
26165,0
26164,0
26163,0
26162,0
26161,0
26160,0
26159,0
26158,0
26157,0
26156,0
26155,0
26154,0
26153,0
26152,0
26151,0
26150,0
26149,0
26148,0
26147,0
26146,0
26145,0
26144,0
26143,0
26142,0
26141,0
26140,0
26139,0
26138,0
26137,0
26136,0
26135,0
26134,0
26133,0
26132,0
26131,0
26130,0
26129,0
26128,0
26127,0
26126,0
26125,0
26124,0
26123,0
26122,0
26121,0
26120,0
26119,0
26118,0
26117,0
26116,0
26115,0
26114,0
26113,0
26112,0
26111,0
26110,0
26109,0
26108,0
26107,0
26106,0
26105,0
26104,0
26103,0
26102,0
26101,0
26100,0
26099,0
26098,0
26097,0
26096,0
26095,0
26094,0
26093,0
26092,0
26091,0
26090,0
26089,0
26088,0
26087,0
26086,0
26085,0
26084,0
26083,0
26082,0
26081,0
26080,0
26079,0
26078,0
26077,0
26076,0
26075,0
26074,0
26073,0
26072,0
26071,0
26070,0
26069,0
26068,0
26067,0
26066,0
26065,0
26064,0
26063,0
26062,0
26061,0
26060,0
26059,0
26058,0
26057,0
26056,0
26055,0
26054,0
26053,0
26052,0
26051,0
26050,0
26049,0
26048,0
26047,0
26046,0
26045,0
26044,0
26043,0
26042,0
26041,0
26040,0
26039,0
26038,0
26037,0
26036,0
26035,0
26034,0
26033,0
26032,0
26031,0
26030,0
26029,0
26028,0
26027,0
26026,0
26025,0
26024,0
26023,0
26022,0
26021,0
26020,0
26019,0
26018,0
26017,0
26016,0
26015,0
26014,0
26013,0
26012,0
26011,0
26010,0
26009,0
26008,0
26007,0
26006,0
26005,0
26004,0
26003,0
26002,0
26001,0
26000,0
25999,0
25998,0
25997,0
25996,0
25995,0
25994,0
25993,0
25992,0
25991,0
25990,0
25989,0
25988,0
25987,0
25986,0
25985,0
25984,0
25983,0
25982,0
25981,0
25980,0
25979,0
25978,0
25977,0
25976,0
25975,0
25974,0
25973,0
25972,0
25971,0
25970,0
25969,0
25968,0
25967,0
25966,0
25965,0
25964,0
25963,0
25962,0
25961,0
25960,0
25959,0
25958,0
25957,0
25956,0
25955,0
25954,0
25953,0
25952,0
25951,0
25950,0
25949,0
25948,0
25947,0
25946,0
25945,0
25944,0
25943,0
25942,0
25941,0
25940,0
25939,0
25938,0
25937,0
25936,0
25935,0
25934,0
25933,0
25932,0
25931,0
25930,0
25929,0
25928,0
25927,0
25926,0
25925,0
25924,0
25923,0
25922,0
25921,0
25920,0
25919,0
25918,0
25917,0
25916,0
25915,0
25914,0
25913,0
25912,0
25911,0
25910,0
25909,0
25908,0
25907,0
25906,0
25905,0
25904,0
25903,0
25902,0
25901,0
25900,0
25899,0
25898,0
25897,0
25896,0
25895,0
25894,0
25893,0
25892,0
25891,0
25890,0
25889,0
25888,0
25887,0
25886,0
25885,0
25884,0
25883,0
25882,0
25881,0
25880,0
25879,0
25878,0
25877,0
25876,0
25875,0
25874,0
25873,0
25872,0
25871,0
25870,0
25869,0
25868,0
25867,0
25866,0
25865,0
25864,0
25863,0
25862,0
25861,0
25860,0
25859,0
25858,0
25857,0
25856,0
25855,0
25854,0
25853,0
25852,0
25851,0
25850,0
25849,0
25848,0
25847,0
25846,0
25845,0
25844,0
25843,0
25842,0
25841,0
25840,0
25839,0
25838,0
25837,0
25836,0
25835,0
25834,0
25833,0
25832,0
25831,0
25830,0
25829,0
25828,0
25827,0
25826,0
25825,0
25824,0
25823,0
25822,0
25821,0
25820,0
25819,0
25818,0
25817,0
25816,0
25815,0
25814,0
25813,0
25812,0
25811,0
25810,0
25809,0
25808,0
25807,0
25806,0
25805,0
25804,0
25803,0
25802,0
25801,0
25800,0
25799,0
25798,0
25797,0
25796,0
25795,0
25794,0
25793,0
25792,0
25791,0
25790,0
25789,0
25788,0
25787,0
25786,0
25785,0
25784,0
25783,0
25782,0
25781,0
25780,0
25779,0
25778,0
25777,0
25776,0
25775,0
25774,0
25773,0
25772,0
25771,0
25770,0
25769,0
25768,0
25767,0
25766,0
25765,0
25764,0
25763,0
25762,0
25761,0
25760,0
25759,0
25758,0
25757,0
25756,0
25755,0
25754,0
25753,0
25752,0
25751,0
25750,0
25749,0
25748,0
25747,0
25746,0
25745,0
25744,0
25743,0
25742,0
25741,0
25740,0
25739,0
25738,0
25737,0
25736,0
25735,0
25734,0
25733,0
25732,0
25731,0
25730,0
25729,0
25728,0
25727,0
25726,0
25725,0
25724,0
25723,0
25722,0
25721,0
25720,0
25719,0
25718,0
25717,0
25716,0
25715,0
25714,0
25713,0
25712,0
25711,0
25710,0
25709,0
25708,0
25707,0
25706,0
25705,0
25704,0
25703,0
25702,0
25701,0
25700,0
25699,0
25698,0
25697,0
25696,0
25695,0
25694,0
25693,0
25692,0
25691,0
25690,0
25689,0
25688,0
25687,0
25686,0
25685,0
25684,0
25683,0
25682,0
25681,0
25680,0
25679,0
25678,0
25677,0
25676,0
25675,0
25674,0
25673,0
25672,0
25671,0
25670,0
25669,0
25668,0
25667,0
25666,0
25665,0
25664,0
25663,0
25662,0
25661,0
25660,0
25659,0
25658,0
25657,0
25656,0
25655,0
25654,0
25653,0
25652,0
25651,0
25650,0
25649,0
25648,0
25647,0
25646,0
25645,0
25644,0
25643,0
25642,0
25641,0
25640,0
25639,0
25638,0
25637,0
25636,0
25635,0
25634,0
25633,0
25632,0
25631,0
25630,0
25629,0
25628,0
25627,0
25626,0
25625,0
25624,0
25623,0
25622,0
25621,0
25620,0
25619,0
25618,0
25617,0
25616,0
25615,0
25614,0
25613,0
25612,0
25611,0
25610,0
25609,0
25608,0
25607,0
25606,0
25605,0
25604,0
25603,0
25602,0
25601,0
25600,0
25599,0
25598,0
25597,0
25596,0
25595,0
25594,0
25593,0
25592,0
25591,0
25590,0
25589,0
25588,0
25587,0
25586,0
25585,0
25584,0
25583,0
25582,0
25581,0
25580,0
25579,0
25578,0
25577,0
25576,0
25575,0
25574,0
25573,0
25572,0
25571,0
25570,0
25569,0
25568,0
25567,0
25566,0
25565,0
25564,0
25563,0
25562,0
25561,0
25560,0
25559,0
25558,0
25557,0
25556,0
25555,0
25554,0
25553,0
25552,0
25551,0
25550,0
25549,0
25548,0
25547,0
25546,0
25545,0
25544,0
25543,0
25542,0
25541,0
25540,0
25539,0
25538,0
25537,0
25536,0
25535,0
25534,0
25533,0
25532,0
25531,0
25530,0
25529,0
25528,0
25527,0
25526,0
25525,0
25524,0
25523,0
25522,0
25521,0
25520,0
25519,0
25518,0
25517,0
25516,0
25515,0
25514,0
25513,0
25512,0
25511,0
25510,0
25509,0
25508,0
25507,0
25506,0
25505,0
25504,0
25503,0
25502,0
25501,0
25500,0
25499,0
25498,0
25497,0
25496,0
25495,0
25494,0
25493,0
25492,0
25491,0
25490,0
25489,0
25488,0
25487,0
25486,0
25485,0
25484,0
25483,0
25482,0
25481,0
25480,0
25479,0
25478,0
25477,0
25476,0
25475,0
25474,0
25473,0
25472,0
25471,0
25470,0
25469,0
25468,0
25467,0
25466,0
25465,0
25464,0
25463,0
25462,0
25461,0
25460,0
25459,0
25458,0
25457,0
25456,0
25455,0
25454,0
25453,0
25452,0
25451,0
25450,0
25449,0
25448,0
25447,0
25446,0
25445,0
25444,0
25443,0
25442,0
25441,0
25440,0
25439,0
25438,0
25437,0
25436,0
25435,0
25434,0
25433,0
25432,0
25431,0
25430,0
25429,0
25428,0
25427,0
25426,0
25425,0
25424,0
25423,0
25422,0
25421,0
25420,0
25419,0
25418,0
25417,0
25416,0
25415,0
25414,0
25413,0
25412,0
25411,0
25410,0
25409,0
25408,0
25407,0
25406,0
25405,0
25404,0
25403,0
25402,0
25401,0
25400,0
25399,0
25398,0
25397,0
25396,0
25395,0
25394,0
25393,0
25392,0
25391,0
25390,0
25389,0
25388,0
25387,0
25386,0
25385,0
25384,0
25383,0
25382,0
25381,0
25380,0
25379,0
25378,0
25377,0
25376,0
25375,0
25374,0
25373,0
25372,0
25371,0
25370,0
25369,0
25368,0
25367,0
25366,0
25365,0
25364,0
25363,0
25362,0
25361,0
25360,0
25359,0
25358,0
25357,0
25356,0
25355,0
25354,0
25353,0
25352,0
25351,0
25350,0
25349,0
25348,0
25347,0
25346,0
25345,0
25344,0
25343,0
25342,0
25341,0
25340,0
25339,0
25338,0
25337,0
25336,0
25335,0
25334,0
25333,0
25332,0
25331,0
25330,0
25329,0
25328,0
25327,0
25326,0
25325,0
25324,0
25323,0
25322,0
25321,0
25320,0
25319,0
25318,0
25317,0
25316,0
25315,0
25314,0
25313,0
25312,0
25311,0
25310,0
25309,0
25308,0
25307,0
25306,0
25305,0
25304,0
25303,0
25302,0
25301,0
25300,0
25299,0
25298,0
25297,0
25296,0
25295,0
25294,0
25293,0
25292,0
25291,0
25290,0
25289,0
25288,0
25287,0
25286,0
25285,0
25284,0
25283,0
25282,0
25281,0
25280,0
25279,0
25278,0
25277,0
25276,0
25275,0
25274,0
25273,0
25272,0
25271,0
25270,0
25269,0
25268,0
25267,0
25266,0
25265,0
25264,0
25263,0
25262,0
25261,0
25260,0
25259,0
25258,0
25257,0
25256,0
25255,0
25254,0
25253,0
25252,0
25251,0
25250,0
25249,0
25248,0
25247,0
25246,0
25245,0
25244,0
25243,0
25242,0
25241,0
25240,0
25239,0
25238,0
25237,0
25236,0
25235,0
25234,0
25233,0
25232,0
25231,0
25230,0
25229,0
25228,0
25227,0
25226,0
25225,0
25224,0
25223,0
25222,0
25221,0
25220,0
25219,0
25218,0
25217,0
25216,0
25215,0
25214,0
25213,0
25212,0
25211,0
25210,0
25209,0
25208,0
25207,0
25206,0
25205,0
25204,0
25203,0
25202,0
25201,0
25200,0
25199,0
25198,0
25197,0
25196,0
25195,0
25194,0
25193,0
25192,0
25191,0
25190,0
25189,0
25188,0
25187,0
25186,0
25185,0
25184,0
25183,0
25182,0
25181,0
25180,0
25179,0
25178,0
25177,0
25176,0
25175,0
25174,0
25173,0
25172,0
25171,0
25170,0
25169,0
25168,0
25167,0
25166,0
25165,0
25164,0
25163,0
25162,0
25161,0
25160,0
25159,0
25158,0
25157,0
25156,0
25155,0
25154,0
25153,0
25152,0
25151,0
25150,0
25149,0
25148,0
25147,0
25146,0
25145,0
25144,0
25143,0
25142,0
25141,0
25140,0
25139,0
25138,0
25137,0
25136,0
25135,0
25134,0
25133,0
25132,0
25131,0
25130,0
25129,0
25128,0
25127,0
25126,0
25125,0
25124,0
25123,0
25122,0
25121,0
25120,0
25119,0
25118,0
25117,0
25116,0
25115,0
25114,0
25113,0
25112,0
25111,0
25110,0
25109,0
25108,0
25107,0
25106,0
25105,0
25104,0
25103,0
25102,0
25101,0
25100,0
25099,0
25098,0
25097,0
25096,0
25095,0
25094,0
25093,0
25092,0
25091,0
25090,0
25089,0
25088,0
25087,0
25086,0
25085,0
25084,0
25083,0
25082,0
25081,0
25080,0
25079,0
25078,0
25077,0
25076,0
25075,0
25074,0
25073,0
25072,0
25071,0
25070,0
25069,0
25068,0
25067,0
25066,0
25065,0
25064,0
25063,0
25062,0
25061,0
25060,0
25059,0
25058,0
25057,0
25056,0
25055,0
25054,0
25053,0
25052,0
25051,0
25050,0
25049,0
25048,0
25047,0
25046,0
25045,0
25044,0
25043,0
25042,0
25041,0
25040,0
25039,0
25038,0
25037,0
25036,0
25035,0
25034,0
25033,0
25032,0
25031,0
25030,0
25029,0
25028,0
25027,0
25026,0
25025,0
25024,0
25023,0
25022,0
25021,0
25020,0
25019,0
25018,0
25017,0
25016,0
25015,0
25014,0
25013,0
25012,0
25011,0
25010,0
25009,0
25008,0
25007,0
25006,0
25005,0
25004,0
25003,0
25002,0
25001,0
25000,0
24999,0
24998,0
24997,0
24996,0
24995,0
24994,0
24993,0
24992,0
24991,0
24990,0
24989,0
24988,0
24987,0
24986,0
24985,0
24984,0
24983,0
24982,0
24981,0
24980,0
24979,0
24978,0
24977,0
24976,0
24975,0
24974,0
24973,0
24972,0
24971,0
24970,0
24969,0
24968,0
24967,0
24966,0
24965,0
24964,0
24963,0
24962,0
24961,0
24960,0
24959,0
24958,0
24957,0
24956,0
24955,0
24954,0
24953,0
24952,0
24951,0
24950,0
24949,0
24948,0
24947,0
24946,0
24945,0
24944,0
24943,0
24942,0
24941,0
24940,0
24939,0
24938,0
24937,0
24936,0
24935,0
24934,0
24933,0
24932,0
24931,0
24930,0
24929,0
24928,0
24927,0
24926,0
24925,0
24924,0
24923,0
24922,0
24921,0
24920,0
24919,0
24918,0
24917,0
24916,0
24915,0
24914,0
24913,0
24912,0
24911,0
24910,0
24909,0
24908,0
24907,0
24906,0
24905,0
24904,0
24903,0
24902,0
24901,0
24900,0
24899,0
24898,0
24897,0
24896,0
24895,0
24894,0
24893,0
24892,0
24891,0
24890,0
24889,0
24888,0
24887,0
24886,0
24885,0
24884,0
24883,0
24882,0
24881,0
24880,0
24879,0
24878,0
24877,0
24876,0
24875,0
24874,0
24873,0
24872,0
24871,0
24870,0
24869,0
24868,0
24867,0
24866,0
24865,0
24864,0
24863,0
24862,0
24861,0
24860,0
24859,0
24858,0
24857,0
24856,0
24855,0
24854,0
24853,0
24852,0
24851,0
24850,0
24849,0
24848,0
24847,0
24846,0
24845,0
24844,0
24843,0
24842,0
24841,0
24840,0
24839,0
24838,0
24837,0
24836,0
24835,0
24834,0
24833,0
24832,0
24831,0
24830,0
24829,0
24828,0
24827,0
24826,0
24825,0
24824,0
24823,0
24822,0
24821,0
24820,0
24819,0
24818,0
24817,0
24816,0
24815,0
24814,0
24813,0
24812,0
24811,0
24810,0
24809,0
24808,0
24807,0
24806,0
24805,0
24804,0
24803,0
24802,0
24801,0
24800,0
24799,0
24798,0
24797,0
24796,0
24795,0
24794,0
24793,0
24792,0
24791,0
24790,0
24789,0
24788,0
24787,0
24786,0
24785,0
24784,0
24783,0
24782,0
24781,0
24780,0
24779,0
24778,0
24777,0
24776,0
24775,0
24774,0
24773,0
24772,0
24771,0
24770,0
24769,0
24768,0
24767,0
24766,0
24765,0
24764,0
24763,0
24762,0
24761,0
24760,0
24759,0
24758,0
24757,0
24756,0
24755,0
24754,0
24753,0
24752,0
24751,0
24750,0
24749,0
24748,0
24747,0
24746,0
24745,0
24744,0
24743,0
24742,0
24741,0
24740,0
24739,0
24738,0
24737,0
24736,0
24735,0
24734,0
24733,0
24732,0
24731,0
24730,0
24729,0
24728,0
24727,0
24726,0
24725,0
24724,0
24723,0
24722,0
24721,0
24720,0
24719,0
24718,0
24717,0
24716,0
24715,0
24714,0
24713,0
24712,0
24711,0
24710,0
24709,0
24708,0
24707,0
24706,0
24705,0
24704,0
24703,0
24702,0
24701,0
24700,0
24699,0
24698,0
24697,0
24696,0
24695,0
24694,0
24693,0
24692,0
24691,0
24690,0
24689,0
24688,0
24687,0
24686,0
24685,0
24684,0
24683,0
24682,0
24681,0
24680,0
24679,0
24678,0
24677,0
24676,0
24675,0
24674,0
24673,0
24672,0
24671,0
24670,0
24669,0
24668,0
24667,0
24666,0
24665,0
24664,0
24663,0
24662,0
24661,0
24660,0
24659,0
24658,0
24657,0
24656,0
24655,0
24654,0
24653,0
24652,0
24651,0
24650,0
24649,0
24648,0
24647,0
24646,0
24645,0
24644,0
24643,0
24642,0
24641,0
24640,0
24639,0
24638,0
24637,0
24636,0
24635,0
24634,0
24633,0
24632,0
24631,0
24630,0
24629,0
24628,0
24627,0
24626,0
24625,0
24624,0
24623,0
24622,0
24621,0
24620,0
24619,0
24618,0
24617,0
24616,0
24615,0
24614,0
24613,0
24612,0
24611,0
24610,0
24609,0
24608,0
24607,0
24606,0
24605,0
24604,0
24603,0
24602,0
24601,0
24600,0
24599,0
24598,0
24597,0
24596,0
24595,0
24594,0
24593,0
24592,0
24591,0
24590,0
24589,0
24588,0
24587,0
24586,0
24585,0
24584,0
24583,0
24582,0
24581,0
24580,0
24579,0
24578,0
24577,0
24576,0
24575,0
24574,0
24573,0
24572,0
24571,0
24570,0
24569,0
24568,0
24567,0
24566,0
24565,0
24564,0
24563,0
24562,0
24561,0
24560,0
24559,0
24558,0
24557,0
24556,0
24555,0
24554,0
24553,0
24552,0
24551,0
24550,0
24549,0
24548,0
24547,0
24546,0
24545,0
24544,0
24543,0
24542,0
24541,0
24540,0
24539,0
24538,0
24537,0
24536,0
24535,0
24534,0
24533,0
24532,0
24531,0
24530,0
24529,0
24528,0
24527,0
24526,0
24525,0
24524,0
24523,0
24522,0
24521,0
24520,0
24519,0
24518,0
24517,0
24516,0
24515,0
24514,0
24513,0
24512,0
24511,0
24510,0
24509,0
24508,0
24507,0
24506,0
24505,0
24504,0
24503,0
24502,0
24501,0
24500,0
24499,0
24498,0
24497,0
24496,0
24495,0
24494,0
24493,0
24492,0
24491,0
24490,0
24489,0
24488,0
24487,0
24486,0
24485,0
24484,0
24483,0
24482,0
24481,0
24480,0
24479,0
24478,0
24477,0
24476,0
24475,0
24474,0
24473,0
24472,0
24471,0
24470,0
24469,0
24468,0
24467,0
24466,0
24465,0
24464,0
24463,0
24462,0
24461,0
24460,0
24459,0
24458,0
24457,0
24456,0
24455,0
24454,0
24453,0
24452,0
24451,0
24450,0
24449,0
24448,0
24447,0
24446,0
24445,0
24444,0
24443,0
24442,0
24441,0
24440,0
24439,0
24438,0
24437,0
24436,0
24435,0
24434,0
24433,0
24432,0
24431,0
24430,0
24429,0
24428,0
24427,0
24426,0
24425,0
24424,0
24423,0
24422,0
24421,0
24420,0
24419,0
24418,0
24417,0
24416,0
24415,0
24414,0
24413,0
24412,0
24411,0
24410,0
24409,0
24408,0
24407,0
24406,0
24405,0
24404,0
24403,0
24402,0
24401,0
24400,0
24399,0
24398,0
24397,0
24396,0
24395,0
24394,0
24393,0
24392,0
24391,0
24390,0
24389,0
24388,0
24387,0
24386,0
24385,0
24384,0
24383,0
24382,0
24381,0
24380,0
24379,0
24378,0
24377,0
24376,0
24375,0
24374,0
24373,0
24372,0
24371,0
24370,0
24369,0
24368,0
24367,0
24366,0
24365,0
24364,0
24363,0
24362,0
24361,0
24360,0
24359,0
24358,0
24357,0
24356,0
24355,0
24354,0
24353,0
24352,0
24351,0
24350,0
24349,0
24348,0
24347,0
24346,0
24345,0
24344,0
24343,0
24342,0
24341,0
24340,0
24339,0
24338,0
24337,0
24336,0
24335,0
24334,0
24333,0
24332,0
24331,0
24330,0
24329,0
24328,0
24327,0
24326,0
24325,0
24324,0
24323,0
24322,0
24321,0
24320,0
24319,0
24318,0
24317,0
24316,0
24315,0
24314,0
24313,0
24312,0
24311,0
24310,0
24309,0
24308,0
24307,0
24306,0
24305,0
24304,0
24303,0
24302,0
24301,0
24300,0
24299,0
24298,0
24297,0
24296,0
24295,0
24294,0
24293,0
24292,0
24291,0
24290,0
24289,0
24288,0
24287,0
24286,0
24285,0
24284,0
24283,0
24282,0
24281,0
24280,0
24279,0
24278,0
24277,0
24276,0
24275,0
24274,0
24273,0
24272,0
24271,0
24270,0
24269,0
24268,0
24267,0
24266,0
24265,0
24264,0
24263,0
24262,0
24261,0
24260,0
24259,0
24258,0
24257,0
24256,0
24255,0
24254,0
24253,0
24252,0
24251,0
24250,0
24249,0
24248,0
24247,0
24246,0
24245,0
24244,0
24243,0
24242,0
24241,0
24240,0
24239,0
24238,0
24237,0
24236,0
24235,0
24234,0
24233,0
24232,0
24231,0
24230,0
24229,0
24228,0
24227,0
24226,0
24225,0
24224,0
24223,0
24222,0
24221,0
24220,0
24219,0
24218,0
24217,0
24216,0
24215,0
24214,0
24213,0
24212,0
24211,0
24210,0
24209,0
24208,0
24207,0
24206,0
24205,0
24204,0
24203,0
24202,0
24201,0
24200,0
24199,0
24198,0
24197,0
24196,0
24195,0
24194,0
24193,0
24192,0
24191,0
24190,0
24189,0
24188,0
24187,0
24186,0
24185,0
24184,0
24183,0
24182,0
24181,0
24180,0
24179,0
24178,0
24177,0
24176,0
24175,0
24174,0
24173,0
24172,0
24171,0
24170,0
24169,0
24168,0
24167,0
24166,0
24165,0
24164,0
24163,0
24162,0
24161,0
24160,0
24159,0
24158,0
24157,0
24156,0
24155,0
24154,0
24153,0
24152,0
24151,0
24150,0
24149,0
24148,0
24147,0
24146,0
24145,0
24144,0
24143,0
24142,0
24141,0
24140,0
24139,0
24138,0
24137,0
24136,0
24135,0
24134,0
24133,0
24132,0
24131,0
24130,0
24129,0
24128,0
24127,0
24126,0
24125,0
24124,0
24123,0
24122,0
24121,0
24120,0
24119,0
24118,0
24117,0
24116,0
24115,0
24114,0
24113,0
24112,0
24111,0
24110,0
24109,0
24108,0
24107,0
24106,0
24105,0
24104,0
24103,0
24102,0
24101,0
24100,0
24099,0
24098,0
24097,0
24096,0
24095,0
24094,0
24093,0
24092,0
24091,0
24090,0
24089,0
24088,0
24087,0
24086,0
24085,0
24084,0
24083,0
24082,0
24081,0
24080,0
24079,0
24078,0
24077,0
24076,0
24075,0
24074,0
24073,0
24072,0
24071,0
24070,0
24069,0
24068,0
24067,0
24066,0
24065,0
24064,0
24063,0
24062,0
24061,0
24060,0
24059,0
24058,0
24057,0
24056,0
24055,0
24054,0
24053,0
24052,0
24051,0
24050,0
24049,0
24048,0
24047,0
24046,0
24045,0
24044,0
24043,0
24042,0
24041,0
24040,0
24039,0
24038,0
24037,0
24036,0
24035,0
24034,0
24033,0
24032,0
24031,0
24030,0
24029,0
24028,0
24027,0
24026,0
24025,0
24024,0
24023,0
24022,0
24021,0
24020,0
24019,0
24018,0
24017,0
24016,0
24015,0
24014,0
24013,0
24012,0
24011,0
24010,0
24009,0
24008,0
24007,0
24006,0
24005,0
24004,0
24003,0
24002,0
24001,0
24000,0
23999,0
23998,0
23997,0
23996,0
23995,0
23994,0
23993,0
23992,0
23991,0
23990,0
23989,0
23988,0
23987,0
23986,0
23985,0
23984,0
23983,0
23982,0
23981,0
23980,0
23979,0
23978,0
23977,0
23976,0
23975,0
23974,0
23973,0
23972,0
23971,0
23970,0
23969,0
23968,0
23967,0
23966,0
23965,0
23964,0
23963,0
23962,0
23961,0
23960,0
23959,0
23958,0
23957,0
23956,0
23955,0
23954,0
23953,0
23952,0
23951,0
23950,0
23949,0
23948,0
23947,0
23946,0
23945,0
23944,0
23943,0
23942,0
23941,0
23940,0
23939,0
23938,0
23937,0
23936,0
23935,0
23934,0
23933,0
23932,0
23931,0
23930,0
23929,0
23928,0
23927,0
23926,0
23925,0
23924,0
23923,0
23922,0
23921,0
23920,0
23919,0
23918,0
23917,0
23916,0
23915,0
23914,0
23913,0
23912,0
23911,0
23910,0
23909,0
23908,0
23907,0
23906,0
23905,0
23904,0
23903,0
23902,0
23901,0
23900,0
23899,0
23898,0
23897,0
23896,0
23895,0
23894,0
23893,0
23892,0
23891,0
23890,0
23889,0
23888,0
23887,0
23886,0
23885,0
23884,0
23883,0
23882,0
23881,0
23880,0
23879,0
23878,0
23877,0
23876,0
23875,0
23874,0
23873,0
23872,0
23871,0
23870,0
23869,0
23868,0
23867,0
23866,0
23865,0
23864,0
23863,0
23862,0
23861,0
23860,0
23859,0
23858,0
23857,0
23856,0
23855,0
23854,0
23853,0
23852,0
23851,0
23850,0
23849,0
23848,0
23847,0
23846,0
23845,0
23844,0
23843,0
23842,0
23841,0
23840,0
23839,0
23838,0
23837,0
23836,0
23835,0
23834,0
23833,0
23832,0
23831,0
23830,0
23829,0
23828,0
23827,0
23826,0
23825,0
23824,0
23823,0
23822,0
23821,0
23820,0
23819,0
23818,0
23817,0
23816,0
23815,0
23814,0
23813,0
23812,0
23811,0
23810,0
23809,0
23808,0
23807,0
23806,0
23805,0
23804,0
23803,0
23802,0
23801,0
23800,0
23799,0
23798,0
23797,0
23796,0
23795,0
23794,0
23793,0
23792,0
23791,0
23790,0
23789,0
23788,0
23787,0
23786,0
23785,0
23784,0
23783,0
23782,0
23781,0
23780,0
23779,0
23778,0
23777,0
23776,0
23775,0
23774,0
23773,0
23772,0
23771,0
23770,0
23769,0
23768,0
23767,0
23766,0
23765,0
23764,0
23763,0
23762,0
23761,0
23760,0
23759,0
23758,0
23757,0
23756,0
23755,0
23754,0
23753,0
23752,0
23751,0
23750,0
23749,0
23748,0
23747,0
23746,0
23745,0
23744,0
23743,0
23742,0
23741,0
23740,0
23739,0
23738,0
23737,0
23736,0
23735,0
23734,0
23733,0
23732,0
23731,0
23730,0
23729,0
23728,0
23727,0
23726,0
23725,0
23724,0
23723,0
23722,0
23721,0
23720,0
23719,0
23718,0
23717,0
23716,0
23715,0
23714,0
23713,0
23712,0
23711,0
23710,0
23709,0
23708,0
23707,0
23706,0
23705,0
23704,0
23703,0
23702,0
23701,0
23700,0
23699,0
23698,0
23697,0
23696,0
23695,0
23694,0
23693,0
23692,0
23691,0
23690,0
23689,0
23688,0
23687,0
23686,0
23685,0
23684,0
23683,0
23682,0
23681,0
23680,0
23679,0
23678,0
23677,0
23676,0
23675,0
23674,0
23673,0
23672,0
23671,0
23670,0
23669,0
23668,0
23667,0
23666,0
23665,0
23664,0
23663,0
23662,0
23661,0
23660,0
23659,0
23658,0
23657,0
23656,0
23655,0
23654,0
23653,0
23652,0
23651,0
23650,0
23649,0
23648,0
23647,0
23646,0
23645,0
23644,0
23643,0
23642,0
23641,0
23640,0
23639,0
23638,0
23637,0
23636,0
23635,0
23634,0
23633,0
23632,0
23631,0
23630,0
23629,0
23628,0
23627,0
23626,0
23625,0
23624,0
23623,0
23622,0
23621,0
23620,0
23619,0
23618,0
23617,0
23616,0
23615,0
23614,0
23613,0
23612,0
23611,0
23610,0
23609,0
23608,0
23607,0
23606,0
23605,0
23604,0
23603,0
23602,0
23601,0
23600,0
23599,0
23598,0
23597,0
23596,0
23595,0
23594,0
23593,0
23592,0
23591,0
23590,0
23589,0
23588,0
23587,0
23586,0
23585,0
23584,0
23583,0
23582,0
23581,0
23580,0
23579,0
23578,0
23577,0
23576,0
23575,0
23574,0
23573,0
23572,0
23571,0
23570,0
23569,0
23568,0
23567,0
23566,0
23565,0
23564,0
23563,0
23562,0
23561,0
23560,0
23559,0
23558,0
23557,0
23556,0
23555,0
23554,0
23553,0
23552,0
23551,0
23550,0
23549,0
23548,0
23547,0
23546,0
23545,0
23544,0
23543,0
23542,0
23541,0
23540,0
23539,0
23538,0
23537,0
23536,0
23535,0
23534,0
23533,0
23532,0
23531,0
23530,0
23529,0
23528,0
23527,0
23526,0
23525,0
23524,0
23523,0
23522,0
23521,0
23520,0
23519,0
23518,0
23517,0
23516,0
23515,0
23514,0
23513,0
23512,0
23511,0
23510,0
23509,0
23508,0
23507,0
23506,0
23505,0
23504,0
23503,0
23502,0
23501,0
23500,0
23499,0
23498,0
23497,0
23496,0
23495,0
23494,0
23493,0
23492,0
23491,0
23490,0
23489,0
23488,0
23487,0
23486,0
23485,0
23484,0
23483,0
23482,0
23481,0
23480,0
23479,0
23478,0
23477,0
23476,0
23475,0
23474,0
23473,0
23472,0
23471,0
23470,0
23469,0
23468,0
23467,0
23466,0
23465,0
23464,0
23463,0
23462,0
23461,0
23460,0
23459,0
23458,0
23457,0
23456,0
23455,0
23454,0
23453,0
23452,0
23451,0
23450,0
23449,0
23448,0
23447,0
23446,0
23445,0
23444,0
23443,0
23442,0
23441,0
23440,0
23439,0
23438,0
23437,0
23436,0
23435,0
23434,0
23433,0
23432,0
23431,0
23430,0
23429,0
23428,0
23427,0
23426,0
23425,0
23424,0
23423,0
23422,0
23421,0
23420,0
23419,0
23418,0
23417,0
23416,0
23415,0
23414,0
23413,0
23412,0
23411,0
23410,0
23409,0
23408,0
23407,0
23406,0
23405,0
23404,0
23403,0
23402,0
23401,0
23400,0
23399,0
23398,0
23397,0
23396,0
23395,0
23394,0
23393,0
23392,0
23391,0
23390,0
23389,0
23388,0
23387,0
23386,0
23385,0
23384,0
23383,0
23382,0
23381,0
23380,0
23379,0
23378,0
23377,0
23376,0
23375,0
23374,0
23373,0
23372,0
23371,0
23370,0
23369,0
23368,0
23367,0
23366,0
23365,0
23364,0
23363,0
23362,0
23361,0
23360,0
23359,0
23358,0
23357,0
23356,0
23355,0
23354,0
23353,0
23352,0
23351,0
23350,0
23349,0
23348,0
23347,0
23346,0
23345,0
23344,0
23343,0
23342,0
23341,0
23340,0
23339,0
23338,0
23337,0
23336,0
23335,0
23334,0
23333,0
23332,0
23331,0
23330,0
23329,0
23328,0
23327,0
23326,0
23325,0
23324,0
23323,0
23322,0
23321,0
23320,0
23319,0
23318,0
23317,0
23316,0
23315,0
23314,0
23313,0
23312,0
23311,0
23310,0
23309,0
23308,0
23307,0
23306,0
23305,0
23304,0
23303,0
23302,0
23301,0
23300,0
23299,0
23298,0
23297,0
23296,0
23295,0
23294,0
23293,0
23292,0
23291,0
23290,0
23289,0
23288,0
23287,0
23286,0
23285,0
23284,0
23283,0
23282,0
23281,0
23280,0
23279,0
23278,0
23277,0
23276,0
23275,0
23274,0
23273,0
23272,0
23271,0
23270,0
23269,0
23268,0
23267,0
23266,0
23265,0
23264,0
23263,0
23262,0
23261,0
23260,0
23259,0
23258,0
23257,0
23256,0
23255,0
23254,0
23253,0
23252,0
23251,0
23250,0
23249,0
23248,0
23247,0
23246,0
23245,0
23244,0
23243,0
23242,0
23241,0
23240,0
23239,0
23238,0
23237,0
23236,0
23235,0
23234,0
23233,0
23232,0
23231,0
23230,0
23229,0
23228,0
23227,0
23226,0
23225,0
23224,0
23223,0
23222,0
23221,0
23220,0
23219,0
23218,0
23217,0
23216,0
23215,0
23214,0
23213,0
23212,0
23211,0
23210,0
23209,0
23208,0
23207,0
23206,0
23205,0
23204,0
23203,0
23202,0
23201,0
23200,0
23199,0
23198,0
23197,0
23196,0
23195,0
23194,0
23193,0
23192,0
23191,0
23190,0
23189,0
23188,0
23187,0
23186,0
23185,0
23184,0
23183,0
23182,0
23181,0
23180,0
23179,0
23178,0
23177,0
23176,0
23175,0
23174,0
23173,0
23172,0
23171,0
23170,0
23169,0
23168,0
23167,0
23166,0
23165,0
23164,0
23163,0
23162,0
23161,0
23160,0
23159,0
23158,0
23157,0
23156,0
23155,0
23154,0
23153,0
23152,0
23151,0
23150,0
23149,0
23148,0
23147,0
23146,0
23145,0
23144,0
23143,0
23142,0
23141,0
23140,0
23139,0
23138,0
23137,0
23136,0
23135,0
23134,0
23133,0
23132,0
23131,0
23130,0
23129,0
23128,0
23127,0
23126,0
23125,0
23124,0
23123,0
23122,0
23121,0
23120,0
23119,0
23118,0
23117,0
23116,0
23115,0
23114,0
23113,0
23112,0
23111,0
23110,0
23109,0
23108,0
23107,0
23106,0
23105,0
23104,0
23103,0
23102,0
23101,0
23100,0
23099,0
23098,0
23097,0
23096,0
23095,0
23094,0
23093,0
23092,0
23091,0
23090,0
23089,0
23088,0
23087,0
23086,0
23085,0
23084,0
23083,0
23082,0
23081,0
23080,0
23079,0
23078,0
23077,0
23076,0
23075,0
23074,0
23073,0
23072,0
23071,0
23070,0
23069,0
23068,0
23067,0
23066,0
23065,0
23064,0
23063,0
23062,0
23061,0
23060,0
23059,0
23058,0
23057,0
23056,0
23055,0
23054,0
23053,0
23052,0
23051,0
23050,0
23049,0
23048,0
23047,0
23046,0
23045,0
23044,0
23043,0
23042,0
23041,0
23040,0
23039,0
23038,0
23037,0
23036,0
23035,0
23034,0
23033,0
23032,0
23031,0
23030,0
23029,0
23028,0
23027,0
23026,0
23025,0
23024,0
23023,0
23022,0
23021,0
23020,0
23019,0
23018,0
23017,0
23016,0
23015,0
23014,0
23013,0
23012,0
23011,0
23010,0
23009,0
23008,0
23007,0
23006,0
23005,0
23004,0
23003,0
23002,0
23001,0
23000,0
22999,0
22998,0
22997,0
22996,0
22995,0
22994,0
22993,0
22992,0
22991,0
22990,0
22989,0
22988,0
22987,0
22986,0
22985,0
22984,0
22983,0
22982,0
22981,0
22980,0
22979,0
22978,0
22977,0
22976,0
22975,0
22974,0
22973,0
22972,0
22971,0
22970,0
22969,0
22968,0
22967,0
22966,0
22965,0
22964,0
22963,0
22962,0
22961,0
22960,0
22959,0
22958,0
22957,0
22956,0
22955,0
22954,0
22953,0
22952,0
22951,0
22950,0
22949,0
22948,0
22947,0
22946,0
22945,0
22944,0
22943,0
22942,0
22941,0
22940,0
22939,0
22938,0
22937,0
22936,0
22935,0
22934,0
22933,0
22932,0
22931,0
22930,0
22929,0
22928,0
22927,0
22926,0
22925,0
22924,0
22923,0
22922,0
22921,0
22920,0
22919,0
22918,0
22917,0
22916,0
22915,0
22914,0
22913,0
22912,0
22911,0
22910,0
22909,0
22908,0
22907,0
22906,0
22905,0
22904,0
22903,0
22902,0
22901,0
22900,0
22899,0
22898,0
22897,0
22896,0
22895,0
22894,0
22893,0
22892,0
22891,0
22890,0
22889,0
22888,0
22887,0
22886,0
22885,0
22884,0
22883,0
22882,0
22881,0
22880,0
22879,0
22878,0
22877,0
22876,0
22875,0
22874,0
22873,0
22872,0
22871,0
22870,0
22869,0
22868,0
22867,0
22866,0
22865,0
22864,0
22863,0
22862,0
22861,0
22860,0
22859,0
22858,0
22857,0
22856,0
22855,0
22854,0
22853,0
22852,0
22851,0
22850,0
22849,0
22848,0
22847,0
22846,0
22845,0
22844,0
22843,0
22842,0
22841,0
22840,0
22839,0
22838,0
22837,0
22836,0
22835,0
22834,0
22833,0
22832,0
22831,0
22830,0
22829,0
22828,0
22827,0
22826,0
22825,0
22824,0
22823,0
22822,0
22821,0
22820,0
22819,0
22818,0
22817,0
22816,0
22815,0
22814,0
22813,0
22812,0
22811,0
22810,0
22809,0
22808,0
22807,0
22806,0
22805,0
22804,0
22803,0
22802,0
22801,0
22800,0
22799,0
22798,0
22797,0
22796,0
22795,0
22794,0
22793,0
22792,0
22791,0
22790,0
22789,0
22788,0
22787,0
22786,0
22785,0
22784,0
22783,0
22782,0
22781,0
22780,0
22779,0
22778,0
22777,0
22776,0
22775,0
22774,0
22773,0
22772,0
22771,0
22770,0
22769,0
22768,0
22767,0
22766,0
22765,0
22764,0
22763,0
22762,0
22761,0
22760,0
22759,0
22758,0
22757,0
22756,0
22755,0
22754,0
22753,0
22752,0
22751,0
22750,0
22749,0
22748,0
22747,0
22746,0
22745,0
22744,0
22743,0
22742,0
22741,0
22740,0
22739,0
22738,0
22737,0
22736,0
22735,0
22734,0
22733,0
22732,0
22731,0
22730,0
22729,0
22728,0
22727,0
22726,0
22725,0
22724,0
22723,0
22722,0
22721,0
22720,0
22719,0
22718,0
22717,0
22716,0
22715,0
22714,0
22713,0
22712,0
22711,0
22710,0
22709,0
22708,0
22707,0
22706,0
22705,0
22704,0
22703,0
22702,0
22701,0
22700,0
22699,0
22698,0
22697,0
22696,0
22695,0
22694,0
22693,0
22692,0
22691,0
22690,0
22689,0
22688,0
22687,0
22686,0
22685,0
22684,0
22683,0
22682,0
22681,0
22680,0
22679,0
22678,0
22677,0
22676,0
22675,0
22674,0
22673,0
22672,0
22671,0
22670,0
22669,0
22668,0
22667,0
22666,0
22665,0
22664,0
22663,0
22662,0
22661,0
22660,0
22659,0
22658,0
22657,0
22656,0
22655,0
22654,0
22653,0
22652,0
22651,0
22650,0
22649,0
22648,0
22647,0
22646,0
22645,0
22644,0
22643,0
22642,0
22641,0
22640,0
22639,0
22638,0
22637,0
22636,0
22635,0
22634,0
22633,0
22632,0
22631,0
22630,0
22629,0
22628,0
22627,0
22626,0
22625,0
22624,0
22623,0
22622,0
22621,0
22620,0
22619,0
22618,0
22617,0
22616,0
22615,0
22614,0
22613,0
22612,0
22611,0
22610,0
22609,0
22608,0
22607,0
22606,0
22605,0
22604,0
22603,0
22602,0
22601,0
22600,0
22599,0
22598,0
22597,0
22596,0
22595,0
22594,0
22593,0
22592,0
22591,0
22590,0
22589,0
22588,0
22587,0
22586,0
22585,0
22584,0
22583,0
22582,0
22581,0
22580,0
22579,0
22578,0
22577,0
22576,0
22575,0
22574,0
22573,0
22572,0
22571,0
22570,0
22569,0
22568,0
22567,0
22566,0
22565,0
22564,0
22563,0
22562,0
22561,0
22560,0
22559,0
22558,0
22557,0
22556,0
22555,0
22554,0
22553,0
22552,0
22551,0
22550,0
22549,0
22548,0
22547,0
22546,0
22545,0
22544,0
22543,0
22542,0
22541,0
22540,0
22539,0
22538,0
22537,0
22536,0
22535,0
22534,0
22533,0
22532,0
22531,0
22530,0
22529,0
22528,0
22527,0
22526,0
22525,0
22524,0
22523,0
22522,0
22521,0
22520,0
22519,0
22518,0
22517,0
22516,0
22515,0
22514,0
22513,0
22512,0
22511,0
22510,0
22509,0
22508,0
22507,0
22506,0
22505,0
22504,0
22503,0
22502,0
22501,0
22500,0
22499,0
22498,0
22497,0
22496,0
22495,0
22494,0
22493,0
22492,0
22491,0
22490,0
22489,0
22488,0
22487,0
22486,0
22485,0
22484,0
22483,0
22482,0
22481,0
22480,0
22479,0
22478,0
22477,0
22476,0
22475,0
22474,0
22473,0
22472,0
22471,0
22470,0
22469,0
22468,0
22467,0
22466,0
22465,0
22464,0
22463,0
22462,0
22461,0
22460,0
22459,0
22458,0
22457,0
22456,0
22455,0
22454,0
22453,0
22452,0
22451,0
22450,0
22449,0
22448,0
22447,0
22446,0
22445,0
22444,0
22443,0
22442,0
22441,0
22440,0
22439,0
22438,0
22437,0
22436,0
22435,0
22434,0
22433,0
22432,0
22431,0
22430,0
22429,0
22428,0
22427,0
22426,0
22425,0
22424,0
22423,0
22422,0
22421,0
22420,0
22419,0
22418,0
22417,0
22416,0
22415,0
22414,0
22413,0
22412,0
22411,0
22410,0
22409,0
22408,0
22407,0
22406,0
22405,0
22404,0
22403,0
22402,0
22401,0
22400,0
22399,0
22398,0
22397,0
22396,0
22395,0
22394,0
22393,0
22392,0
22391,0
22390,0
22389,0
22388,0
22387,0
22386,0
22385,0
22384,0
22383,0
22382,0
22381,0
22380,0
22379,0
22378,0
22377,0
22376,0
22375,0
22374,0
22373,0
22372,0
22371,0
22370,0
22369,0
22368,0
22367,0
22366,0
22365,0
22364,0
22363,0
22362,0
22361,0
22360,0
22359,0
22358,0
22357,0
22356,0
22355,0
22354,0
22353,0
22352,0
22351,0
22350,0
22349,0
22348,0
22347,0
22346,0
22345,0
22344,0
22343,0
22342,0
22341,0
22340,0
22339,0
22338,0
22337,0
22336,0
22335,0
22334,0
22333,0
22332,0
22331,0
22330,0
22329,0
22328,0
22327,0
22326,0
22325,0
22324,0
22323,0
22322,0
22321,0
22320,0
22319,0
22318,0
22317,0
22316,0
22315,0
22314,0
22313,0
22312,0
22311,0
22310,0
22309,0
22308,0
22307,0
22306,0
22305,0
22304,0
22303,0
22302,0
22301,0
22300,0
22299,0
22298,0
22297,0
22296,0
22295,0
22294,0
22293,0
22292,0
22291,0
22290,0
22289,0
22288,0
22287,0
22286,0
22285,0
22284,0
22283,0
22282,0
22281,0
22280,0
22279,0
22278,0
22277,0
22276,0
22275,0
22274,0
22273,0
22272,0
22271,0
22270,0
22269,0
22268,0
22267,0
22266,0
22265,0
22264,0
22263,0
22262,0
22261,0
22260,0
22259,0
22258,0
22257,0
22256,0
22255,0
22254,0
22253,0
22252,0
22251,0
22250,0
22249,0
22248,0
22247,0
22246,0
22245,0
22244,0
22243,0
22242,0
22241,0
22240,0
22239,0
22238,0
22237,0
22236,0
22235,0
22234,0
22233,0
22232,0
22231,0
22230,0
22229,0
22228,0
22227,0
22226,0
22225,0
22224,0
22223,0
22222,0
22221,0
22220,0
22219,0
22218,0
22217,0
22216,0
22215,0
22214,0
22213,0
22212,0
22211,0
22210,0
22209,0
22208,0
22207,0
22206,0
22205,0
22204,0
22203,0
22202,0
22201,0
22200,0
22199,0
22198,0
22197,0
22196,0
22195,0
22194,0
22193,0
22192,0
22191,0
22190,0
22189,0
22188,0
22187,0
22186,0
22185,0
22184,0
22183,0
22182,0
22181,0
22180,0
22179,0
22178,0
22177,0
22176,0
22175,0
22174,0
22173,0
22172,0
22171,0
22170,0
22169,0
22168,0
22167,0
22166,0
22165,0
22164,0
22163,0
22162,0
22161,0
22160,0
22159,0
22158,0
22157,0
22156,0
22155,0
22154,0
22153,0
22152,0
22151,0
22150,0
22149,0
22148,0
22147,0
22146,0
22145,0
22144,0
22143,0
22142,0
22141,0
22140,0
22139,0
22138,0
22137,0
22136,0
22135,0
22134,0
22133,0
22132,0
22131,0
22130,0
22129,0
22128,0
22127,0
22126,0
22125,0
22124,0
22123,0
22122,0
22121,0
22120,0
22119,0
22118,0
22117,0
22116,0
22115,0
22114,0
22113,0
22112,0
22111,0
22110,0
22109,0
22108,0
22107,0
22106,0
22105,0
22104,0
22103,0
22102,0
22101,0
22100,0
22099,0
22098,0
22097,0
22096,0
22095,0
22094,0
22093,0
22092,0
22091,0
22090,0
22089,0
22088,0
22087,0
22086,0
22085,0
22084,0
22083,0
22082,0
22081,0
22080,0
22079,0
22078,0
22077,0
22076,0
22075,0
22074,0
22073,0
22072,0
22071,0
22070,0
22069,0
22068,0
22067,0
22066,0
22065,0
22064,0
22063,0
22062,0
22061,0
22060,0
22059,0
22058,0
22057,0
22056,0
22055,0
22054,0
22053,0
22052,0
22051,0
22050,0
22049,0
22048,0
22047,0
22046,0
22045,0
22044,0
22043,0
22042,0
22041,0
22040,0
22039,0
22038,0
22037,0
22036,0
22035,0
22034,0
22033,0
22032,0
22031,0
22030,0
22029,0
22028,0
22027,0
22026,0
22025,0
22024,0
22023,0
22022,0
22021,0
22020,0
22019,0
22018,0
22017,0
22016,0
22015,0
22014,0
22013,0
22012,0
22011,0
22010,0
22009,0
22008,0
22007,0
22006,0
22005,0
22004,0
22003,0
22002,0
22001,0
22000,0
21999,0
21998,0
21997,0
21996,0
21995,0
21994,0
21993,0
21992,0
21991,0
21990,0
21989,0
21988,0
21987,0
21986,0
21985,0
21984,0
21983,0
21982,0
21981,0
21980,0
21979,0
21978,0
21977,0
21976,0
21975,0
21974,0
21973,0
21972,0
21971,0
21970,0
21969,0
21968,0
21967,0
21966,0
21965,0
21964,0
21963,0
21962,0
21961,0
21960,0
21959,0
21958,0
21957,0
21956,0
21955,0
21954,0
21953,0
21952,0
21951,0
21950,0
21949,0
21948,0
21947,0
21946,0
21945,0
21944,0
21943,0
21942,0
21941,0
21940,0
21939,0
21938,0
21937,0
21936,0
21935,0
21934,0
21933,0
21932,0
21931,0
21930,0
21929,0
21928,0
21927,0
21926,0
21925,0
21924,0
21923,0
21922,0
21921,0
21920,0
21919,0
21918,0
21917,0
21916,0
21915,0
21914,0
21913,0
21912,0
21911,0
21910,0
21909,0
21908,0
21907,0
21906,0
21905,0
21904,0
21903,0
21902,0
21901,0
21900,0
21899,0
21898,0
21897,0
21896,0
21895,0
21894,0
21893,0
21892,0
21891,0
21890,0
21889,0
21888,0
21887,0
21886,0
21885,0
21884,0
21883,0
21882,0
21881,0
21880,0
21879,0
21878,0
21877,0
21876,0
21875,0
21874,0
21873,0
21872,0
21871,0
21870,0
21869,0
21868,0
21867,0
21866,0
21865,0
21864,0
21863,0
21862,0
21861,0
21860,0
21859,0
21858,0
21857,0
21856,0
21855,0
21854,0
21853,0
21852,0
21851,0
21850,0
21849,0
21848,0
21847,0
21846,0
21845,0
21844,0
21843,0
21842,0
21841,0
21840,0
21839,0
21838,0
21837,0
21836,0
21835,0
21834,0
21833,0
21832,0
21831,0
21830,0
21829,0
21828,0
21827,0
21826,0
21825,0
21824,0
21823,0
21822,0
21821,0
21820,0
21819,0
21818,0
21817,0
21816,0
21815,0
21814,0
21813,0
21812,0
21811,0
21810,0
21809,0
21808,0
21807,0
21806,0
21805,0
21804,0
21803,0
21802,0
21801,0
21800,0
21799,0
21798,0
21797,0
21796,0
21795,0
21794,0
21793,0
21792,0
21791,0
21790,0
21789,0
21788,0
21787,0
21786,0
21785,0
21784,0
21783,0
21782,0
21781,0
21780,0
21779,0
21778,0
21777,0
21776,0
21775,0
21774,0
21773,0
21772,0
21771,0
21770,0
21769,0
21768,0
21767,0
21766,0
21765,0
21764,0
21763,0
21762,0
21761,0
21760,0
21759,0
21758,0
21757,0
21756,0
21755,0
21754,0
21753,0
21752,0
21751,0
21750,0
21749,0
21748,0
21747,0
21746,0
21745,0
21744,0
21743,0
21742,0
21741,0
21740,0
21739,0
21738,0
21737,0
21736,0
21735,0
21734,0
21733,0
21732,0
21731,0
21730,0
21729,0
21728,0
21727,0
21726,0
21725,0
21724,0
21723,0
21722,0
21721,0
21720,0
21719,0
21718,0
21717,0
21716,0
21715,0
21714,0
21713,0
21712,0
21711,0
21710,0
21709,0
21708,0
21707,0
21706,0
21705,0
21704,0
21703,0
21702,0
21701,0
21700,0
21699,0
21698,0
21697,0
21696,0
21695,0
21694,0
21693,0
21692,0
21691,0
21690,0
21689,0
21688,0
21687,0
21686,0
21685,0
21684,0
21683,0
21682,0
21681,0
21680,0
21679,0
21678,0
21677,0
21676,0
21675,0
21674,0
21673,0
21672,0
21671,0
21670,0
21669,0
21668,0
21667,0
21666,0
21665,0
21664,0
21663,0
21662,0
21661,0
21660,0
21659,0
21658,0
21657,0
21656,0
21655,0
21654,0
21653,0
21652,0
21651,0
21650,0
21649,0
21648,0
21647,0
21646,0
21645,0
21644,0
21643,0
21642,0
21641,0
21640,0
21639,0
21638,0
21637,0
21636,0
21635,0
21634,0
21633,0
21632,0
21631,0
21630,0
21629,0
21628,0
21627,0
21626,0
21625,0
21624,0
21623,0
21622,0
21621,0
21620,0
21619,0
21618,0
21617,0
21616,0
21615,0
21614,0
21613,0
21612,0
21611,0
21610,0
21609,0
21608,0
21607,0
21606,0
21605,0
21604,0
21603,0
21602,0
21601,0
21600,0
21599,0
21598,0
21597,0
21596,0
21595,0
21594,0
21593,0
21592,0
21591,0
21590,0
21589,0
21588,0
21587,0
21586,0
21585,0
21584,0
21583,0
21582,0
21581,0
21580,0
21579,0
21578,0
21577,0
21576,0
21575,0
21574,0
21573,0
21572,0
21571,0
21570,0
21569,0
21568,0
21567,0
21566,0
21565,0
21564,0
21563,0
21562,0
21561,0
21560,0
21559,0
21558,0
21557,0
21556,0
21555,0
21554,0
21553,0
21552,0
21551,0
21550,0
21549,0
21548,0
21547,0
21546,0
21545,0
21544,0
21543,0
21542,0
21541,0
21540,0
21539,0
21538,0
21537,0
21536,0
21535,0
21534,0
21533,0
21532,0
21531,0
21530,0
21529,0
21528,0
21527,0
21526,0
21525,0
21524,0
21523,0
21522,0
21521,0
21520,0
21519,0
21518,0
21517,0
21516,0
21515,0
21514,0
21513,0
21512,0
21511,0
21510,0
21509,0
21508,0
21507,0
21506,0
21505,0
21504,0
21503,0
21502,0
21501,0
21500,0
21499,0
21498,0
21497,0
21496,0
21495,0
21494,0
21493,0
21492,0
21491,0
21490,0
21489,0
21488,0
21487,0
21486,0
21485,0
21484,0
21483,0
21482,0
21481,0
21480,0
21479,0
21478,0
21477,0
21476,0
21475,0
21474,0
21473,0
21472,0
21471,0
21470,0
21469,0
21468,0
21467,0
21466,0
21465,0
21464,0
21463,0
21462,0
21461,0
21460,0
21459,0
21458,0
21457,0
21456,0
21455,0
21454,0
21453,0
21452,0
21451,0
21450,0
21449,0
21448,0
21447,0
21446,0
21445,0
21444,0
21443,0
21442,0
21441,0
21440,0
21439,0
21438,0
21437,0
21436,0
21435,0
21434,0
21433,0
21432,0
21431,0
21430,0
21429,0
21428,0
21427,0
21426,0
21425,0
21424,0
21423,0
21422,0
21421,0
21420,0
21419,0
21418,0
21417,0
21416,0
21415,0
21414,0
21413,0
21412,0
21411,0
21410,0
21409,0
21408,0
21407,0
21406,0
21405,0
21404,0
21403,0
21402,0
21401,0
21400,0
21399,0
21398,0
21397,0
21396,0
21395,0
21394,0
21393,0
21392,0
21391,0
21390,0
21389,0
21388,0
21387,0
21386,0
21385,0
21384,0
21383,0
21382,0
21381,0
21380,0
21379,0
21378,0
21377,0
21376,0
21375,0
21374,0
21373,0
21372,0
21371,0
21370,0
21369,0
21368,0
21367,0
21366,0
21365,0
21364,0
21363,0
21362,0
21361,0
21360,0
21359,0
21358,0
21357,0
21356,0
21355,0
21354,0
21353,0
21352,0
21351,0
21350,0
21349,0
21348,0
21347,0
21346,0
21345,0
21344,0
21343,0
21342,0
21341,0
21340,0
21339,0
21338,0
21337,0
21336,0
21335,0
21334,0
21333,0
21332,0
21331,0
21330,0
21329,0
21328,0
21327,0
21326,0
21325,0
21324,0
21323,0
21322,0
21321,0
21320,0
21319,0
21318,0
21317,0
21316,0
21315,0
21314,0
21313,0
21312,0
21311,0
21310,0
21309,0
21308,0
21307,0
21306,0
21305,0
21304,0
21303,0
21302,0
21301,0
21300,0
21299,0
21298,0
21297,0
21296,0
21295,0
21294,0
21293,0
21292,0
21291,0
21290,0
21289,0
21288,0
21287,0
21286,0
21285,0
21284,0
21283,0
21282,0
21281,0
21280,0
21279,0
21278,0
21277,0
21276,0
21275,0
21274,0
21273,0
21272,0
21271,0
21270,0
21269,0
21268,0
21267,0
21266,0
21265,0
21264,0
21263,0
21262,0
21261,0
21260,0
21259,0
21258,0
21257,0
21256,0
21255,0
21254,0
21253,0
21252,0
21251,0
21250,0
21249,0
21248,0
21247,0
21246,0
21245,0
21244,0
21243,0
21242,0
21241,0
21240,0
21239,0
21238,0
21237,0
21236,0
21235,0
21234,0
21233,0
21232,0
21231,0
21230,0
21229,0
21228,0
21227,0
21226,0
21225,0
21224,0
21223,0
21222,0
21221,0
21220,0
21219,0
21218,0
21217,0
21216,0
21215,0
21214,0
21213,0
21212,0
21211,0
21210,0
21209,0
21208,0
21207,0
21206,0
21205,0
21204,0
21203,0
21202,0
21201,0
21200,0
21199,0
21198,0
21197,0
21196,0
21195,0
21194,0
21193,0
21192,0
21191,0
21190,0
21189,0
21188,0
21187,0
21186,0
21185,0
21184,0
21183,0
21182,0
21181,0
21180,0
21179,0
21178,0
21177,0
21176,0
21175,0
21174,0
21173,0
21172,0
21171,0
21170,0
21169,0
21168,0
21167,0
21166,0
21165,0
21164,0
21163,0
21162,0
21161,0
21160,0
21159,0
21158,0
21157,0
21156,0
21155,0
21154,0
21153,0
21152,0
21151,0
21150,0
21149,0
21148,0
21147,0
21146,0
21145,0
21144,0
21143,0
21142,0
21141,0
21140,0
21139,0
21138,0
21137,0
21136,0
21135,0
21134,0
21133,0
21132,0
21131,0
21130,0
21129,0
21128,0
21127,0
21126,0
21125,0
21124,0
21123,0
21122,0
21121,0
21120,0
21119,0
21118,0
21117,0
21116,0
21115,0
21114,0
21113,0
21112,0
21111,0
21110,0
21109,0
21108,0
21107,0
21106,0
21105,0
21104,0
21103,0
21102,0
21101,0
21100,0
21099,0
21098,0
21097,0
21096,0
21095,0
21094,0
21093,0
21092,0
21091,0
21090,0
21089,0
21088,0
21087,0
21086,0
21085,0
21084,0
21083,0
21082,0
21081,0
21080,0
21079,0
21078,0
21077,0
21076,0
21075,0
21074,0
21073,0
21072,0
21071,0
21070,0
21069,0
21068,0
21067,0
21066,0
21065,0
21064,0
21063,0
21062,0
21061,0
21060,0
21059,0
21058,0
21057,0
21056,0
21055,0
21054,0
21053,0
21052,0
21051,0
21050,0
21049,0
21048,0
21047,0
21046,0
21045,0
21044,0
21043,0
21042,0
21041,0
21040,0
21039,0
21038,0
21037,0
21036,0
21035,0
21034,0
21033,0
21032,0
21031,0
21030,0
21029,0
21028,0
21027,0
21026,0
21025,0
21024,0
21023,0
21022,0
21021,0
21020,0
21019,0
21018,0
21017,0
21016,0
21015,0
21014,0
21013,0
21012,0
21011,0
21010,0
21009,0
21008,0
21007,0
21006,0
21005,0
21004,0
21003,0
21002,0
21001,0
21000,0
20999,0
20998,0
20997,0
20996,0
20995,0
20994,0
20993,0
20992,0
20991,0
20990,0
20989,0
20988,0
20987,0
20986,0
20985,0
20984,0
20983,0
20982,0
20981,0
20980,0
20979,0
20978,0
20977,0
20976,0
20975,0
20974,0
20973,0
20972,0
20971,0
20970,0
20969,0
20968,0
20967,0
20966,0
20965,0
20964,0
20963,0
20962,0
20961,0
20960,0
20959,0
20958,0
20957,0
20956,0
20955,0
20954,0
20953,0
20952,0
20951,0
20950,0
20949,0
20948,0
20947,0
20946,0
20945,0
20944,0
20943,0
20942,0
20941,0
20940,0
20939,0
20938,0
20937,0
20936,0
20935,0
20934,0
20933,0
20932,0
20931,0
20930,0
20929,0
20928,0
20927,0
20926,0
20925,0
20924,0
20923,0
20922,0
20921,0
20920,0
20919,0
20918,0
20917,0
20916,0
20915,0
20914,0
20913,0
20912,0
20911,0
20910,0
20909,0
20908,0
20907,0
20906,0
20905,0
20904,0
20903,0
20902,0
20901,0
20900,0
20899,0
20898,0
20897,0
20896,0
20895,0
20894,0
20893,0
20892,0
20891,0
20890,0
20889,0
20888,0
20887,0
20886,0
20885,0
20884,0
20883,0
20882,0
20881,0
20880,0
20879,0
20878,0
20877,0
20876,0
20875,0
20874,0
20873,0
20872,0
20871,0
20870,0
20869,0
20868,0
20867,0
20866,0
20865,0
20864,0
20863,0
20862,0
20861,0
20860,0
20859,0
20858,0
20857,0
20856,0
20855,0
20854,0
20853,0
20852,0
20851,0
20850,0
20849,0
20848,0
20847,0
20846,0
20845,0
20844,0
20843,0
20842,0
20841,0
20840,0
20839,0
20838,0
20837,0
20836,0
20835,0
20834,0
20833,0
20832,0
20831,0
20830,0
20829,0
20828,0
20827,0
20826,0
20825,0
20824,0
20823,0
20822,0
20821,0
20820,0
20819,0
20818,0
20817,0
20816,0
20815,0
20814,0
20813,0
20812,0
20811,0
20810,0
20809,0
20808,0
20807,0
20806,0
20805,0
20804,0
20803,0
20802,0
20801,0
20800,0
20799,0
20798,0
20797,0
20796,0
20795,0
20794,0
20793,0
20792,0
20791,0
20790,0
20789,0
20788,0
20787,0
20786,0
20785,0
20784,0
20783,0
20782,0
20781,0
20780,0
20779,0
20778,0
20777,0
20776,0
20775,0
20774,0
20773,0
20772,0
20771,0
20770,0
20769,0
20768,0
20767,0
20766,0
20765,0
20764,0
20763,0
20762,0
20761,0
20760,0
20759,0
20758,0
20757,0
20756,0
20755,0
20754,0
20753,0
20752,0
20751,0
20750,0
20749,0
20748,0
20747,0
20746,0
20745,0
20744,0
20743,0
20742,0
20741,0
20740,0
20739,0
20738,0
20737,0
20736,0
20735,0
20734,0
20733,0
20732,0
20731,0
20730,0
20729,0
20728,0
20727,0
20726,0
20725,0
20724,0
20723,0
20722,0
20721,0
20720,0
20719,0
20718,0
20717,0
20716,0
20715,0
20714,0
20713,0
20712,0
20711,0
20710,0
20709,0
20708,0
20707,0
20706,0
20705,0
20704,0
20703,0
20702,0
20701,0
20700,0
20699,0
20698,0
20697,0
20696,0
20695,0
20694,0
20693,0
20692,0
20691,0
20690,0
20689,0
20688,0
20687,0
20686,0
20685,0
20684,0
20683,0
20682,0
20681,0
20680,0
20679,0
20678,0
20677,0
20676,0
20675,0
20674,0
20673,0
20672,0
20671,0
20670,0
20669,0
20668,0
20667,0
20666,0
20665,0
20664,0
20663,0
20662,0
20661,0
20660,0
20659,0
20658,0
20657,0
20656,0
20655,0
20654,0
20653,0
20652,0
20651,0
20650,0
20649,0
20648,0
20647,0
20646,0
20645,0
20644,0
20643,0
20642,0
20641,0
20640,0
20639,0
20638,0
20637,0
20636,0
20635,0
20634,0
20633,0
20632,0
20631,0
20630,0
20629,0
20628,0
20627,0
20626,0
20625,0
20624,0
20623,0
20622,0
20621,0
20620,0
20619,0
20618,0
20617,0
20616,0
20615,0
20614,0
20613,0
20612,0
20611,0
20610,0
20609,0
20608,0
20607,0
20606,0
20605,0
20604,0
20603,0
20602,0
20601,0
20600,0
20599,0
20598,0
20597,0
20596,0
20595,0
20594,0
20593,0
20592,0
20591,0
20590,0
20589,0
20588,0
20587,0
20586,0
20585,0
20584,0
20583,0
20582,0
20581,0
20580,0
20579,0
20578,0
20577,0
20576,0
20575,0
20574,0
20573,0
20572,0
20571,0
20570,0
20569,0
20568,0
20567,0
20566,0
20565,0
20564,0
20563,0
20562,0
20561,0
20560,0
20559,0
20558,0
20557,0
20556,0
20555,0
20554,0
20553,0
20552,0
20551,0
20550,0
20549,0
20548,0
20547,0
20546,0
20545,0
20544,0
20543,0
20542,0
20541,0
20540,0
20539,0
20538,0
20537,0
20536,0
20535,0
20534,0
20533,0
20532,0
20531,0
20530,0
20529,0
20528,0
20527,0
20526,0
20525,0
20524,0
20523,0
20522,0
20521,0
20520,0
20519,0
20518,0
20517,0
20516,0
20515,0
20514,0
20513,0
20512,0
20511,0
20510,0
20509,0
20508,0
20507,0
20506,0
20505,0
20504,0
20503,0
20502,0
20501,0
20500,0
20499,0
20498,0
20497,0
20496,0
20495,0
20494,0
20493,0
20492,0
20491,0
20490,0
20489,0
20488,0
20487,0
20486,0
20485,0
20484,0
20483,0
20482,0
20481,0
20480,0
20479,0
20478,0
20477,0
20476,0
20475,0
20474,0
20473,0
20472,0
20471,0
20470,0
20469,0
20468,0
20467,0
20466,0
20465,0
20464,0
20463,0
20462,0
20461,0
20460,0
20459,0
20458,0
20457,0
20456,0
20455,0
20454,0
20453,0
20452,0
20451,0
20450,0
20449,0
20448,0
20447,0
20446,0
20445,0
20444,0
20443,0
20442,0
20441,0
20440,0
20439,0
20438,0
20437,0
20436,0
20435,0
20434,0
20433,0
20432,0
20431,0
20430,0
20429,0
20428,0
20427,0
20426,0
20425,0
20424,0
20423,0
20422,0
20421,0
20420,0
20419,0
20418,0
20417,0
20416,0
20415,0
20414,0
20413,0
20412,0
20411,0
20410,0
20409,0
20408,0
20407,0
20406,0
20405,0
20404,0
20403,0
20402,0
20401,0
20400,0
20399,0
20398,0
20397,0
20396,0
20395,0
20394,0
20393,0
20392,0
20391,0
20390,0
20389,0
20388,0
20387,0
20386,0
20385,0
20384,0
20383,0
20382,0
20381,0
20380,0
20379,0
20378,0
20377,0
20376,0
20375,0
20374,0
20373,0
20372,0
20371,0
20370,0
20369,0
20368,0
20367,0
20366,0
20365,0
20364,0
20363,0
20362,0
20361,0
20360,0
20359,0
20358,0
20357,0
20356,0
20355,0
20354,0
20353,0
20352,0
20351,0
20350,0
20349,0
20348,0
20347,0
20346,0
20345,0
20344,0
20343,0
20342,0
20341,0
20340,0
20339,0
20338,0
20337,0
20336,0
20335,0
20334,0
20333,0
20332,0
20331,0
20330,0
20329,0
20328,0
20327,0
20326,0
20325,0
20324,0
20323,0
20322,0
20321,0
20320,0
20319,0
20318,0
20317,0
20316,0
20315,0
20314,0
20313,0
20312,0
20311,0
20310,0
20309,0
20308,0
20307,0
20306,0
20305,0
20304,0
20303,0
20302,0
20301,0
20300,0
20299,0
20298,0
20297,0
20296,0
20295,0
20294,0
20293,0
20292,0
20291,0
20290,0
20289,0
20288,0
20287,0
20286,0
20285,0
20284,0
20283,0
20282,0
20281,0
20280,0
20279,0
20278,0
20277,0
20276,0
20275,0
20274,0
20273,0
20272,0
20271,0
20270,0
20269,0
20268,0
20267,0
20266,0
20265,0
20264,0
20263,0
20262,0
20261,0
20260,0
20259,0
20258,0
20257,0
20256,0
20255,0
20254,0
20253,0
20252,0
20251,0
20250,0
20249,0
20248,0
20247,0
20246,0
20245,0
20244,0
20243,0
20242,0
20241,0
20240,0
20239,0
20238,0
20237,0
20236,0
20235,0
20234,0
20233,0
20232,0
20231,0
20230,0
20229,0
20228,0
20227,0
20226,0
20225,0
20224,0
20223,0
20222,0
20221,0
20220,0
20219,0
20218,0
20217,0
20216,0
20215,0
20214,0
20213,0
20212,0
20211,0
20210,0
20209,0
20208,0
20207,0
20206,0
20205,0
20204,0
20203,0
20202,0
20201,0
20200,0
20199,0
20198,0
20197,0
20196,0
20195,0
20194,0
20193,0
20192,0
20191,0
20190,0
20189,0
20188,0
20187,0
20186,0
20185,0
20184,0
20183,0
20182,0
20181,0
20180,0
20179,0
20178,0
20177,0
20176,0
20175,0
20174,0
20173,0
20172,0
20171,0
20170,0
20169,0
20168,0
20167,0
20166,0
20165,0
20164,0
20163,0
20162,0
20161,0
20160,0
20159,0
20158,0
20157,0
20156,0
20155,0
20154,0
20153,0
20152,0
20151,0
20150,0
20149,0
20148,0
20147,0
20146,0
20145,0
20144,0
20143,0
20142,0
20141,0
20140,0
20139,0
20138,0
20137,0
20136,0
20135,0
20134,0
20133,0
20132,0
20131,0
20130,0
20129,0
20128,0
20127,0
20126,0
20125,0
20124,0
20123,0
20122,0
20121,0
20120,0
20119,0
20118,0
20117,0
20116,0
20115,0
20114,0
20113,0
20112,0
20111,0
20110,0
20109,0
20108,0
20107,0
20106,0
20105,0
20104,0
20103,0
20102,0
20101,0
20100,0
20099,0
20098,0
20097,0
20096,0
20095,0
20094,0
20093,0
20092,0
20091,0
20090,0
20089,0
20088,0
20087,0
20086,0
20085,0
20084,0
20083,0
20082,0
20081,0
20080,0
20079,0
20078,0
20077,0
20076,0
20075,0
20074,0
20073,0
20072,0
20071,0
20070,0
20069,0
20068,0
20067,0
20066,0
20065,0
20064,0
20063,0
20062,0
20061,0
20060,0
20059,0
20058,0
20057,0
20056,0
20055,0
20054,0
20053,0
20052,0
20051,0
20050,0
20049,0
20048,0
20047,0
20046,0
20045,0
20044,0
20043,0
20042,0
20041,0
20040,0
20039,0
20038,0
20037,0
20036,0
20035,0
20034,0
20033,0
20032,0
20031,0
20030,0
20029,0
20028,0
20027,0
20026,0
20025,0
20024,0
20023,0
20022,0
20021,0
20020,0
20019,0
20018,0
20017,0
20016,0
20015,0
20014,0
20013,0
20012,0
20011,0
20010,0
20009,0
20008,0
20007,0
20006,0
20005,0
20004,0
20003,0
20002,0
20001,0
20000,0
19999,0
19998,0
19997,0
19996,0
19995,0
19994,0
19993,0
19992,0
19991,0
19990,0
19989,0
19988,0
19987,0
19986,0
19985,0
19984,0
19983,0
19982,0
19981,0
19980,0
19979,0
19978,0
19977,0
19976,0
19975,0
19974,0
19973,0
19972,0
19971,0
19970,0
19969,0
19968,0
19967,0
19966,0
19965,0
19964,0
19963,0
19962,0
19961,0
19960,0
19959,0
19958,0
19957,0
19956,0
19955,0
19954,0
19953,0
19952,0
19951,0
19950,0
19949,0
19948,0
19947,0
19946,0
19945,0
19944,0
19943,0
19942,0
19941,0
19940,0
19939,0
19938,0
19937,0
19936,0
19935,0
19934,0
19933,0
19932,0
19931,0
19930,0
19929,0
19928,0
19927,0
19926,0
19925,0
19924,0
19923,0
19922,0
19921,0
19920,0
19919,0
19918,0
19917,0
19916,0
19915,0
19914,0
19913,0
19912,0
19911,0
19910,0
19909,0
19908,0
19907,0
19906,0
19905,0
19904,0
19903,0
19902,0
19901,0
19900,0
19899,0
19898,0
19897,0
19896,0
19895,0
19894,0
19893,0
19892,0
19891,0
19890,0
19889,0
19888,0
19887,0
19886,0
19885,0
19884,0
19883,0
19882,0
19881,0
19880,0
19879,0
19878,0
19877,0
19876,0
19875,0
19874,0
19873,0
19872,0
19871,0
19870,0
19869,0
19868,0
19867,0
19866,0
19865,0
19864,0
19863,0
19862,0
19861,0
19860,0
19859,0
19858,0
19857,0
19856,0
19855,0
19854,0
19853,0
19852,0
19851,0
19850,0
19849,0
19848,0
19847,0
19846,0
19845,0
19844,0
19843,0
19842,0
19841,0
19840,0
19839,0
19838,0
19837,0
19836,0
19835,0
19834,0
19833,0
19832,0
19831,0
19830,0
19829,0
19828,0
19827,0
19826,0
19825,0
19824,0
19823,0
19822,0
19821,0
19820,0
19819,0
19818,0
19817,0
19816,0
19815,0
19814,0
19813,0
19812,0
19811,0
19810,0
19809,0
19808,0
19807,0
19806,0
19805,0
19804,0
19803,0
19802,0
19801,0
19800,0
19799,0
19798,0
19797,0
19796,0
19795,0
19794,0
19793,0
19792,0
19791,0
19790,0
19789,0
19788,0
19787,0
19786,0
19785,0
19784,0
19783,0
19782,0
19781,0
19780,0
19779,0
19778,0
19777,0
19776,0
19775,0
19774,0
19773,0
19772,0
19771,0
19770,0
19769,0
19768,0
19767,0
19766,0
19765,0
19764,0
19763,0
19762,0
19761,0
19760,0
19759,0
19758,0
19757,0
19756,0
19755,0
19754,0
19753,0
19752,0
19751,0
19750,0
19749,0
19748,0
19747,0
19746,0
19745,0
19744,0
19743,0
19742,0
19741,0
19740,0
19739,0
19738,0
19737,0
19736,0
19735,0
19734,0
19733,0
19732,0
19731,0
19730,0
19729,0
19728,0
19727,0
19726,0
19725,0
19724,0
19723,0
19722,0
19721,0
19720,0
19719,0
19718,0
19717,0
19716,0
19715,0
19714,0
19713,0
19712,0
19711,0
19710,0
19709,0
19708,0
19707,0
19706,0
19705,0
19704,0
19703,0
19702,0
19701,0
19700,0
19699,0
19698,0
19697,0
19696,0
19695,0
19694,0
19693,0
19692,0
19691,0
19690,0
19689,0
19688,0
19687,0
19686,0
19685,0
19684,0
19683,0
19682,0
19681,0
19680,0
19679,0
19678,0
19677,0
19676,0
19675,0
19674,0
19673,0
19672,0
19671,0
19670,0
19669,0
19668,0
19667,0
19666,0
19665,0
19664,0
19663,0
19662,0
19661,0
19660,0
19659,0
19658,0
19657,0
19656,0
19655,0
19654,0
19653,0
19652,0
19651,0
19650,0
19649,0
19648,0
19647,0
19646,0
19645,0
19644,0
19643,0
19642,0
19641,0
19640,0
19639,0
19638,0
19637,0
19636,0
19635,0
19634,0
19633,0
19632,0
19631,0
19630,0
19629,0
19628,0
19627,0
19626,0
19625,0
19624,0
19623,0
19622,0
19621,0
19620,0
19619,0
19618,0
19617,0
19616,0
19615,0
19614,0
19613,0
19612,0
19611,0
19610,0
19609,0
19608,0
19607,0
19606,0
19605,0
19604,0
19603,0
19602,0
19601,0
19600,0
19599,0
19598,0
19597,0
19596,0
19595,0
19594,0
19593,0
19592,0
19591,0
19590,0
19589,0
19588,0
19587,0
19586,0
19585,0
19584,0
19583,0
19582,0
19581,0
19580,0
19579,0
19578,0
19577,0
19576,0
19575,0
19574,0
19573,0
19572,0
19571,0
19570,0
19569,0
19568,0
19567,0
19566,0
19565,0
19564,0
19563,0
19562,0
19561,0
19560,0
19559,0
19558,0
19557,0
19556,0
19555,0
19554,0
19553,0
19552,0
19551,0
19550,0
19549,0
19548,0
19547,0
19546,0
19545,0
19544,0
19543,0
19542,0
19541,0
19540,0
19539,0
19538,0
19537,0
19536,0
19535,0
19534,0
19533,0
19532,0
19531,0
19530,0
19529,0
19528,0
19527,0
19526,0
19525,0
19524,0
19523,0
19522,0
19521,0
19520,0
19519,0
19518,0
19517,0
19516,0
19515,0
19514,0
19513,0
19512,0
19511,0
19510,0
19509,0
19508,0
19507,0
19506,0
19505,0
19504,0
19503,0
19502,0
19501,0
19500,0
19499,0
19498,0
19497,0
19496,0
19495,0
19494,0
19493,0
19492,0
19491,0
19490,0
19489,0
19488,0
19487,0
19486,0
19485,0
19484,0
19483,0
19482,0
19481,0
19480,0
19479,0
19478,0
19477,0
19476,0
19475,0
19474,0
19473,0
19472,0
19471,0
19470,0
19469,0
19468,0
19467,0
19466,0
19465,0
19464,0
19463,0
19462,0
19461,0
19460,0
19459,0
19458,0
19457,0
19456,0
19455,0
19454,0
19453,0
19452,0
19451,0
19450,0
19449,0
19448,0
19447,0
19446,0
19445,0
19444,0
19443,0
19442,0
19441,0
19440,0
19439,0
19438,0
19437,0
19436,0
19435,0
19434,0
19433,0
19432,0
19431,0
19430,0
19429,0
19428,0
19427,0
19426,0
19425,0
19424,0
19423,0
19422,0
19421,0
19420,0
19419,0
19418,0
19417,0
19416,0
19415,0
19414,0
19413,0
19412,0
19411,0
19410,0
19409,0
19408,0
19407,0
19406,0
19405,0
19404,0
19403,0
19402,0
19401,0
19400,0
19399,0
19398,0
19397,0
19396,0
19395,0
19394,0
19393,0
19392,0
19391,0
19390,0
19389,0
19388,0
19387,0
19386,0
19385,0
19384,0
19383,0
19382,0
19381,0
19380,0
19379,0
19378,0
19377,0
19376,0
19375,0
19374,0
19373,0
19372,0
19371,0
19370,0
19369,0
19368,0
19367,0
19366,0
19365,0
19364,0
19363,0
19362,0
19361,0
19360,0
19359,0
19358,0
19357,0
19356,0
19355,0
19354,0
19353,0
19352,0
19351,0
19350,0
19349,0
19348,0
19347,0
19346,0
19345,0
19344,0
19343,0
19342,0
19341,0
19340,0
19339,0
19338,0
19337,0
19336,0
19335,0
19334,0
19333,0
19332,0
19331,0
19330,0
19329,0
19328,0
19327,0
19326,0
19325,0
19324,0
19323,0
19322,0
19321,0
19320,0
19319,0
19318,0
19317,0
19316,0
19315,0
19314,0
19313,0
19312,0
19311,0
19310,0
19309,0
19308,0
19307,0
19306,0
19305,0
19304,0
19303,0
19302,0
19301,0
19300,0
19299,0
19298,0
19297,0
19296,0
19295,0
19294,0
19293,0
19292,0
19291,0
19290,0
19289,0
19288,0
19287,0
19286,0
19285,0
19284,0
19283,0
19282,0
19281,0
19280,0
19279,0
19278,0
19277,0
19276,0
19275,0
19274,0
19273,0
19272,0
19271,0
19270,0
19269,0
19268,0
19267,0
19266,0
19265,0
19264,0
19263,0
19262,0
19261,0
19260,0
19259,0
19258,0
19257,0
19256,0
19255,0
19254,0
19253,0
19252,0
19251,0
19250,0
19249,0
19248,0
19247,0
19246,0
19245,0
19244,0
19243,0
19242,0
19241,0
19240,0
19239,0
19238,0
19237,0
19236,0
19235,0
19234,0
19233,0
19232,0
19231,0
19230,0
19229,0
19228,0
19227,0
19226,0
19225,0
19224,0
19223,0
19222,0
19221,0
19220,0
19219,0
19218,0
19217,0
19216,0
19215,0
19214,0
19213,0
19212,0
19211,0
19210,0
19209,0
19208,0
19207,0
19206,0
19205,0
19204,0
19203,0
19202,0
19201,0
19200,0
19199,0
19198,0
19197,0
19196,0
19195,0
19194,0
19193,0
19192,0
19191,0
19190,0
19189,0
19188,0
19187,0
19186,0
19185,0
19184,0
19183,0
19182,0
19181,0
19180,0
19179,0
19178,0
19177,0
19176,0
19175,0
19174,0
19173,0
19172,0
19171,0
19170,0
19169,0
19168,0
19167,0
19166,0
19165,0
19164,0
19163,0
19162,0
19161,0
19160,0
19159,0
19158,0
19157,0
19156,0
19155,0
19154,0
19153,0
19152,0
19151,0
19150,0
19149,0
19148,0
19147,0
19146,0
19145,0
19144,0
19143,0
19142,0
19141,0
19140,0
19139,0
19138,0
19137,0
19136,0
19135,0
19134,0
19133,0
19132,0
19131,0
19130,0
19129,0
19128,0
19127,0
19126,0
19125,0
19124,0
19123,0
19122,0
19121,0
19120,0
19119,0
19118,0
19117,0
19116,0
19115,0
19114,0
19113,0
19112,0
19111,0
19110,0
19109,0
19108,0
19107,0
19106,0
19105,0
19104,0
19103,0
19102,0
19101,0
19100,0
19099,0
19098,0
19097,0
19096,0
19095,0
19094,0
19093,0
19092,0
19091,0
19090,0
19089,0
19088,0
19087,0
19086,0
19085,0
19084,0
19083,0
19082,0
19081,0
19080,0
19079,0
19078,0
19077,0
19076,0
19075,0
19074,0
19073,0
19072,0
19071,0
19070,0
19069,0
19068,0
19067,0
19066,0
19065,0
19064,0
19063,0
19062,0
19061,0
19060,0
19059,0
19058,0
19057,0
19056,0
19055,0
19054,0
19053,0
19052,0
19051,0
19050,0
19049,0
19048,0
19047,0
19046,0
19045,0
19044,0
19043,0
19042,0
19041,0
19040,0
19039,0
19038,0
19037,0
19036,0
19035,0
19034,0
19033,0
19032,0
19031,0
19030,0
19029,0
19028,0
19027,0
19026,0
19025,0
19024,0
19023,0
19022,0
19021,0
19020,0
19019,0
19018,0
19017,0
19016,0
19015,0
19014,0
19013,0
19012,0
19011,0
19010,0
19009,0
19008,0
19007,0
19006,0
19005,0
19004,0
19003,0
19002,0
19001,0
19000,0
18999,0
18998,0
18997,0
18996,0
18995,0
18994,0
18993,0
18992,0
18991,0
18990,0
18989,0
18988,0
18987,0
18986,0
18985,0
18984,0
18983,0
18982,0
18981,0
18980,0
18979,0
18978,0
18977,0
18976,0
18975,0
18974,0
18973,0
18972,0
18971,0
18970,0
18969,0
18968,0
18967,0
18966,0
18965,0
18964,0
18963,0
18962,0
18961,0
18960,0
18959,0
18958,0
18957,0
18956,0
18955,0
18954,0
18953,0
18952,0
18951,0
18950,0
18949,0
18948,0
18947,0
18946,0
18945,0
18944,0
18943,0
18942,0
18941,0
18940,0
18939,0
18938,0
18937,0
18936,0
18935,0
18934,0
18933,0
18932,0
18931,0
18930,0
18929,0
18928,0
18927,0
18926,0
18925,0
18924,0
18923,0
18922,0
18921,0
18920,0
18919,0
18918,0
18917,0
18916,0
18915,0
18914,0
18913,0
18912,0
18911,0
18910,0
18909,0
18908,0
18907,0
18906,0
18905,0
18904,0
18903,0
18902,0
18901,0
18900,0
18899,0
18898,0
18897,0
18896,0
18895,0
18894,0
18893,0
18892,0
18891,0
18890,0
18889,0
18888,0
18887,0
18886,0
18885,0
18884,0
18883,0
18882,0
18881,0
18880,0
18879,0
18878,0
18877,0
18876,0
18875,0
18874,0
18873,0
18872,0
18871,0
18870,0
18869,0
18868,0
18867,0
18866,0
18865,0
18864,0
18863,0
18862,0
18861,0
18860,0
18859,0
18858,0
18857,0
18856,0
18855,0
18854,0
18853,0
18852,0
18851,0
18850,0
18849,0
18848,0
18847,0
18846,0
18845,0
18844,0
18843,0
18842,0
18841,0
18840,0
18839,0
18838,0
18837,0
18836,0
18835,0
18834,0
18833,0
18832,0
18831,0
18830,0
18829,0
18828,0
18827,0
18826,0
18825,0
18824,0
18823,0
18822,0
18821,0
18820,0
18819,0
18818,0
18817,0
18816,0
18815,0
18814,0
18813,0
18812,0
18811,0
18810,0
18809,0
18808,0
18807,0
18806,0
18805,0
18804,0
18803,0
18802,0
18801,0
18800,0
18799,0
18798,0
18797,0
18796,0
18795,0
18794,0
18793,0
18792,0
18791,0
18790,0
18789,0
18788,0
18787,0
18786,0
18785,0
18784,0
18783,0
18782,0
18781,0
18780,0
18779,0
18778,0
18777,0
18776,0
18775,0
18774,0
18773,0
18772,0
18771,0
18770,0
18769,0
18768,0
18767,0
18766,0
18765,0
18764,0
18763,0
18762,0
18761,0
18760,0
18759,0
18758,0
18757,0
18756,0
18755,0
18754,0
18753,0
18752,0
18751,0
18750,0
18749,0
18748,0
18747,0
18746,0
18745,0
18744,0
18743,0
18742,0
18741,0
18740,0
18739,0
18738,0
18737,0
18736,0
18735,0
18734,0
18733,0
18732,0
18731,0
18730,0
18729,0
18728,0
18727,0
18726,0
18725,0
18724,0
18723,0
18722,0
18721,0
18720,0
18719,0
18718,0
18717,0
18716,0
18715,0
18714,0
18713,0
18712,0
18711,0
18710,0
18709,0
18708,0
18707,0
18706,0
18705,0
18704,0
18703,0
18702,0
18701,0
18700,0
18699,0
18698,0
18697,0
18696,0
18695,0
18694,0
18693,0
18692,0
18691,0
18690,0
18689,0
18688,0
18687,0
18686,0
18685,0
18684,0
18683,0
18682,0
18681,0
18680,0
18679,0
18678,0
18677,0
18676,0
18675,0
18674,0
18673,0
18672,0
18671,0
18670,0
18669,0
18668,0
18667,0
18666,0
18665,0
18664,0
18663,0
18662,0
18661,0
18660,0
18659,0
18658,0
18657,0
18656,0
18655,0
18654,0
18653,0
18652,0
18651,0
18650,0
18649,0
18648,0
18647,0
18646,0
18645,0
18644,0
18643,0
18642,0
18641,0
18640,0
18639,0
18638,0
18637,0
18636,0
18635,0
18634,0
18633,0
18632,0
18631,0
18630,0
18629,0
18628,0
18627,0
18626,0
18625,0
18624,0
18623,0
18622,0
18621,0
18620,0
18619,0
18618,0
18617,0
18616,0
18615,0
18614,0
18613,0
18612,0
18611,0
18610,0
18609,0
18608,0
18607,0
18606,0
18605,0
18604,0
18603,0
18602,0
18601,0
18600,0
18599,0
18598,0
18597,0
18596,0
18595,0
18594,0
18593,0
18592,0
18591,0
18590,0
18589,0
18588,0
18587,0
18586,0
18585,0
18584,0
18583,0
18582,0
18581,0
18580,0
18579,0
18578,0
18577,0
18576,0
18575,0
18574,0
18573,0
18572,0
18571,0
18570,0
18569,0
18568,0
18567,0
18566,0
18565,0
18564,0
18563,0
18562,0
18561,0
18560,0
18559,0
18558,0
18557,0
18556,0
18555,0
18554,0
18553,0
18552,0
18551,0
18550,0
18549,0
18548,0
18547,0
18546,0
18545,0
18544,0
18543,0
18542,0
18541,0
18540,0
18539,0
18538,0
18537,0
18536,0
18535,0
18534,0
18533,0
18532,0
18531,0
18530,0
18529,0
18528,0
18527,0
18526,0
18525,0
18524,0
18523,0
18522,0
18521,0
18520,0
18519,0
18518,0
18517,0
18516,0
18515,0
18514,0
18513,0
18512,0
18511,0
18510,0
18509,0
18508,0
18507,0
18506,0
18505,0
18504,0
18503,0
18502,0
18501,0
18500,0
18499,0
18498,0
18497,0
18496,0
18495,0
18494,0
18493,0
18492,0
18491,0
18490,0
18489,0
18488,0
18487,0
18486,0
18485,0
18484,0
18483,0
18482,0
18481,0
18480,0
18479,0
18478,0
18477,0
18476,0
18475,0
18474,0
18473,0
18472,0
18471,0
18470,0
18469,0
18468,0
18467,0
18466,0
18465,0
18464,0
18463,0
18462,0
18461,0
18460,0
18459,0
18458,0
18457,0
18456,0
18455,0
18454,0
18453,0
18452,0
18451,0
18450,0
18449,0
18448,0
18447,0
18446,0
18445,0
18444,0
18443,0
18442,0
18441,0
18440,0
18439,0
18438,0
18437,0
18436,0
18435,0
18434,0
18433,0
18432,0
18431,0
18430,0
18429,0
18428,0
18427,0
18426,0
18425,0
18424,0
18423,0
18422,0
18421,0
18420,0
18419,0
18418,0
18417,0
18416,0
18415,0
18414,0
18413,0
18412,0
18411,0
18410,0
18409,0
18408,0
18407,0
18406,0
18405,0
18404,0
18403,0
18402,0
18401,0
18400,0
18399,0
18398,0
18397,0
18396,0
18395,0
18394,0
18393,0
18392,0
18391,0
18390,0
18389,0
18388,0
18387,0
18386,0
18385,0
18384,0
18383,0
18382,0
18381,0
18380,0
18379,0
18378,0
18377,0
18376,0
18375,0
18374,0
18373,0
18372,0
18371,0
18370,0
18369,0
18368,0
18367,0
18366,0
18365,0
18364,0
18363,0
18362,0
18361,0
18360,0
18359,0
18358,0
18357,0
18356,0
18355,0
18354,0
18353,0
18352,0
18351,0
18350,0
18349,0
18348,0
18347,0
18346,0
18345,0
18344,0
18343,0
18342,0
18341,0
18340,0
18339,0
18338,0
18337,0
18336,0
18335,0
18334,0
18333,0
18332,0
18331,0
18330,0
18329,0
18328,0
18327,0
18326,0
18325,0
18324,0
18323,0
18322,0
18321,0
18320,0
18319,0
18318,0
18317,0
18316,0
18315,0
18314,0
18313,0
18312,0
18311,0
18310,0
18309,0
18308,0
18307,0
18306,0
18305,0
18304,0
18303,0
18302,0
18301,0
18300,0
18299,0
18298,0
18297,0
18296,0
18295,0
18294,0
18293,0
18292,0
18291,0
18290,0
18289,0
18288,0
18287,0
18286,0
18285,0
18284,0
18283,0
18282,0
18281,0
18280,0
18279,0
18278,0
18277,0
18276,0
18275,0
18274,0
18273,0
18272,0
18271,0
18270,0
18269,0
18268,0
18267,0
18266,0
18265,0
18264,0
18263,0
18262,0
18261,0
18260,0
18259,0
18258,0
18257,0
18256,0
18255,0
18254,0
18253,0
18252,0
18251,0
18250,0
18249,0
18248,0
18247,0
18246,0
18245,0
18244,0
18243,0
18242,0
18241,0
18240,0
18239,0
18238,0
18237,0
18236,0
18235,0
18234,0
18233,0
18232,0
18231,0
18230,0
18229,0
18228,0
18227,0
18226,0
18225,0
18224,0
18223,0
18222,0
18221,0
18220,0
18219,0
18218,0
18217,0
18216,0
18215,0
18214,0
18213,0
18212,0
18211,0
18210,0
18209,0
18208,0
18207,0
18206,0
18205,0
18204,0
18203,0
18202,0
18201,0
18200,0
18199,0
18198,0
18197,0
18196,0
18195,0
18194,0
18193,0
18192,0
18191,0
18190,0
18189,0
18188,0
18187,0
18186,0
18185,0
18184,0
18183,0
18182,0
18181,0
18180,0
18179,0
18178,0
18177,0
18176,0
18175,0
18174,0
18173,0
18172,0
18171,0
18170,0
18169,0
18168,0
18167,0
18166,0
18165,0
18164,0
18163,0
18162,0
18161,0
18160,0
18159,0
18158,0
18157,0
18156,0
18155,0
18154,0
18153,0
18152,0
18151,0
18150,0
18149,0
18148,0
18147,0
18146,0
18145,0
18144,0
18143,0
18142,0
18141,0
18140,0
18139,0
18138,0
18137,0
18136,0
18135,0
18134,0
18133,0
18132,0
18131,0
18130,0
18129,0
18128,0
18127,0
18126,0
18125,0
18124,0
18123,0
18122,0
18121,0
18120,0
18119,0
18118,0
18117,0
18116,0
18115,0
18114,0
18113,0
18112,0
18111,0
18110,0
18109,0
18108,0
18107,0
18106,0
18105,0
18104,0
18103,0
18102,0
18101,0
18100,0
18099,0
18098,0
18097,0
18096,0
18095,0
18094,0
18093,0
18092,0
18091,0
18090,0
18089,0
18088,0
18087,0
18086,0
18085,0
18084,0
18083,0
18082,0
18081,0
18080,0
18079,0
18078,0
18077,0
18076,0
18075,0
18074,0
18073,0
18072,0
18071,0
18070,0
18069,0
18068,0
18067,0
18066,0
18065,0
18064,0
18063,0
18062,0
18061,0
18060,0
18059,0
18058,0
18057,0
18056,0
18055,0
18054,0
18053,0
18052,0
18051,0
18050,0
18049,0
18048,0
18047,0
18046,0
18045,0
18044,0
18043,0
18042,0
18041,0
18040,0
18039,0
18038,0
18037,0
18036,0
18035,0
18034,0
18033,0
18032,0
18031,0
18030,0
18029,0
18028,0
18027,0
18026,0
18025,0
18024,0
18023,0
18022,0
18021,0
18020,0
18019,0
18018,0
18017,0
18016,0
18015,0
18014,0
18013,0
18012,0
18011,0
18010,0
18009,0
18008,0
18007,0
18006,0
18005,0
18004,0
18003,0
18002,0
18001,0
18000,0
17999,0
17998,0
17997,0
17996,0
17995,0
17994,0
17993,0
17992,0
17991,0
17990,0
17989,0
17988,0
17987,0
17986,0
17985,0
17984,0
17983,0
17982,0
17981,0
17980,0
17979,0
17978,0
17977,0
17976,0
17975,0
17974,0
17973,0
17972,0
17971,0
17970,0
17969,0
17968,0
17967,0
17966,0
17965,0
17964,0
17963,0
17962,0
17961,0
17960,0
17959,0
17958,0
17957,0
17956,0
17955,0
17954,0
17953,0
17952,0
17951,0
17950,0
17949,0
17948,0
17947,0
17946,0
17945,0
17944,0
17943,0
17942,0
17941,0
17940,0
17939,0
17938,0
17937,0
17936,0
17935,0
17934,0
17933,0
17932,0
17931,0
17930,0
17929,0
17928,0
17927,0
17926,0
17925,0
17924,0
17923,0
17922,0
17921,0
17920,0
17919,0
17918,0
17917,0
17916,0
17915,0
17914,0
17913,0
17912,0
17911,0
17910,0
17909,0
17908,0
17907,0
17906,0
17905,0
17904,0
17903,0
17902,0
17901,0
17900,0
17899,0
17898,0
17897,0
17896,0
17895,0
17894,0
17893,0
17892,0
17891,0
17890,0
17889,0
17888,0
17887,0
17886,0
17885,0
17884,0
17883,0
17882,0
17881,0
17880,0
17879,0
17878,0
17877,0
17876,0
17875,0
17874,0
17873,0
17872,0
17871,0
17870,0
17869,0
17868,0
17867,0
17866,0
17865,0
17864,0
17863,0
17862,0
17861,0
17860,0
17859,0
17858,0
17857,0
17856,0
17855,0
17854,0
17853,0
17852,0
17851,0
17850,0
17849,0
17848,0
17847,0
17846,0
17845,0
17844,0
17843,0
17842,0
17841,0
17840,0
17839,0
17838,0
17837,0
17836,0
17835,0
17834,0
17833,0
17832,0
17831,0
17830,0
17829,0
17828,0
17827,0
17826,0
17825,0
17824,0
17823,0
17822,0
17821,0
17820,0
17819,0
17818,0
17817,0
17816,0
17815,0
17814,0
17813,0
17812,0
17811,0
17810,0
17809,0
17808,0
17807,0
17806,0
17805,0
17804,0
17803,0
17802,0
17801,0
17800,0
17799,0
17798,0
17797,0
17796,0
17795,0
17794,0
17793,0
17792,0
17791,0
17790,0
17789,0
17788,0
17787,0
17786,0
17785,0
17784,0
17783,0
17782,0
17781,0
17780,0
17779,0
17778,0
17777,0
17776,0
17775,0
17774,0
17773,0
17772,0
17771,0
17770,0
17769,0
17768,0
17767,0
17766,0
17765,0
17764,0
17763,0
17762,0
17761,0
17760,0
17759,0
17758,0
17757,0
17756,0
17755,0
17754,0
17753,0
17752,0
17751,0
17750,0
17749,0
17748,0
17747,0
17746,0
17745,0
17744,0
17743,0
17742,0
17741,0
17740,0
17739,0
17738,0
17737,0
17736,0
17735,0
17734,0
17733,0
17732,0
17731,0
17730,0
17729,0
17728,0
17727,0
17726,0
17725,0
17724,0
17723,0
17722,0
17721,0
17720,0
17719,0
17718,0
17717,0
17716,0
17715,0
17714,0
17713,0
17712,0
17711,0
17710,0
17709,0
17708,0
17707,0
17706,0
17705,0
17704,0
17703,0
17702,0
17701,0
17700,0
17699,0
17698,0
17697,0
17696,0
17695,0
17694,0
17693,0
17692,0
17691,0
17690,0
17689,0
17688,0
17687,0
17686,0
17685,0
17684,0
17683,0
17682,0
17681,0
17680,0
17679,0
17678,0
17677,0
17676,0
17675,0
17674,0
17673,0
17672,0
17671,0
17670,0
17669,0
17668,0
17667,0
17666,0
17665,0
17664,0
17663,0
17662,0
17661,0
17660,0
17659,0
17658,0
17657,0
17656,0
17655,0
17654,0
17653,0
17652,0
17651,0
17650,0
17649,0
17648,0
17647,0
17646,0
17645,0
17644,0
17643,0
17642,0
17641,0
17640,0
17639,0
17638,0
17637,0
17636,0
17635,0
17634,0
17633,0
17632,0
17631,0
17630,0
17629,0
17628,0
17627,0
17626,0
17625,0
17624,0
17623,0
17622,0
17621,0
17620,0
17619,0
17618,0
17617,0
17616,0
17615,0
17614,0
17613,0
17612,0
17611,0
17610,0
17609,0
17608,0
17607,0
17606,0
17605,0
17604,0
17603,0
17602,0
17601,0
17600,0
17599,0
17598,0
17597,0
17596,0
17595,0
17594,0
17593,0
17592,0
17591,0
17590,0
17589,0
17588,0
17587,0
17586,0
17585,0
17584,0
17583,0
17582,0
17581,0
17580,0
17579,0
17578,0
17577,0
17576,0
17575,0
17574,0
17573,0
17572,0
17571,0
17570,0
17569,0
17568,0
17567,0
17566,0
17565,0
17564,0
17563,0
17562,0
17561,0
17560,0
17559,0
17558,0
17557,0
17556,0
17555,0
17554,0
17553,0
17552,0
17551,0
17550,0
17549,0
17548,0
17547,0
17546,0
17545,0
17544,0
17543,0
17542,0
17541,0
17540,0
17539,0
17538,0
17537,0
17536,0
17535,0
17534,0
17533,0
17532,0
17531,0
17530,0
17529,0
17528,0
17527,0
17526,0
17525,0
17524,0
17523,0
17522,0
17521,0
17520,0
17519,0
17518,0
17517,0
17516,0
17515,0
17514,0
17513,0
17512,0
17511,0
17510,0
17509,0
17508,0
17507,0
17506,0
17505,0
17504,0
17503,0
17502,0
17501,0
17500,0
17499,0
17498,0
17497,0
17496,0
17495,0
17494,0
17493,0
17492,0
17491,0
17490,0
17489,0
17488,0
17487,0
17486,0
17485,0
17484,0
17483,0
17482,0
17481,0
17480,0
17479,0
17478,0
17477,0
17476,0
17475,0
17474,0
17473,0
17472,0
17471,0
17470,0
17469,0
17468,0
17467,0
17466,0
17465,0
17464,0
17463,0
17462,0
17461,0
17460,0
17459,0
17458,0
17457,0
17456,0
17455,0
17454,0
17453,0
17452,0
17451,0
17450,0
17449,0
17448,0
17447,0
17446,0
17445,0
17444,0
17443,0
17442,0
17441,0
17440,0
17439,0
17438,0
17437,0
17436,0
17435,0
17434,0
17433,0
17432,0
17431,0
17430,0
17429,0
17428,0
17427,0
17426,0
17425,0
17424,0
17423,0
17422,0
17421,0
17420,0
17419,0
17418,0
17417,0
17416,0
17415,0
17414,0
17413,0
17412,0
17411,0
17410,0
17409,0
17408,0
17407,0
17406,0
17405,0
17404,0
17403,0
17402,0
17401,0
17400,0
17399,0
17398,0
17397,0
17396,0
17395,0
17394,0
17393,0
17392,0
17391,0
17390,0
17389,0
17388,0
17387,0
17386,0
17385,0
17384,0
17383,0
17382,0
17381,0
17380,0
17379,0
17378,0
17377,0
17376,0
17375,0
17374,0
17373,0
17372,0
17371,0
17370,0
17369,0
17368,0
17367,0
17366,0
17365,0
17364,0
17363,0
17362,0
17361,0
17360,0
17359,0
17358,0
17357,0
17356,0
17355,0
17354,0
17353,0
17352,0
17351,0
17350,0
17349,0
17348,0
17347,0
17346,0
17345,0
17344,0
17343,0
17342,0
17341,0
17340,0
17339,0
17338,0
17337,0
17336,0
17335,0
17334,0
17333,0
17332,0
17331,0
17330,0
17329,0
17328,0
17327,0
17326,0
17325,0
17324,0
17323,0
17322,0
17321,0
17320,0
17319,0
17318,0
17317,0
17316,0
17315,0
17314,0
17313,0
17312,0
17311,0
17310,0
17309,0
17308,0
17307,0
17306,0
17305,0
17304,0
17303,0
17302,0
17301,0
17300,0
17299,0
17298,0
17297,0
17296,0
17295,0
17294,0
17293,0
17292,0
17291,0
17290,0
17289,0
17288,0
17287,0
17286,0
17285,0
17284,0
17283,0
17282,0
17281,0
17280,0
17279,0
17278,0
17277,0
17276,0
17275,0
17274,0
17273,0
17272,0
17271,0
17270,0
17269,0
17268,0
17267,0
17266,0
17265,0
17264,0
17263,0
17262,0
17261,0
17260,0
17259,0
17258,0
17257,0
17256,0
17255,0
17254,0
17253,0
17252,0
17251,0
17250,0
17249,0
17248,0
17247,0
17246,0
17245,0
17244,0
17243,0
17242,0
17241,0
17240,0
17239,0
17238,0
17237,0
17236,0
17235,0
17234,0
17233,0
17232,0
17231,0
17230,0
17229,0
17228,0
17227,0
17226,0
17225,0
17224,0
17223,0
17222,0
17221,0
17220,0
17219,0
17218,0
17217,0
17216,0
17215,0
17214,0
17213,0
17212,0
17211,0
17210,0
17209,0
17208,0
17207,0
17206,0
17205,0
17204,0
17203,0
17202,0
17201,0
17200,0
17199,0
17198,0
17197,0
17196,0
17195,0
17194,0
17193,0
17192,0
17191,0
17190,0
17189,0
17188,0
17187,0
17186,0
17185,0
17184,0
17183,0
17182,0
17181,0
17180,0
17179,0
17178,0
17177,0
17176,0
17175,0
17174,0
17173,0
17172,0
17171,0
17170,0
17169,0
17168,0
17167,0
17166,0
17165,0
17164,0
17163,0
17162,0
17161,0
17160,0
17159,0
17158,0
17157,0
17156,0
17155,0
17154,0
17153,0
17152,0
17151,0
17150,0
17149,0
17148,0
17147,0
17146,0
17145,0
17144,0
17143,0
17142,0
17141,0
17140,0
17139,0
17138,0
17137,0
17136,0
17135,0
17134,0
17133,0
17132,0
17131,0
17130,0
17129,0
17128,0
17127,0
17126,0
17125,0
17124,0
17123,0
17122,0
17121,0
17120,0
17119,0
17118,0
17117,0
17116,0
17115,0
17114,0
17113,0
17112,0
17111,0
17110,0
17109,0
17108,0
17107,0
17106,0
17105,0
17104,0
17103,0
17102,0
17101,0
17100,0
17099,0
17098,0
17097,0
17096,0
17095,0
17094,0
17093,0
17092,0
17091,0
17090,0
17089,0
17088,0
17087,0
17086,0
17085,0
17084,0
17083,0
17082,0
17081,0
17080,0
17079,0
17078,0
17077,0
17076,0
17075,0
17074,0
17073,0
17072,0
17071,0
17070,0
17069,0
17068,0
17067,0
17066,0
17065,0
17064,0
17063,0
17062,0
17061,0
17060,0
17059,0
17058,0
17057,0
17056,0
17055,0
17054,0
17053,0
17052,0
17051,0
17050,0
17049,0
17048,0
17047,0
17046,0
17045,0
17044,0
17043,0
17042,0
17041,0
17040,0
17039,0
17038,0
17037,0
17036,0
17035,0
17034,0
17033,0
17032,0
17031,0
17030,0
17029,0
17028,0
17027,0
17026,0
17025,0
17024,0
17023,0
17022,0
17021,0
17020,0
17019,0
17018,0
17017,0
17016,0
17015,0
17014,0
17013,0
17012,0
17011,0
17010,0
17009,0
17008,0
17007,0
17006,0
17005,0
17004,0
17003,0
17002,0
17001,0
17000,0
16999,0
16998,0
16997,0
16996,0
16995,0
16994,0
16993,0
16992,0
16991,0
16990,0
16989,0
16988,0
16987,0
16986,0
16985,0
16984,0
16983,0
16982,0
16981,0
16980,0
16979,0
16978,0
16977,0
16976,0
16975,0
16974,0
16973,0
16972,0
16971,0
16970,0
16969,0
16968,0
16967,0
16966,0
16965,0
16964,0
16963,0
16962,0
16961,0
16960,0
16959,0
16958,0
16957,0
16956,0
16955,0
16954,0
16953,0
16952,0
16951,0
16950,0
16949,0
16948,0
16947,0
16946,0
16945,0
16944,0
16943,0
16942,0
16941,0
16940,0
16939,0
16938,0
16937,0
16936,0
16935,0
16934,0
16933,0
16932,0
16931,0
16930,0
16929,0
16928,0
16927,0
16926,0
16925,0
16924,0
16923,0
16922,0
16921,0
16920,0
16919,0
16918,0
16917,0
16916,0
16915,0
16914,0
16913,0
16912,0
16911,0
16910,0
16909,0
16908,0
16907,0
16906,0
16905,0
16904,0
16903,0
16902,0
16901,0
16900,0
16899,0
16898,0
16897,0
16896,0
16895,0
16894,0
16893,0
16892,0
16891,0
16890,0
16889,0
16888,0
16887,0
16886,0
16885,0
16884,0
16883,0
16882,0
16881,0
16880,0
16879,0
16878,0
16877,0
16876,0
16875,0
16874,0
16873,0
16872,0
16871,0
16870,0
16869,0
16868,0
16867,0
16866,0
16865,0
16864,0
16863,0
16862,0
16861,0
16860,0
16859,0
16858,0
16857,0
16856,0
16855,0
16854,0
16853,0
16852,0
16851,0
16850,0
16849,0
16848,0
16847,0
16846,0
16845,0
16844,0
16843,0
16842,0
16841,0
16840,0
16839,0
16838,0
16837,0
16836,0
16835,0
16834,0
16833,0
16832,0
16831,0
16830,0
16829,0
16828,0
16827,0
16826,0
16825,0
16824,0
16823,0
16822,0
16821,0
16820,0
16819,0
16818,0
16817,0
16816,0
16815,0
16814,0
16813,0
16812,0
16811,0
16810,0
16809,0
16808,0
16807,0
16806,0
16805,0
16804,0
16803,0
16802,0
16801,0
16800,0
16799,0
16798,0
16797,0
16796,0
16795,0
16794,0
16793,0
16792,0
16791,0
16790,0
16789,0
16788,0
16787,0
16786,0
16785,0
16784,0
16783,0
16782,0
16781,0
16780,0
16779,0
16778,0
16777,0
16776,0
16775,0
16774,0
16773,0
16772,0
16771,0
16770,0
16769,0
16768,0
16767,0
16766,0
16765,0
16764,0
16763,0
16762,0
16761,0
16760,0
16759,0
16758,0
16757,0
16756,0
16755,0
16754,0
16753,0
16752,0
16751,0
16750,0
16749,0
16748,0
16747,0
16746,0
16745,0
16744,0
16743,0
16742,0
16741,0
16740,0
16739,0
16738,0
16737,0
16736,0
16735,0
16734,0
16733,0
16732,0
16731,0
16730,0
16729,0
16728,0
16727,0
16726,0
16725,0
16724,0
16723,0
16722,0
16721,0
16720,0
16719,0
16718,0
16717,0
16716,0
16715,0
16714,0
16713,0
16712,0
16711,0
16710,0
16709,0
16708,0
16707,0
16706,0
16705,0
16704,0
16703,0
16702,0
16701,0
16700,0
16699,0
16698,0
16697,0
16696,0
16695,0
16694,0
16693,0
16692,0
16691,0
16690,0
16689,0
16688,0
16687,0
16686,0
16685,0
16684,0
16683,0
16682,0
16681,0
16680,0
16679,0
16678,0
16677,0
16676,0
16675,0
16674,0
16673,0
16672,0
16671,0
16670,0
16669,0
16668,0
16667,0
16666,0
16665,0
16664,0
16663,0
16662,0
16661,0
16660,0
16659,0
16658,0
16657,0
16656,0
16655,0
16654,0
16653,0
16652,0
16651,0
16650,0
16649,0
16648,0
16647,0
16646,0
16645,0
16644,0
16643,0
16642,0
16641,0
16640,0
16639,0
16638,0
16637,0
16636,0
16635,0
16634,0
16633,0
16632,0
16631,0
16630,0
16629,0
16628,0
16627,0
16626,0
16625,0
16624,0
16623,0
16622,0
16621,0
16620,0
16619,0
16618,0
16617,0
16616,0
16615,0
16614,0
16613,0
16612,0
16611,0
16610,0
16609,0
16608,0
16607,0
16606,0
16605,0
16604,0
16603,0
16602,0
16601,0
16600,0
16599,0
16598,0
16597,0
16596,0
16595,0
16594,0
16593,0
16592,0
16591,0
16590,0
16589,0
16588,0
16587,0
16586,0
16585,0
16584,0
16583,0
16582,0
16581,0
16580,0
16579,0
16578,0
16577,0
16576,0
16575,0
16574,0
16573,0
16572,0
16571,0
16570,0
16569,0
16568,0
16567,0
16566,0
16565,0
16564,0
16563,0
16562,0
16561,0
16560,0
16559,0
16558,0
16557,0
16556,0
16555,0
16554,0
16553,0
16552,0
16551,0
16550,0
16549,0
16548,0
16547,0
16546,0
16545,0
16544,0
16543,0
16542,0
16541,0
16540,0
16539,0
16538,0
16537,0
16536,0
16535,0
16534,0
16533,0
16532,0
16531,0
16530,0
16529,0
16528,0
16527,0
16526,0
16525,0
16524,0
16523,0
16522,0
16521,0
16520,0
16519,0
16518,0
16517,0
16516,0
16515,0
16514,0
16513,0
16512,0
16511,0
16510,0
16509,0
16508,0
16507,0
16506,0
16505,0
16504,0
16503,0
16502,0
16501,0
16500,0
16499,0
16498,0
16497,0
16496,0
16495,0
16494,0
16493,0
16492,0
16491,0
16490,0
16489,0
16488,0
16487,0
16486,0
16485,0
16484,0
16483,0
16482,0
16481,0
16480,0
16479,0
16478,0
16477,0
16476,0
16475,0
16474,0
16473,0
16472,0
16471,0
16470,0
16469,0
16468,0
16467,0
16466,0
16465,0
16464,0
16463,0
16462,0
16461,0
16460,0
16459,0
16458,0
16457,0
16456,0
16455,0
16454,0
16453,0
16452,0
16451,0
16450,0
16449,0
16448,0
16447,0
16446,0
16445,0
16444,0
16443,0
16442,0
16441,0
16440,0
16439,0
16438,0
16437,0
16436,0
16435,0
16434,0
16433,0
16432,0
16431,0
16430,0
16429,0
16428,0
16427,0
16426,0
16425,0
16424,0
16423,0
16422,0
16421,0
16420,0
16419,0
16418,0
16417,0
16416,0
16415,0
16414,0
16413,0
16412,0
16411,0
16410,0
16409,0
16408,0
16407,0
16406,0
16405,0
16404,0
16403,0
16402,0
16401,0
16400,0
16399,0
16398,0
16397,0
16396,0
16395,0
16394,0
16393,0
16392,0
16391,0
16390,0
16389,0
16388,0
16387,0
16386,0
16385,0
16384,0
16383,0
16382,0
16381,0
16380,0
16379,0
16378,0
16377,0
16376,0
16375,0
16374,0
16373,0
16372,0
16371,0
16370,0
16369,0
16368,0
16367,0
16366,0
16365,0
16364,0
16363,0
16362,0
16361,0
16360,0
16359,0
16358,0
16357,0
16356,0
16355,0
16354,0
16353,0
16352,0
16351,0
16350,0
16349,0
16348,0
16347,0
16346,0
16345,0
16344,0
16343,0
16342,0
16341,0
16340,0
16339,0
16338,0
16337,0
16336,0
16335,0
16334,0
16333,0
16332,0
16331,0
16330,0
16329,0
16328,0
16327,0
16326,0
16325,0
16324,0
16323,0
16322,0
16321,0
16320,0
16319,0
16318,0
16317,0
16316,0
16315,0
16314,0
16313,0
16312,0
16311,0
16310,0
16309,0
16308,0
16307,0
16306,0
16305,0
16304,0
16303,0
16302,0
16301,0
16300,0
16299,0
16298,0
16297,0
16296,0
16295,0
16294,0
16293,0
16292,0
16291,0
16290,0
16289,0
16288,0
16287,0
16286,0
16285,0
16284,0
16283,0
16282,0
16281,0
16280,0
16279,0
16278,0
16277,0
16276,0
16275,0
16274,0
16273,0
16272,0
16271,0
16270,0
16269,0
16268,0
16267,0
16266,0
16265,0
16264,0
16263,0
16262,0
16261,0
16260,0
16259,0
16258,0
16257,0
16256,0
16255,0
16254,0
16253,0
16252,0
16251,0
16250,0
16249,0
16248,0
16247,0
16246,0
16245,0
16244,0
16243,0
16242,0
16241,0
16240,0
16239,0
16238,0
16237,0
16236,0
16235,0
16234,0
16233,0
16232,0
16231,0
16230,0
16229,0
16228,0
16227,0
16226,0
16225,0
16224,0
16223,0
16222,0
16221,0
16220,0
16219,0
16218,0
16217,0
16216,0
16215,0
16214,0
16213,0
16212,0
16211,0
16210,0
16209,0
16208,0
16207,0
16206,0
16205,0
16204,0
16203,0
16202,0
16201,0
16200,0
16199,0
16198,0
16197,0
16196,0
16195,0
16194,0
16193,0
16192,0
16191,0
16190,0
16189,0
16188,0
16187,0
16186,0
16185,0
16184,0
16183,0
16182,0
16181,0
16180,0
16179,0
16178,0
16177,0
16176,0
16175,0
16174,0
16173,0
16172,0
16171,0
16170,0
16169,0
16168,0
16167,0
16166,0
16165,0
16164,0
16163,0
16162,0
16161,0
16160,0
16159,0
16158,0
16157,0
16156,0
16155,0
16154,0
16153,0
16152,0
16151,0
16150,0
16149,0
16148,0
16147,0
16146,0
16145,0
16144,0
16143,0
16142,0
16141,0
16140,0
16139,0
16138,0
16137,0
16136,0
16135,0
16134,0
16133,0
16132,0
16131,0
16130,0
16129,0
16128,0
16127,0
16126,0
16125,0
16124,0
16123,0
16122,0
16121,0
16120,0
16119,0
16118,0
16117,0
16116,0
16115,0
16114,0
16113,0
16112,0
16111,0
16110,0
16109,0
16108,0
16107,0
16106,0
16105,0
16104,0
16103,0
16102,0
16101,0
16100,0
16099,0
16098,0
16097,0
16096,0
16095,0
16094,0
16093,0
16092,0
16091,0
16090,0
16089,0
16088,0
16087,0
16086,0
16085,0
16084,0
16083,0
16082,0
16081,0
16080,0
16079,0
16078,0
16077,0
16076,0
16075,0
16074,0
16073,0
16072,0
16071,0
16070,0
16069,0
16068,0
16067,0
16066,0
16065,0
16064,0
16063,0
16062,0
16061,0
16060,0
16059,0
16058,0
16057,0
16056,0
16055,0
16054,0
16053,0
16052,0
16051,0
16050,0
16049,0
16048,0
16047,0
16046,0
16045,0
16044,0
16043,0
16042,0
16041,0
16040,0
16039,0
16038,0
16037,0
16036,0
16035,0
16034,0
16033,0
16032,0
16031,0
16030,0
16029,0
16028,0
16027,0
16026,0
16025,0
16024,0
16023,0
16022,0
16021,0
16020,0
16019,0
16018,0
16017,0
16016,0
16015,0
16014,0
16013,0
16012,0
16011,0
16010,0
16009,0
16008,0
16007,0
16006,0
16005,0
16004,0
16003,0
16002,0
16001,0
16000,0
15999,0
15998,0
15997,0
15996,0
15995,0
15994,0
15993,0
15992,0
15991,0
15990,0
15989,0
15988,0
15987,0
15986,0
15985,0
15984,0
15983,0
15982,0
15981,0
15980,0
15979,0
15978,0
15977,0
15976,0
15975,0
15974,0
15973,0
15972,0
15971,0
15970,0
15969,0
15968,0
15967,0
15966,0
15965,0
15964,0
15963,0
15962,0
15961,0
15960,0
15959,0
15958,0
15957,0
15956,0
15955,0
15954,0
15953,0
15952,0
15951,0
15950,0
15949,0
15948,0
15947,0
15946,0
15945,0
15944,0
15943,0
15942,0
15941,0
15940,0
15939,0
15938,0
15937,0
15936,0
15935,0
15934,0
15933,0
15932,0
15931,0
15930,0
15929,0
15928,0
15927,0
15926,0
15925,0
15924,0
15923,0
15922,0
15921,0
15920,0
15919,0
15918,0
15917,0
15916,0
15915,0
15914,0
15913,0
15912,0
15911,0
15910,0
15909,0
15908,0
15907,0
15906,0
15905,0
15904,0
15903,0
15902,0
15901,0
15900,0
15899,0
15898,0
15897,0
15896,0
15895,0
15894,0
15893,0
15892,0
15891,0
15890,0
15889,0
15888,0
15887,0
15886,0
15885,0
15884,0
15883,0
15882,0
15881,0
15880,0
15879,0
15878,0
15877,0
15876,0
15875,0
15874,0
15873,0
15872,0
15871,0
15870,0
15869,0
15868,0
15867,0
15866,0
15865,0
15864,0
15863,0
15862,0
15861,0
15860,0
15859,0
15858,0
15857,0
15856,0
15855,0
15854,0
15853,0
15852,0
15851,0
15850,0
15849,0
15848,0
15847,0
15846,0
15845,0
15844,0
15843,0
15842,0
15841,0
15840,0
15839,0
15838,0
15837,0
15836,0
15835,0
15834,0
15833,0
15832,0
15831,0
15830,0
15829,0
15828,0
15827,0
15826,0
15825,0
15824,0
15823,0
15822,0
15821,0
15820,0
15819,0
15818,0
15817,0
15816,0
15815,0
15814,0
15813,0
15812,0
15811,0
15810,0
15809,0
15808,0
15807,0
15806,0
15805,0
15804,0
15803,0
15802,0
15801,0
15800,0
15799,0
15798,0
15797,0
15796,0
15795,0
15794,0
15793,0
15792,0
15791,0
15790,0
15789,0
15788,0
15787,0
15786,0
15785,0
15784,0
15783,0
15782,0
15781,0
15780,0
15779,0
15778,0
15777,0
15776,0
15775,0
15774,0
15773,0
15772,0
15771,0
15770,0
15769,0
15768,0
15767,0
15766,0
15765,0
15764,0
15763,0
15762,0
15761,0
15760,0
15759,0
15758,0
15757,0
15756,0
15755,0
15754,0
15753,0
15752,0
15751,0
15750,0
15749,0
15748,0
15747,0
15746,0
15745,0
15744,0
15743,0
15742,0
15741,0
15740,0
15739,0
15738,0
15737,0
15736,0
15735,0
15734,0
15733,0
15732,0
15731,0
15730,0
15729,0
15728,0
15727,0
15726,0
15725,0
15724,0
15723,0
15722,0
15721,0
15720,0
15719,0
15718,0
15717,0
15716,0
15715,0
15714,0
15713,0
15712,0
15711,0
15710,0
15709,0
15708,0
15707,0
15706,0
15705,0
15704,0
15703,0
15702,0
15701,0
15700,0
15699,0
15698,0
15697,0
15696,0
15695,0
15694,0
15693,0
15692,0
15691,0
15690,0
15689,0
15688,0
15687,0
15686,0
15685,0
15684,0
15683,0
15682,0
15681,0
15680,0
15679,0
15678,0
15677,0
15676,0
15675,0
15674,0
15673,0
15672,0
15671,0
15670,0
15669,0
15668,0
15667,0
15666,0
15665,0
15664,0
15663,0
15662,0
15661,0
15660,0
15659,0
15658,0
15657,0
15656,0
15655,0
15654,0
15653,0
15652,0
15651,0
15650,0
15649,0
15648,0
15647,0
15646,0
15645,0
15644,0
15643,0
15642,0
15641,0
15640,0
15639,0
15638,0
15637,0
15636,0
15635,0
15634,0
15633,0
15632,0
15631,0
15630,0
15629,0
15628,0
15627,0
15626,0
15625,0
15624,0
15623,0
15622,0
15621,0
15620,0
15619,0
15618,0
15617,0
15616,0
15615,0
15614,0
15613,0
15612,0
15611,0
15610,0
15609,0
15608,0
15607,0
15606,0
15605,0
15604,0
15603,0
15602,0
15601,0
15600,0
15599,0
15598,0
15597,0
15596,0
15595,0
15594,0
15593,0
15592,0
15591,0
15590,0
15589,0
15588,0
15587,0
15586,0
15585,0
15584,0
15583,0
15582,0
15581,0
15580,0
15579,0
15578,0
15577,0
15576,0
15575,0
15574,0
15573,0
15572,0
15571,0
15570,0
15569,0
15568,0
15567,0
15566,0
15565,0
15564,0
15563,0
15562,0
15561,0
15560,0
15559,0
15558,0
15557,0
15556,0
15555,0
15554,0
15553,0
15552,0
15551,0
15550,0
15549,0
15548,0
15547,0
15546,0
15545,0
15544,0
15543,0
15542,0
15541,0
15540,0
15539,0
15538,0
15537,0
15536,0
15535,0
15534,0
15533,0
15532,0
15531,0
15530,0
15529,0
15528,0
15527,0
15526,0
15525,0
15524,0
15523,0
15522,0
15521,0
15520,0
15519,0
15518,0
15517,0
15516,0
15515,0
15514,0
15513,0
15512,0
15511,0
15510,0
15509,0
15508,0
15507,0
15506,0
15505,0
15504,0
15503,0
15502,0
15501,0
15500,0
15499,0
15498,0
15497,0
15496,0
15495,0
15494,0
15493,0
15492,0
15491,0
15490,0
15489,0
15488,0
15487,0
15486,0
15485,0
15484,0
15483,0
15482,0
15481,0
15480,0
15479,0
15478,0
15477,0
15476,0
15475,0
15474,0
15473,0
15472,0
15471,0
15470,0
15469,0
15468,0
15467,0
15466,0
15465,0
15464,0
15463,0
15462,0
15461,0
15460,0
15459,0
15458,0
15457,0
15456,0
15455,0
15454,0
15453,0
15452,0
15451,0
15450,0
15449,0
15448,0
15447,0
15446,0
15445,0
15444,0
15443,0
15442,0
15441,0
15440,0
15439,0
15438,0
15437,0
15436,0
15435,0
15434,0
15433,0
15432,0
15431,0
15430,0
15429,0
15428,0
15427,0
15426,0
15425,0
15424,0
15423,0
15422,0
15421,0
15420,0
15419,0
15418,0
15417,0
15416,0
15415,0
15414,0
15413,0
15412,0
15411,0
15410,0
15409,0
15408,0
15407,0
15406,0
15405,0
15404,0
15403,0
15402,0
15401,0
15400,0
15399,0
15398,0
15397,0
15396,0
15395,0
15394,0
15393,0
15392,0
15391,0
15390,0
15389,0
15388,0
15387,0
15386,0
15385,0
15384,0
15383,0
15382,0
15381,0
15380,0
15379,0
15378,0
15377,0
15376,0
15375,0
15374,0
15373,0
15372,0
15371,0
15370,0
15369,0
15368,0
15367,0
15366,0
15365,0
15364,0
15363,0
15362,0
15361,0
15360,0
15359,0
15358,0
15357,0
15356,0
15355,0
15354,0
15353,0
15352,0
15351,0
15350,0
15349,0
15348,0
15347,0
15346,0
15345,0
15344,0
15343,0
15342,0
15341,0
15340,0
15339,0
15338,0
15337,0
15336,0
15335,0
15334,0
15333,0
15332,0
15331,0
15330,0
15329,0
15328,0
15327,0
15326,0
15325,0
15324,0
15323,0
15322,0
15321,0
15320,0
15319,0
15318,0
15317,0
15316,0
15315,0
15314,0
15313,0
15312,0
15311,0
15310,0
15309,0
15308,0
15307,0
15306,0
15305,0
15304,0
15303,0
15302,0
15301,0
15300,0
15299,0
15298,0
15297,0
15296,0
15295,0
15294,0
15293,0
15292,0
15291,0
15290,0
15289,0
15288,0
15287,0
15286,0
15285,0
15284,0
15283,0
15282,0
15281,0
15280,0
15279,0
15278,0
15277,0
15276,0
15275,0
15274,0
15273,0
15272,0
15271,0
15270,0
15269,0
15268,0
15267,0
15266,0
15265,0
15264,0
15263,0
15262,0
15261,0
15260,0
15259,0
15258,0
15257,0
15256,0
15255,0
15254,0
15253,0
15252,0
15251,0
15250,0
15249,0
15248,0
15247,0
15246,0
15245,0
15244,0
15243,0
15242,0
15241,0
15240,0
15239,0
15238,0
15237,0
15236,0
15235,0
15234,0
15233,0
15232,0
15231,0
15230,0
15229,0
15228,0
15227,0
15226,0
15225,0
15224,0
15223,0
15222,0
15221,0
15220,0
15219,0
15218,0
15217,0
15216,0
15215,0
15214,0
15213,0
15212,0
15211,0
15210,0
15209,0
15208,0
15207,0
15206,0
15205,0
15204,0
15203,0
15202,0
15201,0
15200,0
15199,0
15198,0
15197,0
15196,0
15195,0
15194,0
15193,0
15192,0
15191,0
15190,0
15189,0
15188,0
15187,0
15186,0
15185,0
15184,0
15183,0
15182,0
15181,0
15180,0
15179,0
15178,0
15177,0
15176,0
15175,0
15174,0
15173,0
15172,0
15171,0
15170,0
15169,0
15168,0
15167,0
15166,0
15165,0
15164,0
15163,0
15162,0
15161,0
15160,0
15159,0
15158,0
15157,0
15156,0
15155,0
15154,0
15153,0
15152,0
15151,0
15150,0
15149,0
15148,0
15147,0
15146,0
15145,0
15144,0
15143,0
15142,0
15141,0
15140,0
15139,0
15138,0
15137,0
15136,0
15135,0
15134,0
15133,0
15132,0
15131,0
15130,0
15129,0
15128,0
15127,0
15126,0
15125,0
15124,0
15123,0
15122,0
15121,0
15120,0
15119,0
15118,0
15117,0
15116,0
15115,0
15114,0
15113,0
15112,0
15111,0
15110,0
15109,0
15108,0
15107,0
15106,0
15105,0
15104,0
15103,0
15102,0
15101,0
15100,0
15099,0
15098,0
15097,0
15096,0
15095,0
15094,0
15093,0
15092,0
15091,0
15090,0
15089,0
15088,0
15087,0
15086,0
15085,0
15084,0
15083,0
15082,0
15081,0
15080,0
15079,0
15078,0
15077,0
15076,0
15075,0
15074,0
15073,0
15072,0
15071,0
15070,0
15069,0
15068,0
15067,0
15066,0
15065,0
15064,0
15063,0
15062,0
15061,0
15060,0
15059,0
15058,0
15057,0
15056,0
15055,0
15054,0
15053,0
15052,0
15051,0
15050,0
15049,0
15048,0
15047,0
15046,0
15045,0
15044,0
15043,0
15042,0
15041,0
15040,0
15039,0
15038,0
15037,0
15036,0
15035,0
15034,0
15033,0
15032,0
15031,0
15030,0
15029,0
15028,0
15027,0
15026,0
15025,0
15024,0
15023,0
15022,0
15021,0
15020,0
15019,0
15018,0
15017,0
15016,0
15015,0
15014,0
15013,0
15012,0
15011,0
15010,0
15009,0
15008,0
15007,0
15006,0
15005,0
15004,0
15003,0
15002,0
15001,0
15000,0
14999,0
14998,0
14997,0
14996,0
14995,0
14994,0
14993,0
14992,0
14991,0
14990,0
14989,0
14988,0
14987,0
14986,0
14985,0
14984,0
14983,0
14982,0
14981,0
14980,0
14979,0
14978,0
14977,0
14976,0
14975,0
14974,0
14973,0
14972,0
14971,0
14970,0
14969,0
14968,0
14967,0
14966,0
14965,0
14964,0
14963,0
14962,0
14961,0
14960,0
14959,0
14958,0
14957,0
14956,0
14955,0
14954,0
14953,0
14952,0
14951,0
14950,0
14949,0
14948,0
14947,0
14946,0
14945,0
14944,0
14943,0
14942,0
14941,0
14940,0
14939,0
14938,0
14937,0
14936,0
14935,0
14934,0
14933,0
14932,0
14931,0
14930,0
14929,0
14928,0
14927,0
14926,0
14925,0
14924,0
14923,0
14922,0
14921,0
14920,0
14919,0
14918,0
14917,0
14916,0
14915,0
14914,0
14913,0
14912,0
14911,0
14910,0
14909,0
14908,0
14907,0
14906,0
14905,0
14904,0
14903,0
14902,0
14901,0
14900,0
14899,0
14898,0
14897,0
14896,0
14895,0
14894,0
14893,0
14892,0
14891,0
14890,0
14889,0
14888,0
14887,0
14886,0
14885,0
14884,0
14883,0
14882,0
14881,0
14880,0
14879,0
14878,0
14877,0
14876,0
14875,0
14874,0
14873,0
14872,0
14871,0
14870,0
14869,0
14868,0
14867,0
14866,0
14865,0
14864,0
14863,0
14862,0
14861,0
14860,0
14859,0
14858,0
14857,0
14856,0
14855,0
14854,0
14853,0
14852,0
14851,0
14850,0
14849,0
14848,0
14847,0
14846,0
14845,0
14844,0
14843,0
14842,0
14841,0
14840,0
14839,0
14838,0
14837,0
14836,0
14835,0
14834,0
14833,0
14832,0
14831,0
14830,0
14829,0
14828,0
14827,0
14826,0
14825,0
14824,0
14823,0
14822,0
14821,0
14820,0
14819,0
14818,0
14817,0
14816,0
14815,0
14814,0
14813,0
14812,0
14811,0
14810,0
14809,0
14808,0
14807,0
14806,0
14805,0
14804,0
14803,0
14802,0
14801,0
14800,0
14799,0
14798,0
14797,0
14796,0
14795,0
14794,0
14793,0
14792,0
14791,0
14790,0
14789,0
14788,0
14787,0
14786,0
14785,0
14784,0
14783,0
14782,0
14781,0
14780,0
14779,0
14778,0
14777,0
14776,0
14775,0
14774,0
14773,0
14772,0
14771,0
14770,0
14769,0
14768,0
14767,0
14766,0
14765,0
14764,0
14763,0
14762,0
14761,0
14760,0
14759,0
14758,0
14757,0
14756,0
14755,0
14754,0
14753,0
14752,0
14751,0
14750,0
14749,0
14748,0
14747,0
14746,0
14745,0
14744,0
14743,0
14742,0
14741,0
14740,0
14739,0
14738,0
14737,0
14736,0
14735,0
14734,0
14733,0
14732,0
14731,0
14730,0
14729,0
14728,0
14727,0
14726,0
14725,0
14724,0
14723,0
14722,0
14721,0
14720,0
14719,0
14718,0
14717,0
14716,0
14715,0
14714,0
14713,0
14712,0
14711,0
14710,0
14709,0
14708,0
14707,0
14706,0
14705,0
14704,0
14703,0
14702,0
14701,0
14700,0
14699,0
14698,0
14697,0
14696,0
14695,0
14694,0
14693,0
14692,0
14691,0
14690,0
14689,0
14688,0
14687,0
14686,0
14685,0
14684,0
14683,0
14682,0
14681,0
14680,0
14679,0
14678,0
14677,0
14676,0
14675,0
14674,0
14673,0
14672,0
14671,0
14670,0
14669,0
14668,0
14667,0
14666,0
14665,0
14664,0
14663,0
14662,0
14661,0
14660,0
14659,0
14658,0
14657,0
14656,0
14655,0
14654,0
14653,0
14652,0
14651,0
14650,0
14649,0
14648,0
14647,0
14646,0
14645,0
14644,0
14643,0
14642,0
14641,0
14640,0
14639,0
14638,0
14637,0
14636,0
14635,0
14634,0
14633,0
14632,0
14631,0
14630,0
14629,0
14628,0
14627,0
14626,0
14625,0
14624,0
14623,0
14622,0
14621,0
14620,0
14619,0
14618,0
14617,0
14616,0
14615,0
14614,0
14613,0
14612,0
14611,0
14610,0
14609,0
14608,0
14607,0
14606,0
14605,0
14604,0
14603,0
14602,0
14601,0
14600,0
14599,0
14598,0
14597,0
14596,0
14595,0
14594,0
14593,0
14592,0
14591,0
14590,0
14589,0
14588,0
14587,0
14586,0
14585,0
14584,0
14583,0
14582,0
14581,0
14580,0
14579,0
14578,0
14577,0
14576,0
14575,0
14574,0
14573,0
14572,0
14571,0
14570,0
14569,0
14568,0
14567,0
14566,0
14565,0
14564,0
14563,0
14562,0
14561,0
14560,0
14559,0
14558,0
14557,0
14556,0
14555,0
14554,0
14553,0
14552,0
14551,0
14550,0
14549,0
14548,0
14547,0
14546,0
14545,0
14544,0
14543,0
14542,0
14541,0
14540,0
14539,0
14538,0
14537,0
14536,0
14535,0
14534,0
14533,0
14532,0
14531,0
14530,0
14529,0
14528,0
14527,0
14526,0
14525,0
14524,0
14523,0
14522,0
14521,0
14520,0
14519,0
14518,0
14517,0
14516,0
14515,0
14514,0
14513,0
14512,0
14511,0
14510,0
14509,0
14508,0
14507,0
14506,0
14505,0
14504,0
14503,0
14502,0
14501,0
14500,0
14499,0
14498,0
14497,0
14496,0
14495,0
14494,0
14493,0
14492,0
14491,0
14490,0
14489,0
14488,0
14487,0
14486,0
14485,0
14484,0
14483,0
14482,0
14481,0
14480,0
14479,0
14478,0
14477,0
14476,0
14475,0
14474,0
14473,0
14472,0
14471,0
14470,0
14469,0
14468,0
14467,0
14466,0
14465,0
14464,0
14463,0
14462,0
14461,0
14460,0
14459,0
14458,0
14457,0
14456,0
14455,0
14454,0
14453,0
14452,0
14451,0
14450,0
14449,0
14448,0
14447,0
14446,0
14445,0
14444,0
14443,0
14442,0
14441,0
14440,0
14439,0
14438,0
14437,0
14436,0
14435,0
14434,0
14433,0
14432,0
14431,0
14430,0
14429,0
14428,0
14427,0
14426,0
14425,0
14424,0
14423,0
14422,0
14421,0
14420,0
14419,0
14418,0
14417,0
14416,0
14415,0
14414,0
14413,0
14412,0
14411,0
14410,0
14409,0
14408,0
14407,0
14406,0
14405,0
14404,0
14403,0
14402,0
14401,0
14400,0
14399,0
14398,0
14397,0
14396,0
14395,0
14394,0
14393,0
14392,0
14391,0
14390,0
14389,0
14388,0
14387,0
14386,0
14385,0
14384,0
14383,0
14382,0
14381,0
14380,0
14379,0
14378,0
14377,0
14376,0
14375,0
14374,0
14373,0
14372,0
14371,0
14370,0
14369,0
14368,0
14367,0
14366,0
14365,0
14364,0
14363,0
14362,0
14361,0
14360,0
14359,0
14358,0
14357,0
14356,0
14355,0
14354,0
14353,0
14352,0
14351,0
14350,0
14349,0
14348,0
14347,0
14346,0
14345,0
14344,0
14343,0
14342,0
14341,0
14340,0
14339,0
14338,0
14337,0
14336,0
14335,0
14334,0
14333,0
14332,0
14331,0
14330,0
14329,0
14328,0
14327,0
14326,0
14325,0
14324,0
14323,0
14322,0
14321,0
14320,0
14319,0
14318,0
14317,0
14316,0
14315,0
14314,0
14313,0
14312,0
14311,0
14310,0
14309,0
14308,0
14307,0
14306,0
14305,0
14304,0
14303,0
14302,0
14301,0
14300,0
14299,0
14298,0
14297,0
14296,0
14295,0
14294,0
14293,0
14292,0
14291,0
14290,0
14289,0
14288,0
14287,0
14286,0
14285,0
14284,0
14283,0
14282,0
14281,0
14280,0
14279,0
14278,0
14277,0
14276,0
14275,0
14274,0
14273,0
14272,0
14271,0
14270,0
14269,0
14268,0
14267,0
14266,0
14265,0
14264,0
14263,0
14262,0
14261,0
14260,0
14259,0
14258,0
14257,0
14256,0
14255,0
14254,0
14253,0
14252,0
14251,0
14250,0
14249,0
14248,0
14247,0
14246,0
14245,0
14244,0
14243,0
14242,0
14241,0
14240,0
14239,0
14238,0
14237,0
14236,0
14235,0
14234,0
14233,0
14232,0
14231,0
14230,0
14229,0
14228,0
14227,0
14226,0
14225,0
14224,0
14223,0
14222,0
14221,0
14220,0
14219,0
14218,0
14217,0
14216,0
14215,0
14214,0
14213,0
14212,0
14211,0
14210,0
14209,0
14208,0
14207,0
14206,0
14205,0
14204,0
14203,0
14202,0
14201,0
14200,0
14199,0
14198,0
14197,0
14196,0
14195,0
14194,0
14193,0
14192,0
14191,0
14190,0
14189,0
14188,0
14187,0
14186,0
14185,0
14184,0
14183,0
14182,0
14181,0
14180,0
14179,0
14178,0
14177,0
14176,0
14175,0
14174,0
14173,0
14172,0
14171,0
14170,0
14169,0
14168,0
14167,0
14166,0
14165,0
14164,0
14163,0
14162,0
14161,0
14160,0
14159,0
14158,0
14157,0
14156,0
14155,0
14154,0
14153,0
14152,0
14151,0
14150,0
14149,0
14148,0
14147,0
14146,0
14145,0
14144,0
14143,0
14142,0
14141,0
14140,0
14139,0
14138,0
14137,0
14136,0
14135,0
14134,0
14133,0
14132,0
14131,0
14130,0
14129,0
14128,0
14127,0
14126,0
14125,0
14124,0
14123,0
14122,0
14121,0
14120,0
14119,0
14118,0
14117,0
14116,0
14115,0
14114,0
14113,0
14112,0
14111,0
14110,0
14109,0
14108,0
14107,0
14106,0
14105,0
14104,0
14103,0
14102,0
14101,0
14100,0
14099,0
14098,0
14097,0
14096,0
14095,0
14094,0
14093,0
14092,0
14091,0
14090,0
14089,0
14088,0
14087,0
14086,0
14085,0
14084,0
14083,0
14082,0
14081,0
14080,0
14079,0
14078,0
14077,0
14076,0
14075,0
14074,0
14073,0
14072,0
14071,0
14070,0
14069,0
14068,0
14067,0
14066,0
14065,0
14064,0
14063,0
14062,0
14061,0
14060,0
14059,0
14058,0
14057,0
14056,0
14055,0
14054,0
14053,0
14052,0
14051,0
14050,0
14049,0
14048,0
14047,0
14046,0
14045,0
14044,0
14043,0
14042,0
14041,0
14040,0
14039,0
14038,0
14037,0
14036,0
14035,0
14034,0
14033,0
14032,0
14031,0
14030,0
14029,0
14028,0
14027,0
14026,0
14025,0
14024,0
14023,0
14022,0
14021,0
14020,0
14019,0
14018,0
14017,0
14016,0
14015,0
14014,0
14013,0
14012,0
14011,0
14010,0
14009,0
14008,0
14007,0
14006,0
14005,0
14004,0
14003,0
14002,0
14001,0
14000,0
13999,0
13998,0
13997,0
13996,0
13995,0
13994,0
13993,0
13992,0
13991,0
13990,0
13989,0
13988,0
13987,0
13986,0
13985,0
13984,0
13983,0
13982,0
13981,0
13980,0
13979,0
13978,0
13977,0
13976,0
13975,0
13974,0
13973,0
13972,0
13971,0
13970,0
13969,0
13968,0
13967,0
13966,0
13965,0
13964,0
13963,0
13962,0
13961,0
13960,0
13959,0
13958,0
13957,0
13956,0
13955,0
13954,0
13953,0
13952,0
13951,0
13950,0
13949,0
13948,0
13947,0
13946,0
13945,0
13944,0
13943,0
13942,0
13941,0
13940,0
13939,0
13938,0
13937,0
13936,0
13935,0
13934,0
13933,0
13932,0
13931,0
13930,0
13929,0
13928,0
13927,0
13926,0
13925,0
13924,0
13923,0
13922,0
13921,0
13920,0
13919,0
13918,0
13917,0
13916,0
13915,0
13914,0
13913,0
13912,0
13911,0
13910,0
13909,0
13908,0
13907,0
13906,0
13905,0
13904,0
13903,0
13902,0
13901,0
13900,0
13899,0
13898,0
13897,0
13896,0
13895,0
13894,0
13893,0
13892,0
13891,0
13890,0
13889,0
13888,0
13887,0
13886,0
13885,0
13884,0
13883,0
13882,0
13881,0
13880,0
13879,0
13878,0
13877,0
13876,0
13875,0
13874,0
13873,0
13872,0
13871,0
13870,0
13869,0
13868,0
13867,0
13866,0
13865,0
13864,0
13863,0
13862,0
13861,0
13860,0
13859,0
13858,0
13857,0
13856,0
13855,0
13854,0
13853,0
13852,0
13851,0
13850,0
13849,0
13848,0
13847,0
13846,0
13845,0
13844,0
13843,0
13842,0
13841,0
13840,0
13839,0
13838,0
13837,0
13836,0
13835,0
13834,0
13833,0
13832,0
13831,0
13830,0
13829,0
13828,0
13827,0
13826,0
13825,0
13824,0
13823,0
13822,0
13821,0
13820,0
13819,0
13818,0
13817,0
13816,0
13815,0
13814,0
13813,0
13812,0
13811,0
13810,0
13809,0
13808,0
13807,0
13806,0
13805,0
13804,0
13803,0
13802,0
13801,0
13800,0
13799,0
13798,0
13797,0
13796,0
13795,0
13794,0
13793,0
13792,0
13791,0
13790,0
13789,0
13788,0
13787,0
13786,0
13785,0
13784,0
13783,0
13782,0
13781,0
13780,0
13779,0
13778,0
13777,0
13776,0
13775,0
13774,0
13773,0
13772,0
13771,0
13770,0
13769,0
13768,0
13767,0
13766,0
13765,0
13764,0
13763,0
13762,0
13761,0
13760,0
13759,0
13758,0
13757,0
13756,0
13755,0
13754,0
13753,0
13752,0
13751,0
13750,0
13749,0
13748,0
13747,0
13746,0
13745,0
13744,0
13743,0
13742,0
13741,0
13740,0
13739,0
13738,0
13737,0
13736,0
13735,0
13734,0
13733,0
13732,0
13731,0
13730,0
13729,0
13728,0
13727,0
13726,0
13725,0
13724,0
13723,0
13722,0
13721,0
13720,0
13719,0
13718,0
13717,0
13716,0
13715,0
13714,0
13713,0
13712,0
13711,0
13710,0
13709,0
13708,0
13707,0
13706,0
13705,0
13704,0
13703,0
13702,0
13701,0
13700,0
13699,0
13698,0
13697,0
13696,0
13695,0
13694,0
13693,0
13692,0
13691,0
13690,0
13689,0
13688,0
13687,0
13686,0
13685,0
13684,0
13683,0
13682,0
13681,0
13680,0
13679,0
13678,0
13677,0
13676,0
13675,0
13674,0
13673,0
13672,0
13671,0
13670,0
13669,0
13668,0
13667,0
13666,0
13665,0
13664,0
13663,0
13662,0
13661,0
13660,0
13659,0
13658,0
13657,0
13656,0
13655,0
13654,0
13653,0
13652,0
13651,0
13650,0
13649,0
13648,0
13647,0
13646,0
13645,0
13644,0
13643,0
13642,0
13641,0
13640,0
13639,0
13638,0
13637,0
13636,0
13635,0
13634,0
13633,0
13632,0
13631,0
13630,0
13629,0
13628,0
13627,0
13626,0
13625,0
13624,0
13623,0
13622,0
13621,0
13620,0
13619,0
13618,0
13617,0
13616,0
13615,0
13614,0
13613,0
13612,0
13611,0
13610,0
13609,0
13608,0
13607,0
13606,0
13605,0
13604,0
13603,0
13602,0
13601,0
13600,0
13599,0
13598,0
13597,0
13596,0
13595,0
13594,0
13593,0
13592,0
13591,0
13590,0
13589,0
13588,0
13587,0
13586,0
13585,0
13584,0
13583,0
13582,0
13581,0
13580,0
13579,0
13578,0
13577,0
13576,0
13575,0
13574,0
13573,0
13572,0
13571,0
13570,0
13569,0
13568,0
13567,0
13566,0
13565,0
13564,0
13563,0
13562,0
13561,0
13560,0
13559,0
13558,0
13557,0
13556,0
13555,0
13554,0
13553,0
13552,0
13551,0
13550,0
13549,0
13548,0
13547,0
13546,0
13545,0
13544,0
13543,0
13542,0
13541,0
13540,0
13539,0
13538,0
13537,0
13536,0
13535,0
13534,0
13533,0
13532,0
13531,0
13530,0
13529,0
13528,0
13527,0
13526,0
13525,0
13524,0
13523,0
13522,0
13521,0
13520,0
13519,0
13518,0
13517,0
13516,0
13515,0
13514,0
13513,0
13512,0
13511,0
13510,0
13509,0
13508,0
13507,0
13506,0
13505,0
13504,0
13503,0
13502,0
13501,0
13500,0
13499,0
13498,0
13497,0
13496,0
13495,0
13494,0
13493,0
13492,0
13491,0
13490,0
13489,0
13488,0
13487,0
13486,0
13485,0
13484,0
13483,0
13482,0
13481,0
13480,0
13479,0
13478,0
13477,0
13476,0
13475,0
13474,0
13473,0
13472,0
13471,0
13470,0
13469,0
13468,0
13467,0
13466,0
13465,0
13464,0
13463,0
13462,0
13461,0
13460,0
13459,0
13458,0
13457,0
13456,0
13455,0
13454,0
13453,0
13452,0
13451,0
13450,0
13449,0
13448,0
13447,0
13446,0
13445,0
13444,0
13443,0
13442,0
13441,0
13440,0
13439,0
13438,0
13437,0
13436,0
13435,0
13434,0
13433,0
13432,0
13431,0
13430,0
13429,0
13428,0
13427,0
13426,0
13425,0
13424,0
13423,0
13422,0
13421,0
13420,0
13419,0
13418,0
13417,0
13416,0
13415,0
13414,0
13413,0
13412,0
13411,0
13410,0
13409,0
13408,0
13407,0
13406,0
13405,0
13404,0
13403,0
13402,0
13401,0
13400,0
13399,0
13398,0
13397,0
13396,0
13395,0
13394,0
13393,0
13392,0
13391,0
13390,0
13389,0
13388,0
13387,0
13386,0
13385,0
13384,0
13383,0
13382,0
13381,0
13380,0
13379,0
13378,0
13377,0
13376,0
13375,0
13374,0
13373,0
13372,0
13371,0
13370,0
13369,0
13368,0
13367,0
13366,0
13365,0
13364,0
13363,0
13362,0
13361,0
13360,0
13359,0
13358,0
13357,0
13356,0
13355,0
13354,0
13353,0
13352,0
13351,0
13350,0
13349,0
13348,0
13347,0
13346,0
13345,0
13344,0
13343,0
13342,0
13341,0
13340,0
13339,0
13338,0
13337,0
13336,0
13335,0
13334,0
13333,0
13332,0
13331,0
13330,0
13329,0
13328,0
13327,0
13326,0
13325,0
13324,0
13323,0
13322,0
13321,0
13320,0
13319,0
13318,0
13317,0
13316,0
13315,0
13314,0
13313,0
13312,0
13311,0
13310,0
13309,0
13308,0
13307,0
13306,0
13305,0
13304,0
13303,0
13302,0
13301,0
13300,0
13299,0
13298,0
13297,0
13296,0
13295,0
13294,0
13293,0
13292,0
13291,0
13290,0
13289,0
13288,0
13287,0
13286,0
13285,0
13284,0
13283,0
13282,0
13281,0
13280,0
13279,0
13278,0
13277,0
13276,0
13275,0
13274,0
13273,0
13272,0
13271,0
13270,0
13269,0
13268,0
13267,0
13266,0
13265,0
13264,0
13263,0
13262,0
13261,0
13260,0
13259,0
13258,0
13257,0
13256,0
13255,0
13254,0
13253,0
13252,0
13251,0
13250,0
13249,0
13248,0
13247,0
13246,0
13245,0
13244,0
13243,0
13242,0
13241,0
13240,0
13239,0
13238,0
13237,0
13236,0
13235,0
13234,0
13233,0
13232,0
13231,0
13230,0
13229,0
13228,0
13227,0
13226,0
13225,0
13224,0
13223,0
13222,0
13221,0
13220,0
13219,0
13218,0
13217,0
13216,0
13215,0
13214,0
13213,0
13212,0
13211,0
13210,0
13209,0
13208,0
13207,0
13206,0
13205,0
13204,0
13203,0
13202,0
13201,0
13200,0
13199,0
13198,0
13197,0
13196,0
13195,0
13194,0
13193,0
13192,0
13191,0
13190,0
13189,0
13188,0
13187,0
13186,0
13185,0
13184,0
13183,0
13182,0
13181,0
13180,0
13179,0
13178,0
13177,0
13176,0
13175,0
13174,0
13173,0
13172,0
13171,0
13170,0
13169,0
13168,0
13167,0
13166,0
13165,0
13164,0
13163,0
13162,0
13161,0
13160,0
13159,0
13158,0
13157,0
13156,0
13155,0
13154,0
13153,0
13152,0
13151,0
13150,0
13149,0
13148,0
13147,0
13146,0
13145,0
13144,0
13143,0
13142,0
13141,0
13140,0
13139,0
13138,0
13137,0
13136,0
13135,0
13134,0
13133,0
13132,0
13131,0
13130,0
13129,0
13128,0
13127,0
13126,0
13125,0
13124,0
13123,0
13122,0
13121,0
13120,0
13119,0
13118,0
13117,0
13116,0
13115,0
13114,0
13113,0
13112,0
13111,0
13110,0
13109,0
13108,0
13107,0
13106,0
13105,0
13104,0
13103,0
13102,0
13101,0
13100,0
13099,0
13098,0
13097,0
13096,0
13095,0
13094,0
13093,0
13092,0
13091,0
13090,0
13089,0
13088,0
13087,0
13086,0
13085,0
13084,0
13083,0
13082,0
13081,0
13080,0
13079,0
13078,0
13077,0
13076,0
13075,0
13074,0
13073,0
13072,0
13071,0
13070,0
13069,0
13068,0
13067,0
13066,0
13065,0
13064,0
13063,0
13062,0
13061,0
13060,0
13059,0
13058,0
13057,0
13056,0
13055,0
13054,0
13053,0
13052,0
13051,0
13050,0
13049,0
13048,0
13047,0
13046,0
13045,0
13044,0
13043,0
13042,0
13041,0
13040,0
13039,0
13038,0
13037,0
13036,0
13035,0
13034,0
13033,0
13032,0
13031,0
13030,0
13029,0
13028,0
13027,0
13026,0
13025,0
13024,0
13023,0
13022,0
13021,0
13020,0
13019,0
13018,0
13017,0
13016,0
13015,0
13014,0
13013,0
13012,0
13011,0
13010,0
13009,0
13008,0
13007,0
13006,0
13005,0
13004,0
13003,0
13002,0
13001,0
13000,0
12999,0
12998,0
12997,0
12996,0
12995,0
12994,0
12993,0
12992,0
12991,0
12990,0
12989,0
12988,0
12987,0
12986,0
12985,0
12984,0
12983,0
12982,0
12981,0
12980,0
12979,0
12978,0
12977,0
12976,0
12975,0
12974,0
12973,0
12972,0
12971,0
12970,0
12969,0
12968,0
12967,0
12966,0
12965,0
12964,0
12963,0
12962,0
12961,0
12960,0
12959,0
12958,0
12957,0
12956,0
12955,0
12954,0
12953,0
12952,0
12951,0
12950,0
12949,0
12948,0
12947,0
12946,0
12945,0
12944,0
12943,0
12942,0
12941,0
12940,0
12939,0
12938,0
12937,0
12936,0
12935,0
12934,0
12933,0
12932,0
12931,0
12930,0
12929,0
12928,0
12927,0
12926,0
12925,0
12924,0
12923,0
12922,0
12921,0
12920,0
12919,0
12918,0
12917,0
12916,0
12915,0
12914,0
12913,0
12912,0
12911,0
12910,0
12909,0
12908,0
12907,0
12906,0
12905,0
12904,0
12903,0
12902,0
12901,0
12900,0
12899,0
12898,0
12897,0
12896,0
12895,0
12894,0
12893,0
12892,0
12891,0
12890,0
12889,0
12888,0
12887,0
12886,0
12885,0
12884,0
12883,0
12882,0
12881,0
12880,0
12879,0
12878,0
12877,0
12876,0
12875,0
12874,0
12873,0
12872,0
12871,0
12870,0
12869,0
12868,0
12867,0
12866,0
12865,0
12864,0
12863,0
12862,0
12861,0
12860,0
12859,0
12858,0
12857,0
12856,0
12855,0
12854,0
12853,0
12852,0
12851,0
12850,0
12849,0
12848,0
12847,0
12846,0
12845,0
12844,0
12843,0
12842,0
12841,0
12840,0
12839,0
12838,0
12837,0
12836,0
12835,0
12834,0
12833,0
12832,0
12831,0
12830,0
12829,0
12828,0
12827,0
12826,0
12825,0
12824,0
12823,0
12822,0
12821,0
12820,0
12819,0
12818,0
12817,0
12816,0
12815,0
12814,0
12813,0
12812,0
12811,0
12810,0
12809,0
12808,0
12807,0
12806,0
12805,0
12804,0
12803,0
12802,0
12801,0
12800,0
12799,0
12798,0
12797,0
12796,0
12795,0
12794,0
12793,0
12792,0
12791,0
12790,0
12789,0
12788,0
12787,0
12786,0
12785,0
12784,0
12783,0
12782,0
12781,0
12780,0
12779,0
12778,0
12777,0
12776,0
12775,0
12774,0
12773,0
12772,0
12771,0
12770,0
12769,0
12768,0
12767,0
12766,0
12765,0
12764,0
12763,0
12762,0
12761,0
12760,0
12759,0
12758,0
12757,0
12756,0
12755,0
12754,0
12753,0
12752,0
12751,0
12750,0
12749,0
12748,0
12747,0
12746,1.01448160100346e-05
12745,1.20151225413082e-05
12744,1.41475359082222e-05
12743,1.66136337441947e-05
12742,1.94571705544679e-05
12741,2.27261550979234e-05
12740,2.64730191266018e-05
12739,3.03710659761307e-05
12738,3.47686519522068e-05
12737,3.97176951916873e-05
12736,4.52736735332272e-05
12735,5.14955987310328e-05
12734,5.8170916042338e-05
12733,6.557983463605e-05
12732,7.3783759651881e-05
12731,8.28466109884619e-05
12730,9.28345631056243e-05
12729,0.000101319009282355
12728,0.00011046936940843
12727,0.000120324447799817
12726,0.000130923737530262
12725,0.000142307235389001
12724,0.000147791220432476
12723,0.00015347108825675
12722,0.000159352096785379
12721,0.000165439516307034
12720,0.000171738619506633
12719,0.000171738619506633
12718,0.000171738619506633
12717,0.000171738619506633
12716,0.000171738619506633
12715,0.000171738619506633
12714,0.000171738619506633
12713,0.000171738619506633
12712,0.000171738619506633
12711,0.000171738619506633
12710,0.000171738619506633
12709,0.000175289203651205
12708,0.000178897848777057
12707,0.000182565070097186
12706,0.000186291375532801
12705,0.000190077265339873
12704,0.000199348657181981
12703,0.000208966351162784
12702,0.00021893655584417
12701,0.000229265175299026
12700,0.000239957780877272
12699,0.000257420720351648
12698,0.000275803619845211
12697,0.000295123333686995
12696,0.000315394181505265
12695,0.000336627703467584
12694,0.000365900271768292
12693,0.000396855469225156
12692,0.000429496105664135
12691,0.000463814070016782
12690,0.000499789563967447
12689,0.000528863925741497
12688,0.000558995989102316
12687,0.000590170958346926
12686,0.000622368840855039
12685,0.000655564219152265
12684,0.000667164738264826
12683,0.000678897386093314
12682,0.000690760790784093
12681,0.000702753460385248
12680,0.000714873780888266
12679,0.00070613252400971
12678,0.000697452135697826
12677,0.000688833236008464
12676,0.00068027641795507
12675,0.000671782247732011
12674,0.000657839771188039
12673,0.000644041428726487
12672,0.000630390399609549
12671,0.000616889700014707
12670,0.00060354218340543
12669,0.000598461408001162
12668,0.000593403629687434
12667,0.000588369061741362
12666,0.000583357912344722
12665,0.000578370384584853
12664,0.000581573996411431
12663,0.000584787743625923
12662,0.000588011598368539
12661,0.000591245532230021
12660,0.000594489516250189
12659,0.000598097838336306
12658,0.000601723194761366
12657,0.000605365336966017
12656,0.000609024010531518
12655,0.00061269895521056
12654,0.000604498071496739
12653,0.000596358688725042
12652,0.000588281287359898
12651,0.000580266326431027
12650,0.000572314243676171
12649,0.000561084621811044
12648,0.000549979276109246
12647,0.000538999655788112
12646,0.0005281471156204
12645,0.000517422916684923
12644,0.000518918779238013
12643,0.000520417277325446
12642,0.000521918408817374
12641,0.000523422171552077
12640,0.000524928563335997
12639,0.000537270870718772
12638,0.00054977928431827
12637,0.000562451894779522
12636,0.000575286636719274
12635,0.000588281287359898
12634,0.000601234910887247
12633,0.000614346468268417
12632,0.000627613911923643
12631,0.00064103505191078
12630,0.000654607554685112
12629,0.000670054454745783
12628,0.000685686033566076
12627,0.000701498307097742
12626,0.000717487055124249
12625,0.000733647820291444
12624,0.000765101556640012
12623,0.000797069634165123
12622,0.00082950353274453
12621,0.00086235135007657
12620,0.000895557928857076
12619,0.000940625379194816
12618,0.000986227952513081
12617,0.00103223016253811
12616,0.0010784883274395
12615,0.0011248512325526
12614,0.00116923161397191
12613,0.00121359339235352
12612,0.00125779382326284
12611,0.00130168470185965
12610,0.00134511309905086
12609,0.00137817038903051
12608,0.00141076262150907
12607,0.00144281624774846
12606,0.00147425734542835
12605,0.0015050118926564
12604,0.00152832674131865
12603,0.0015511926419171
12602,0.00157357445627119
12601,0.00159543721802087
12600,0.00161674622534572
12599,0.00163383370067898
12598,0.00165045351774187
12597,0.00166658780243807
12596,0.00168221907713171
12595,0.00169733029210217
12594,0.00170798412540988
12593,0.00171834787937262
12592,0.00172841547595807
12591,0.00173818098596031
12590,0.00174763863481155
12589,0.0017582756748347
12588,0.0017685171284308
12587,0.00177835448917543
12586,0.00178777952105889
12585,0.00179678427022658
12584,0.00180319900266231
12583,0.00180934820077087
12582,0.0018152289954695
12581,0.00182083863667452
12580,0.00182617449544421
12579,0.00183123406603178
12578,0.00183601496784614
12577,0.00184051494731851
12576,0.00184473187967252
12575,0.00184866377059624
12574,0.00185078186545896
12573,0.00185280594708082
12572,0.00185473570183116
12571,0.00185657083048092
12570,0.00185831104827992
12569,0.00185914511057379
12568,0.00185996809120952
12567,0.0018607799517291
12566,0.001861580654129
12565,0.00186237016086461
12564,0.00185950399380688
12563,0.00185642086498462
12562,0.0018531222081147
12561,0.00184960953750771
12560,0.0018458844468678
12559,0.00184215119636529
12558,0.00183812289664553
12557,0.00183380119978067
12556,0.00182918791224101
12555,0.00182428499357429
12554,0.0018227273814068
12553,0.00182114734942758
12552,0.0018195449582635
12551,0.00181792026936287
12550,0.00181627334499148
12549,0.0018125521819019
12548,0.00180874189910589
12547,0.00180484328313962
12546,0.00180085713507785
12545,0.00179678427022658
12544,0.00177823645488165
12543,0.00175818993254645
12542,0.00173672090603449
12541,0.00171390925367498
12540,0.00168983796431913
12539,0.00164834339369624
12538,0.00160366127877302
12537,0.00155613907023614
12536,0.0015061346299949
12535,0.00145401179512254
12534,0.00139748178369662
12533,0.00133888676642175
12532,0.00127866506427538
12531,0.00121725337073214
12530,0.0011550813670805
12529,0.00111675451336425
12528,0.00107821942724024
12527,0.00103959275125771
12526,0.00100098813674954
12525,0.000962515544297921
12524,0.000960439300247486
12523,0.000958363361104328
12522,0.000956287783052323
12521,0.000954212622074716
12520,0.000952137933949761
12519,0.000974177745822004
12518,0.000996335470154801
12517,0.00101859615034536
12516,0.00104094436973132
12515,0.00106336426584969
12514,0.00108377130430933
12513,0.00110422947626036
12512,0.00112472614440016
12511,0.00114524836309185
12510,0.00116578288962958
12509,0.00117602543541562
12508,0.00118625207022511
12507,0.00119646075333416
12506,0.00120664943368868
12505,0.00121681605069753
12504,0.00122089211064288
12503,0.00122496588466887
12502,0.00122903725895303
12501,0.0012331061193876
12500,0.00123717235158466
12499,0.00125936443276713
12498,0.0012814044117341
12497,0.00130327032500829
12496,0.00132494013269043
12495,0.00134639176090728
12494,0.00139430350787475
12493,0.0014407616931393
12492,0.00148551730655429
12491,0.00152832719976959
12490,0.00156895656351139
12489,0.00161482273522723
12488,0.00165756289685957
12487,0.0016968615354199
12486,0.00173242331622161
12485,0.00176397677108932
12484,0.00178754676457408
12483,0.00180839489636088
12482,0.00182639876740673
12481,0.00184144940606974
12480,0.00185345238424884
12479,0.00185920911766512
12478,0.00186324435299716
12477,0.00186554681880061
12476,0.00186611007639533
12475,0.00186493254986499
12474,0.00186179210300355
12473,0.00185671364000783
12472,0.00184971305227164
12471,0.00184081219823406
12470,0.00183003878966964
12469,0.0018183606212977
12468,0.00180481589240279
12467,0.00178944248404709
12466,0.00177228425579487
12465,0.00175339082814473
12464,0.00173973946657105
12463,0.0017253691249284
12462,0.00171029853800185
12461,0.00169454733519079
12460,0.00167813599640012
12459,0.00167242457142608
12458,0.0016666458346579
12457,0.00166080061918355
12456,0.00165488976555299
12455,0.00164891412157734
12454,0.00164891412157734
12453,0.00164891412157734
12452,0.00164891412157734
12451,0.00164891412157734
12450,0.00164891412157734
12449,0.00165041406003413
12448,0.00165190998909199
12447,0.00165340189537965
12446,0.00165488976555299
12445,0.0016563735862953
12444,0.00165013146428679
12443,0.00164382894576369
12442,0.00163746713494851
12441,0.00163104714088637
12440,0.00162457007708767
12439,0.00160508766958296
12438,0.0015851225283976
12437,0.00156470218503418
12436,0.00154385438557457
12435,0.00152260702608208
12434,0.00149252966848267
12433,0.0014616819434556
12432,0.0014301367186932
12431,0.00139796725366091
12430,0.0013652469208647
12429,0.00134014448078031
12428,0.0013147255411458
12427,0.00128902542853541
12426,0.0012630794240174
12425,0.00123692267329295
12424,0.00122682426320211
12423,0.00121669913435021
12422,0.0012065493618543
12421,0.00119637701327758
12420,0.00118618414781279
12419,0.00119027375415356
12418,0.00119436191865708
12417,0.00119844852979581
12416,0.00120253347572056
12415,0.00120661664426536
12414,0.00121270147972472
12413,0.00121877504238765
12412,0.00122483679059098
12411,0.00123088618191509
12410,0.00123692267329295
12409,0.00124508174410615
12408,0.00125323651857553
12407,0.00126138597119237
12406,0.00126952906763561
12405,0.00127766476497995
12404,0.00128966662900835
12403,0.00130161648400126
12402,0.00131351079902562
12401,0.00132534603803749
12400,0.00133711866185348
12399,0.00135482956914557
12398,0.00137241423948609
12397,0.00138986173031078
12396,0.00140716106735737
12395,0.00142430125587311
12394,0.00143939447715463
12393,0.00145434552980584
12392,0.00146914669460308
12391,0.00148379026682352
12390,0.00149826856282555
12389,0.00150385841441976
12388,0.00150942746094881
12387,0.00151497515523668
12386,0.00152050094932366
12385,0.00152600429456964
12384,0.00151517811997577
12383,0.00150425964659614
12382,0.00149325242300712
12381,0.0014821599977283
12380,0.001470985917279
12379,0.0014562040305707
12378,0.00144127129199059
12377,0.00142619541930789
12376,0.00141098413907715
12375,0.00139564518016156
12374,0.00139385771953575
12373,0.00139206429219945
12372,0.0013902649565719
12371,0.00138845977128161
12370,0.00138664879516092
12369,0.00139439299039602
12368,0.00140210745481383
12367,0.00140979121866115
12366,0.00141744331165203
12365,0.00142506276316725
12364,0.00143815975594415
12363,0.00145113136242446
12362,0.00146397212175628
12361,0.00147667660273519
12360,0.00148923940801205
12359,0.00150880348565661
12358,0.00152800233070398
12357,0.00154681611515038
12356,0.00156522527944238
12355,0.00158321056793851
12354,0.00160553820596744
12353,0.00162712127171808
12352,0.00164792273939602
12351,0.00166790671973018
12350,0.00168703856629765
12349,0.00171031489664394
12348,0.00173232328098217
12347,0.00175300000949448
12346,0.00177228425579487
12345,0.0017901183811475
12344,0.00180074252657619
12343,0.00181072250104834
12342,0.00182004571359431
12341,0.00182870028479698
12340,0.00183667507234366
12339,0.00183561090148988
12338,0.00183453644717222
12337,0.0018334517560654
12336,0.00183235687521208
12335,0.00183125185201773
12334,0.00181908355735092
12333,0.00180566576519729
12332,0.00179103554904032
12331,0.00177523254881164
12330,0.0017582987800975
12329,0.0017346240755444
12328,0.00170884015008644
12327,0.00168105097774167
12326,0.00165136738262343
12325,0.00161990630398304
12324,0.00159863955172254
12323,0.00157659205890344
12322,0.00155380223138613
12321,0.00153030964802452
12320,0.00150615493470499
12319,0.00150302358760726
12318,0.00149986123606876
12317,0.00149666829417513
12316,0.00149344518135332
12315,0.00149019232221799
12314,0.00150445621027631
12313,0.00151852444397899
12312,0.00153238919356519
12311,0.00154604270871563
12310,0.00155947732633959
12309,0.00157933149680147
12308,0.00159866830388799
12307,0.00161746344604965
12306,0.00163569317272198
12305,0.00165333433630589
12304,0.0016692776962477
12303,0.0016847147473468
12302,0.00169962866007578
12301,0.00171400307000917
12300,0.00172782210768667
12299,0.00173789694087798
12298,0.00174767335485814
12297,0.00175714493303857
12296,0.00176630541158558
12295,0.0017751486865015
12294,0.00177618311090654
12293,0.0017772123702585
12292,0.00177823645488165
12291,0.00177925535514501
12290,0.00178026906146262
12289,0.00177475958539719
12288,0.0017691238126716
12287,0.00176336336928815
12286,0.00175747990797459
12285,0.00175147510733538
12284,0.00174107042776137
12283,0.00173027378419504
12282,0.00171909325117755
12281,0.0017075371531182
12280,0.00169561405397877
12279,0.00168194643479408
12278,0.00166784896535086
12277,0.00165333433630589
12276,0.00163841553325092
12275,0.00162310581740834
12274,0.00161717125995369
12273,0.0016111648959104
12272,0.00160508766958296
12271,0.00159894053774591
12270,0.00159272446933558
12269,0.00158782397706764
12268,0.00158289232736856
12267,0.00157792990465553
12266,0.0015729370948384
12265,0.00156791428527012
12264,0.00155048203649589
12263,0.0015327680827636
12262,0.00151478928327053
12261,0.00149656250947676
12260,0.00147810461771297
12259,0.00145820697743866
12258,0.00143799095310693
12257,0.00141747677622651
12256,0.00139668480024067
12255,0.00137563546530892
12254,0.0013698161653312
12253,0.0013639817414601
12252,0.00135813259736286
12251,0.00135226913626537
12250,0.00134639176090728
12249,0.00135813259736286
12248,0.0013698161653312
12247,0.00138143923732999
12246,0.00139299857954219
12245,0.00140449095327623
12244,0.00141970434114862
12243,0.00143478522046475
12242,0.00144972590198791
12241,0.00146451870319957
12240,0.00147915595476822
12239,0.00148480956399679
12238,0.00149044433308696
12237,0.00149605971918892
12236,0.00150165517829421
12235,0.0015072301653347
12234,0.00151278413428285
12233,0.00151831653825301
12232,0.00152382682960375
12231,0.00152931446004142
12230,0.00153477888072446
12229,0.00154866128918487
12228,0.00156234395662726
12227,0.00157581939633288
12226,0.00158908018620773
12225,0.00160211897554652
12224,0.00162696137859024
12223,0.00165075255674853
12222,0.00167343765049147
12221,0.00169496423357753
12220,0.00171528252985717
12219,0.00173512017206527
12218,0.00175373323735835
12217,0.0017710775857207
12216,0.00178711179124479
12215,0.00180179730688482
12214,0.00180568642540791
12213,0.00180948841363987
12212,0.00181320247478778
12211,0.0018168278262626
12210,0.00182036369998271
12209,0.0018136245837161
12208,0.00180653640460888
12207,0.00179910413791401
12206,0.00179133295645786
12205,0.00178322822448479
12204,0.00177148465997634
12203,0.00175898018925187
12202,0.00174573103263904
12201,0.00173175440615499
12200,0.00171706848299337
12199,0.0017070050181182
12198,0.00169663346722742
12197,0.00168595986075602
12196,0.00167499040674616
12195,0.00166373148439717
12194,0.00165932902635797
12193,0.00165488976555299
12192,0.00165041406003413
12191,0.00164590227008686
12190,0.00164135475818207
12189,0.00164135475818207
12188,0.00164135475818207
12187,0.00164135475818207
12186,0.00164135475818207
12185,0.00164135475818207
12184,0.00163496340032825
12183,0.00162851407872133
12182,0.00162200790959295
12181,0.00161544601326
12180,0.00160882951376889
12179,0.00159435097666337
12178,0.00157958744099221
12177,0.00156454927094713
12176,0.00154924694894163
12175,0.00153369106351792
12174,0.00150880348565661
12173,0.00148339780852571
12172,0.00145751587211105
12171,0.00143119961287354
12170,0.00140449095327623
12169,0.00138737137761867
12168,0.00137008161184016
12167,0.00135263304230361
12166,0.00133503706568386
12165,0.00131730507578264
12164,0.00131730507578264
12163,0.00131730507578264
12162,0.00131730507578264
12161,0.00131730507578264
12160,0.00131730507578264
12159,0.00132524664340992
12158,0.00133316685882394
12157,0.00134106476943289
12156,0.00134893942046182
12155,0.00135678985513839
12154,0.00134697299058132
12153,0.00133711866185348
12152,0.00132722873620499
12151,0.00131730507578264
12150,0.00130734953706562
12149,0.00128727061296748
12148,0.00126710732231162
12147,0.00124687433593175
12146,0.00122658612370416
12145,0.00120625693881605
12144,0.00119002751586206
12143,0.00117375618055497
12142,0.00115745059481536
12141,0.00114111835042638
12140,0.00112476696281227
12139,0.0011206718507634
12138,0.0011165731867364
12137,0.00111247117724961
12136,0.0011083660283443
12135,0.00110425794555833
12134,0.00110631906855835
12133,0.00110837860045473
12132,0.00111043648041958
12131,0.00111249264754578
12130,0.00111454704085221
12129,0.0011206718507634
12128,0.00112680327512852
12127,0.00113294090072342
12126,0.00113908430981556
12125,0.00114523308020199
12124,0.00115956329569931
12123,0.00117387210644445
12122,0.0011881543194531
12121,0.00120240469956194
12120,0.00121661797287811
12119,0.00124092132915229
12118,0.00126509382098875
12117,0.00128910957203938
12116,0.00131294248837374
12115,0.00133656630689062
12114,0.00136203364241981
12113,0.00138722707698061
12112,0.00141211373011791
12111,0.00143666063036449
12110,0.00146083478637892
12109,0.00147388488491896
12108,0.00148682627146641
12107,0.00149965345824701
12106,0.00151236095423936
12105,0.00152494326909593
12104,0.00151413546527862
12103,0.00150323633443349
12102,0.00149224941043575
12101,0.00148117822632362
12100,0.00147002631237793
12099,0.00143835508094293
12098,0.00140608121430455
12097,0.00137327908800563
12096,0.00134002266417279
12095,0.00130638522520854
12094,0.00126651459636143
12093,0.00122627609182005
12092,0.00118578361582699
12091,0.00114514835098499
12090,0.00110447828381261
12089,0.00107804493066319
12088,0.00105164209694147
12087,0.00102529842899241
12086,0.00099904181894858
12085,0.000972899358212381
12084,0.000966824656344587
12083,0.00096075456610242
12082,0.000954689549281003
12081,0.000948630064257974
12080,0.00094257656591822
12079,0.000950539124837605
12078,0.000958519174388609
12077,0.000966516029193142
12076,0.00097452899550846
12075,0.000982557371301929
12074,0.000990535257540945
12073,0.00099853455155022
12072,0.0010065545126765
12071,0.0010145943876649
12070,0.00102265341072067
12069,0.00102052587859536
12068,0.00101839815533094
12067,0.00101627044893643
12066,0.00101414296616635
12065,0.00101201591246497
12064,0.000999881913197502
12063,0.000987787562397333
12062,0.000975735310791778
12061,0.000963727556257376
12060,0.000951766643344575
12059,0.000939932412095708
12058,0.000928161078750994
12057,0.000916455069661145
12056,0.000904816729513365
12055,0.000893248321290634
12054,0.000889232568088547
12053,0.000885220831803113
12052,0.000881213282975895
12051,0.000877210090944465
12050,0.000873211423825157
12049,0.000874952593170092
12048,0.000876703110050594
12047,0.000878462924376774
12046,0.000880231983511863
12045,0.000882010232255496
12044,0.000882010232255496
12043,0.000882010232255496
12042,0.000882010232255496
12041,0.000882010232255496
12040,0.000882010232255496
12039,0.000884148419621686
12038,0.000886290976811307
12037,0.000888437715979029
12036,0.000890588447348334
12035,0.000892742979256859
12034,0.000902657064035304
12033,0.000912599055436213
12032,0.000922567375002536
12031,0.000932560420410279
12030,0.00094257656591822
12029,0.000948464491340853
12028,0.000954368011465966
12027,0.000960286818128232
12026,0.000966220598096824
12025,0.000972169033081661
12024,0.000960211889109451
12023,0.000948302618978819
12022,0.000936443464735787
12021,0.000924636614347381
12020,0.000912884201406986
12019,0.000891292205034671
12018,0.000869869250628206
12017,0.000848627895144225
12016,0.000827580180055803
12015,0.000806737625261016
12014,0.000799211544532628
12013,0.000791714562436673
12012,0.000784247180933603
12011,0.000776809892672982
12010,0.000769403180979593
12009,0.000773102684912172
12008,0.000776809892672982
12007,0.000780524744721498
12006,0.000784247180933603
12005,0.00078797714060203
12004,0.000786252549516398
12003,0.000784532653679698
12002,0.000782817467025039
12001,0.000781107003148124
12000,0.000779401275308802
11999,0.000768154598589376
11998,0.000756972437420523
11997,0.000745856789188184
11996,0.000734809597216287
11995,0.000723832750381734
11994,0.000716661311405104
11993,0.000709524079716384
11992,0.000702421452164785
11991,0.000695353816273534
11990,0.000688321550253275
11989,0.000688155037305134
11988,0.000687990562054558
11987,0.000687828132292402
11986,0.00068766775571765
11985,0.000687509439936862
11984,0.000691025278831366
11983,0.000694550059499037
11982,0.000698083735585277
11981,0.000701626260151166
11980,0.000705177585673038
11979,0.000701626260151166
11978,0.000698083735585277
11977,0.000694550059499037
11976,0.000691025278831366
11975,0.000687509439936862
11974,0.000675436134599664
11973,0.000663482200020766
11972,0.000651649182712745
11971,0.000639938535469871
11970,0.00062835161839961
11969,0.000613399939513232
11968,0.000598646643955377
11967,0.000584094622689089
11966,0.000569746539996237
11965,0.000555604836220547
11964,0.000544749843501497
11963,0.00053402199719844
11962,0.000523422171552077
11961,0.000512951163054511
11960,0.000502609691490768
11959,0.000495302594197436
11958,0.000488062128807897
11957,0.00048088848756762
11956,0.000473781843758901
11955,0.000466742351923766
11954,0.000465342524087347
11953,0.000463945388829575
11952,0.000462550947121276
11951,0.000461159199904227
11950,0.000459770148091125
11949,0.000459770148091125
11948,0.000459770148091125
11947,0.000459770148091125
11946,0.000459770148091125
11945,0.000459770148091125
11944,0.000454444645767653
11943,0.000449165295519633
11942,0.000443932045782053
11941,0.000438744836899048
11940,0.000433603601278227
11939,0.000423021806909388
11938,0.000412612757103714
11937,0.000402376460964289
11936,0.000392312821337209
11935,0.000382421637527045
11934,0.000368123204801687
11933,0.000354211067721836
11932,0.000340682530922001
11931,0.000327534478240927
11930,0.000314763396327466
11929,0.000299860842044069
11928,0.000285470312773611
11927,0.000271586230002744
11926,0.000258202292677795
11925,0.000245311527279177
11924,0.000236347316580134
11923,0.000227630502973347
11922,0.000219158030537336
11921,0.000210926701386122
11920,0.000202933185208328
11919,0.000200631662642696
11918,0.000198350448606494
11917,0.000196089444692576
11916,0.000193848551853277
11915,0.000191627670419258
11914,0.000194761419416903
11913,0.000197935220384897
11912,0.000201149316821483
11911,0.000204403947530707
11910,0.000207699346470281
11909,0.000212257396950896
11908,0.000216897319767317
11907,0.000221619998943407
11906,0.000226426309409945
11905,0.000231317116284361
11904,0.000235428257264667
11903,0.000239599485195563
11902,0.000243831307461144
11901,0.000248124225445728
11900,0.00025247873419391
11899,0.000253391653168341
11898,0.000254307045813049
11897,0.000255224915097879
11896,0.000256145263979146
11895,0.000257068095399628
11894,0.000256895322065751
11893,0.000256724969710519
11892,0.000256557041187401
11891,0.000256391539306256
11890,0.000256228466833403
11889,0.000251644119191152
11888,0.000247121650273114
11887,0.000242660678578855
11886,0.000238260814578596
11885,0.000233921660983984
11884,0.000223233654659951
11883,0.00021294316319561
11882,0.00020304140510769
11881,0.000193519393148124
11880,0.000184367967333635
11879,0.000173884977076424
11878,0.000163878328397117
11877,0.000154334797507477
11876,0.000145240941563869
11875,0.000136583149510808
11874,0.000130366804964046
11873,0.000124380647659328
11872,0.000118619102859191
11871,0.000113076570697533
11870,0.000107747436651481
11869,0.000106707681952082
11868,0.0001056772808035
11867,0.000104656175479174
11866,0.000103644308122303
11865,0.000102641620755559
11864,0.000103989105477
11863,0.000105351188764676
11862,0.000106727981379895
11861,0.000108119594229868
11860,0.000109526138356484
11859,0.000111794729884989
11858,0.000114104673813614
11857,0.000116456540690588
11856,0.00011885090340397
11855,0.000121288337011778
11854,0.00012169651568663
11853,0.000122107761713882
11852,0.0001225220911827
11851,0.000122939520224091
11850,0.000123360065010193
11849,0.000120465382691878
11848,0.000117635824776759
11847,0.000114870211525852
11846,0.000112167370736824
11845,0.000109526138356484
11844,0.000102407652237246
11843,9.568925400297e-05
11842,8.93538132116477e-05
11841,8.33844842081351e-05
11840,7.77647424808052e-05
11839,7.11958683289386e-05
11838,6.51011173320888e-05
11837,5.94543561182806e-05
11836,5.42301135081213e-05
11835,4.94036427540045e-05
11834,4.57789288731305e-05
11833,4.23868718394463e-05
11832,3.92155156441784e-05
11831,3.62532639572337e-05
11830,3.3488891423642e-05
11829,3.27627443760575e-05
11828,3.2050865047989e-05
11827,3.13530203163334e-05
11826,3.06689794969751e-05
11825,2.99985143579616e-05
11824,3.06689794969751e-05
11823,3.13530203163334e-05
11822,3.2050865047989e-05
11821,3.27627443760575e-05
11820,3.3488891423642e-05
11819,3.43574253327487e-05
11818,3.52456059362772e-05
11817,3.61537941754295e-05
11816,3.70823553418722e-05
11815,3.80316590689722e-05
11814,3.80827728286522e-05
11813,3.81347573338451e-05
11812,3.8187613825586e-05
11811,3.82413435624698e-05
11810,3.82959478205242e-05
11809,3.86834453481071e-05
11808,3.90743541973326e-05
11807,3.94686985935905e-05
11806,3.98665028718251e-05
11805,4.02677914763756e-05
11804,4.20274104289823e-05
11803,4.38552622629005e-05
11802,4.57534476146845e-05
11801,4.77241008552643e-05
11800,4.97693889108249e-05
11799,5.27408114606696e-05
11798,5.58635257643577e-05
11797,5.91434851464577e-05
11796,6.25867670678034e-05
11795,6.61995687256173e-05
11794,6.76641043597185e-05
11793,6.91581375375545e-05
11792,7.06821587573107e-05
11791,7.2236663321806e-05
11790,7.38221512773254e-05
11789,7.13063448171502e-05
11788,6.88659886611208e-05
11787,6.64993745618637e-05
11786,6.42048060596602e-05
11785,6.19805997676529e-05
11784,5.91130249602972e-05
11783,5.63597052660241e-05
11782,5.37170757856369e-05
11781,5.11816322955799e-05
11780,4.87499328731322e-05
11779,4.68188741852832e-05
11778,4.49544330086799e-05
11777,4.31547827637446e-05
11776,4.14181255061898e-05
11775,3.97426924652282e-05
11774,3.91955460869847e-05
11773,3.86560365939454e-05
11772,3.81240660935023e-05
11771,3.75995376618441e-05
11770,3.70823553418722e-05
11769,3.62532639572337e-05
11768,3.54442918367556e-05
11767,3.46549748532162e-05
11766,3.38848576139755e-05
11765,3.31334933978764e-05
11764,3.05089754905049e-05
11763,2.80785060333737e-05
11762,2.58293529443203e-05
11761,2.37494427048374e-05
11760,2.1827345263625e-05
11759,1.97227762580157e-05
11758,1.78004331974309e-05
11757,1.6046870968578e-05
11756,1.44493853023529e-05
11755,1.29959983889518e-05
11754,1.27212509736615e-05
11753,1.24528915664239e-05
11752,1.2190783030146e-05
11751,1.19347905516026e-05
11750,1.16847816295098e-05
11749,1.23748683413141e-05
11748,1.31014385082866e-05
11747,1.38661466083366e-05
11746,1.46707055898577e-05
11745,1.55168879863036e-05
11744,1.61960449019556e-05
11743,1.69024701989211e-05
11742,1.76371255073196e-05
11741,1.84009994969663e-05
11740,1.91951082949714e-05
11739,1.9164652299314e-05
11738,1.91347308198485e-05
11737,1.91053427169227e-05
11736,1.90764868693186e-05
11735,1.90481621743087e-05
11734,1.88684125131433e-05
11733,1.86907444947659e-05
11732,1.85151341714599e-05
11731,1.83415578440799e-05
11730,1.81699920603041e-05
11729,1.79709297344301e-05
11728,1.77738159835012e-05
11727,1.75786345579458e-05
11726,1.73853693111965e-05
11725,1.71940041993936e-05
11724,1.65947979829329e-05
11723,1.60165950075969e-05
11722,1.54586969776765e-05
11721,1.49204258055313e-05
11720,1.44011232120322e-05
11719,1.32098056272226e-05
11718,1.21103216987574e-05
11717,1.10962882629767e-05
11716,1.01616962335376e-05
11715,0
11714,0
11713,0
11712,0
11711,0
11710,0
11709,0
11708,0
11707,0
11706,0
11705,0
11704,0
11703,0
11702,0
11701,0
11700,0
11699,0
11698,0
11697,0
11696,0
11695,0
11694,0
11693,0
11692,0
11691,0
11690,0
11689,0
11688,0
11687,0
11686,0
11685,0
11684,0
11683,0
11682,0
11681,0
11680,0
11679,0
11678,0
11677,0
11676,0
11675,0
11674,0
11673,0
11672,0
11671,0
11670,0
11669,0
11668,0
11667,0
11666,0
11665,0
11664,0
11663,0
11662,0
11661,0
11660,0
11659,0
11658,1.04005018897328e-05
11657,1.09942254813865e-05
11656,1.16190655419609e-05
11655,1.2276465925189e-05
11654,1.23197933631783e-05
11653,1.23636373473024e-05
11652,1.24080020201139e-05
11651,1.24528915664239e-05
11650,1.24983102136361e-05
11649,1.20151009483691e-05
11648,1.15525258344177e-05
11647,1.11097038439041e-05
11646,1.06857888806729e-05
11645,1.02799686715976e-05
11644,0
11643,0
11642,0
11641,0
11640,0
11639,0
11638,0
11637,0
11636,0
11635,0
11634,0
11633,0
11632,0
11631,0
11630,0
11629,0
11628,0
11627,0
11626,0
11625,0
11624,0
11623,0
11622,0
11621,0
11620,0
11619,0
11618,0
11617,0
11616,0
11615,0
11614,0
11613,0
11612,0
11611,0
11610,0
11609,0
11608,0
11607,0
11606,0
11605,0
11604,0
11603,0
11602,0
11601,0
11600,0
11599,0
11598,0
11597,0
11596,0
11595,0
11594,0
11593,0
11592,0
11591,0
11590,0
11589,0
11588,0
11587,0
11586,0
11585,0
11584,0
11583,0
11582,0
11581,0
11580,0
11579,0
11578,0
11577,0
11576,0
11575,0
11574,0
11573,0
11572,0
11571,0
11570,0
11569,0
11568,0
11567,0
11566,0
11565,0
11564,0
11563,0
11562,0
11561,0
11560,0
11559,0
11558,0
11557,0
11556,0
11555,0
11554,0
11553,0
11552,0
11551,0
11550,0
11549,0
11548,0
11547,0
11546,0
11545,0
11544,0
11543,0
11542,0
11541,0
11540,0
11539,0
11538,0
11537,0
11536,0
11535,0
11534,0
11533,0
11532,0
11531,0
11530,0
11529,0
11528,0
11527,0
11526,0
11525,0
11524,0
11523,0
11522,0
11521,0
11520,0
11519,0
11518,0
11517,0
11516,0
11515,0
11514,0
11513,0
11512,0
11511,0
11510,0
11509,0
11508,0
11507,0
11506,0
11505,0
11504,0
11503,0
11502,0
11501,0
11500,0
11499,0
11498,0
11497,0
11496,0
11495,0
11494,0
11493,0
11492,0
11491,0
11490,0
11489,0
11488,0
11487,0
11486,0
11485,0
11484,0
11483,0
11482,0
11481,0
11480,0
11479,0
11478,0
11477,0
11476,0
11475,0
11474,0
11473,0
11472,0
11471,0
11470,0
11469,0
11468,0
11467,0
11466,0
11465,0
11464,0
11463,0
11462,0
11461,0
11460,0
11459,0
11458,0
11457,0
11456,0
11455,0
11454,0
11453,0
11452,0
11451,0
11450,0
11449,0
11448,0
11447,0
11446,0
11445,0
11444,0
11443,0
11442,0
11441,0
11440,0
11439,0
11438,0
11437,0
11436,0
11435,0
11434,0
11433,0
11432,0
11431,0
11430,0
11429,0
11428,0
11427,0
11426,0
11425,0
11424,0
11423,0
11422,0
11421,0
11420,0
11419,0
11418,0
11417,0
11416,0
11415,0
11414,0
11413,0
11412,0
11411,0
11410,0
11409,0
11408,0
11407,0
11406,0
11405,0
11404,0
11403,0
11402,0
11401,0
11400,0
11399,0
11398,0
11397,0
11396,0
11395,0
11394,0
11393,0
11392,0
11391,0
11390,0
11389,0
11388,0
11387,0
11386,0
11385,0
11384,0
11383,0
11382,0
11381,0
11380,0
11379,0
11378,0
11377,0
11376,0
11375,0
11374,0
11373,0
11372,0
11371,0
11370,0
11369,0
11368,0
11367,0
11366,0
11365,0
11364,0
11363,0
11362,0
11361,0
11360,0
11359,0
11358,0
11357,0
11356,0
11355,0
11354,0
11353,0
11352,0
11351,0
11350,0
11349,0
11348,0
11347,0
11346,0
11345,0
11344,0
11343,0
11342,0
11341,0
11340,0
11339,0
11338,0
11337,0
11336,0
11335,0
11334,0
11333,0
11332,0
11331,0
11330,0
11329,0
11328,0
11327,0
11326,0
11325,0
11324,0
11323,0
11322,0
11321,0
11320,0
11319,0
11318,0
11317,0
11316,0
11315,0
11314,0
11313,0
11312,0
11311,0
11310,0
11309,0
11308,0
11307,0
11306,0
11305,0
11304,0
11303,0
11302,0
11301,0
11300,0
11299,0
11298,0
11297,0
11296,0
11295,0
11294,0
11293,0
11292,0
11291,0
11290,0
11289,0
11288,0
11287,0
11286,0
11285,0
11284,0
11283,0
11282,0
11281,0
11280,0
11279,0
11278,0
11277,0
11276,0
11275,0
11274,0
11273,0
11272,0
11271,0
11270,0
11269,0
11268,0
11267,0
11266,0
11265,0
11264,0
11263,0
11262,0
11261,0
11260,0
11259,0
11258,0
11257,0
11256,0
11255,0
11254,0
11253,0
11252,0
11251,0
11250,0
11249,0
11248,0
11247,0
11246,0
11245,0
11244,0
11243,0
11242,0
11241,0
11240,0
11239,0
11238,0
11237,0
11236,0
11235,0
11234,0
11233,0
11232,0
11231,0
11230,0
11229,0
11228,0
11227,0
11226,0
11225,0
11224,0
11223,0
11222,0
11221,0
11220,0
11219,0
11218,0
11217,0
11216,0
11215,0
11214,0
11213,0
11212,0
11211,0
11210,0
11209,0
11208,0
11207,0
11206,0
11205,0
11204,0
11203,0
11202,0
11201,0
11200,0
11199,0
11198,0
11197,0
11196,0
11195,0
11194,0
11193,0
11192,0
11191,0
11190,0
11189,0
11188,0
11187,0
11186,0
11185,0
11184,0
11183,0
11182,0
11181,0
11180,0
11179,0
11178,0
11177,0
11176,0
11175,0
11174,0
11173,0
11172,0
11171,0
11170,0
11169,0
11168,0
11167,0
11166,0
11165,0
11164,0
11163,0
11162,0
11161,0
11160,0
11159,0
11158,0
11157,0
11156,0
11155,0
11154,0
11153,0
11152,0
11151,0
11150,0
11149,0
11148,0
11147,0
11146,0
11145,0
11144,0
11143,0
11142,0
11141,0
11140,0
11139,0
11138,0
11137,0
11136,0
11135,0
11134,0
11133,0
11132,0
11131,0
11130,0
11129,0
11128,0
11127,0
11126,0
11125,0
11124,0
11123,0
11122,0
11121,0
11120,0
11119,0
11118,0
11117,0
11116,0
11115,0
11114,0
11113,0
11112,0
11111,0
11110,0
11109,0
11108,0
11107,0
11106,0
11105,0
11104,0
11103,0
11102,0
11101,0
11100,0
11099,0
11098,0
11097,0
11096,0
11095,0
11094,0
11093,0
11092,0
11091,0
11090,0
11089,0
11088,0
11087,0
11086,0
11085,0
11084,0
11083,0
11082,0
11081,0
11080,0
11079,0
11078,0
11077,0
11076,0
11075,0
11074,0
11073,0
11072,0
11071,0
11070,0
11069,0
11068,0
11067,0
11066,0
11065,0
11064,0
11063,0
11062,0
11061,0
11060,0
11059,0
11058,0
11057,0
11056,0
11055,0
11054,0
11053,0
11052,0
11051,0
11050,0
11049,0
11048,0
11047,0
11046,0
11045,0
11044,0
11043,0
11042,0
11041,0
11040,0
11039,0
11038,0
11037,0
11036,0
11035,0
11034,0
11033,0
11032,0
11031,0
11030,0
11029,0
11028,0
11027,0
11026,0
11025,0
11024,0
11023,0
11022,0
11021,0
11020,0
11019,0
11018,0
11017,0
11016,0
11015,0
11014,0
11013,0
11012,0
11011,0
11010,0
11009,0
11008,0
11007,0
11006,0
11005,0
11004,0
11003,0
11002,0
11001,0
11000,0
10999,0
10998,0
10997,0
10996,0
10995,0
10994,0
10993,0
10992,0
10991,0
10990,0
10989,0
10988,0
10987,0
10986,0
10985,0
10984,0
10983,0
10982,0
10981,0
10980,0
10979,0
10978,0
10977,0
10976,0
10975,0
10974,0
10973,0
10972,0
10971,0
10970,0
10969,0
10968,0
10967,0
10966,0
10965,0
10964,0
10963,0
10962,0
10961,0
10960,0
10959,0
10958,0
10957,0
10956,0
10955,0
10954,0
10953,0
10952,0
10951,0
10950,0
10949,0
10948,0
10947,0
10946,0
10945,0
10944,0
10943,0
10942,0
10941,0
10940,0
10939,0
10938,0
10937,0
10936,0
10935,0
10934,0
10933,0
10932,0
10931,0
10930,0
10929,0
10928,0
10927,0
10926,0
10925,0
10924,0
10923,0
10922,0
10921,0
10920,0
10919,0
10918,0
10917,0
10916,0
10915,0
10914,0
10913,0
10912,0
10911,0
10910,0
10909,0
10908,0
10907,0
10906,0
10905,0
10904,0
10903,0
10902,0
10901,0
10900,0
10899,0
10898,0
10897,0
10896,0
10895,0
10894,0
10893,0
10892,0
10891,0
10890,0
10889,0
10888,0
10887,0
10886,0
10885,0
10884,0
10883,0
10882,0
10881,0
10880,0
10879,0
10878,0
10877,0
10876,0
10875,0
10874,0
10873,0
10872,0
10871,0
10870,0
10869,0
10868,0
10867,0
10866,0
10865,0
10864,0
10863,0
10862,0
10861,0
10860,0
10859,0
10858,0
10857,0
10856,0
10855,0
10854,0
10853,0
10852,0
10851,0
10850,0
10849,0
10848,0
10847,0
10846,0
10845,0
10844,0
10843,0
10842,0
10841,0
10840,0
10839,0
10838,0
10837,0
10836,0
10835,0
10834,0
10833,0
10832,0
10831,0
10830,0
10829,0
10828,0
10827,0
10826,0
10825,0
10824,0
10823,0
10822,0
10821,0
10820,0
10819,0
10818,0
10817,0
10816,0
10815,0
10814,0
10813,0
10812,0
10811,0
10810,0
10809,0
10808,0
10807,0
10806,0
10805,0
10804,0
10803,0
10802,0
10801,0
10800,0
10799,0
10798,0
10797,0
10796,0
10795,0
10794,0
10793,0
10792,0
10791,0
10790,0
10789,0
10788,0
10787,0
10786,0
10785,0
10784,0
10783,0
10782,0
10781,0
10780,0
10779,0
10778,0
10777,0
10776,0
10775,0
10774,0
10773,0
10772,0
10771,0
10770,0
10769,0
10768,0
10767,0
10766,0
10765,0
10764,0
10763,0
10762,0
10761,0
10760,0
10759,0
10758,0
10757,0
10756,0
10755,0
10754,0
10753,0
10752,0
10751,0
10750,0
10749,0
10748,0
10747,0
10746,0
10745,0
10744,0
10743,0
10742,0
10741,0
10740,0
10739,0
10738,0
10737,0
10736,0
10735,0
10734,0
10733,0
10732,0
10731,0
10730,0
10729,0
10728,0
10727,0
10726,0
10725,0
10724,0
10723,0
10722,0
10721,0
10720,0
10719,0
10718,0
10717,0
10716,0
10715,0
10714,0
10713,0
10712,0
10711,0
10710,0
10709,0
10708,0
10707,0
10706,0
10705,0
10704,0
10703,0
10702,0
10701,0
10700,0
10699,0
10698,0
10697,0
10696,0
10695,0
10694,0
10693,0
10692,0
10691,0
10690,0
10689,0
10688,0
10687,0
10686,0
10685,0
10684,0
10683,0
10682,0
10681,0
10680,0
10679,0
10678,0
10677,0
10676,0
10675,0
10674,0
10673,0
10672,0
10671,0
10670,0
10669,0
10668,0
10667,0
10666,0
10665,0
10664,0
10663,0
10662,0
10661,0
10660,0
10659,0
10658,0
10657,0
10656,0
10655,0
10654,0
10653,0
10652,0
10651,0
10650,0
10649,0
10648,0
10647,0
10646,0
10645,0
10644,0
10643,0
10642,0
10641,0
10640,0
10639,0
10638,0
10637,0
10636,0
10635,0
10634,0
10633,0
10632,0
10631,0
10630,0
10629,0
10628,0
10627,0
10626,0
10625,0
10624,0
10623,0
10622,0
10621,0
10620,0
10619,0
10618,0
10617,0
10616,0
10615,0
10614,0
10613,0
10612,0
10611,0
10610,0
10609,0
10608,0
10607,0
10606,0
10605,0
10604,0
10603,0
10602,0
10601,0
10600,0
10599,0
10598,0
10597,0
10596,0
10595,0
10594,0
10593,0
10592,0
10591,0
10590,0
10589,0
10588,0
10587,0
10586,0
10585,0
10584,0
10583,0
10582,0
10581,0
10580,0
10579,0
10578,0
10577,0
10576,0
10575,0
10574,0
10573,0
10572,0
10571,0
10570,0
10569,0
10568,0
10567,0
10566,0
10565,0
10564,0
10563,0
10562,0
10561,0
10560,0
10559,0
10558,0
10557,0
10556,0
10555,0
10554,0
10553,0
10552,0
10551,0
10550,0
10549,0
10548,0
10547,0
10546,0
10545,0
10544,0
10543,0
10542,0
10541,0
10540,0
10539,0
10538,0
10537,0
10536,0
10535,0
10534,0
10533,0
10532,0
10531,0
10530,0
10529,0
10528,0
10527,0
10526,0
10525,0
10524,0
10523,0
10522,0
10521,0
10520,0
10519,0
10518,0
10517,0
10516,0
10515,0
10514,0
10513,0
10512,0
10511,0
10510,0
10509,0
10508,0
10507,0
10506,0
10505,0
10504,0
10503,0
10502,0
10501,0
10500,0
10499,0
10498,0
10497,0
10496,0
10495,0
10494,0
10493,0
10492,0
10491,0
10490,0
10489,0
10488,0
10487,0
10486,0
10485,0
10484,0
10483,0
10482,0
10481,0
10480,0
10479,0
10478,0
10477,0
10476,0
10475,0
10474,0
10473,0
10472,0
10471,0
10470,0
10469,0
10468,0
10467,0
10466,0
10465,0
10464,0
10463,0
10462,0
10461,0
10460,0
10459,0
10458,0
10457,0
10456,0
10455,0
10454,0
10453,0
10452,0
10451,0
10450,0
10449,0
10448,0
10447,0
10446,0
10445,0
10444,0
10443,0
10442,0
10441,0
10440,0
10439,0
10438,0
10437,0
10436,0
10435,0
10434,0
10433,0
10432,0
10431,0
10430,0
10429,0
10428,0
10427,0
10426,0
10425,0
10424,0
10423,0
10422,0
10421,0
10420,0
10419,0
10418,0
10417,0
10416,0
10415,0
10414,0
10413,0
10412,0
10411,0
10410,0
10409,0
10408,0
10407,0
10406,0
10405,0
10404,0
10403,0
10402,0
10401,0
10400,0
10399,0
10398,0
10397,0
10396,0
10395,0
10394,0
10393,0
10392,0
10391,0
10390,0
10389,0
10388,0
10387,0
10386,0
10385,0
10384,0
10383,0
10382,0
10381,0
10380,0
10379,0
10378,0
10377,0
10376,0
10375,0
10374,0
10373,0
10372,0
10371,0
10370,0
10369,0
10368,0
10367,0
10366,0
10365,0
10364,0
10363,0
10362,0
10361,0
10360,0
10359,0
10358,0
10357,0
10356,0
10355,0
10354,0
10353,0
10352,0
10351,0
10350,0
10349,0
10348,0
10347,0
10346,0
10345,0
10344,0
10343,0
10342,0
10341,0
10340,0
10339,0
10338,0
10337,0
10336,0
10335,0
10334,0
10333,0
10332,0
10331,0
10330,0
10329,0
10328,0
10327,0
10326,0
10325,0
10324,0
10323,0
10322,0
10321,0
10320,0
10319,0
10318,0
10317,0
10316,0
10315,0
10314,0
10313,0
10312,0
10311,0
10310,0
10309,0
10308,0
10307,0
10306,0
10305,0
10304,0
10303,0
10302,0
10301,0
10300,0
10299,0
10298,0
10297,0
10296,0
10295,0
10294,0
10293,0
10292,0
10291,0
10290,0
10289,0
10288,0
10287,0
10286,0
10285,0
10284,0
10283,0
10282,0
10281,0
10280,0
10279,0
10278,0
10277,0
10276,0
10275,0
10274,0
10273,0
10272,0
10271,0
10270,0
10269,0
10268,0
10267,0
10266,0
10265,0
10264,0
10263,0
10262,0
10261,0
10260,0
10259,0
10258,0
10257,0
10256,0
10255,0
10254,0
10253,0
10252,0
10251,0
10250,0
10249,0
10248,0
10247,0
10246,0
10245,0
10244,0
10243,0
10242,0
10241,0
10240,0
10239,0
10238,0
10237,0
10236,0
10235,0
10234,0
10233,0
10232,0
10231,0
10230,0
10229,0
10228,0
10227,0
10226,0
10225,0
10224,0
10223,0
10222,0
10221,0
10220,0
10219,0
10218,0
10217,0
10216,0
10215,0
10214,0
10213,0
10212,0
10211,0
10210,0
10209,0
10208,0
10207,0
10206,0
10205,0
10204,0
10203,0
10202,0
10201,0
10200,0
10199,0
10198,0
10197,0
10196,0
10195,0
10194,0
10193,0
10192,0
10191,0
10190,0
10189,0
10188,0
10187,0
10186,0
10185,0
10184,0
10183,0
10182,0
10181,0
10180,0
10179,0
10178,0
10177,0
10176,0
10175,0
10174,0
10173,0
10172,0
10171,0
10170,0
10169,0
10168,0
10167,0
10166,0
10165,0
10164,0
10163,0
10162,0
10161,0
10160,0
10159,0
10158,0
10157,0
10156,0
10155,0
10154,0
10153,0
10152,0
10151,0
10150,0
10149,0
10148,0
10147,0
10146,0
10145,0
10144,0
10143,0
10142,0
10141,0
10140,0
10139,0
10138,0
10137,0
10136,0
10135,0
10134,0
10133,0
10132,0
10131,0
10130,0
10129,0
10128,0
10127,0
10126,0
10125,0
10124,0
10123,0
10122,0
10121,0
10120,0
10119,0
10118,0
10117,0
10116,0
10115,0
10114,0
10113,0
10112,0
10111,0
10110,0
10109,0
10108,0
10107,0
10106,0
10105,0
10104,0
10103,0
10102,0
10101,0
10100,0
10099,0
10098,0
10097,0
10096,0
10095,0
10094,0
10093,0
10092,0
10091,0
10090,0
10089,0
10088,0
10087,0
10086,0
10085,0
10084,0
10083,0
10082,0
10081,0
10080,0
10079,0
10078,0
10077,0
10076,0
10075,0
10074,0
10073,0
10072,0
10071,0
10070,0
10069,0
10068,0
10067,0
10066,0
10065,0
10064,0
10063,0
10062,0
10061,0
10060,0
10059,0
10058,0
10057,0
10056,0
10055,0
10054,0
10053,0
10052,0
10051,0
10050,0
10049,0
10048,0
10047,0
10046,0
10045,0
10044,0
10043,0
10042,0
10041,0
10040,0
10039,0
10038,0
10037,0
10036,0
10035,0
10034,0
10033,0
10032,0
10031,0
10030,0
10029,0
10028,0
10027,0
10026,0
10025,0
10024,0
10023,0
10022,0
10021,0
10020,0
10019,0
10018,0
10017,0
10016,0
10015,0
10014,0
10013,0
10012,0
10011,0
10010,0
10009,0
10008,0
10007,0
10006,0
10005,0
10004,0
10003,0
10002,0
10001,0
10000,0
9999,0
9998,0
9997,0
9996,0
9995,0
9994,0
9993,0
9992,0
9991,0
9990,0
9989,0
9988,0
9987,0
9986,0
9985,0
9984,0
9983,0
9982,0
9981,0
9980,0
9979,0
9978,0
9977,0
9976,0
9975,0
9974,0
9973,0
9972,0
9971,0
9970,0
9969,0
9968,0
9967,0
9966,0
9965,0
9964,0
9963,0
9962,0
9961,0
9960,0
9959,0
9958,0
9957,0
9956,0
9955,0
9954,0
9953,0
9952,0
9951,0
9950,0
9949,0
9948,0
9947,0
9946,0
9945,0
9944,0
9943,0
9942,0
9941,0
9940,0
9939,0
9938,0
9937,0
9936,0
9935,0
9934,0
9933,0
9932,0
9931,0
9930,0
9929,0
9928,0
9927,0
9926,0
9925,0
9924,0
9923,0
9922,0
9921,0
9920,0
9919,0
9918,0
9917,0
9916,0
9915,0
9914,0
9913,0
9912,0
9911,0
9910,0
9909,0
9908,0
9907,0
9906,0
9905,0
9904,0
9903,0
9902,0
9901,0
9900,0
9899,0
9898,0
9897,0
9896,0
9895,0
9894,0
9893,0
9892,0
9891,0
9890,0
9889,0
9888,0
9887,0
9886,0
9885,0
9884,0
9883,0
9882,0
9881,0
9880,0
9879,0
9878,0
9877,0
9876,0
9875,0
9874,0
9873,0
9872,0
9871,0
9870,0
9869,0
9868,0
9867,0
9866,0
9865,0
9864,0
9863,0
9862,0
9861,0
9860,0
9859,0
9858,0
9857,0
9856,0
9855,0
9854,0
9853,0
9852,0
9851,0
9850,0
9849,0
9848,0
9847,0
9846,0
9845,0
9844,0
9843,0
9842,0
9841,0
9840,0
9839,0
9838,0
9837,0
9836,0
9835,0
9834,0
9833,0
9832,0
9831,0
9830,0
9829,0
9828,0
9827,0
9826,0
9825,0
9824,0
9823,0
9822,0
9821,0
9820,0
9819,0
9818,0
9817,0
9816,0
9815,0
9814,0
9813,0
9812,0
9811,0
9810,0
9809,0
9808,0
9807,0
9806,0
9805,0
9804,0
9803,0
9802,0
9801,0
9800,0
9799,0
9798,0
9797,0
9796,0
9795,0
9794,0
9793,0
9792,0
9791,0
9790,0
9789,0
9788,0
9787,0
9786,0
9785,0
9784,0
9783,0
9782,0
9781,0
9780,0
9779,0
9778,0
9777,0
9776,0
9775,0
9774,0
9773,0
9772,0
9771,0
9770,0
9769,0
9768,0
9767,0
9766,0
9765,0
9764,0
9763,0
9762,0
9761,0
9760,0
9759,0
9758,0
9757,0
9756,0
9755,0
9754,0
9753,0
9752,0
9751,0
9750,0
9749,0
9748,0
9747,0
9746,0
9745,0
9744,0
9743,0
9742,0
9741,0
9740,0
9739,0
9738,0
9737,0
9736,0
9735,0
9734,0
9733,0
9732,0
9731,0
9730,0
9729,0
9728,0
9727,0
9726,0
9725,0
9724,0
9723,0
9722,0
9721,0
9720,0
9719,0
9718,0
9717,0
9716,0
9715,0
9714,0
9713,0
9712,0
9711,0
9710,0
9709,0
9708,0
9707,0
9706,0
9705,0
9704,0
9703,0
9702,0
9701,0
9700,0
9699,0
9698,0
9697,0
9696,0
9695,0
9694,0
9693,0
9692,0
9691,0
9690,0
9689,0
9688,0
9687,0
9686,0
9685,0
9684,0
9683,0
9682,0
9681,0
9680,0
9679,0
9678,0
9677,0
9676,0
9675,0
9674,0
9673,0
9672,0
9671,0
9670,0
9669,0
9668,0
9667,0
9666,0
9665,0
9664,0
9663,0
9662,0
9661,0
9660,0
9659,0
9658,0
9657,0
9656,0
9655,0
9654,0
9653,0
9652,0
9651,0
9650,0
9649,0
9648,0
9647,0
9646,0
9645,0
9644,0
9643,0
9642,0
9641,0
9640,0
9639,0
9638,0
9637,0
9636,0
9635,0
9634,0
9633,0
9632,0
9631,0
9630,0
9629,0
9628,0
9627,0
9626,0
9625,0
9624,0
9623,0
9622,0
9621,0
9620,0
9619,0
9618,0
9617,0
9616,0
9615,0
9614,0
9613,0
9612,0
9611,0
9610,0
9609,0
9608,0
9607,0
9606,0
9605,0
9604,0
9603,0
9602,0
9601,0
9600,0
9599,0
9598,0
9597,0
9596,0
9595,0
9594,0
9593,0
9592,0
9591,0
9590,0
9589,0
9588,0
9587,0
9586,0
9585,0
9584,0
9583,0
9582,0
9581,0
9580,0
9579,0
9578,0
9577,0
9576,0
9575,0
9574,0
9573,0
9572,0
9571,0
9570,0
9569,0
9568,0
9567,0
9566,0
9565,0
9564,0
9563,0
9562,0
9561,0
9560,0
9559,0
9558,0
9557,0
9556,0
9555,0
9554,0
9553,0
9552,0
9551,0
9550,0
9549,0
9548,0
9547,0
9546,0
9545,0
9544,0
9543,0
9542,0
9541,0
9540,0
9539,0
9538,0
9537,0
9536,0
9535,0
9534,0
9533,0
9532,0
9531,0
9530,0
9529,0
9528,0
9527,0
9526,0
9525,0
9524,0
9523,0
9522,0
9521,0
9520,0
9519,0
9518,0
9517,0
9516,0
9515,0
9514,0
9513,0
9512,0
9511,0
9510,0
9509,0
9508,0
9507,0
9506,0
9505,0
9504,0
9503,0
9502,0
9501,0
9500,0
9499,0
9498,0
9497,0
9496,0
9495,0
9494,0
9493,0
9492,0
9491,0
9490,0
9489,0
9488,0
9487,0
9486,0
9485,0
9484,0
9483,0
9482,0
9481,0
9480,0
9479,0
9478,0
9477,0
9476,0
9475,0
9474,0
9473,0
9472,0
9471,0
9470,0
9469,0
9468,0
9467,0
9466,0
9465,0
9464,0
9463,0
9462,0
9461,0
9460,0
9459,0
9458,0
9457,0
9456,0
9455,0
9454,0
9453,0
9452,0
9451,0
9450,0
9449,0
9448,0
9447,0
9446,0
9445,0
9444,0
9443,0
9442,0
9441,0
9440,0
9439,0
9438,0
9437,0
9436,0
9435,0
9434,0
9433,0
9432,0
9431,0
9430,0
9429,0
9428,0
9427,0
9426,0
9425,0
9424,0
9423,0
9422,0
9421,0
9420,0
9419,0
9418,0
9417,0
9416,0
9415,0
9414,0
9413,0
9412,0
9411,0
9410,0
9409,0
9408,0
9407,0
9406,0
9405,0
9404,0
9403,0
9402,0
9401,0
9400,0
9399,0
9398,0
9397,0
9396,0
9395,0
9394,0
9393,0
9392,0
9391,0
9390,0
9389,0
9388,0
9387,0
9386,0
9385,0
9384,0
9383,0
9382,0
9381,0
9380,0
9379,0
9378,0
9377,0
9376,0
9375,0
9374,0
9373,0
9372,0
9371,0
9370,0
9369,0
9368,0
9367,0
9366,0
9365,0
9364,0
9363,0
9362,0
9361,0
9360,0
9359,0
9358,0
9357,0
9356,0
9355,0
9354,0
9353,0
9352,0
9351,0
9350,0
9349,0
9348,0
9347,0
9346,0
9345,0
9344,0
9343,0
9342,0
9341,0
9340,0
9339,0
9338,0
9337,0
9336,0
9335,0
9334,0
9333,0
9332,0
9331,0
9330,0
9329,0
9328,0
9327,0
9326,0
9325,0
9324,0
9323,0
9322,0
9321,0
9320,0
9319,0
9318,0
9317,0
9316,0
9315,0
9314,0
9313,0
9312,0
9311,0
9310,0
9309,0
9308,0
9307,0
9306,0
9305,0
9304,0
9303,0
9302,0
9301,0
9300,0
9299,0
9298,0
9297,0
9296,0
9295,0
9294,0
9293,0
9292,0
9291,0
9290,0
9289,0
9288,0
9287,0
9286,0
9285,0
9284,0
9283,0
9282,0
9281,0
9280,0
9279,0
9278,0
9277,0
9276,0
9275,0
9274,0
9273,0
9272,0
9271,0
9270,0
9269,0
9268,0
9267,0
9266,0
9265,0
9264,0
9263,0
9262,0
9261,0
9260,0
9259,0
9258,0
9257,0
9256,0
9255,0
9254,0
9253,0
9252,0
9251,0
9250,0
9249,0
9248,0
9247,0
9246,0
9245,0
9244,0
9243,0
9242,0
9241,0
9240,0
9239,0
9238,0
9237,0
9236,0
9235,0
9234,0
9233,0
9232,0
9231,0
9230,0
9229,0
9228,0
9227,0
9226,0
9225,0
9224,0
9223,0
9222,0
9221,0
9220,0
9219,0
9218,0
9217,0
9216,0
9215,0
9214,0
9213,0
9212,0
9211,0
9210,0
9209,0
9208,0
9207,0
9206,0
9205,0
9204,0
9203,0
9202,0
9201,0
9200,0
9199,0
9198,0
9197,0
9196,0
9195,0
9194,0
9193,0
9192,0
9191,0
9190,0
9189,0
9188,0
9187,0
9186,0
9185,0
9184,0
9183,0
9182,0
9181,0
9180,0
9179,0
9178,0
9177,0
9176,0
9175,0
9174,0
9173,0
9172,0
9171,0
9170,0
9169,0
9168,0
9167,0
9166,0
9165,0
9164,0
9163,0
9162,0
9161,0
9160,0
9159,0
9158,0
9157,0
9156,0
9155,0
9154,0
9153,0
9152,0
9151,0
9150,0
9149,0
9148,0
9147,0
9146,0
9145,0
9144,0
9143,0
9142,0
9141,0
9140,0
9139,0
9138,0
9137,0
9136,0
9135,0
9134,0
9133,0
9132,0
9131,0
9130,0
9129,0
9128,0
9127,0
9126,0
9125,0
9124,0
9123,0
9122,0
9121,0
9120,0
9119,0
9118,0
9117,0
9116,0
9115,0
9114,0
9113,0
9112,0
9111,0
9110,0
9109,0
9108,0
9107,0
9106,0
9105,0
9104,0
9103,0
9102,0
9101,0
9100,0
9099,0
9098,0
9097,0
9096,0
9095,0
9094,0
9093,0
9092,0
9091,0
9090,0
9089,0
9088,0
9087,0
9086,0
9085,0
9084,0
9083,0
9082,0
9081,0
9080,0
9079,0
9078,0
9077,0
9076,0
9075,0
9074,0
9073,0
9072,0
9071,0
9070,0
9069,0
9068,0
9067,0
9066,0
9065,0
9064,0
9063,0
9062,0
9061,0
9060,0
9059,0
9058,0
9057,0
9056,0
9055,0
9054,0
9053,0
9052,0
9051,0
9050,0
9049,0
9048,0
9047,0
9046,0
9045,0
9044,0
9043,0
9042,0
9041,0
9040,0
9039,0
9038,0
9037,0
9036,0
9035,0
9034,0
9033,0
9032,0
9031,0
9030,0
9029,0
9028,0
9027,0
9026,0
9025,0
9024,0
9023,0
9022,0
9021,0
9020,0
9019,0
9018,0
9017,0
9016,0
9015,0
9014,0
9013,0
9012,0
9011,0
9010,0
9009,0
9008,0
9007,0
9006,0
9005,0
9004,0
9003,0
9002,0
9001,0
9000,0
8999,0
8998,0
8997,0
8996,0
8995,0
8994,0
8993,0
8992,0
8991,0
8990,0
8989,0
8988,0
8987,0
8986,0
8985,0
8984,0
8983,0
8982,0
8981,0
8980,0
8979,0
8978,0
8977,0
8976,0
8975,0
8974,0
8973,0
8972,0
8971,0
8970,0
8969,0
8968,0
8967,0
8966,0
8965,0
8964,0
8963,0
8962,0
8961,0
8960,0
8959,0
8958,0
8957,0
8956,0
8955,0
8954,0
8953,0
8952,0
8951,0
8950,0
8949,0
8948,0
8947,0
8946,0
8945,0
8944,0
8943,0
8942,0
8941,0
8940,0
8939,0
8938,0
8937,0
8936,0
8935,0
8934,0
8933,0
8932,0
8931,0
8930,0
8929,0
8928,0
8927,0
8926,0
8925,0
8924,0
8923,0
8922,0
8921,0
8920,0
8919,0
8918,0
8917,0
8916,0
8915,0
8914,0
8913,0
8912,0
8911,0
8910,0
8909,0
8908,0
8907,0
8906,0
8905,0
8904,0
8903,0
8902,0
8901,0
8900,0
8899,0
8898,0
8897,0
8896,0
8895,0
8894,0
8893,0
8892,0
8891,0
8890,0
8889,0
8888,0
8887,0
8886,0
8885,0
8884,0
8883,0
8882,0
8881,0
8880,0
8879,0
8878,0
8877,0
8876,0
8875,0
8874,0
8873,0
8872,0
8871,0
8870,0
8869,0
8868,0
8867,0
8866,0
8865,0
8864,0
8863,0
8862,0
8861,0
8860,0
8859,0
8858,0
8857,0
8856,0
8855,0
8854,0
8853,0
8852,0
8851,0
8850,0
8849,0
8848,0
8847,0
8846,0
8845,0
8844,0
8843,0
8842,0
8841,0
8840,0
8839,0
8838,0
8837,0
8836,0
8835,0
8834,0
8833,0
8832,0
8831,0
8830,0
8829,0
8828,0
8827,0
8826,0
8825,0
8824,0
8823,0
8822,0
8821,0
8820,0
8819,0
8818,0
8817,0
8816,0
8815,0
8814,0
8813,0
8812,0
8811,0
8810,0
8809,0
8808,0
8807,0
8806,0
8805,0
8804,0
8803,0
8802,0
8801,0
8800,0
8799,0
8798,0
8797,0
8796,0
8795,0
8794,0
8793,0
8792,0
8791,0
8790,0
8789,0
8788,0
8787,0
8786,0
8785,0
8784,0
8783,0
8782,0
8781,0
8780,0
8779,0
8778,0
8777,0
8776,0
8775,0
8774,0
8773,0
8772,0
8771,0
8770,0
8769,0
8768,0
8767,0
8766,0
8765,0
8764,0
8763,0
8762,0
8761,0
8760,0
8759,0
8758,0
8757,0
8756,0
8755,0
8754,0
8753,0
8752,0
8751,0
8750,0
8749,0
8748,0
8747,0
8746,0
8745,0
8744,0
8743,0
8742,0
8741,0
8740,0
8739,0
8738,0
8737,0
8736,0
8735,0
8734,0
8733,0
8732,0
8731,0
8730,0
8729,0
8728,0
8727,0
8726,0
8725,0
8724,0
8723,0
8722,0
8721,0
8720,0
8719,0
8718,0
8717,0
8716,0
8715,0
8714,0
8713,0
8712,0
8711,0
8710,0
8709,0
8708,0
8707,0
8706,0
8705,0
8704,0
8703,0
8702,0
8701,0
8700,0
8699,0
8698,0
8697,0
8696,0
8695,0
8694,0
8693,0
8692,0
8691,0
8690,0
8689,0
8688,0
8687,0
8686,0
8685,0
8684,0
8683,0
8682,0
8681,0
8680,0
8679,0
8678,0
8677,0
8676,0
8675,0
8674,0
8673,0
8672,0
8671,0
8670,0
8669,0
8668,0
8667,0
8666,0
8665,0
8664,0
8663,0
8662,0
8661,0
8660,0
8659,0
8658,0
8657,0
8656,0
8655,0
8654,0
8653,0
8652,0
8651,0
8650,0
8649,0
8648,0
8647,0
8646,0
8645,0
8644,0
8643,0
8642,0
8641,0
8640,0
8639,0
8638,0
8637,0
8636,0
8635,0
8634,0
8633,0
8632,0
8631,0
8630,0
8629,0
8628,0
8627,0
8626,0
8625,0
8624,0
8623,0
8622,0
8621,0
8620,0
8619,0
8618,0
8617,0
8616,0
8615,0
8614,0
8613,0
8612,0
8611,0
8610,0
8609,0
8608,0
8607,0
8606,0
8605,0
8604,0
8603,0
8602,0
8601,0
8600,0
8599,0
8598,0
8597,0
8596,0
8595,0
8594,0
8593,0
8592,0
8591,0
8590,0
8589,0
8588,0
8587,0
8586,0
8585,0
8584,0
8583,0
8582,0
8581,0
8580,0
8579,0
8578,0
8577,0
8576,0
8575,0
8574,0
8573,0
8572,0
8571,0
8570,0
8569,0
8568,0
8567,0
8566,0
8565,0
8564,0
8563,0
8562,0
8561,0
8560,0
8559,0
8558,0
8557,0
8556,0
8555,0
8554,0
8553,0
8552,0
8551,0
8550,0
8549,0
8548,0
8547,0
8546,0
8545,0
8544,0
8543,0
8542,0
8541,0
8540,0
8539,0
8538,0
8537,0
8536,0
8535,0
8534,0
8533,0
8532,0
8531,0
8530,0
8529,0
8528,0
8527,0
8526,0
8525,0
8524,0
8523,0
8522,0
8521,0
8520,0
8519,0
8518,0
8517,0
8516,0
8515,0
8514,0
8513,0
8512,0
8511,0
8510,0
8509,0
8508,0
8507,0
8506,0
8505,0
8504,0
8503,0
8502,0
8501,0
8500,0
8499,0
8498,0
8497,0
8496,0
8495,0
8494,0
8493,0
8492,0
8491,0
8490,0
8489,0
8488,0
8487,0
8486,0
8485,0
8484,0
8483,0
8482,0
8481,0
8480,0
8479,0
8478,0
8477,0
8476,0
8475,0
8474,0
8473,0
8472,0
8471,0
8470,0
8469,0
8468,0
8467,0
8466,0
8465,0
8464,0
8463,0
8462,0
8461,0
8460,0
8459,0
8458,0
8457,0
8456,0
8455,0
8454,0
8453,0
8452,0
8451,0
8450,0
8449,0
8448,0
8447,0
8446,0
8445,0
8444,0
8443,0
8442,0
8441,0
8440,0
8439,0
8438,0
8437,0
8436,0
8435,0
8434,0
8433,0
8432,0
8431,0
8430,0
8429,0
8428,0
8427,0
8426,0
8425,0
8424,0
8423,0
8422,0
8421,0
8420,0
8419,0
8418,0
8417,0
8416,0
8415,0
8414,0
8413,0
8412,0
8411,0
8410,0
8409,0
8408,0
8407,0
8406,0
8405,0
8404,0
8403,0
8402,0
8401,0
8400,0
8399,0
8398,0
8397,0
8396,0
8395,0
8394,0
8393,0
8392,0
8391,0
8390,0
8389,0
8388,0
8387,0
8386,0
8385,0
8384,0
8383,0
8382,0
8381,0
8380,0
8379,0
8378,0
8377,0
8376,0
8375,0
8374,0
8373,0
8372,0
8371,0
8370,0
8369,0
8368,0
8367,0
8366,0
8365,0
8364,0
8363,0
8362,0
8361,0
8360,0
8359,0
8358,0
8357,0
8356,0
8355,0
8354,0
8353,0
8352,0
8351,0
8350,0
8349,0
8348,0
8347,0
8346,0
8345,0
8344,0
8343,0
8342,0
8341,0
8340,0
8339,0
8338,0
8337,0
8336,0
8335,0
8334,0
8333,0
8332,0
8331,0
8330,0
8329,0
8328,0
8327,0
8326,0
8325,0
8324,0
8323,0
8322,0
8321,0
8320,0
8319,0
8318,0
8317,0
8316,0
8315,0
8314,0
8313,0
8312,0
8311,0
8310,0
8309,0
8308,0
8307,0
8306,0
8305,0
8304,0
8303,0
8302,0
8301,0
8300,0
8299,0
8298,0
8297,0
8296,0
8295,0
8294,0
8293,0
8292,0
8291,0
8290,0
8289,0
8288,0
8287,0
8286,0
8285,0
8284,0
8283,0
8282,0
8281,0
8280,0
8279,0
8278,0
8277,0
8276,0
8275,0
8274,0
8273,0
8272,0
8271,0
8270,0
8269,0
8268,0
8267,0
8266,0
8265,0
8264,0
8263,0
8262,0
8261,0
8260,0
8259,0
8258,0
8257,0
8256,0
8255,0
8254,0
8253,0
8252,0
8251,0
8250,0
8249,0
8248,0
8247,0
8246,0
8245,0
8244,0
8243,0
8242,0
8241,0
8240,0
8239,0
8238,0
8237,0
8236,0
8235,0
8234,0
8233,0
8232,0
8231,0
8230,0
8229,0
8228,0
8227,0
8226,0
8225,0
8224,0
8223,0
8222,0
8221,0
8220,0
8219,0
8218,0
8217,0
8216,0
8215,0
8214,0
8213,0
8212,0
8211,0
8210,0
8209,0
8208,0
8207,0
8206,0
8205,0
8204,0
8203,0
8202,0
8201,0
8200,0
8199,0
8198,0
8197,0
8196,0
8195,0
8194,0
8193,0
8192,0
8191,0
8190,0
8189,0
8188,0
8187,0
8186,0
8185,0
8184,0
8183,0
8182,0
8181,0
8180,0
8179,0
8178,0
8177,0
8176,0
8175,0
8174,0
8173,0
8172,0
8171,0
8170,0
8169,0
8168,0
8167,0
8166,0
8165,0
8164,0
8163,0
8162,0
8161,0
8160,0
8159,0
8158,0
8157,0
8156,0
8155,0
8154,0
8153,0
8152,0
8151,0
8150,0
8149,0
8148,0
8147,0
8146,0
8145,0
8144,0
8143,0
8142,0
8141,0
8140,0
8139,0
8138,0
8137,0
8136,0
8135,0
8134,0
8133,0
8132,0
8131,0
8130,0
8129,0
8128,0
8127,0
8126,0
8125,0
8124,0
8123,0
8122,0
8121,0
8120,0
8119,0
8118,0
8117,0
8116,0
8115,0
8114,0
8113,0
8112,0
8111,0
8110,0
8109,0
8108,0
8107,0
8106,0
8105,0
8104,0
8103,0
8102,0
8101,0
8100,0
8099,0
8098,0
8097,0
8096,0
8095,0
8094,0
8093,0
8092,0
8091,0
8090,0
8089,0
8088,0
8087,0
8086,0
8085,0
8084,0
8083,0
8082,0
8081,0
8080,0
8079,0
8078,0
8077,0
8076,0
8075,0
8074,0
8073,0
8072,0
8071,0
8070,0
8069,0
8068,0
8067,0
8066,0
8065,0
8064,0
8063,0
8062,0
8061,0
8060,0
8059,0
8058,0
8057,0
8056,0
8055,0
8054,0
8053,0
8052,0
8051,0
8050,0
8049,0
8048,0
8047,0
8046,0
8045,0
8044,0
8043,0
8042,0
8041,0
8040,0
8039,0
8038,0
8037,0
8036,0
8035,0
8034,0
8033,0
8032,0
8031,0
8030,0
8029,0
8028,0
8027,0
8026,0
8025,0
8024,0
8023,0
8022,0
8021,0
8020,0
8019,0
8018,0
8017,0
8016,0
8015,0
8014,0
8013,0
8012,0
8011,0
8010,0
8009,0
8008,0
8007,0
8006,0
8005,0
8004,0
8003,0
8002,0
8001,0
8000,0
7999,0
7998,0
7997,0
7996,0
7995,0
7994,0
7993,0
7992,0
7991,0
7990,0
7989,0
7988,0
7987,0
7986,0
7985,0
7984,0
7983,0
7982,0
7981,0
7980,0
7979,0
7978,0
7977,0
7976,0
7975,0
7974,0
7973,0
7972,0
7971,0
7970,0
7969,0
7968,0
7967,0
7966,0
7965,0
7964,0
7963,0
7962,0
7961,0
7960,0
7959,0
7958,0
7957,0
7956,0
7955,0
7954,0
7953,0
7952,0
7951,0
7950,0
7949,0
7948,0
7947,0
7946,0
7945,0
7944,0
7943,0
7942,0
7941,0
7940,0
7939,0
7938,0
7937,0
7936,0
7935,0
7934,0
7933,0
7932,0
7931,0
7930,0
7929,0
7928,0
7927,0
7926,0
7925,0
7924,0
7923,0
7922,0
7921,0
7920,0
7919,0
7918,0
7917,0
7916,0
7915,0
7914,0
7913,0
7912,0
7911,0
7910,0
7909,0
7908,0
7907,0
7906,0
7905,0
7904,0
7903,0
7902,0
7901,0
7900,0
7899,0
7898,0
7897,0
7896,0
7895,0
7894,0
7893,0
7892,0
7891,0
7890,0
7889,0
7888,0
7887,0
7886,0
7885,0
7884,0
7883,0
7882,0
7881,0
7880,0
7879,0
7878,0
7877,0
7876,0
7875,0
7874,0
7873,0
7872,0
7871,0
7870,0
7869,0
7868,0
7867,0
7866,0
7865,0
7864,0
7863,0
7862,0
7861,0
7860,0
7859,0
7858,0
7857,0
7856,0
7855,0
7854,0
7853,0
7852,0
7851,0
7850,0
7849,0
7848,0
7847,0
7846,0
7845,0
7844,0
7843,0
7842,0
7841,0
7840,0
7839,0
7838,0
7837,0
7836,0
7835,0
7834,0
7833,0
7832,0
7831,0
7830,0
7829,0
7828,0
7827,0
7826,0
7825,0
7824,0
7823,0
7822,0
7821,0
7820,0
7819,0
7818,0
7817,0
7816,0
7815,0
7814,0
7813,0
7812,0
7811,0
7810,0
7809,0
7808,0
7807,0
7806,0
7805,0
7804,0
7803,0
7802,0
7801,0
7800,0
7799,0
7798,0
7797,0
7796,0
7795,0
7794,0
7793,0
7792,0
7791,0
7790,0
7789,0
7788,0
7787,0
7786,0
7785,0
7784,0
7783,0
7782,0
7781,0
7780,0
7779,0
7778,0
7777,0
7776,0
7775,0
7774,0
7773,0
7772,0
7771,0
7770,0
7769,0
7768,0
7767,0
7766,0
7765,0
7764,0
7763,0
7762,0
7761,0
7760,0
7759,0
7758,0
7757,0
7756,0
7755,0
7754,0
7753,0
7752,0
7751,0
7750,0
7749,0
7748,0
7747,0
7746,0
7745,0
7744,0
7743,0
7742,0
7741,0
7740,0
7739,0
7738,0
7737,0
7736,0
7735,0
7734,0
7733,0
7732,0
7731,0
7730,0
7729,0
7728,0
7727,0
7726,0
7725,0
7724,0
7723,0
7722,0
7721,0
7720,0
7719,0
7718,0
7717,0
7716,0
7715,0
7714,0
7713,0
7712,0
7711,0
7710,0
7709,0
7708,0
7707,0
7706,0
7705,0
7704,0
7703,0
7702,0
7701,0
7700,0
7699,0
7698,0
7697,0
7696,0
7695,0
7694,0
7693,0
7692,0
7691,0
7690,0
7689,0
7688,0
7687,0
7686,0
7685,0
7684,0
7683,0
7682,0
7681,0
7680,0
7679,0
7678,0
7677,0
7676,0
7675,0
7674,0
7673,0
7672,0
7671,0
7670,0
7669,0
7668,0
7667,0
7666,0
7665,0
7664,0
7663,0
7662,0
7661,0
7660,0
7659,0
7658,0
7657,0
7656,0
7655,0
7654,0
7653,0
7652,0
7651,0
7650,0
7649,0
7648,0
7647,0
7646,0
7645,0
7644,0
7643,0
7642,0
7641,0
7640,0
7639,0
7638,0
7637,0
7636,0
7635,0
7634,0
7633,0
7632,0
7631,0
7630,0
7629,0
7628,0
7627,0
7626,0
7625,0
7624,0
7623,0
7622,0
7621,0
7620,0
7619,0
7618,0
7617,0
7616,0
7615,0
7614,0
7613,0
7612,0
7611,0
7610,0
7609,0
7608,0
7607,0
7606,0
7605,0
7604,0
7603,0
7602,0
7601,0
7600,0
7599,0
7598,0
7597,0
7596,0
7595,0
7594,0
7593,0
7592,0
7591,0
7590,0
7589,0
7588,0
7587,0
7586,0
7585,0
7584,0
7583,0
7582,0
7581,0
7580,0
7579,0
7578,0
7577,0
7576,0
7575,0
7574,0
7573,0
7572,0
7571,0
7570,0
7569,0
7568,0
7567,0
7566,0
7565,0
7564,0
7563,0
7562,0
7561,0
7560,0
7559,0
7558,0
7557,0
7556,0
7555,0
7554,0
7553,0
7552,0
7551,0
7550,0
7549,0
7548,0
7547,0
7546,0
7545,0
7544,0
7543,0
7542,0
7541,0
7540,0
7539,0
7538,0
7537,0
7536,0
7535,0
7534,0
7533,0
7532,0
7531,0
7530,0
7529,0
7528,0
7527,0
7526,0
7525,0
7524,0
7523,0
7522,0
7521,0
7520,0
7519,0
7518,0
7517,0
7516,0
7515,0
7514,0
7513,0
7512,0
7511,0
7510,0
7509,0
7508,0
7507,0
7506,0
7505,0
7504,0
7503,0
7502,0
7501,0
7500,0
7499,0
7498,0
7497,0
7496,0
7495,0
7494,0
7493,0
7492,0
7491,0
7490,0
7489,0
7488,0
7487,0
7486,0
7485,0
7484,0
7483,0
7482,0
7481,0
7480,0
7479,0
7478,0
7477,0
7476,0
7475,0
7474,0
7473,0
7472,0
7471,0
7470,0
7469,0
7468,0
7467,0
7466,0
7465,0
7464,0
7463,0
7462,0
7461,0
7460,0
7459,0
7458,0
7457,0
7456,0
7455,0
7454,0
7453,0
7452,0
7451,0
7450,0
7449,0
7448,0
7447,0
7446,0
7445,0
7444,0
7443,0
7442,0
7441,0
7440,0
7439,0
7438,0
7437,0
7436,0
7435,0
7434,0
7433,0
7432,0
7431,0
7430,0
7429,0
7428,0
7427,0
7426,0
7425,0
7424,0
7423,0
7422,0
7421,0
7420,0
7419,0
7418,0
7417,0
7416,0
7415,0
7414,0
7413,0
7412,0
7411,0
7410,0
7409,0
7408,0
7407,0
7406,0
7405,0
7404,0
7403,0
7402,0
7401,0
7400,0
7399,0
7398,0
7397,0
7396,0
7395,0
7394,0
7393,0
7392,0
7391,0
7390,0
7389,0
7388,0
7387,0
7386,0
7385,0
7384,0
7383,0
7382,0
7381,0
7380,0
7379,0
7378,0
7377,0
7376,0
7375,0
7374,0
7373,0
7372,0
7371,0
7370,0
7369,0
7368,0
7367,0
7366,0
7365,0
7364,0
7363,0
7362,0
7361,0
7360,0
7359,0
7358,0
7357,0
7356,0
7355,0
7354,0
7353,0
7352,0
7351,0
7350,0
7349,0
7348,0
7347,0
7346,0
7345,0
7344,0
7343,0
7342,0
7341,0
7340,0
7339,0
7338,0
7337,0
7336,0
7335,0
7334,0
7333,0
7332,0
7331,0
7330,0
7329,0
7328,0
7327,0
7326,0
7325,0
7324,0
7323,0
7322,0
7321,0
7320,0
7319,0
7318,0
7317,0
7316,0
7315,0
7314,0
7313,0
7312,0
7311,0
7310,0
7309,0
7308,0
7307,0
7306,0
7305,0
7304,0
7303,0
7302,0
7301,0
7300,0
7299,0
7298,0
7297,0
7296,0
7295,0
7294,0
7293,0
7292,0
7291,0
7290,0
7289,0
7288,0
7287,0
7286,0
7285,0
7284,0
7283,0
7282,0
7281,0
7280,0
7279,0
7278,0
7277,0
7276,0
7275,0
7274,0
7273,0
7272,0
7271,0
7270,0
7269,0
7268,0
7267,0
7266,0
7265,0
7264,0
7263,0
7262,0
7261,0
7260,0
7259,0
7258,0
7257,0
7256,0
7255,0
7254,0
7253,0
7252,0
7251,0
7250,0
7249,0
7248,0
7247,0
7246,0
7245,0
7244,0
7243,0
7242,0
7241,0
7240,0
7239,0
7238,0
7237,0
7236,0
7235,0
7234,0
7233,0
7232,0
7231,0
7230,0
7229,0
7228,0
7227,0
7226,0
7225,0
7224,0
7223,0
7222,0
7221,0
7220,0
7219,0
7218,0
7217,0
7216,0
7215,0
7214,0
7213,0
7212,0
7211,0
7210,0
7209,0
7208,0
7207,0
7206,0
7205,0
7204,0
7203,0
7202,0
7201,0
7200,0
7199,0
7198,0
7197,0
7196,0
7195,0
7194,0
7193,0
7192,0
7191,0
7190,0
7189,0
7188,0
7187,0
7186,0
7185,0
7184,0
7183,0
7182,0
7181,0
7180,0
7179,0
7178,0
7177,0
7176,0
7175,0
7174,0
7173,0
7172,0
7171,0
7170,0
7169,0
7168,0
7167,0
7166,0
7165,0
7164,0
7163,0
7162,0
7161,0
7160,0
7159,0
7158,0
7157,0
7156,0
7155,0
7154,0
7153,0
7152,0
7151,0
7150,0
7149,0
7148,0
7147,0
7146,0
7145,0
7144,0
7143,0
7142,0
7141,0
7140,0
7139,0
7138,0
7137,0
7136,0
7135,0
7134,0
7133,0
7132,0
7131,0
7130,0
7129,0
7128,0
7127,0
7126,0
7125,0
7124,0
7123,0
7122,0
7121,0
7120,0
7119,0
7118,0
7117,0
7116,0
7115,0
7114,0
7113,0
7112,0
7111,0
7110,0
7109,0
7108,0
7107,0
7106,0
7105,0
7104,0
7103,0
7102,0
7101,0
7100,0
7099,0
7098,0
7097,0
7096,0
7095,0
7094,0
7093,0
7092,0
7091,0
7090,0
7089,0
7088,0
7087,0
7086,0
7085,0
7084,0
7083,0
7082,0
7081,0
7080,0
7079,0
7078,0
7077,0
7076,0
7075,0
7074,0
7073,0
7072,0
7071,0
7070,0
7069,0
7068,0
7067,0
7066,0
7065,0
7064,0
7063,0
7062,0
7061,0
7060,0
7059,0
7058,0
7057,0
7056,0
7055,0
7054,0
7053,0
7052,0
7051,0
7050,0
7049,0
7048,0
7047,0
7046,0
7045,0
7044,0
7043,0
7042,0
7041,0
7040,0
7039,0
7038,0
7037,0
7036,0
7035,0
7034,0
7033,0
7032,0
7031,0
7030,0
7029,0
7028,0
7027,0
7026,0
7025,0
7024,0
7023,0
7022,0
7021,0
7020,0
7019,0
7018,0
7017,0
7016,0
7015,0
7014,0
7013,0
7012,0
7011,0
7010,0
7009,0
7008,0
7007,0
7006,0
7005,0
7004,0
7003,0
7002,0
7001,0
7000,0
6999,0
6998,0
6997,0
6996,0
6995,0
6994,0
6993,0
6992,0
6991,0
6990,0
6989,0
6988,0
6987,0
6986,0
6985,0
6984,0
6983,0
6982,0
6981,0
6980,0
6979,0
6978,0
6977,0
6976,0
6975,0
6974,0
6973,0
6972,0
6971,0
6970,0
6969,0
6968,0
6967,0
6966,0
6965,0
6964,0
6963,0
6962,0
6961,0
6960,0
6959,0
6958,0
6957,0
6956,0
6955,0
6954,0
6953,0
6952,0
6951,0
6950,0
6949,0
6948,0
6947,0
6946,0
6945,0
6944,0
6943,0
6942,0
6941,0
6940,0
6939,0
6938,0
6937,0
6936,0
6935,0
6934,0
6933,0
6932,0
6931,0
6930,0
6929,0
6928,0
6927,0
6926,0
6925,0
6924,0
6923,0
6922,0
6921,0
6920,0
6919,0
6918,0
6917,0
6916,0
6915,0
6914,0
6913,0
6912,0
6911,0
6910,0
6909,0
6908,0
6907,0
6906,0
6905,0
6904,0
6903,0
6902,0
6901,0
6900,0
6899,0
6898,0
6897,0
6896,0
6895,0
6894,0
6893,0
6892,0
6891,0
6890,0
6889,0
6888,0
6887,0
6886,0
6885,0
6884,0
6883,0
6882,0
6881,0
6880,0
6879,0
6878,0
6877,0
6876,0
6875,0
6874,0
6873,0
6872,0
6871,0
6870,0
6869,0
6868,0
6867,0
6866,0
6865,0
6864,0
6863,0
6862,0
6861,0
6860,0
6859,0
6858,0
6857,0
6856,0
6855,0
6854,0
6853,0
6852,0
6851,0
6850,0
6849,0
6848,0
6847,0
6846,0
6845,0
6844,0
6843,0
6842,0
6841,0
6840,0
6839,0
6838,0
6837,0
6836,0
6835,0
6834,0
6833,0
6832,0
6831,0
6830,0
6829,0
6828,0
6827,0
6826,0
6825,0
6824,0
6823,0
6822,0
6821,0
6820,0
6819,0
6818,0
6817,0
6816,0
6815,0
6814,0
6813,0
6812,0
6811,0
6810,0
6809,0
6808,0
6807,0
6806,0
6805,0
6804,0
6803,0
6802,0
6801,0
6800,0
6799,0
6798,0
6797,0
6796,0
6795,0
6794,0
6793,0
6792,0
6791,0
6790,0
6789,0
6788,0
6787,0
6786,0
6785,0
6784,0
6783,0
6782,0
6781,0
6780,0
6779,0
6778,0
6777,0
6776,0
6775,0
6774,0
6773,0
6772,0
6771,0
6770,0
6769,0
6768,0
6767,0
6766,0
6765,0
6764,0
6763,0
6762,0
6761,0
6760,0
6759,0
6758,0
6757,0
6756,0
6755,0
6754,0
6753,0
6752,0
6751,0
6750,0
6749,0
6748,0
6747,0
6746,0
6745,0
6744,0
6743,0
6742,0
6741,0
6740,0
6739,0
6738,0
6737,0
6736,0
6735,0
6734,0
6733,0
6732,0
6731,0
6730,0
6729,0
6728,0
6727,0
6726,0
6725,0
6724,0
6723,0
6722,0
6721,0
6720,0
6719,0
6718,0
6717,0
6716,0
6715,0
6714,0
6713,0
6712,0
6711,0
6710,0
6709,0
6708,0
6707,0
6706,0
6705,0
6704,0
6703,0
6702,0
6701,0
6700,0
6699,0
6698,0
6697,0
6696,0
6695,0
6694,0
6693,0
6692,0
6691,0
6690,0
6689,0
6688,0
6687,0
6686,0
6685,0
6684,0
6683,0
6682,0
6681,0
6680,0
6679,0
6678,0
6677,0
6676,0
6675,0
6674,0
6673,0
6672,0
6671,0
6670,0
6669,0
6668,0
6667,0
6666,0
6665,0
6664,0
6663,0
6662,0
6661,0
6660,0
6659,0
6658,0
6657,0
6656,0
6655,0
6654,0
6653,0
6652,0
6651,0
6650,0
6649,0
6648,0
6647,0
6646,0
6645,0
6644,0
6643,0
6642,0
6641,0
6640,0
6639,0
6638,0
6637,0
6636,0
6635,0
6634,0
6633,0
6632,0
6631,0
6630,0
6629,0
6628,0
6627,0
6626,0
6625,0
6624,0
6623,0
6622,0
6621,0
6620,0
6619,0
6618,0
6617,0
6616,0
6615,0
6614,0
6613,0
6612,0
6611,0
6610,0
6609,0
6608,0
6607,0
6606,0
6605,0
6604,0
6603,0
6602,0
6601,0
6600,0
6599,0
6598,0
6597,0
6596,0
6595,0
6594,0
6593,0
6592,0
6591,0
6590,0
6589,0
6588,0
6587,0
6586,0
6585,0
6584,0
6583,0
6582,0
6581,0
6580,0
6579,0
6578,0
6577,0
6576,0
6575,0
6574,0
6573,0
6572,0
6571,0
6570,0
6569,0
6568,0
6567,0
6566,0
6565,0
6564,0
6563,0
6562,0
6561,0
6560,0
6559,0
6558,0
6557,0
6556,0
6555,0
6554,0
6553,0
6552,0
6551,0
6550,0
6549,0
6548,0
6547,0
6546,0
6545,0
6544,0
6543,0
6542,0
6541,0
6540,0
6539,0
6538,0
6537,0
6536,0
6535,0
6534,0
6533,0
6532,0
6531,0
6530,0
6529,0
6528,0
6527,0
6526,0
6525,0
6524,0
6523,0
6522,0
6521,0
6520,0
6519,0
6518,0
6517,0
6516,0
6515,0
6514,0
6513,0
6512,0
6511,0
6510,0
6509,0
6508,0
6507,0
6506,0
6505,0
6504,0
6503,0
6502,0
6501,0
6500,0
6499,0
6498,0
6497,0
6496,0
6495,0
6494,0
6493,0
6492,0
6491,0
6490,0
6489,0
6488,0
6487,0
6486,0
6485,0
6484,0
6483,0
6482,0
6481,0
6480,0
6479,0
6478,0
6477,0
6476,0
6475,0
6474,0
6473,0
6472,0
6471,0
6470,0
6469,0
6468,0
6467,0
6466,0
6465,0
6464,0
6463,0
6462,0
6461,0
6460,0
6459,0
6458,0
6457,0
6456,0
6455,0
6454,0
6453,0
6452,0
6451,0
6450,0
6449,0
6448,0
6447,0
6446,0
6445,0
6444,0
6443,0
6442,0
6441,0
6440,0
6439,0
6438,0
6437,0
6436,0
6435,0
6434,0
6433,0
6432,0
6431,0
6430,0
6429,0
6428,0
6427,0
6426,0
6425,0
6424,0
6423,0
6422,0
6421,0
6420,0
6419,0
6418,0
6417,0
6416,0
6415,0
6414,0
6413,0
6412,0
6411,0
6410,0
6409,0
6408,0
6407,0
6406,0
6405,0
6404,0
6403,0
6402,0
6401,0
6400,0
6399,0
6398,0
6397,0
6396,0
6395,0
6394,0
6393,0
6392,0
6391,0
6390,0
6389,0
6388,0
6387,0
6386,0
6385,0
6384,0
6383,0
6382,0
6381,0
6380,0
6379,0
6378,0
6377,0
6376,0
6375,0
6374,0
6373,0
6372,0
6371,0
6370,0
6369,0
6368,0
6367,0
6366,0
6365,0
6364,0
6363,0
6362,0
6361,0
6360,0
6359,0
6358,0
6357,0
6356,0
6355,0
6354,0
6353,0
6352,0
6351,0
6350,0
6349,0
6348,0
6347,0
6346,0
6345,0
6344,0
6343,0
6342,0
6341,0
6340,0
6339,0
6338,0
6337,0
6336,0
6335,0
6334,0
6333,0
6332,0
6331,0
6330,0
6329,0
6328,0
6327,0
6326,0
6325,0
6324,0
6323,0
6322,0
6321,0
6320,0
6319,0
6318,0
6317,0
6316,0
6315,0
6314,0
6313,0
6312,0
6311,0
6310,0
6309,0
6308,0
6307,0
6306,0
6305,0
6304,0
6303,0
6302,0
6301,0
6300,0
6299,0
6298,0
6297,0
6296,0
6295,0
6294,0
6293,0
6292,0
6291,0
6290,0
6289,0
6288,0
6287,0
6286,0
6285,0
6284,0
6283,0
6282,0
6281,0
6280,0
6279,0
6278,0
6277,0
6276,0
6275,0
6274,0
6273,0
6272,0
6271,0
6270,0
6269,0
6268,0
6267,0
6266,0
6265,0
6264,0
6263,0
6262,0
6261,0
6260,0
6259,0
6258,0
6257,0
6256,0
6255,0
6254,0
6253,0
6252,0
6251,0
6250,0
6249,0
6248,0
6247,0
6246,0
6245,0
6244,0
6243,0
6242,0
6241,0
6240,0
6239,0
6238,0
6237,0
6236,0
6235,0
6234,0
6233,0
6232,0
6231,0
6230,0
6229,0
6228,0
6227,0
6226,0
6225,0
6224,0
6223,0
6222,0
6221,0
6220,0
6219,0
6218,0
6217,0
6216,0
6215,0
6214,0
6213,0
6212,0
6211,0
6210,0
6209,0
6208,0
6207,0
6206,0
6205,0
6204,0
6203,0
6202,0
6201,0
6200,0
6199,0
6198,0
6197,0
6196,0
6195,0
6194,0
6193,0
6192,0
6191,0
6190,0
6189,0
6188,0
6187,0
6186,0
6185,0
6184,0
6183,0
6182,0
6181,0
6180,0
6179,0
6178,0
6177,0
6176,0
6175,0
6174,0
6173,0
6172,0
6171,0
6170,0
6169,0
6168,0
6167,0
6166,0
6165,0
6164,0
6163,0
6162,0
6161,0
6160,0
6159,0
6158,0
6157,0
6156,0
6155,0
6154,0
6153,0
6152,0
6151,0
6150,0
6149,0
6148,0
6147,0
6146,0
6145,0
6144,0
6143,0
6142,0
6141,0
6140,0
6139,0
6138,0
6137,0
6136,0
6135,0
6134,0
6133,0
6132,0
6131,0
6130,0
6129,0
6128,0
6127,0
6126,0
6125,0
6124,0
6123,0
6122,0
6121,0
6120,0
6119,0
6118,0
6117,0
6116,0
6115,0
6114,0
6113,0
6112,0
6111,0
6110,0
6109,0
6108,0
6107,0
6106,0
6105,0
6104,0
6103,0
6102,0
6101,0
6100,0
6099,0
6098,0
6097,0
6096,0
6095,0
6094,0
6093,0
6092,0
6091,0
6090,0
6089,0
6088,0
6087,0
6086,0
6085,0
6084,0
6083,0
6082,0
6081,0
6080,0
6079,0
6078,0
6077,0
6076,0
6075,0
6074,0
6073,0
6072,0
6071,0
6070,0
6069,0
6068,0
6067,0
6066,0
6065,0
6064,0
6063,0
6062,0
6061,0
6060,0
6059,0
6058,0
6057,0
6056,0
6055,0
6054,0
6053,0
6052,0
6051,0
6050,0
6049,0
6048,0
6047,0
6046,0
6045,0
6044,0
6043,0
6042,0
6041,0
6040,0
6039,0
6038,0
6037,0
6036,0
6035,0
6034,0
6033,0
6032,0
6031,0
6030,0
6029,0
6028,0
6027,0
6026,0
6025,0
6024,0
6023,0
6022,0
6021,0
6020,0
6019,0
6018,0
6017,0
6016,0
6015,0
6014,0
6013,0
6012,0
6011,0
6010,0
6009,0
6008,0
6007,0
6006,0
6005,0
6004,0
6003,0
6002,0
6001,0
6000,0
5999,0
5998,0
5997,0
5996,0
5995,0
5994,0
5993,0
5992,0
5991,0
5990,0
5989,0
5988,0
5987,0
5986,0
5985,0
5984,0
5983,0
5982,0
5981,0
5980,0
5979,0
5978,0
5977,0
5976,0
5975,0
5974,0
5973,0
5972,0
5971,0
5970,0
5969,0
5968,0
5967,0
5966,0
5965,0
5964,0
5963,0
5962,0
5961,0
5960,0
5959,0
5958,0
5957,0
5956,0
5955,0
5954,0
5953,0
5952,0
5951,0
5950,0
5949,0
5948,0
5947,0
5946,0
5945,0
5944,0
5943,0
5942,0
5941,0
5940,0
5939,0
5938,0
5937,0
5936,0
5935,0
5934,0
5933,0
5932,0
5931,0
5930,0
5929,0
5928,0
5927,0
5926,0
5925,0
5924,0
5923,0
5922,0
5921,0
5920,0
5919,0
5918,0
5917,0
5916,0
5915,0
5914,0
5913,0
5912,0
5911,0
5910,0
5909,0
5908,0
5907,0
5906,0
5905,0
5904,0
5903,0
5902,0
5901,0
5900,0
5899,0
5898,0
5897,0
5896,0
5895,0
5894,0
5893,0
5892,0
5891,0
5890,0
5889,0
5888,0
5887,0
5886,0
5885,0
5884,0
5883,0
5882,0
5881,0
5880,0
5879,0
5878,0
5877,0
5876,0
5875,0
5874,0
5873,0
5872,0
5871,0
5870,0
5869,0
5868,0
5867,0
5866,0
5865,0
5864,0
5863,0
5862,0
5861,0
5860,0
5859,0
5858,0
5857,0
5856,0
5855,0
5854,0
5853,0
5852,0
5851,0
5850,0
5849,0
5848,0
5847,0
5846,0
5845,0
5844,0
5843,0
5842,0
5841,0
5840,0
5839,0
5838,0
5837,0
5836,0
5835,0
5834,0
5833,0
5832,0
5831,0
5830,0
5829,0
5828,0
5827,0
5826,0
5825,0
5824,0
5823,0
5822,0
5821,0
5820,0
5819,0
5818,0
5817,0
5816,0
5815,0
5814,0
5813,0
5812,0
5811,0
5810,0
5809,0
5808,0
5807,0
5806,0
5805,0
5804,0
5803,0
5802,0
5801,0
5800,0
5799,0
5798,0
5797,0
5796,0
5795,0
5794,0
5793,0
5792,0
5791,0
5790,0
5789,0
5788,0
5787,0
5786,0
5785,0
5784,0
5783,0
5782,0
5781,0
5780,0
5779,0
5778,0
5777,0
5776,0
5775,0
5774,0
5773,0
5772,0
5771,0
5770,0
5769,0
5768,0
5767,0
5766,0
5765,0
5764,0
5763,0
5762,0
5761,0
5760,0
5759,0
5758,0
5757,0
5756,0
5755,0
5754,0
5753,0
5752,0
5751,0
5750,0
5749,0
5748,0
5747,0
5746,0
5745,0
5744,0
5743,0
5742,0
5741,0
5740,0
5739,0
5738,0
5737,0
5736,0
5735,0
5734,0
5733,0
5732,0
5731,0
5730,0
5729,0
5728,0
5727,0
5726,0
5725,0
5724,0
5723,0
5722,0
5721,0
5720,0
5719,0
5718,0
5717,0
5716,0
5715,0
5714,0
5713,0
5712,0
5711,0
5710,0
5709,0
5708,0
5707,0
5706,0
5705,0
5704,0
5703,0
5702,0
5701,0
5700,0
5699,0
5698,0
5697,0
5696,0
5695,0
5694,0
5693,0
5692,0
5691,0
5690,0
5689,0
5688,0
5687,0
5686,0
5685,0
5684,0
5683,0
5682,0
5681,0
5680,0
5679,0
5678,0
5677,0
5676,0
5675,0
5674,0
5673,0
5672,0
5671,0
5670,0
5669,0
5668,0
5667,0
5666,0
5665,0
5664,0
5663,0
5662,0
5661,0
5660,0
5659,0
5658,0
5657,0
5656,0
5655,0
5654,0
5653,0
5652,0
5651,0
5650,0
5649,0
5648,0
5647,0
5646,0
5645,0
5644,0
5643,0
5642,0
5641,0
5640,0
5639,0
5638,0
5637,0
5636,0
5635,0
5634,0
5633,0
5632,0
5631,0
5630,0
5629,0
5628,0
5627,0
5626,0
5625,0
5624,0
5623,0
5622,0
5621,0
5620,0
5619,0
5618,0
5617,0
5616,0
5615,0
5614,0
5613,0
5612,0
5611,0
5610,0
5609,0
5608,0
5607,0
5606,0
5605,0
5604,0
5603,0
5602,0
5601,0
5600,0
5599,0
5598,0
5597,0
5596,0
5595,0
5594,0
5593,0
5592,0
5591,0
5590,0
5589,0
5588,0
5587,0
5586,0
5585,0
5584,0
5583,0
5582,0
5581,0
5580,0
5579,0
5578,0
5577,0
5576,0
5575,0
5574,0
5573,0
5572,0
5571,0
5570,0
5569,0
5568,0
5567,0
5566,0
5565,0
5564,0
5563,0
5562,0
5561,0
5560,0
5559,0
5558,0
5557,0
5556,0
5555,0
5554,0
5553,0
5552,0
5551,0
5550,0
5549,0
5548,0
5547,0
5546,0
5545,0
5544,0
5543,0
5542,0
5541,0
5540,0
5539,0
5538,0
5537,0
5536,0
5535,0
5534,0
5533,0
5532,0
5531,0
5530,0
5529,0
5528,0
5527,0
5526,0
5525,0
5524,0
5523,0
5522,0
5521,0
5520,0
5519,0
5518,0
5517,0
5516,0
5515,0
5514,0
5513,0
5512,0
5511,0
5510,0
5509,0
5508,0
5507,0
5506,0
5505,0
5504,0
5503,0
5502,0
5501,0
5500,0
5499,0
5498,0
5497,0
5496,0
5495,0
5494,0
5493,0
5492,0
5491,0
5490,0
5489,0
5488,0
5487,0
5486,0
5485,0
5484,0
5483,0
5482,0
5481,0
5480,0
5479,0
5478,0
5477,0
5476,0
5475,0
5474,0
5473,0
5472,0
5471,0
5470,0
5469,0
5468,0
5467,0
5466,0
5465,0
5464,0
5463,0
5462,0
5461,0
5460,0
5459,0
5458,0
5457,0
5456,0
5455,0
5454,0
5453,0
5452,0
5451,0
5450,0
5449,0
5448,0
5447,0
5446,0
5445,0
5444,0
5443,0
5442,0
5441,0
5440,0
5439,0
5438,0
5437,0
5436,0
5435,0
5434,0
5433,0
5432,0
5431,0
5430,0
5429,0
5428,0
5427,0
5426,0
5425,0
5424,0
5423,0
5422,0
5421,0
5420,0
5419,0
5418,0
5417,0
5416,0
5415,0
5414,0
5413,0
5412,0
5411,0
5410,0
5409,0
5408,0
5407,0
5406,0
5405,0
5404,0
5403,0
5402,0
5401,0
5400,0
5399,0
5398,0
5397,0
5396,0
5395,0
5394,0
5393,0
5392,0
5391,0
5390,0
5389,0
5388,0
5387,0
5386,0
5385,0
5384,0
5383,0
5382,0
5381,0
5380,0
5379,0
5378,0
5377,0
5376,0
5375,0
5374,0
5373,0
5372,0
5371,0
5370,0
5369,0
5368,0
5367,0
5366,0
5365,0
5364,0
5363,0
5362,0
5361,0
5360,0
5359,0
5358,0
5357,0
5356,0
5355,0
5354,0
5353,0
5352,0
5351,0
5350,0
5349,0
5348,0
5347,0
5346,0
5345,0
5344,0
5343,0
5342,0
5341,0
5340,0
5339,0
5338,0
5337,0
5336,0
5335,0
5334,0
5333,0
5332,0
5331,0
5330,0
5329,0
5328,0
5327,0
5326,0
5325,0
5324,0
5323,0
5322,0
5321,0
5320,0
5319,0
5318,0
5317,0
5316,0
5315,0
5314,0
5313,0
5312,0
5311,0
5310,0
5309,0
5308,0
5307,0
5306,0
5305,0
5304,0
5303,0
5302,0
5301,0
5300,0
5299,0
5298,0
5297,0
5296,0
5295,0
5294,0
5293,0
5292,0
5291,0
5290,0
5289,0
5288,0
5287,0
5286,0
5285,0
5284,0
5283,0
5282,0
5281,0
5280,0
5279,0
5278,0
5277,0
5276,0
5275,0
5274,0
5273,0
5272,0
5271,0
5270,0
5269,0
5268,0
5267,0
5266,0
5265,0
5264,0
5263,0
5262,0
5261,0
5260,0
5259,0
5258,0
5257,0
5256,0
5255,0
5254,0
5253,0
5252,0
5251,0
5250,0
5249,0
5248,0
5247,0
5246,0
5245,0
5244,0
5243,0
5242,0
5241,0
5240,0
5239,0
5238,0
5237,0
5236,0
5235,0
5234,0
5233,0
5232,0
5231,0
5230,0
5229,0
5228,0
5227,0
5226,0
5225,0
5224,0
5223,0
5222,0
5221,0
5220,0
5219,0
5218,0
5217,0
5216,0
5215,0
5214,0
5213,0
5212,0
5211,0
5210,0
5209,0
5208,0
5207,0
5206,0
5205,0
5204,0
5203,0
5202,0
5201,0
5200,0
5199,0
5198,0
5197,0
5196,0
5195,0
5194,0
5193,0
5192,0
5191,0
5190,0
5189,0
5188,0
5187,0
5186,0
5185,0
5184,0
5183,0
5182,0
5181,0
5180,0
5179,0
5178,0
5177,0
5176,0
5175,0
5174,0
5173,0
5172,0
5171,0
5170,0
5169,0
5168,0
5167,0
5166,0
5165,0
5164,0
5163,0
5162,0
5161,0
5160,0
5159,0
5158,0
5157,0
5156,0
5155,0
5154,0
5153,0
5152,0
5151,0
5150,0
5149,0
5148,0
5147,0
5146,0
5145,0
5144,0
5143,0
5142,0
5141,0
5140,0
5139,0
5138,0
5137,0
5136,0
5135,0
5134,0
5133,0
5132,0
5131,0
5130,0
5129,0
5128,0
5127,0
5126,0
5125,0
5124,0
5123,0
5122,0
5121,0
5120,0
5119,0
5118,0
5117,0
5116,0
5115,0
5114,0
5113,0
5112,0
5111,0
5110,0
5109,0
5108,0
5107,0
5106,0
5105,0
5104,0
5103,0
5102,0
5101,0
5100,0
5099,0
5098,0
5097,0
5096,0
5095,0
5094,0
5093,0
5092,0
5091,0
5090,0
5089,0
5088,0
5087,0
5086,0
5085,0
5084,0
5083,0
5082,0
5081,0
5080,0
5079,0
5078,0
5077,0
5076,0
5075,0
5074,0
5073,0
5072,0
5071,0
5070,0
5069,0
5068,0
5067,0
5066,0
5065,0
5064,0
5063,0
5062,0
5061,0
5060,0
5059,0
5058,0
5057,0
5056,0
5055,0
5054,0
5053,0
5052,0
5051,0
5050,0
5049,0
5048,0
5047,0
5046,0
5045,0
5044,0
5043,0
5042,0
5041,0
5040,0
5039,0
5038,0
5037,0
5036,0
5035,0
5034,0
5033,0
5032,0
5031,0
5030,0
5029,0
5028,0
5027,0
5026,0
5025,0
5024,0
5023,0
5022,0
5021,0
5020,0
5019,0
5018,0
5017,0
5016,0
5015,0
5014,0
5013,0
5012,0
5011,0
5010,0
5009,0
5008,0
5007,0
5006,0
5005,0
5004,0
5003,0
5002,0
5001,0
5000,0
4999,0
4998,0
4997,0
4996,0
4995,0
4994,0
4993,0
4992,0
4991,0
4990,0
4989,0
4988,0
4987,0
4986,0
4985,0
4984,0
4983,0
4982,0
4981,0
4980,0
4979,0
4978,0
4977,0
4976,0
4975,0
4974,0
4973,0
4972,0
4971,0
4970,0
4969,0
4968,0
4967,0
4966,0
4965,0
4964,0
4963,0
4962,0
4961,0
4960,0
4959,0
4958,0
4957,0
4956,0
4955,0
4954,0
4953,0
4952,0
4951,0
4950,0
4949,0
4948,0
4947,0
4946,0
4945,0
4944,0
4943,0
4942,0
4941,0
4940,0
4939,0
4938,0
4937,0
4936,0
4935,0
4934,0
4933,0
4932,0
4931,0
4930,0
4929,0
4928,0
4927,0
4926,0
4925,0
4924,0
4923,0
4922,0
4921,0
4920,0
4919,0
4918,0
4917,0
4916,0
4915,0
4914,0
4913,0
4912,0
4911,0
4910,0
4909,0
4908,0
4907,0
4906,0
4905,0
4904,0
4903,0
4902,0
4901,0
4900,0
4899,0
4898,0
4897,0
4896,0
4895,0
4894,0
4893,0
4892,0
4891,0
4890,0
4889,0
4888,0
4887,0
4886,0
4885,0
4884,0
4883,0
4882,0
4881,0
4880,0
4879,0
4878,0
4877,0
4876,0
4875,0
4874,0
4873,0
4872,0
4871,0
4870,0
4869,0
4868,0
4867,0
4866,0
4865,0
4864,0
4863,0
4862,0
4861,0
4860,0
4859,0
4858,0
4857,0
4856,0
4855,0
4854,0
4853,0
4852,0
4851,0
4850,0
4849,0
4848,0
4847,0
4846,0
4845,0
4844,0
4843,0
4842,0
4841,0
4840,0
4839,0
4838,0
4837,0
4836,0
4835,0
4834,0
4833,0
4832,0
4831,0
4830,0
4829,0
4828,0
4827,0
4826,0
4825,0
4824,0
4823,0
4822,0
4821,0
4820,0
4819,0
4818,0
4817,0
4816,0
4815,0
4814,0
4813,0
4812,0
4811,0
4810,0
4809,0
4808,0
4807,0
4806,0
4805,0
4804,0
4803,0
4802,0
4801,0
4800,0
4799,0
4798,0
4797,0
4796,0
4795,0
4794,0
4793,0
4792,0
4791,0
4790,0
4789,0
4788,0
4787,0
4786,0
4785,0
4784,0
4783,0
4782,0
4781,0
4780,0
4779,0
4778,0
4777,0
4776,0
4775,0
4774,0
4773,0
4772,0
4771,0
4770,0
4769,0
4768,0
4767,0
4766,0
4765,0
4764,0
4763,0
4762,0
4761,0
4760,0
4759,0
4758,0
4757,0
4756,0
4755,0
4754,0
4753,0
4752,0
4751,0
4750,0
4749,0
4748,0
4747,0
4746,0
4745,0
4744,0
4743,0
4742,0
4741,0
4740,0
4739,0
4738,0
4737,0
4736,0
4735,0
4734,0
4733,0
4732,0
4731,0
4730,0
4729,0
4728,0
4727,0
4726,0
4725,0
4724,0
4723,0
4722,0
4721,0
4720,0
4719,0
4718,0
4717,0
4716,0
4715,0
4714,0
4713,0
4712,0
4711,0
4710,0
4709,0
4708,0
4707,0
4706,0
4705,0
4704,0
4703,0
4702,0
4701,0
4700,0
4699,0
4698,0
4697,0
4696,0
4695,0
4694,0
4693,0
4692,0
4691,0
4690,0
4689,0
4688,0
4687,0
4686,0
4685,0
4684,0
4683,0
4682,0
4681,0
4680,0
4679,0
4678,0
4677,0
4676,0
4675,0
4674,0
4673,0
4672,0
4671,0
4670,0
4669,0
4668,0
4667,0
4666,0
4665,0
4664,0
4663,0
4662,0
4661,0
4660,0
4659,0
4658,0
4657,0
4656,0
4655,0
4654,0
4653,0
4652,0
4651,0
4650,0
4649,0
4648,0
4647,0
4646,0
4645,0
4644,0
4643,0
4642,0
4641,0
4640,0
4639,0
4638,0
4637,0
4636,0
4635,0
4634,0
4633,0
4632,0
4631,0
4630,0
4629,0
4628,0
4627,0
4626,0
4625,0
4624,0
4623,0
4622,0
4621,0
4620,0
4619,0
4618,0
4617,0
4616,0
4615,0
4614,0
4613,0
4612,0
4611,0
4610,0
4609,0
4608,0
4607,0
4606,0
4605,0
4604,0
4603,0
4602,0
4601,0
4600,0
4599,0
4598,0
4597,0
4596,0
4595,0
4594,0
4593,0
4592,0
4591,0
4590,0
4589,0
4588,0
4587,0
4586,0
4585,0
4584,0
4583,0
4582,0
4581,0
4580,0
4579,0
4578,0
4577,0
4576,0
4575,0
4574,0
4573,0
4572,0
4571,0
4570,0
4569,0
4568,0
4567,0
4566,0
4565,0
4564,0
4563,0
4562,0
4561,0
4560,0
4559,0
4558,0
4557,0
4556,0
4555,0
4554,0
4553,0
4552,0
4551,0
4550,0
4549,0
4548,0
4547,0
4546,0
4545,0
4544,0
4543,0
4542,0
4541,0
4540,0
4539,0
4538,0
4537,0
4536,0
4535,0
4534,0
4533,0
4532,0
4531,0
4530,0
4529,0
4528,0
4527,0
4526,0
4525,0
4524,0
4523,0
4522,0
4521,0
4520,0
4519,0
4518,0
4517,0
4516,0
4515,0
4514,0
4513,0
4512,0
4511,0
4510,0
4509,0
4508,0
4507,0
4506,0
4505,0
4504,0
4503,0
4502,0
4501,0
4500,0
4499,0
4498,0
4497,0
4496,0
4495,0
4494,0
4493,0
4492,0
4491,0
4490,0
4489,0
4488,0
4487,0
4486,0
4485,0
4484,0
4483,0
4482,0
4481,0
4480,0
4479,0
4478,0
4477,0
4476,0
4475,0
4474,0
4473,0
4472,0
4471,0
4470,0
4469,0
4468,0
4467,0
4466,0
4465,0
4464,0
4463,0
4462,0
4461,0
4460,0
4459,0
4458,0
4457,0
4456,0
4455,0
4454,0
4453,0
4452,0
4451,0
4450,0
4449,0
4448,0
4447,0
4446,0
4445,0
4444,0
4443,0
4442,0
4441,0
4440,0
4439,0
4438,0
4437,0
4436,0
4435,0
4434,0
4433,0
4432,0
4431,0
4430,0
4429,0
4428,0
4427,0
4426,0
4425,0
4424,0
4423,0
4422,0
4421,0
4420,0
4419,0
4418,0
4417,0
4416,0
4415,0
4414,0
4413,0
4412,0
4411,0
4410,0
4409,0
4408,0
4407,0
4406,0
4405,0
4404,0
4403,0
4402,0
4401,0
4400,0
4399,0
4398,0
4397,0
4396,0
4395,0
4394,0
4393,0
4392,0
4391,0
4390,0
4389,0
4388,0
4387,0
4386,0
4385,0
4384,0
4383,0
4382,0
4381,0
4380,0
4379,0
4378,0
4377,0
4376,0
4375,0
4374,0
4373,0
4372,0
4371,0
4370,0
4369,0
4368,0
4367,0
4366,0
4365,0
4364,0
4363,0
4362,0
4361,0
4360,0
4359,0
4358,0
4357,0
4356,0
4355,0
4354,0
4353,0
4352,0
4351,0
4350,0
4349,0
4348,0
4347,0
4346,0
4345,0
4344,0
4343,0
4342,0
4341,0
4340,0
4339,0
4338,0
4337,0
4336,0
4335,0
4334,0
4333,0
4332,0
4331,0
4330,0
4329,0
4328,0
4327,0
4326,0
4325,0
4324,0
4323,0
4322,0
4321,0
4320,0
4319,0
4318,0
4317,0
4316,0
4315,0
4314,0
4313,0
4312,0
4311,0
4310,0
4309,0
4308,0
4307,0
4306,0
4305,0
4304,0
4303,0
4302,0
4301,0
4300,0
4299,0
4298,0
4297,0
4296,0
4295,0
4294,0
4293,0
4292,0
4291,0
4290,0
4289,0
4288,0
4287,0
4286,0
4285,0
4284,0
4283,0
4282,0
4281,0
4280,0
4279,0
4278,0
4277,0
4276,0
4275,0
4274,0
4273,0
4272,0
4271,0
4270,0
4269,0
4268,0
4267,0
4266,0
4265,0
4264,0
4263,0
4262,0
4261,0
4260,0
4259,0
4258,0
4257,0
4256,0
4255,0
4254,0
4253,0
4252,0
4251,0
4250,0
4249,0
4248,0
4247,0
4246,0
4245,0
4244,0
4243,0
4242,0
4241,0
4240,0
4239,0
4238,0
4237,0
4236,0
4235,0
4234,0
4233,0
4232,0
4231,0
4230,0
4229,0
4228,0
4227,0
4226,0
4225,0
4224,0
4223,0
4222,0
4221,0
4220,0
4219,0
4218,0
4217,0
4216,0
4215,0
4214,0
4213,0
4212,0
4211,0
4210,0
4209,0
4208,0
4207,0
4206,0
4205,0
4204,0
4203,0
4202,0
4201,0
4200,0
4199,0
4198,0
4197,0
4196,0
4195,0
4194,0
4193,0
4192,0
4191,0
4190,0
4189,0
4188,0
4187,0
4186,0
4185,0
4184,0
4183,0
4182,0
4181,0
4180,0
4179,0
4178,0
4177,0
4176,0
4175,0
4174,0
4173,0
4172,0
4171,0
4170,0
4169,0
4168,0
4167,0
4166,0
4165,0
4164,0
4163,0
4162,0
4161,0
4160,0
4159,0
4158,0
4157,0
4156,0
4155,0
4154,0
4153,0
4152,0
4151,0
4150,0
4149,0
4148,0
4147,0
4146,0
4145,0
4144,0
4143,0
4142,0
4141,0
4140,0
4139,0
4138,0
4137,0
4136,0
4135,0
4134,0
4133,0
4132,0
4131,0
4130,0
4129,0
4128,0
4127,0
4126,0
4125,0
4124,0
4123,0
4122,0
4121,0
4120,0
4119,0
4118,0
4117,0
4116,0
4115,0
4114,0
4113,0
4112,0
4111,0
4110,0
4109,0
4108,0
4107,0
4106,0
4105,0
4104,0
4103,0
4102,0
4101,0
4100,0
4099,0
4098,0
4097,0
4096,0
4095,0
4094,0
4093,0
4092,0
4091,0
4090,0
4089,0
4088,0
4087,0
4086,0
4085,0
4084,0
4083,0
4082,0
4081,0
4080,0
4079,0
4078,0
4077,0
4076,0
4075,0
4074,0
4073,0
4072,0
4071,0
4070,0
4069,0
4068,0
4067,0
4066,0
4065,0
4064,0
4063,0
4062,0
4061,0
4060,0
4059,0
4058,0
4057,0
4056,0
4055,0
4054,0
4053,0
4052,0
4051,0
4050,0
4049,0
4048,0
4047,0
4046,0
4045,0
4044,0
4043,0
4042,0
4041,0
4040,0
4039,0
4038,0
4037,0
4036,0
4035,0
4034,0
4033,0
4032,0
4031,0
4030,0
4029,0
4028,0
4027,0
4026,0
4025,0
4024,0
4023,0
4022,0
4021,0
4020,0
4019,0
4018,0
4017,0
4016,0
4015,0
4014,0
4013,0
4012,0
4011,0
4010,0
4009,0
4008,0
4007,0
4006,0
4005,0
4004,0
4003,0
4002,0
4001,0
4000,0
3999,0
3998,0
3997,0
3996,0
3995,0
3994,0
3993,0
3992,0
3991,0
3990,0
3989,0
3988,0
3987,0
3986,0
3985,0
3984,0
3983,0
3982,0
3981,0
3980,0
3979,0
3978,0
3977,0
3976,0
3975,0
3974,0
3973,0
3972,0
3971,0
3970,0
3969,0
3968,0
3967,0
3966,0
3965,0
3964,0
3963,0
3962,0
3961,0
3960,0
3959,0
3958,0
3957,0
3956,0
3955,0
3954,0
3953,0
3952,0
3951,0
3950,0
3949,0
3948,0
3947,0
3946,0
3945,0
3944,0
3943,0
3942,0
3941,0
3940,0
3939,0
3938,0
3937,0
3936,0
3935,0
3934,0
3933,0
3932,0
3931,0
3930,0
3929,0
3928,0
3927,0
3926,0
3925,0
3924,0
3923,0
3922,0
3921,0
3920,0
3919,0
3918,0
3917,0
3916,0
3915,0
3914,0
3913,0
3912,0
3911,0
3910,0
3909,0
3908,0
3907,0
3906,0
3905,0
3904,0
3903,0
3902,0
3901,0
3900,0
3899,0
3898,0
3897,0
3896,0
3895,0
3894,0
3893,0
3892,0
3891,0
3890,0
3889,0
3888,0
3887,0
3886,0
3885,0
3884,0
3883,0
3882,0
3881,0
3880,0
3879,0
3878,0
3877,0
3876,0
3875,0
3874,0
3873,0
3872,0
3871,0
3870,0
3869,0
3868,0
3867,0
3866,0
3865,0
3864,0
3863,0
3862,0
3861,0
3860,0
3859,0
3858,0
3857,0
3856,0
3855,0
3854,0
3853,0
3852,0
3851,0
3850,0
3849,0
3848,0
3847,0
3846,0
3845,0
3844,0
3843,0
3842,0
3841,0
3840,0
3839,0
3838,0
3837,0
3836,0
3835,0
3834,0
3833,0
3832,0
3831,0
3830,0
3829,0
3828,0
3827,0
3826,0
3825,0
3824,0
3823,0
3822,0
3821,0
3820,0
3819,0
3818,0
3817,0
3816,0
3815,0
3814,0
3813,0
3812,0
3811,0
3810,0
3809,0
3808,0
3807,0
3806,0
3805,0
3804,0
3803,0
3802,0
3801,0
3800,0
3799,0
3798,0
3797,0
3796,0
3795,0
3794,0
3793,0
3792,0
3791,0
3790,0
3789,0
3788,0
3787,0
3786,0
3785,0
3784,0
3783,0
3782,0
3781,0
3780,0
3779,0
3778,0
3777,0
3776,0
3775,0
3774,0
3773,0
3772,0
3771,0
3770,0
3769,0
3768,0
3767,0
3766,0
3765,0
3764,0
3763,0
3762,0
3761,0
3760,0
3759,0
3758,0
3757,0
3756,0
3755,0
3754,0
3753,0
3752,0
3751,0
3750,0
3749,0
3748,0
3747,0
3746,0
3745,0
3744,0
3743,0
3742,0
3741,0
3740,0
3739,0
3738,0
3737,0
3736,0
3735,0
3734,0
3733,0
3732,0
3731,0
3730,0
3729,0
3728,0
3727,0
3726,0
3725,0
3724,0
3723,0
3722,0
3721,0
3720,0
3719,0
3718,0
3717,0
3716,0
3715,0
3714,0
3713,0
3712,0
3711,0
3710,0
3709,0
3708,0
3707,0
3706,0
3705,0
3704,0
3703,0
3702,0
3701,0
3700,0
3699,0
3698,0
3697,0
3696,0
3695,0
3694,0
3693,0
3692,0
3691,0
3690,0
3689,0
3688,0
3687,0
3686,0
3685,0
3684,0
3683,0
3682,0
3681,0
3680,0
3679,0
3678,0
3677,0
3676,0
3675,0
3674,0
3673,0
3672,0
3671,0
3670,0
3669,0
3668,0
3667,0
3666,0
3665,0
3664,0
3663,0
3662,0
3661,0
3660,0
3659,0
3658,0
3657,0
3656,0
3655,0
3654,0
3653,0
3652,0
3651,0
3650,0
3649,0
3648,0
3647,0
3646,0
3645,0
3644,0
3643,0
3642,0
3641,0
3640,0
3639,0
3638,0
3637,0
3636,0
3635,0
3634,0
3633,0
3632,0
3631,0
3630,0
3629,0
3628,0
3627,0
3626,0
3625,0
3624,0
3623,0
3622,0
3621,0
3620,0
3619,0
3618,0
3617,0
3616,0
3615,0
3614,0
3613,0
3612,0
3611,0
3610,0
3609,0
3608,0
3607,0
3606,0
3605,0
3604,0
3603,0
3602,0
3601,0
3600,0
3599,0
3598,0
3597,0
3596,0
3595,0
3594,0
3593,0
3592,0
3591,0
3590,0
3589,0
3588,0
3587,0
3586,0
3585,0
3584,0
3583,0
3582,0
3581,0
3580,0
3579,0
3578,0
3577,0
3576,0
3575,0
3574,0
3573,0
3572,0
3571,0
3570,0
3569,0
3568,0
3567,0
3566,0
3565,0
3564,0
3563,0
3562,0
3561,0
3560,0
3559,0
3558,0
3557,0
3556,0
3555,0
3554,0
3553,0
3552,0
3551,0
3550,0
3549,0
3548,0
3547,0
3546,0
3545,0
3544,0
3543,0
3542,0
3541,0
3540,0
3539,0
3538,0
3537,0
3536,0
3535,0
3534,0
3533,0
3532,0
3531,0
3530,0
3529,0
3528,0
3527,0
3526,0
3525,0
3524,0
3523,0
3522,0
3521,0
3520,0
3519,0
3518,0
3517,0
3516,0
3515,0
3514,0
3513,0
3512,0
3511,0
3510,0
3509,0
3508,0
3507,0
3506,0
3505,0
3504,0
3503,0
3502,0
3501,0
3500,0
3499,0
3498,0
3497,0
3496,0
3495,0
3494,0
3493,0
3492,0
3491,0
3490,0
3489,0
3488,0
3487,0
3486,0
3485,0
3484,0
3483,0
3482,0
3481,0
3480,0
3479,0
3478,0
3477,0
3476,0
3475,0
3474,0
3473,0
3472,0
3471,0
3470,0
3469,0
3468,0
3467,0
3466,0
3465,0
3464,0
3463,0
3462,0
3461,0
3460,0
3459,0
3458,0
3457,0
3456,0
3455,0
3454,0
3453,0
3452,0
3451,0
3450,0
3449,0
3448,0
3447,0
3446,0
3445,0
3444,0
3443,0
3442,0
3441,0
3440,0
3439,0
3438,0
3437,0
3436,0
3435,0
3434,0
3433,0
3432,0
3431,0
3430,0
3429,0
3428,0
3427,0
3426,0
3425,0
3424,0
3423,0
3422,0
3421,0
3420,0
3419,0
3418,0
3417,0
3416,0
3415,0
3414,0
3413,0
3412,0
3411,0
3410,0
3409,0
3408,0
3407,0
3406,0
3405,0
3404,0
3403,0
3402,0
3401,0
3400,0
3399,0
3398,0
3397,0
3396,0
3395,0
3394,0
3393,0
3392,0
3391,0
3390,0
3389,0
3388,0
3387,0
3386,0
3385,0
3384,0
3383,0
3382,0
3381,0
3380,0
3379,0
3378,0
3377,0
3376,0
3375,0
3374,0
3373,0
3372,0
3371,0
3370,0
3369,0
3368,0
3367,0
3366,0
3365,0
3364,0
3363,0
3362,0
3361,0
3360,0
3359,0
3358,0
3357,0
3356,0
3355,0
3354,0
3353,0
3352,0
3351,0
3350,0
3349,0
3348,0
3347,0
3346,0
3345,0
3344,0
3343,0
3342,0
3341,0
3340,0
3339,0
3338,0
3337,0
3336,0
3335,0
3334,0
3333,0
3332,0
3331,0
3330,0
3329,0
3328,0
3327,0
3326,0
3325,0
3324,0
3323,0
3322,0
3321,0
3320,0
3319,0
3318,0
3317,0
3316,0
3315,0
3314,0
3313,0
3312,0
3311,0
3310,0
3309,0
3308,0
3307,0
3306,0
3305,0
3304,0
3303,0
3302,0
3301,0
3300,0
3299,0
3298,0
3297,0
3296,0
3295,0
3294,0
3293,0
3292,0
3291,0
3290,0
3289,0
3288,0
3287,0
3286,0
3285,0
3284,0
3283,0
3282,0
3281,0
3280,0
3279,0
3278,0
3277,0
3276,0
3275,0
3274,0
3273,0
3272,0
3271,0
3270,0
3269,0
3268,0
3267,0
3266,0
3265,0
3264,0
3263,0
3262,0
3261,0
3260,0
3259,0
3258,0
3257,0
3256,0
3255,0
3254,0
3253,0
3252,0
3251,0
3250,0
3249,0
3248,0
3247,0
3246,0
3245,0
3244,0
3243,0
3242,0
3241,0
3240,0
3239,0
3238,0
3237,0
3236,0
3235,0
3234,0
3233,0
3232,0
3231,0
3230,0
3229,0
3228,0
3227,0
3226,0
3225,0
3224,0
3223,0
3222,0
3221,0
3220,0
3219,0
3218,0
3217,0
3216,0
3215,0
3214,0
3213,0
3212,0
3211,0
3210,0
3209,0
3208,0
3207,0
3206,0
3205,0
3204,0
3203,0
3202,0
3201,0
3200,0
3199,0
3198,0
3197,0
3196,0
3195,0
3194,0
3193,0
3192,0
3191,0
3190,0
3189,0
3188,0
3187,0
3186,0
3185,0
3184,0
3183,0
3182,0
3181,0
3180,0
3179,0
3178,0
3177,0
3176,0
3175,0
3174,0
3173,0
3172,0
3171,0
3170,0
3169,0
3168,0
3167,0
3166,0
3165,0
3164,0
3163,0
3162,0
3161,0
3160,0
3159,0
3158,0
3157,0
3156,0
3155,0
3154,0
3153,0
3152,0
3151,0
3150,0
3149,0
3148,0
3147,0
3146,0
3145,0
3144,0
3143,0
3142,0
3141,0
3140,0
3139,0
3138,0
3137,0
3136,0
3135,0
3134,0
3133,0
3132,0
3131,0
3130,0
3129,0
3128,0
3127,0
3126,0
3125,0
3124,0
3123,0
3122,0
3121,0
3120,0
3119,0
3118,0
3117,0
3116,0
3115,0
3114,0
3113,0
3112,0
3111,0
3110,0
3109,0
3108,0
3107,0
3106,0
3105,0
3104,0
3103,0
3102,0
3101,0
3100,0
3099,0
3098,0
3097,0
3096,0
3095,0
3094,0
3093,0
3092,0
3091,0
3090,0
3089,0
3088,0
3087,0
3086,0
3085,0
3084,0
3083,0
3082,0
3081,0
3080,0
3079,0
3078,0
3077,0
3076,0
3075,0
3074,0
3073,0
3072,0
3071,0
3070,0
3069,0
3068,0
3067,0
3066,0
3065,0
3064,0
3063,0
3062,0
3061,0
3060,0
3059,0
3058,0
3057,0
3056,0
3055,0
3054,0
3053,0
3052,0
3051,0
3050,0
3049,0
3048,0
3047,0
3046,0
3045,0
3044,0
3043,0
3042,0
3041,0
3040,0
3039,0
3038,0
3037,0
3036,0
3035,0
3034,0
3033,0
3032,0
3031,0
3030,0
3029,0
3028,0
3027,0
3026,0
3025,0
3024,0
3023,0
3022,0
3021,0
3020,0
3019,0
3018,0
3017,0
3016,0
3015,0
3014,0
3013,0
3012,0
3011,0
3010,0
3009,0
3008,0
3007,0
3006,0
3005,0
3004,0
3003,0
3002,0
3001,0
3000,0
2999,0
2998,0
2997,0
2996,0
2995,0
2994,0
2993,0
2992,0
2991,0
2990,0
2989,0
2988,0
2987,0
2986,0
2985,0
2984,0
2983,0
2982,0
2981,0
2980,0
2979,0
2978,0
2977,0
2976,0
2975,0
2974,0
2973,0
2972,0
2971,0
2970,0
2969,0
2968,0
2967,0
2966,0
2965,0
2964,0
2963,0
2962,0
2961,0
2960,0
2959,0
2958,0
2957,0
2956,0
2955,0
2954,0
2953,0
2952,0
2951,0
2950,0
2949,0
2948,0
2947,0
2946,0
2945,0
2944,0
2943,0
2942,0
2941,0
2940,0
2939,0
2938,0
2937,0
2936,0
2935,0
2934,0
2933,0
2932,0
2931,0
2930,0
2929,0
2928,0
2927,0
2926,0
2925,0
2924,0
2923,0
2922,0
2921,0
2920,0
2919,0
2918,0
2917,0
2916,0
2915,0
2914,0
2913,0
2912,0
2911,0
2910,0
2909,0
2908,0
2907,0
2906,0
2905,0
2904,0
2903,0
2902,0
2901,0
2900,0
2899,0
2898,0
2897,0
2896,0
2895,0
2894,0
2893,0
2892,0
2891,0
2890,0
2889,0
2888,0
2887,0
2886,0
2885,0
2884,0
2883,0
2882,0
2881,0
2880,0
2879,0
2878,0
2877,0
2876,0
2875,0
2874,0
2873,0
2872,0
2871,0
2870,0
2869,0
2868,0
2867,0
2866,0
2865,0
2864,0
2863,0
2862,0
2861,0
2860,0
2859,0
2858,0
2857,0
2856,0
2855,0
2854,0
2853,0
2852,0
2851,0
2850,0
2849,0
2848,0
2847,0
2846,0
2845,0
2844,0
2843,0
2842,0
2841,0
2840,0
2839,0
2838,0
2837,0
2836,0
2835,0
2834,0
2833,0
2832,0
2831,0
2830,0
2829,0
2828,0
2827,0
2826,0
2825,0
2824,0
2823,0
2822,0
2821,0
2820,0
2819,0
2818,0
2817,0
2816,0
2815,0
2814,0
2813,0
2812,0
2811,0
2810,0
2809,0
2808,0
2807,0
2806,0
2805,0
2804,0
2803,0
2802,0
2801,0
2800,0
2799,0
2798,0
2797,0
2796,0
2795,0
2794,0
2793,0
2792,0
2791,0
2790,0
2789,0
2788,0
2787,0
2786,0
2785,0
2784,0
2783,0
2782,0
2781,0
2780,0
2779,0
2778,0
2777,0
2776,0
2775,0
2774,0
2773,0
2772,0
2771,0
2770,0
2769,0
2768,0
2767,0
2766,0
2765,0
2764,0
2763,0
2762,0
2761,0
2760,0
2759,0
2758,0
2757,0
2756,0
2755,0
2754,0
2753,0
2752,0
2751,0
2750,0
2749,0
2748,0
2747,0
2746,0
2745,0
2744,0
2743,0
2742,0
2741,0
2740,0
2739,0
2738,0
2737,0
2736,0
2735,0
2734,0
2733,0
2732,0
2731,0
2730,0
2729,0
2728,0
2727,0
2726,0
2725,0
2724,0
2723,0
2722,0
2721,0
2720,0
2719,0
2718,0
2717,0
2716,0
2715,0
2714,0
2713,0
2712,0
2711,0
2710,0
2709,0
2708,0
2707,0
2706,0
2705,0
2704,0
2703,0
2702,0
2701,0
2700,0
2699,0
2698,0
2697,0
2696,0
2695,0
2694,0
2693,0
2692,0
2691,0
2690,0
2689,0
2688,0
2687,0
2686,0
2685,0
2684,0
2683,0
2682,0
2681,0
2680,0
2679,0
2678,0
2677,0
2676,0
2675,0
2674,0
2673,0
2672,0
2671,0
2670,0
2669,0
2668,0
2667,0
2666,0
2665,0
2664,0
2663,0
2662,0
2661,0
2660,0
2659,0
2658,0
2657,0
2656,0
2655,0
2654,0
2653,0
2652,0
2651,0
2650,0
2649,0
2648,0
2647,0
2646,0
2645,0
2644,0
2643,0
2642,0
2641,0
2640,0
2639,0
2638,0
2637,0
2636,0
2635,0
2634,0
2633,0
2632,0
2631,0
2630,0
2629,0
2628,0
2627,0
2626,0
2625,0
2624,0
2623,0
2622,0
2621,0
2620,0
2619,0
2618,0
2617,0
2616,0
2615,0
2614,0
2613,0
2612,0
2611,0
2610,0
2609,0
2608,0
2607,0
2606,0
2605,0
2604,0
2603,0
2602,0
2601,0
2600,0
2599,0
2598,0
2597,0
2596,0
2595,0
2594,0
2593,0
2592,0
2591,0
2590,0
2589,0
2588,0
2587,0
2586,0
2585,0
2584,0
2583,0
2582,0
2581,0
2580,0
2579,0
2578,0
2577,0
2576,0
2575,0
2574,0
2573,0
2572,0
2571,0
2570,0
2569,0
2568,0
2567,0
2566,0
2565,0
2564,0
2563,0
2562,0
2561,0
2560,0
2559,0
2558,0
2557,0
2556,0
2555,0
2554,0
2553,0
2552,0
2551,0
2550,0
2549,0
2548,0
2547,0
2546,0
2545,0
2544,0
2543,0
2542,0
2541,0
2540,0
2539,0
2538,0
2537,0
2536,0
2535,0
2534,0
2533,0
2532,0
2531,0
2530,0
2529,0
2528,0
2527,0
2526,0
2525,0
2524,0
2523,0
2522,0
2521,0
2520,0
2519,0
2518,0
2517,0
2516,0
2515,0
2514,0
2513,0
2512,0
2511,0
2510,0
2509,0
2508,0
2507,0
2506,0
2505,0
2504,0
2503,0
2502,0
2501,0
2500,0
2499,0
2498,0
2497,0
2496,0
2495,0
2494,0
2493,0
2492,0
2491,0
2490,0
2489,0
2488,0
2487,0
2486,0
2485,0
2484,0
2483,0
2482,0
2481,0
2480,0
2479,0
2478,0
2477,0
2476,0
2475,0
2474,0
2473,0
2472,0
2471,0
2470,0
2469,0
2468,0
2467,0
2466,0
2465,0
2464,0
2463,0
2462,0
2461,0
2460,0
2459,0
2458,0
2457,0
2456,0
2455,0
2454,0
2453,0
2452,0
2451,0
2450,0
2449,0
2448,0
2447,0
2446,0
2445,0
2444,0
2443,0
2442,0
2441,0
2440,0
2439,0
2438,0
2437,0
2436,0
2435,0
2434,0
2433,0
2432,0
2431,0
2430,0
2429,0
2428,0
2427,0
2426,0
2425,0
2424,0
2423,0
2422,0
2421,0
2420,0
2419,0
2418,0
2417,0
2416,0
2415,0
2414,0
2413,0
2412,0
2411,0
2410,0
2409,0
2408,0
2407,0
2406,0
2405,0
2404,0
2403,0
2402,0
2401,0
2400,0
2399,0
2398,0
2397,0
2396,0
2395,0
2394,0
2393,0
2392,0
2391,0
2390,0
2389,0
2388,0
2387,0
2386,0
2385,0
2384,0
2383,0
2382,0
2381,0
2380,0
2379,0
2378,0
2377,0
2376,0
2375,0
2374,0
2373,0
2372,0
2371,0
2370,0
2369,0
2368,0
2367,0
2366,0
2365,0
2364,0
2363,0
2362,0
2361,0
2360,0
2359,0
2358,0
2357,0
2356,0
2355,0
2354,0
2353,0
2352,0
2351,0
2350,0
2349,0
2348,0
2347,0
2346,0
2345,0
2344,0
2343,0
2342,0
2341,0
2340,0
2339,0
2338,0
2337,0
2336,0
2335,0
2334,0
2333,0
2332,0
2331,0
2330,0
2329,0
2328,0
2327,0
2326,0
2325,0
2324,0
2323,0
2322,0
2321,0
2320,0
2319,0
2318,0
2317,0
2316,0
2315,0
2314,0
2313,0
2312,0
2311,0
2310,0
2309,0
2308,0
2307,0
2306,0
2305,0
2304,0
2303,0
2302,0
2301,0
2300,0
2299,0
2298,0
2297,0
2296,0
2295,0
2294,0
2293,0
2292,0
2291,0
2290,0
2289,0
2288,0
2287,0
2286,0
2285,0
2284,0
2283,0
2282,0
2281,0
2280,0
2279,0
2278,0
2277,0
2276,0
2275,0
2274,0
2273,0
2272,0
2271,0
2270,0
2269,0
2268,0
2267,0
2266,0
2265,0
2264,0
2263,0
2262,0
2261,0
2260,0
2259,0
2258,0
2257,0
2256,0
2255,0
2254,0
2253,0
2252,0
2251,0
2250,0
2249,0
2248,0
2247,0
2246,0
2245,0
2244,0
2243,0
2242,0
2241,0
2240,0
2239,0
2238,0
2237,0
2236,0
2235,0
2234,0
2233,0
2232,0
2231,0
2230,0
2229,0
2228,0
2227,0
2226,0
2225,0
2224,0
2223,0
2222,0
2221,0
2220,0
2219,0
2218,0
2217,0
2216,0
2215,0
2214,0
2213,0
2212,0
2211,0
2210,0
2209,0
2208,0
2207,0
2206,0
2205,0
2204,0
2203,0
2202,0
2201,0
2200,0
2199,0
2198,0
2197,0
2196,0
2195,0
2194,0
2193,0
2192,0
2191,0
2190,0
2189,0
2188,0
2187,0
2186,0
2185,0
2184,0
2183,0
2182,0
2181,0
2180,0
2179,0
2178,0
2177,0
2176,0
2175,0
2174,0
2173,0
2172,0
2171,0
2170,0
2169,0
2168,0
2167,0
2166,0
2165,0
2164,0
2163,0
2162,0
2161,0
2160,0
2159,0
2158,0
2157,0
2156,0
2155,0
2154,0
2153,0
2152,0
2151,0
2150,0
2149,0
2148,0
2147,0
2146,0
2145,0
2144,0
2143,0
2142,0
2141,0
2140,0
2139,0
2138,0
2137,0
2136,0
2135,0
2134,0
2133,0
2132,0
2131,0
2130,0
2129,0
2128,0
2127,0
2126,0
2125,0
2124,0
2123,0
2122,0
2121,0
2120,0
2119,0
2118,0
2117,0
2116,0
2115,0
2114,0
2113,0
2112,0
2111,0
2110,0
2109,0
2108,0
2107,0
2106,0
2105,0
2104,0
2103,0
2102,0
2101,0
2100,0
2099,0
2098,0
2097,0
2096,0
2095,0
2094,0
2093,0
2092,0
2091,0
2090,0
2089,0
2088,0
2087,0
2086,0
2085,0
2084,0
2083,0
2082,0
2081,0
2080,0
2079,0
2078,0
2077,0
2076,0
2075,0
2074,0
2073,0
2072,0
2071,0
2070,0
2069,0
2068,0
2067,0
2066,0
2065,0
2064,0
2063,0
2062,0
2061,0
2060,0
2059,0
2058,0
2057,0
2056,0
2055,0
2054,0
2053,0
2052,0
2051,0
2050,0
2049,0
2048,0
2047,0
2046,0
2045,0
2044,0
2043,0
2042,0
2041,0
2040,0
2039,0
2038,0
2037,0
2036,0
2035,0
2034,0
2033,0
2032,0
2031,0
2030,0
2029,0
2028,0
2027,0
2026,0
2025,0
2024,0
2023,0
2022,0
2021,0
2020,0
2019,0
2018,0
2017,0
2016,0
2015,0
2014,0
2013,0
2012,0
2011,0
2010,0
2009,0
2008,0
2007,0
2006,0
2005,0
2004,0
2003,0
2002,0
2001,0
2000,0
1999,0
1998,0
1997,0
1996,0
1995,0
1994,0
1993,0
1992,0
1991,0
1990,0
1989,0
1988,0
1987,0
1986,0
1985,0
1984,0
1983,0
1982,0
1981,0
1980,0
1979,0
1978,0
1977,0
1976,0
1975,0
1974,0
1973,0
1972,0
1971,0
1970,0
1969,0
1968,0
1967,0
1966,0
1965,0
1964,0
1963,0
1962,0
1961,0
1960,0
1959,0
1958,0
1957,0
1956,0
1955,0
1954,0
1953,0
1952,0
1951,0
1950,0
1949,0
1948,0
1947,0
1946,0
1945,0
1944,0
1943,0
1942,0
1941,0
1940,0
1939,0
1938,0
1937,0
1936,0
1935,0
1934,0
1933,0
1932,0
1931,0
1930,0
1929,0
1928,0
1927,0
1926,0
1925,0
1924,0
1923,0
1922,0
1921,0
1920,0
1919,0
1918,0
1917,0
1916,0
1915,0
1914,0
1913,0
1912,0
1911,0
1910,0
1909,0
1908,0
1907,0
1906,0
1905,0
1904,0
1903,0
1902,0
1901,0
1900,0
1899,0
1898,0
1897,0
1896,0
1895,0
1894,0
1893,0
1892,0
1891,0
1890,0
1889,0
1888,0
1887,0
1886,0
1885,0
1884,0
1883,0
1882,0
1881,0
1880,0
1879,0
1878,0
1877,0
1876,0
1875,0
1874,0
1873,0
1872,0
1871,0
1870,0
1869,0
1868,0
1867,0
1866,0
1865,0
1864,0
1863,0
1862,0
1861,0
1860,0
1859,0
1858,0
1857,0
1856,0
1855,0
1854,0
1853,0
1852,0
1851,0
1850,0
1849,0
1848,0
1847,0
1846,0
1845,0
1844,0
1843,0
1842,0
1841,0
1840,0
1839,0
1838,0
1837,0
1836,0
1835,0
1834,0
1833,0
1832,0
1831,0
1830,0
1829,0
1828,0
1827,0
1826,0
1825,0
1824,0
1823,0
1822,0
1821,0
1820,0
1819,0
1818,0
1817,0
1816,0
1815,0
1814,0
1813,0
1812,0
1811,0
1810,0
1809,0
1808,0
1807,0
1806,0
1805,0
1804,0
1803,0
1802,0
1801,0
1800,0
1799,0
1798,0
1797,0
1796,0
1795,0
1794,0
1793,0
1792,0
1791,0
1790,0
1789,0
1788,0
1787,0
1786,0
1785,0
1784,0
1783,0
1782,0
1781,0
1780,0
1779,0
1778,0
1777,0
1776,0
1775,0
1774,0
1773,0
1772,0
1771,0
1770,0
1769,0
1768,0
1767,0
1766,0
1765,0
1764,0
1763,0
1762,0
1761,0
1760,0
1759,0
1758,0
1757,0
1756,0
1755,0
1754,0
1753,0
1752,0
1751,0
1750,0
1749,0
1748,0
1747,0
1746,0
1745,0
1744,0
1743,0
1742,0
1741,0
1740,0
1739,0
1738,0
1737,0
1736,0
1735,0
1734,0
1733,0
1732,0
1731,0
1730,0
1729,0
1728,0
1727,0
1726,0
1725,0
1724,0
1723,0
1722,0
1721,0
1720,0
1719,0
1718,0
1717,0
1716,0
1715,0
1714,0
1713,0
1712,0
1711,0
1710,0
1709,0
1708,0
1707,0
1706,0
1705,0
1704,0
1703,0
1702,0
1701,0
1700,0
1699,0
1698,0
1697,0
1696,0
1695,0
1694,0
1693,0
1692,0
1691,0
1690,0
1689,0
1688,0
1687,0
1686,0
1685,0
1684,0
1683,0
1682,0
1681,0
1680,0
1679,0
1678,0
1677,0
1676,0
1675,0
1674,0
1673,0
1672,0
1671,0
1670,0
1669,0
1668,0
1667,0
1666,0
1665,0
1664,0
1663,0
1662,0
1661,0
1660,0
1659,0
1658,0
1657,0
1656,0
1655,0
1654,0
1653,0
1652,0
1651,0
1650,0
1649,0
1648,0
1647,0
1646,0
1645,0
1644,0
1643,0
1642,0
1641,0
1640,0
1639,0
1638,0
1637,0
1636,0
1635,0
1634,0
1633,0
1632,0
1631,0
1630,0
1629,0
1628,0
1627,0
1626,0
1625,0
1624,0
1623,0
1622,0
1621,0
1620,0
1619,0
1618,0
1617,0
1616,0
1615,0
1614,0
1613,0
1612,0
1611,0
1610,0
1609,0
1608,0
1607,0
1606,0
1605,0
1604,0
1603,0
1602,0
1601,0
1600,0
1599,0
1598,0
1597,0
1596,0
1595,0
1594,0
1593,0
1592,0
1591,0
1590,0
1589,0
1588,0
1587,0
1586,0
1585,0
1584,0
1583,0
1582,0
1581,0
1580,0
1579,0
1578,0
1577,0
1576,0
1575,0
1574,0
1573,0
1572,0
1571,0
1570,0
1569,0
1568,0
1567,0
1566,0
1565,0
1564,0
1563,0
1562,0
1561,0
1560,0
1559,0
1558,0
1557,0
1556,0
1555,0
1554,0
1553,0
1552,0
1551,0
1550,0
1549,0
1548,0
1547,0
1546,0
1545,0
1544,0
1543,0
1542,0
1541,0
1540,0
1539,0
1538,0
1537,0
1536,0
1535,0
1534,0
1533,0
1532,0
1531,0
1530,0
1529,0
1528,0
1527,0
1526,0
1525,0
1524,0
1523,0
1522,0
1521,0
1520,0
1519,0
1518,0
1517,0
1516,0
1515,0
1514,0
1513,0
1512,0
1511,0
1510,0
1509,0
1508,0
1507,0
1506,0
1505,0
1504,0
1503,0
1502,0
1501,0
1500,0
1499,0
1498,0
1497,0
1496,0
1495,0
1494,0
1493,0
1492,0
1491,0
1490,0
1489,0
1488,0
1487,0
1486,0
1485,0
1484,0
1483,0
1482,0
1481,0
1480,0
1479,0
1478,0
1477,0
1476,0
1475,0
1474,0
1473,0
1472,0
1471,0
1470,0
1469,0
1468,0
1467,0
1466,0
1465,0
1464,0
1463,0
1462,0
1461,0
1460,0
1459,0
1458,0
1457,0
1456,0
1455,0
1454,0
1453,0
1452,0
1451,0
1450,0
1449,0
1448,0
1447,0
1446,0
1445,0
1444,0
1443,0
1442,0
1441,0
1440,0
1439,0
1438,0
1437,0
1436,0
1435,0
1434,0
1433,0
1432,0
1431,0
1430,0
1429,0
1428,0
1427,0
1426,0
1425,0
1424,0
1423,0
1422,0
1421,0
1420,0
1419,0
1418,0
1417,0
1416,0
1415,0
1414,0
1413,0
1412,0
1411,0
1410,0
1409,0
1408,0
1407,0
1406,0
1405,0
1404,0
1403,0
1402,0
1401,0
1400,0
1399,0
1398,0
1397,0
1396,0
1395,0
1394,0
1393,0
1392,0
1391,0
1390,0
1389,0
1388,0
1387,0
1386,0
1385,0
1384,0
1383,0
1382,0
1381,0
1380,0
1379,0
1378,0
1377,0
1376,0
1375,0
1374,0
1373,0
1372,0
1371,0
1370,0
1369,0
1368,0
1367,0
1366,0
1365,0
1364,0
1363,0
1362,0
1361,0
1360,0
1359,0
1358,0
1357,0
1356,0
1355,0
1354,0
1353,0
1352,0
1351,0
1350,0
1349,0
1348,0
1347,0
1346,0
1345,0
1344,0
1343,0
1342,0
1341,0
1340,0
1339,0
1338,0
1337,0
1336,0
1335,0
1334,0
1333,0
1332,0
1331,0
1330,0
1329,0
1328,0
1327,0
1326,0
1325,0
1324,0
1323,0
1322,0
1321,0
1320,0
1319,0
1318,0
1317,0
1316,0
1315,0
1314,0
1313,0
1312,0
1311,0
1310,0
1309,0
1308,0
1307,0
1306,0
1305,0
1304,0
1303,0
1302,0
1301,0
1300,0
1299,0
1298,0
1297,0
1296,0
1295,0
1294,0
1293,0
1292,0
1291,0
1290,0
1289,0
1288,0
1287,0
1286,0
1285,0
1284,0
1283,0
1282,0
1281,0
1280,0
1279,0
1278,0
1277,0
1276,0
1275,0
1274,0
1273,0
1272,0
1271,0
1270,0
1269,0
1268,0
1267,0
1266,0
1265,0
1264,0
1263,0
1262,0
1261,0
1260,0
1259,0
1258,0
1257,0
1256,0
1255,0
1254,0
1253,0
1252,0
1251,0
1250,0
1249,0
1248,0
1247,0
1246,0
1245,0
1244,0
1243,0
1242,0
1241,0
1240,0
1239,0
1238,0
1237,0
1236,0
1235,0
1234,0
1233,0
1232,0
1231,0
1230,0
1229,0
1228,0
1227,0
1226,0
1225,0
1224,0
1223,0
1222,0
1221,0
1220,0
1219,0
1218,0
1217,0
1216,0
1215,0
1214,0
1213,0
1212,0
1211,0
1210,0
1209,0
1208,0
1207,0
1206,0
1205,0
1204,0
1203,0
1202,0
1201,0
1200,0
1199,0
1198,0
1197,0
1196,0
1195,0
1194,0
1193,0
1192,0
1191,0
1190,0
1189,0
1188,0
1187,0
1186,0
1185,0
1184,0
1183,0
1182,0
1181,0
1180,0
1179,0
1178,0
1177,0
1176,0
1175,0
1174,0
1173,0
1172,0
1171,0
1170,0
1169,0
1168,0
1167,0
1166,0
1165,0
1164,0
1163,0
1162,0
1161,0
1160,0
1159,0
1158,0
1157,0
1156,0
1155,0
1154,0
1153,0
1152,0
1151,0
1150,0
1149,0
1148,0
1147,0
1146,0
1145,0
1144,0
1143,0
1142,0
1141,0
1140,0
1139,0
1138,0
1137,0
1136,0
1135,0
1134,0
1133,0
1132,0
1131,0
1130,0
1129,0
1128,0
1127,0
1126,0
1125,0
1124,0
1123,0
1122,0
1121,0
1120,0
1119,0
1118,0
1117,0
1116,0
1115,0
1114,0
1113,0
1112,0
1111,0
1110,0
1109,0
1108,0
1107,0
1106,0
1105,0
1104,0
1103,0
1102,0
1101,0
1100,0
1099,0
1098,0
1097,0
1096,0
1095,0
1094,0
1093,0
1092,0
1091,0
1090,0
1089,0
1088,0
1087,0
1086,0
1085,0
1084,0
1083,0
1082,0
1081,0
1080,0
1079,0
1078,0
1077,0
1076,0
1075,0
1074,0
1073,0
1072,0
1071,0
1070,0
1069,0
1068,0
1067,0
1066,0
1065,0
1064,0
1063,0
1062,0
1061,0
1060,0
1059,0
1058,0
1057,0
1056,0
1055,1.38145222025494e-05
1054,1.95996588988923e-05
1053,2.9261057851985e-05
1052,4.05816653395667e-05
1051,5.15439075925152e-05
1050,6.51216818605786e-05
1049,8.1841705447111e-05
1048,0.000107550439789839
1047,0.000145141410733447
1046,0.000167021428101612
1045,0.000191766085421762
1044,0.000205306925086479
1043,0.000210585630561238
1042,0.00022538229153145
1041,0.000241080730998925
1040,0.000241080730998925
1039,0.000241080730998925
1038,0.000241080730998925
1037,0.000241080730998925
1036,0.00022538229153145
1035,0.000210585630561238
1034,0.000196647911483786
1033,0.00018352769799467
1032,0.00015958103165067
1031,0.000148678676350445
1030,0.000135186400864907
1029,0.000125843108804398
1028,9.9986704837325e-05
1027,9.12484718981057e-05
1026,7.8700575358945e-05
1025,6.77226784548572e-05
1024,5.81425743493904e-05
1023,4.98033205164175e-05
1022,4.25624141596721e-05
1021,3.62909317994975e-05
1020,3.34819326937912e-05
1019,2.84503918588108e-05
1018,2.24009782144485e-05
1017,1.89051775876273e-05
1016,1.73523830074157e-05
1015,1.45934778125174e-05
1014,1.33714995984798e-05
1013,1.1206388962706e-05
1012,0
1011,0
1010,0
1009,0
1008,0
1007,0
1006,0
1005,0
1004,0
1003,0
1002,0
1001,0
1000,0
999,0
998,0
997,0
996,0
995,0
994,1.23967460028286e-05
993,1.35442679839672e-05
992,1.73523830074157e-05
991,2.05849609529758e-05
990,2.62031550161781e-05
989,2.84503918588108e-05
988,3.34819326937912e-05
987,3.67510074627491e-05
986,4.31437479541926e-05
985,4.67050300241928e-05
984,5.46384255479833e-05
983,6.77226784548572e-05
982,8.47668929583444e-05
981,0.000104055783025022
980,0.000140114908373425
979,0.000172430716140256
978,0.000211152331053882
977,0.000229811766874581
976,0.000262219319727494
975,0.000279864393283901
974,0.000279864393283901
973,0.000279864393283901
972,0.000274511819972422
971,0.000257292983515761
970,0.0002410216477927
969,0.000211152331053882
968,0.000197472941067798
967,0.000175340139907973
966,0.000163645181627946
965,0.000155741520736696
964,0.000167021428101612
963,0.00018352769799467
962,0.000232158156706293
961,0.000334671218015495
960,0.000539688747694093
959,0.00094746413191863
958,0.0018509909686481
957,0.00352493421279896
956,0.00576131872461985
955,0.0074500160394477
954,0.00802939523145721
953,0.00822325159813081
952,0.00802939523145721
951,0.0076465241455845
950,0.00727155992603917
949,0.00672172367495526
948,0.00619339831114637
947,0.00552022171436014
946,0.00489282016728224
945,0.00428058198236083
944,0.00385036039810493
943,0.00335577384611708
942,0.00298891908694289
941,0.00280001409956655
940,0.00268977904551171
939,0.00258251215149927
938,0.00258251215149927
937,0.00264931157108233
936,0.00287268313430893
935,0.00323047504136381
934,0.00357814515455061
933,0.00416936496203909
932,0.00492352434227244
931,0.00576324726406109
930,0.00679158551566139
929,0.00786817744914826
928,0.00895109747442643
927,0.0100326137693765
926,0.0110527971600689
925,0.0119949917952389
924,0.0128454819158238
923,0.0136052381801318
922,0.0141809981656963
921,0.0146082353092299
920,0.0150437002228563
919,0.0154809168873047
918,0.015816241915926
917,0.0160254868043201
916,0.0161409304569528
915,0.016258059355001
914,0.0163769453202351
913,0.0163769453202351
912,0.0162798485479594
911,0.0162798485479594
910,0.0162798485479594
909,0.0162798485479594
908,0.0162798485479594
907,0.016399274097976
906,0.0166201650904636
905,0.0168707004073203
904,0.0172594225124299
903,0.0177965561742307
902,0.0183287080878063
901,0.0188370513855732
900,0.0193259341179177
899,0.0197224338611578
898,0.019923997467842
897,0.0200758231723527
896,0.0200090142075855
895,0.0198931412826238
894,0.0198163347666935
893,0.0198163347666935
892,0.0197142684328973
891,0.0198350199840903
890,0.0199288340093877
889,0.019923997467842
888,0.0198703954814244
887,0.0197224338611578
886,0.0197641992388136
885,0.0196840373285071
884,0.0197641992388136
883,0.0198369058272961
882,0.0198296519378812
881,0.019923997467842
880,0.0199288340093877
879,0.0198350199840903
878,0.0196359002190228
877,0.0193277435970396
876,0.0192403263883143
875,0.0192403263883143
874,0.0192403263883143
873,0.0193811393141123
872,0.0197267804951595
871,0.019780595228976
870,0.0199288340093877
869,0.0199019815413314
868,0.0196568672357316
867,0.0192993108021466
866,0.0188370513855732
865,0.0183287080878063
864,0.0178013701507376
863,0.0174062777589554
862,0.0171467691393196
861,0.0170347434186635
860,0.0169093810288571
859,0.016785037635944
858,0.016785037635944
857,0.0168919393135271
856,0.0168919393135271
855,0.0168919393135271
854,0.0168919393135271
853,0.0170187063605347
852,0.0170187063605347
851,0.0170187063605347
850,0.0170347434186635
849,0.0170347434186635
848,0.0170347434186635
847,0.0170187063605347
846,0.0170187063605347
845,0.0171282432701705
844,0.0172594225124299
843,0.0173920300747933
842,0.0176691764112138
841,0.0178013701507376
840,0.0179290880701195
839,0.0180568116302462
838,0.0181837243976132
837,0.018309498261726
836,0.0183287080878063
835,0.0183287080878063
834,0.0183287080878063
833,0.0181837243976132
832,0.0180568116302462
831,0.0179184387566052
830,0.0176699153420854
829,0.0175450104090724
828,0.0172950393851578
827,0.0171610231897415
826,0.0170347434186635
825,0.0169093810288571
824,0.0169093810288571
823,0.0169093810288571
822,0.0169093810288571
821,0.0170347434186635
820,0.0171610231897415
819,0.0172880937597568
818,0.0174158031344873
817,0.0175374015736748
816,0.0178013701507376
815,0.0179337223089972
814,0.0180694128531614
813,0.018197720513576
812,0.0183287080878063
811,0.0184337824006537
810,0.0184337824006537
809,0.0185562044601618
808,0.018676371919642
807,0.0188370513855732
806,0.019075830982843
805,0.0191897328227463
804,0.0195034376902192
803,0.0196840373285071
802,0.0199016429301975
801,0.0199019815413314
800,0.0199377778074207
799,0.0198350199840903
798,0.0195453901968184
797,0.0192403263883143
796,0.0183501388063842
795,0.0174308822766099
794,0.0160662614578122
793,0.014844610879767
792,0.0135502337898099
791,0.0122237891535674
790,0.0109388406947689
789,0.00999337524285246
788,0.00907969339859127
787,0.00870936220505379
786,0.00841447696507184
785,0.00841447696507184
784,0.00841447696507184
783,0.00900959590610207
782,0.00962483987507904
781,0.0103055400937032
780,0.0109388406947689
779,0.0119043239722923
778,0.0125562332559379
777,0.0132200637701441
776,0.0135763475906941
775,0.0139133439119913
774,0.0135763475906941
773,0.0128974019484522
772,0.0122237891535674
771,0.0112313116372706
770,0.00993914263149566
769,0.00870936220505379
768,0.00756456993997229
767,0.00627552737184548
766,0.00536669200453867
765,0.0046655084510648
764,0.00420784668907258
763,0.00371585613744135
762,0.00349961254425553
761,0.0033570125010943
760,0.0033570125010943
759,0.0033570125010943
758,0.0033570125010943
757,0.00349961254425553
756,0.00364780778654442
755,0.00371585613744135
754,0.00403764241547032
753,0.00429925712246536
752,0.00447739927156161
751,0.00466186551352193
750,0.00485274215823717
749,0.00505010227454173
748,0.00505010227454173
747,0.00525400446162047
746,0.00515671420961471
745,0.00495356853385692
744,0.00495356853385692
743,0.00475719339852546
742,0.00447739927156161
741,0.00412734073724954
740,0.00389183860956006
739,0.00358569026559724
738,0.00308800952534088
737,0.00272269934569274
736,0.00239944885506767
735,0.00211401219179939
734,0.00178517679246388
733,0.00157240463687674
732,0.00132728830234056
731,0.00114079474342443
730,0.000962641190960233
729,0.00081095764346521
728,0.00066355058282641
727,0.000555933718442388
726,0.000445237389191946
725,0.000371518513253969
724,0.000308171077910448
723,0.00026681424445927
722,0.000225843985086079
721,0.000194332226096297
720,0.000166665901442258
719,0.000155760489506875
718,0.00012808427761235
717,0.000114984640416406
716,9.91250396047184e-05
715,9.37431539228945e-05
714,8.86205946043073e-05
713,8.37468864623124e-05
712,8.72390253184971e-05
711,8.72390253184971e-05
710,8.72390253184971e-05
709,9.226040534321e-05
708,9.75350111127906e-05
707,0.000108886183107031
706,0.000110710225212691
705,0.000123466103058317
704,0.000137487556497263
703,0.000152874374261856
702,0.000169731182719737
701,0.000198013085733488
700,0.000225843985086079
699,0.000249184367263822
698,0.000261600075049766
697,0.000280047084274061
696,0.000293827209502984
695,0.000323095311389944
694,0.000323095311389944
693,0.000338616678723751
692,0.000338616678723751
691,0.000331766558771407
690,0.000331766558771407
689,0.000316601091352781
688,0.000302018003924246
687,0.00027453363551753
686,0.000241925506400801
685,0.0002082967367155
684,0.000178744825130011
683,0.000158232364315896
682,0.000135109148815692
681,0.000114984640416406
680,9.62205701015137e-05
679,8.14144825711126e-05
678,6.48246999369635e-05
677,5.13166219445211e-05
676,3.83453558054859e-05
675,2.80959165119419e-05
674,2.17630026496758e-05
673,1.67588587358147e-05
672,1.1989899810217e-05
671,0
670,0
669,0
668,0
667,0
666,0
665,0
664,0
663,0
662,0
661,0
660,0
659,0
658,0
657,0
656,0
655,0
654,0
653,0
652,0
651,0
650,0
649,0
648,0
647,0
646,0
645,0
644,0
643,0
642,0
641,0
640,0
639,0
638,0
637,0
636,0
635,0
634,0
633,0
632,0
631,0
630,0
629,0
628,0
627,0
626,0
625,0
624,0
623,0
622,0
621,0
620,0
619,0
618,0
617,0
616,0
615,0
614,0
613,0
612,0
611,0
610,0
609,0
608,0
607,0
606,0
605,0
604,0
603,0
602,0
601,0
600,0
599,0
598,0
597,0
596,0
595,0
594,0
593,0
592,0
591,0
590,0
589,0
588,0
587,0
586,0
585,0
584,0
583,0
582,0
581,0
580,0
579,0
578,0
577,0
576,0
575,0
574,0
573,0
572,0
571,0
570,0
569,0
568,0
567,0
566,0
565,0
564,0
563,0
562,0
561,0
560,0
559,0
558,0
557,0
556,0
555,0
554,0
553,0
552,0
551,0
550,0
549,0
548,0
547,0
546,0
545,0
544,0
543,0
542,0
541,0
540,0
539,0
538,0
537,0
536,0
535,0
534,0
533,0
532,0
531,0
530,0
529,0
528,0
527,0
526,0
525,0
524,0
523,0
522,0
521,0
520,0
519,0
518,0
517,0
516,0
515,0
514,0
513,0
512,0
511,0
510,0
509,0
508,0
507,0
506,0
505,0
504,0
503,0
502,0
501,0
500,0
499,0
498,0
497,0
496,0
495,0
494,0
493,0
492,0
491,0
490,0
489,0
488,0
487,0
486,0
485,0
484,0
483,0
482,0
481,0
480,0
479,0
478,0
477,0
476,0
475,0
474,0
473,0
472,0
471,0
470,0
469,0
468,0
467,0
466,0
465,0
464,0
463,0
462,0
461,0
460,0
459,0
458,0
457,0
456,0
455,0
454,0
453,0
452,0
451,0
450,0
449,0
448,0
447,0
446,0
445,0
444,0
443,0
442,0
441,0
440,0
439,0
438,0
437,0
436,0
435,0
434,0
433,0
432,0
431,0
430,0
429,0
428,0
427,0
426,0
425,0
424,0
423,0
422,0
421,0
420,0
419,0
418,0
417,0
416,0
415,0
414,0
413,0
412,0
411,0
410,0
409,0
408,0
407,0
406,0
405,0
404,0
403,0
402,0
401,0
400,0
399,0
398,0
397,0
396,0
395,0
394,0
393,0
392,0
391,0
390,0
389,0
388,0
387,0
386,0
385,0
384,0
383,0
382,0
381,0
380,0
379,0
378,0
377,0
376,0
375,0
374,0
373,0
372,0
371,0
370,0
369,0
368,0
367,0
366,0
365,0
364,0
363,0
362,0
361,0
360,0
359,0
358,0
357,0
356,0
355,0
354,0
353,0
352,0
351,0
350,0
349,0
348,0
347,0
346,0
345,0
344,0
343,0
342,0
341,0
340,0
339,0
338,0
337,0
336,0
335,0
334,0
333,0
332,0
331,0
330,0
329,0
328,0
327,0
326,0
325,0
324,0
323,0
322,0
321,0
320,0
319,0
318,0
317,0
316,0
315,0
314,0
313,0
312,0
311,0
310,0
309,0
308,0
307,0
306,0
305,0
304,0
303,0
302,0
301,0
300,0
299,0
298,0
297,0
296,0
295,0
294,0
293,0
292,0
291,0
290,0
289,0
288,0
287,0
286,0
285,0
284,0
283,0
282,0
281,0
280,0
279,0
278,0
277,0
276,0
275,0
274,0
273,0
272,0
271,0
270,0
269,0
268,0
267,0
266,0
265,0
264,0
263,0
262,0
261,0
260,0
259,0
258,0
257,0
256,0
255,0
254,0
253,0
252,0
251,0
250,0
249,0
248,0
247,0
246,0
245,0
244,0
243,0
242,0
241,0
240,0
239,0
238,0
237,0
236,0
235,0
234,0
233,0
232,0
231,0
230,0
229,0
228,0
227,0
226,0
225,0
224,0
223,0
222,0
221,0
220,0
219,0
218,0
217,0
216,0
215,0
214,0
213,0
212,0
211,0
210,0
209,0
208,0
207,0
206,0
205,0
204,0
203,0
202,0
201,0
200,0
199,0
198,0
197,0
196,0
195,0
194,0
193,0
192,0
191,0
190,0
189,0
188,0
187,0
186,0
185,0
184,0
183,0
182,0
181,0
180,0
179,0
178,0
177,0
176,0
175,0
174,0
173,0
172,0
171,0
170,0
169,0
168,0
167,0
166,0
165,0
164,0
163,0
162,0
161,0
160,0
159,0
158,0
157,0
156,0
155,0
154,0
153,0
152,0
151,0
150,0
149,0
148,0
147,0
146,0
145,0
144,0
143,0
142,0
141,0
140,0
139,0
138,0
137,0
136,0
135,0
134,0
133,0
132,0
131,0
130,0
129,0
128,0
127,0
126,0
125,0
124,0
123,0
122,0
121,0
120,0
119,0
118,0
117,0
116,0
115,0
114,0
113,0
112,0
111,0
110,0
109,0
108,0
107,0
106,0
105,0
104,0
103,0
102,0
101,0
100,0
99,0
98,0
97,0
96,0
95,0
94,0
93,0
92,0
91,0
90,0
89,0
88,0
87,0
86,0
85,0
84,0
83,0
82,0
81,0
80,0
79,0
78,0
77,0
76,0
75,0
74,0
73,0
72,0
71,0
70,0
69,0
68,0
67,0
66,0
65,0
64,0
63,0
62,0
61,0
60,0
59,0
58,0
57,0
56,0
55,0
54,0
53,0
52,0
51,0
50,0
49,0
48,0
47,0
46,0
45,0
44,0
43,0
42,0
41,0
40,0
39,0
38,0
37,0
36,0
35,0
34,0
33,0
32,0
31,0
30,0
29,0
28,0
27,0
26,0
25,0
24,0
23,0
22,0
21,0
20,0
19,0
18,0
17,0
16,0
15,0
14,0
13,0
12,0
11,0
10,0
9,0
8,0
7,0
6,0
5,0
4,0
3,0
2,0
1,0
0,0
