"calBP","PrDens"
55000,1.46830138057616e-05
54999,1.469398996776e-05
54998,1.47049762175937e-05
54997,1.47159725650254e-05
54996,1.47269790198264e-05
54995,1.47379955917769e-05
54994,1.47490222906658e-05
54993,1.47600591262907e-05
54992,1.47711061084581e-05
54991,1.47821632469836e-05
54990,1.47932305516912e-05
54989,1.48043080324137e-05
54988,1.48153956989931e-05
54987,1.48264935612798e-05
54986,1.48376016291335e-05
54985,1.48487199124224e-05
54984,1.48598484210235e-05
54983,1.48709871648229e-05
54982,1.48821361537153e-05
54981,1.48932953976046e-05
54980,1.49044649064033e-05
54979,1.49166091135189e-05
54978,1.4928764270517e-05
54977,1.49409303872284e-05
54976,1.49531074734916e-05
54975,1.49652955391527e-05
54974,1.49774945940654e-05
54973,1.49897046480908e-05
54972,1.5001925711098e-05
54971,1.50141577929635e-05
54970,1.50264009035715e-05
54969,1.50386550528137e-05
54968,1.50509202505897e-05
54967,1.50631965068062e-05
54966,1.50754838313784e-05
54965,1.50877822342283e-05
54964,1.5100091725286e-05
54963,1.51124123144892e-05
54962,1.51247440117829e-05
54961,1.51370868271204e-05
54960,1.51494407704621e-05
54959,1.51608343428954e-05
54958,1.5172238399597e-05
54957,1.51836529506783e-05
54956,1.51950780062597e-05
54955,1.52065135764704e-05
54954,1.52179596714486e-05
54953,1.52294163013416e-05
54952,1.52408834763056e-05
54951,1.52523612065061e-05
54950,1.52638495021172e-05
54949,1.52753483733221e-05
54948,1.52868578303133e-05
54947,1.52983778832919e-05
54946,1.53099085424685e-05
54945,1.53214498180624e-05
54944,1.5333001720302e-05
54943,1.53445642594248e-05
54942,1.53561374456771e-05
54941,1.53677212893149e-05
54940,1.53793158006026e-05
54939,1.5391898684587e-05
54938,1.54044929185246e-05
54937,1.54170985125592e-05
54936,1.54297154768432e-05
54935,1.54423438215357e-05
54934,1.54549835568043e-05
54933,1.54676346928239e-05
54932,1.54802972397771e-05
54931,1.54929712078548e-05
54930,1.5505656607255e-05
54929,1.55183534481837e-05
54928,1.55310617408546e-05
54927,1.5543781495489e-05
54926,1.55565127223166e-05
54925,1.5569255431574e-05
54924,1.5582009633506e-05
54923,1.55947753383651e-05
54922,1.56075525564113e-05
54921,1.5620341297913e-05
54920,1.56331415731457e-05
54919,1.56449677820038e-05
54918,1.56568041152018e-05
54917,1.56686505814542e-05
54916,1.56805071894818e-05
54915,1.56923739480119e-05
54914,1.57042508657786e-05
54913,1.57161379515224e-05
54912,1.57280352139902e-05
54911,1.57399426619354e-05
54910,1.5751860304118e-05
54909,1.57637881493047e-05
54908,1.57757262062684e-05
54907,1.57876744837888e-05
54906,1.5799632990652e-05
54905,1.58116017356505e-05
54904,1.58235807275836e-05
54903,1.58355699752571e-05
54902,1.58475694874834e-05
54901,1.58595792730809e-05
54900,1.58715993408753e-05
54899,1.58836296996984e-05
54898,1.58956703583886e-05
54897,1.59077213257912e-05
54896,1.59197826107573e-05
54895,1.59318542221453e-05
54894,1.59439361688199e-05
54893,1.59560284596522e-05
54892,1.59681311035202e-05
54891,1.59802441093081e-05
54890,1.59923674859068e-05
54889,1.60045012422139e-05
54888,1.60166453871334e-05
54887,1.60287999295762e-05
54886,1.60409648784591e-05
54885,1.60531402427062e-05
54884,1.60653260312477e-05
54883,1.60775222530207e-05
54882,1.60897289169687e-05
54881,1.61019460320418e-05
54880,1.61141736071967e-05
54879,1.61254141698207e-05
54878,1.61366646189198e-05
54877,1.61479249636676e-05
54876,1.61591952132452e-05
54875,1.6170475376842e-05
54874,1.61817654636551e-05
54873,1.61930654828894e-05
54872,1.6204375443758e-05
54871,1.62156953554811e-05
54870,1.62270252272874e-05
54869,1.62383650684134e-05
54868,1.62497148881032e-05
54867,1.62610746956092e-05
54866,1.62724445001911e-05
54865,1.62838243111169e-05
54864,1.62952141376625e-05
54863,1.63066139891114e-05
54862,1.63180238747556e-05
54861,1.63294438038941e-05
54860,1.63408737858345e-05
54859,1.63522895514377e-05
54858,1.63637145879692e-05
54857,1.63751489030812e-05
54856,1.63865925044306e-05
54855,1.63980453996805e-05
54854,1.6409507596499e-05
54853,1.642097910256e-05
54852,1.64324599255431e-05
54851,1.64439500731329e-05
54850,1.64554495530201e-05
54849,1.64669583729007e-05
54848,1.64784765404761e-05
54847,1.64900040634535e-05
54846,1.65015409495454e-05
54845,1.65130872064702e-05
54844,1.65246428419515e-05
54843,1.65362078637184e-05
54842,1.6547782279506e-05
54841,1.65593660970543e-05
54840,1.65709593241097e-05
54839,1.65815533764543e-05
54838,1.65921563313558e-05
54837,1.66027681967977e-05
54836,1.66133889807691e-05
54835,1.66240186912669e-05
54834,1.66346573362938e-05
54833,1.66453049238594e-05
54832,1.66559614619804e-05
54831,1.66666269586794e-05
54830,1.66773014219866e-05
54829,1.66879848599381e-05
54828,1.6698677280577e-05
54827,1.67093786919534e-05
54826,1.67200891021234e-05
54825,1.67308085191506e-05
54824,1.67415369511048e-05
54823,1.67522744060623e-05
54822,1.67630208921069e-05
54821,1.67737764173283e-05
54820,1.67845409898236e-05
54819,1.67962876972478e-05
54818,1.68080432115688e-05
54817,1.68198075391538e-05
54816,1.68315806863742e-05
54815,1.68433626596046e-05
54814,1.68551534652236e-05
54813,1.68669531096135e-05
54812,1.68787615991602e-05
54811,1.68905789402532e-05
54810,1.6902405139286e-05
54809,1.69142402026554e-05
54808,1.69260841367623e-05
54807,1.6937936948011e-05
54806,1.69497986428097e-05
54805,1.69616692275701e-05
54804,1.69735487087079e-05
54803,1.69854370926421e-05
54802,1.69973343857958e-05
54801,1.70092405945954e-05
54800,1.70211557254715e-05
54799,1.70310413027893e-05
54798,1.70409348182982e-05
54797,1.70508362788774e-05
54796,1.70607456914119e-05
54795,1.7070663062792e-05
54794,1.7080588399914e-05
54793,1.70905217096794e-05
54792,1.71004629989958e-05
54791,1.71104122747761e-05
54790,1.71203695439388e-05
54789,1.71303348134083e-05
54788,1.71403080901144e-05
54787,1.71502893809926e-05
54786,1.71602786929841e-05
54785,1.71702760330358e-05
54784,1.71802814081e-05
54783,1.71902948251349e-05
54782,1.72003162911043e-05
54781,1.72103458129775e-05
54780,1.72203833977297e-05
54779,1.7232475665908e-05
54778,1.72445770012559e-05
54777,1.72566874102986e-05
54776,1.72688068995651e-05
54775,1.72809354755879e-05
54774,1.72930731449034e-05
54773,1.73052199140517e-05
54772,1.73173757895765e-05
54771,1.73295407780254e-05
54770,1.73417148859495e-05
54769,1.73538981199038e-05
54768,1.73660904864469e-05
54767,1.73782919921412e-05
54766,1.73905026435529e-05
54765,1.74027224472517e-05
54764,1.74149514098111e-05
54763,1.74271895378085e-05
54762,1.74394368378248e-05
54761,1.74516933164446e-05
54760,1.74639589802565e-05
54759,1.74731464528061e-05
54758,1.74823417829079e-05
54757,1.74915449779854e-05
54756,1.75007560454689e-05
54755,1.75099749927957e-05
54754,1.75192018274099e-05
54753,1.75284365567622e-05
54752,1.75376791883103e-05
54751,1.75469297295189e-05
54750,1.75561881878593e-05
54749,1.75654545708097e-05
54748,1.75747288858553e-05
54747,1.75840111404879e-05
54746,1.75933013422064e-05
54745,1.76025994985164e-05
54744,1.76119056169305e-05
54743,1.76212197049682e-05
54742,1.76305417701558e-05
54741,1.76398718200264e-05
54740,1.76492098621202e-05
54739,1.76595152472364e-05
54738,1.76698281523402e-05
54737,1.76801485831451e-05
54736,1.7690476545369e-05
54735,1.77008120447332e-05
54734,1.77111550869633e-05
54733,1.77215056777889e-05
54732,1.77318638229428e-05
54731,1.77422295281624e-05
54730,1.77526027991884e-05
54729,1.77629836417658e-05
54728,1.77733720616435e-05
54727,1.77837680645739e-05
54726,1.77941716563137e-05
54725,1.78045828426232e-05
54724,1.78150016292667e-05
54723,1.78254280220126e-05
54722,1.78358620266328e-05
54721,1.78463036489035e-05
54720,1.78567528946043e-05
54719,1.78672097695192e-05
54718,1.7877674279436e-05
54717,1.78881464301461e-05
54716,1.78986262274451e-05
54715,1.79091136771322e-05
54714,1.7919608785011e-05
54713,1.79301115568886e-05
54712,1.7940621998576e-05
54711,1.79511401158886e-05
54710,1.79616659146448e-05
54709,1.79721994006678e-05
54708,1.79827405797845e-05
54707,1.79932894578252e-05
54706,1.80038460406249e-05
54705,1.80144103340217e-05
54704,1.80249823438582e-05
54703,1.80355620759811e-05
54702,1.80461495362401e-05
54701,1.80567447304898e-05
54700,1.80673476645881e-05
54699,1.80769177169739e-05
54698,1.80864951480966e-05
54697,1.80960799641175e-05
54696,1.81056721712032e-05
54695,1.81152717755247e-05
54694,1.81248787832583e-05
54693,1.81344932005848e-05
54692,1.81441150336899e-05
54691,1.81537442887643e-05
54690,1.81633809720033e-05
54689,1.81730250896072e-05
54688,1.81826766477813e-05
54687,1.81923356527355e-05
54686,1.82020021106847e-05
54685,1.82116760278484e-05
54684,1.82213574104515e-05
54683,1.82310462647234e-05
54682,1.82407425968982e-05
54681,1.82504464132153e-05
54680,1.82601577199186e-05
54679,1.82687347177714e-05
54678,1.82773180646646e-05
54677,1.82859077657391e-05
54676,1.82945038261403e-05
54675,1.83031062510171e-05
54674,1.83117150455223e-05
54673,1.83203302148129e-05
54672,1.83289517640497e-05
54671,1.83375796983978e-05
54670,1.83462140230262e-05
54669,1.83548547431075e-05
54668,1.83635018638187e-05
54667,1.83721553903404e-05
54666,1.83808153278579e-05
54665,1.83894816815598e-05
54664,1.83981544566389e-05
54663,1.8406833658292e-05
54662,1.84155192917199e-05
54661,1.84242113621276e-05
54660,1.84329098747239e-05
54659,1.84415084417766e-05
54658,1.84501126471106e-05
54657,1.84587224946894e-05
54656,1.84673379884784e-05
54655,1.84759591324461e-05
54654,1.84845859305636e-05
54653,1.84932183868043e-05
54652,1.85018565051445e-05
54651,1.85105002895626e-05
54650,1.85191497440399e-05
54649,1.85278048725604e-05
54648,1.85364656791105e-05
54647,1.85451321676792e-05
54646,1.85538043422578e-05
54645,1.85624822068408e-05
54644,1.85711657654247e-05
54643,1.85798550220091e-05
54642,1.85885499805958e-05
54641,1.85972506451892e-05
54640,1.86059570197964e-05
54639,1.86147833063867e-05
54638,1.86236161413989e-05
54637,1.86324555301257e-05
54636,1.86413014778646e-05
54635,1.86501539899164e-05
54634,1.86590130715863e-05
54633,1.86678787281835e-05
54632,1.86767509650211e-05
54631,1.86856297874166e-05
54630,1.86945152006914e-05
54629,1.87034072101707e-05
54628,1.87123058211842e-05
54627,1.87212110390652e-05
54626,1.87301228691515e-05
54625,1.87390413167849e-05
54624,1.8747966387311e-05
54623,1.87568980860798e-05
54622,1.87658364184448e-05
54621,1.87747813897645e-05
54620,1.87837330054008e-05
54619,1.87913935448366e-05
54618,1.87990588649068e-05
54617,1.88067289688476e-05
54616,1.88144038598967e-05
54615,1.88220835412944e-05
54614,1.88297680162827e-05
54613,1.88374572881055e-05
54612,1.88451513600094e-05
54611,1.88528502352424e-05
54610,1.88605539170552e-05
54609,1.88682624086999e-05
54608,1.88759757134308e-05
54607,1.88836938345049e-05
54606,1.88914167751804e-05
54605,1.88991445387182e-05
54604,1.89068771283809e-05
54603,1.89146145474331e-05
54602,1.89223567991421e-05
54601,1.89301038867763e-05
54600,1.89378558136072e-05
54599,1.89467970264369e-05
54598,1.89557441217725e-05
54597,1.89646971037367e-05
54596,1.89736559764543e-05
54595,1.89826207440532e-05
54594,1.89915914106638e-05
54593,1.90005679804191e-05
54592,1.9009550457455e-05
54591,1.90185388459094e-05
54590,1.90275331499235e-05
54589,1.90365333736408e-05
54588,1.90455395212075e-05
54587,1.90545515967728e-05
54586,1.90635696044877e-05
54585,1.90725935485065e-05
54584,1.90816234329861e-05
54583,1.90906592620859e-05
54582,1.90997010399681e-05
54581,1.91087487707971e-05
54580,1.91178024587405e-05
54579,1.91234147052012e-05
54578,1.91290308380294e-05
54577,1.91346508601146e-05
54576,1.91402747743487e-05
54575,1.91459025836254e-05
54574,1.91515342908409e-05
54573,1.91571698988932e-05
54572,1.91628094106823e-05
54571,1.91684528291107e-05
54570,1.91741001570826e-05
54569,1.91797513975046e-05
54568,1.91854065532851e-05
54567,1.9191065627335e-05
54566,1.9196728622567e-05
54565,1.92023955418959e-05
54564,1.92080663882389e-05
54563,1.9213741164515e-05
54562,1.92194198736454e-05
54561,1.92251025185536e-05
54560,1.92307891021648e-05
54559,1.92388866891287e-05
54558,1.92469900953052e-05
54557,1.92550993252509e-05
54556,1.92632143835252e-05
54555,1.92713352746913e-05
54554,1.92794620033158e-05
54553,1.92875945739686e-05
54552,1.92957329912231e-05
54551,1.93038772596557e-05
54550,1.93120273838466e-05
54549,1.93201833683792e-05
54548,1.93283452178406e-05
54547,1.9336512936821e-05
54546,1.93446865299139e-05
54545,1.93528660017164e-05
54544,1.93610513568291e-05
54543,1.93692425998558e-05
54542,1.93774397354041e-05
54541,1.93856427680842e-05
54540,1.93938517025104e-05
54539,1.93996382338373e-05
54538,1.94054287778922e-05
54537,1.9411223337655e-05
54536,1.94170219161075e-05
54535,1.94228245162336e-05
54534,1.94286311410197e-05
54533,1.94344417934538e-05
54532,1.94402564765265e-05
54531,1.94460751932304e-05
54530,1.94518979465602e-05
54529,1.94577247395128e-05
54528,1.94635555750873e-05
54527,1.94693904562849e-05
54526,1.94752293861089e-05
54525,1.94810723675648e-05
54524,1.94869194036603e-05
54523,1.94927704974053e-05
54522,1.94986256518117e-05
54521,1.95044848698937e-05
54520,1.95103481546675e-05
54519,1.95162155091518e-05
54518,1.95220869363671e-05
54517,1.95279624393362e-05
54516,1.95338420210841e-05
54515,1.95397256846379e-05
54514,1.9545613433027e-05
54513,1.95515052692829e-05
54512,1.95574011964391e-05
54511,1.95633012175316e-05
54510,1.95692053355983e-05
54509,1.95751135536793e-05
54508,1.95810258748171e-05
54507,1.95869423020562e-05
54506,1.95928628384433e-05
54505,1.95987874870272e-05
54504,1.96047162508591e-05
54503,1.96106491329922e-05
54502,1.96165861364818e-05
54501,1.96225272643857e-05
54500,1.96284725197637e-05
54499,1.96342505915926e-05
54498,1.96400320314916e-05
54497,1.96458168415843e-05
54496,1.96516050239962e-05
54495,1.96573965808533e-05
54494,1.96631915142835e-05
54493,1.96689898264158e-05
54492,1.96747915193804e-05
54491,1.9680596595309e-05
54490,1.9686405056334e-05
54489,1.96922169045899e-05
54488,1.96980321422121e-05
54487,1.97038507713369e-05
54486,1.97096727941028e-05
54485,1.97154982126485e-05
54484,1.97213270291148e-05
54483,1.97271592456436e-05
54482,1.97329948643778e-05
54481,1.97388338874621e-05
54480,1.97446763170417e-05
54479,1.97507006995726e-05
54478,1.97567292702434e-05
54477,1.97627620321588e-05
54476,1.97687989884259e-05
54475,1.9774840142154e-05
54474,1.97808854964544e-05
54473,1.97869350544409e-05
54472,1.97929888192293e-05
54471,1.97990467939376e-05
54470,1.98051089816864e-05
54469,1.9811175385598e-05
54468,1.98172460087972e-05
54467,1.98233208544109e-05
54466,1.98293999255684e-05
54465,1.98354832254011e-05
54464,1.98415707570425e-05
54463,1.98476625236286e-05
54462,1.98537585282974e-05
54461,1.98598587741893e-05
54460,1.98659632644467e-05
54459,1.98695773830985e-05
54458,1.98731942682814e-05
54457,1.98768139219638e-05
54456,1.98804363461161e-05
54455,1.98840615427092e-05
54454,1.98876895137157e-05
54453,1.98913202611096e-05
54452,1.98949537868659e-05
54451,1.98985900929614e-05
54450,1.99022291813739e-05
54449,1.99058710540826e-05
54448,1.99095157130679e-05
54447,1.99131631603115e-05
54446,1.99168133977971e-05
54445,1.99204664275088e-05
54444,1.99241222514325e-05
54443,1.99277808715555e-05
54442,1.99314422898659e-05
54441,1.9935106508354e-05
54440,1.99387735290108e-05
54439,1.99424433538287e-05
54438,1.99461159848016e-05
54437,1.99497914239244e-05
54436,1.9953469673194e-05
54435,1.99571507346081e-05
54434,1.99608346101657e-05
54433,1.99645213018675e-05
54432,1.99682108117151e-05
54431,1.99719031417119e-05
54430,1.99755982938624e-05
54429,1.99792962701724e-05
54428,1.99829970726491e-05
54427,1.99867007033009e-05
54426,1.9990407164138e-05
54425,1.99941164571714e-05
54424,1.99978285844137e-05
54423,2.00015435478789e-05
54422,2.0005261349582e-05
54421,2.000898199154e-05
54420,2.00127054757706e-05
54419,2.00166332070021e-05
54418,2.00205645742291e-05
54417,2.00244995804511e-05
54416,2.00284382286705e-05
54415,2.00323805218915e-05
54414,2.0036326463121e-05
54413,2.00402760553682e-05
54412,2.00442293016442e-05
54411,2.0048186204963e-05
54410,2.00521467683403e-05
54409,2.00561109947946e-05
54408,2.00600788873466e-05
54407,2.00640504490189e-05
54406,2.00680256828373e-05
54405,2.00720045918289e-05
54404,2.00759871790238e-05
54403,2.00799734474545e-05
54402,2.00839634001552e-05
54401,2.00879570401631e-05
54400,2.0091954370517e-05
54399,2.00932121748142e-05
54398,2.00944718461624e-05
54397,2.00957333858518e-05
54396,2.00969967951724e-05
54395,2.00982620754159e-05
54394,2.00995292278743e-05
54393,2.01007982538399e-05
54392,2.01020691546067e-05
54391,2.01033419314684e-05
54390,2.01046165857204e-05
54389,2.01058931186581e-05
54388,2.01071715315777e-05
54387,2.01084518257768e-05
54386,2.01097340025527e-05
54385,2.01110180632046e-05
54384,2.01123040090315e-05
54383,2.01135918413333e-05
54382,2.01148815614112e-05
54381,2.01161731705663e-05
54380,2.01174666701013e-05
54379,2.01189781438604e-05
54378,2.01204921944801e-05
54377,2.01220088240326e-05
54376,2.01235280345905e-05
54375,2.01250498282287e-05
54374,2.01265742070228e-05
54373,2.01281011730502e-05
54372,2.01296307283896e-05
54371,2.01311628751206e-05
54370,2.01326976153249e-05
54369,2.0134234951085e-05
54368,2.01357748844851e-05
54367,2.01373174176109e-05
54366,2.01388625525487e-05
54365,2.01404102913871e-05
54364,2.01419606362156e-05
54363,2.01435135891251e-05
54362,2.01450691522083e-05
54361,2.01466273275584e-05
54360,2.01481881172709e-05
54359,2.0148476441762e-05
54358,2.01487669870889e-05
54357,2.01490597550089e-05
54356,2.01493547472793e-05
54355,2.01496519656593e-05
54354,2.01499514119084e-05
54353,2.01502530877873e-05
54352,2.0150556995058e-05
54351,2.01508631354828e-05
54350,2.01511715108258e-05
54349,2.01514821228517e-05
54348,2.01517949733258e-05
54347,2.01521100640152e-05
54346,2.01524273966873e-05
54345,2.01527469731111e-05
54344,2.0153068795056e-05
54343,2.01533928642926e-05
54342,2.01537191825929e-05
54341,2.01540477517292e-05
54340,2.01543785734754e-05
54339,2.01557597120467e-05
54338,2.01571428033077e-05
54337,2.01585278485965e-05
54336,2.01599148492515e-05
54335,2.01613038066127e-05
54334,2.01626947220199e-05
54333,2.01640875968141e-05
54332,2.01654824323374e-05
54331,2.01668792299317e-05
54330,2.0168277990941e-05
54329,2.01696787167088e-05
54328,2.01710814085798e-05
54327,2.01724860679e-05
54326,2.01738926960153e-05
54325,2.01753012942729e-05
54324,2.01767118640207e-05
54323,2.01781244066069e-05
54322,2.01795389233813e-05
54321,2.01809554156936e-05
54320,2.0182373884895e-05
54319,2.01814664230897e-05
54318,2.01805609718938e-05
54317,2.01796575328483e-05
54316,2.01787561074947e-05
54315,2.01778566973752e-05
54314,2.01769593040326e-05
54313,2.01760639290104e-05
54312,2.01751705738529e-05
54311,2.01742792401047e-05
54310,2.01733899293114e-05
54309,2.01725026430191e-05
54308,2.01716173827745e-05
54307,2.0170734150125e-05
54306,2.01698529466187e-05
54305,2.01689737738044e-05
54304,2.01680966332313e-05
54303,2.01672215264495e-05
54302,2.01663484550097e-05
54301,2.01654774204632e-05
54300,2.0164608424362e-05
54299,2.01660672749695e-05
54298,2.01675281328997e-05
54297,2.01689909995212e-05
54296,2.01704558762027e-05
54295,2.01719227643143e-05
54294,2.01733916652266e-05
54293,2.01748625803107e-05
54292,2.01763355109391e-05
54291,2.01778104584844e-05
54290,2.01792874243206e-05
54289,2.01807664098219e-05
54288,2.01822474163635e-05
54287,2.01837304453216e-05
54286,2.01852154980728e-05
54285,2.0186702575995e-05
54284,2.01881916804663e-05
54283,2.01896828128655e-05
54282,2.01911759745731e-05
54281,2.01926711669692e-05
54280,2.01941683914357e-05
54279,2.01897248815956e-05
54278,2.01852838717437e-05
54277,2.01808453637792e-05
54276,2.01764093596019e-05
54275,2.01719758611105e-05
54274,2.01675448702041e-05
54273,2.0163116388781e-05
54272,2.01586904187394e-05
54271,2.01542669619779e-05
54270,2.0149846020394e-05
54269,2.01454275958853e-05
54268,2.01410116903492e-05
54267,2.01365983056825e-05
54266,2.01321874437824e-05
54265,2.01277791065454e-05
54264,2.01233732958678e-05
54263,2.01189700136456e-05
54262,2.01145692617746e-05
54261,2.01101710421506e-05
54260,2.01057753566688e-05
54259,2.01037015017725e-05
54258,2.01016295929001e-05
54257,2.00995596314478e-05
54256,2.00974916188128e-05
54255,2.00954255563921e-05
54254,2.00933614455834e-05
54253,2.00912992877847e-05
54252,2.00892390843938e-05
54251,2.00871808368096e-05
54250,2.00851245464306e-05
54249,2.00830702146561e-05
54248,2.00810178428858e-05
54247,2.00789674325191e-05
54246,2.00769189849566e-05
54245,2.00748725015983e-05
54244,2.00728279838452e-05
54243,2.00707854330985e-05
54242,2.00687448507595e-05
54241,2.00667062382301e-05
54240,2.00646695969122e-05
54239,2.00626349282082e-05
54238,2.00606022335212e-05
54237,2.00585715142537e-05
54236,2.00565427718097e-05
54235,2.00545160075923e-05
54234,2.00524912230059e-05
54233,2.0050468419455e-05
54232,2.0048447598344e-05
54231,2.00464287610781e-05
54230,2.00444119090624e-05
54229,2.00423970437028e-05
54228,2.00403841664055e-05
54227,2.00383732785763e-05
54226,2.00363643816223e-05
54225,2.00343574769502e-05
54224,2.00323525659674e-05
54223,2.00303496500818e-05
54222,2.00283487307009e-05
54221,2.00263498092335e-05
54220,2.00243528870877e-05
54219,2.00187577414844e-05
54218,2.00131653636216e-05
54217,2.00075757553501e-05
54216,2.00019889185191e-05
54215,1.9996404854978e-05
54214,1.99908235665747e-05
54213,1.99852450551566e-05
54212,1.99796693225703e-05
54211,1.99740963706612e-05
54210,1.99685262012742e-05
54209,1.99629588162534e-05
54208,1.9957394217442e-05
54207,1.99518324066825e-05
54206,1.99462733858163e-05
54205,1.99407171566841e-05
54204,1.9935163721126e-05
54203,1.9929613080981e-05
54202,1.99240652380876e-05
54201,1.99185201942829e-05
54200,1.99129779514038e-05
54199,1.99084525336445e-05
54198,1.99039292172977e-05
54197,1.98994080035978e-05
54196,1.98948888937785e-05
54195,1.98903718890735e-05
54194,1.98858569907159e-05
54193,1.98813441999385e-05
54192,1.98768335179739e-05
54191,1.98723249460537e-05
54190,1.98678184854098e-05
54189,1.98633141372733e-05
54188,1.98588119028751e-05
54187,1.98543117834459e-05
54186,1.98498137802152e-05
54185,1.98453178944131e-05
54184,1.98408241272687e-05
54183,1.9836332480011e-05
54182,1.98318429538686e-05
54181,1.98273555500693e-05
54180,1.98228702698411e-05
54179,1.98163721533603e-05
54178,1.98098776952918e-05
54177,1.98033868982206e-05
54176,1.97968997647296e-05
54175,1.97904162974004e-05
54174,1.97839364988134e-05
54173,1.9777460371547e-05
54172,1.97709879181783e-05
54171,1.97645191412826e-05
54170,1.97580540434338e-05
54169,1.97515926272043e-05
54168,1.97451348951649e-05
54167,1.97386808498851e-05
54166,1.97322304939321e-05
54165,1.97257838298722e-05
54164,1.97193408602701e-05
54163,1.97129015876886e-05
54162,1.97064660146895e-05
54161,1.97000341438323e-05
54160,1.96936059776755e-05
54159,1.96891788251325e-05
54158,1.96847538298727e-05
54157,1.96803309931114e-05
54156,1.96759103160634e-05
54155,1.96714917999433e-05
54154,1.96670754459653e-05
54153,1.96626612553431e-05
54152,1.96582492292903e-05
54151,1.96538393690195e-05
54150,1.96494316757434e-05
54149,1.96450261506742e-05
54148,1.96406227950237e-05
54147,1.96362216100035e-05
54146,1.96318225968241e-05
54145,1.96274257566963e-05
54144,1.96230310908303e-05
54143,1.96186386004359e-05
54142,1.96142482867226e-05
54141,1.96098601508992e-05
54140,1.96054741941743e-05
54139,1.95975370125582e-05
54138,1.95896034573032e-05
54137,1.95816735301982e-05
54136,1.95737472330302e-05
54135,1.9565824567584e-05
54134,1.95579055356421e-05
54133,1.95499901389847e-05
54132,1.954207837939e-05
54131,1.95341702586341e-05
54130,1.95262657784904e-05
54129,1.95183649407306e-05
54128,1.9510467747124e-05
54127,1.95025741994378e-05
54126,1.94946842994367e-05
54125,1.94867980488835e-05
54124,1.94789154495387e-05
54123,1.94710365031605e-05
54122,1.94631612115052e-05
54121,1.94552895763264e-05
54120,1.94474215993759e-05
54119,1.94395572824031e-05
54118,1.94316966271552e-05
54117,1.94238396353773e-05
54116,1.94159863088122e-05
54115,1.94081366492005e-05
54114,1.94002906582805e-05
54113,1.93924483377885e-05
54112,1.93846096894583e-05
54111,1.93767747150218e-05
54110,1.93689434162085e-05
54109,1.93611157947456e-05
54108,1.93532918523582e-05
54107,1.93454715907693e-05
54106,1.93376550116995e-05
54105,1.93298421168671e-05
54104,1.93220329079885e-05
54103,1.93142273867776e-05
54102,1.93064255549463e-05
54101,1.92986274142039e-05
54100,1.9290832966258e-05
54099,1.92807978964736e-05
54098,1.92707681250278e-05
54097,1.9260743654376e-05
54096,1.92507244869697e-05
54095,1.92407106252551e-05
54094,1.9230702071674e-05
54093,1.92206988286636e-05
54092,1.92107008986556e-05
54091,1.9200708284078e-05
54090,1.91907209873531e-05
54089,1.9180739010899e-05
54088,1.91707623571291e-05
54087,1.91607910284515e-05
54086,1.91508250272704e-05
54085,1.91408643559843e-05
54084,1.91309090169875e-05
54083,1.91209590126698e-05
54082,1.91110143454156e-05
54081,1.9101075017605e-05
54080,1.9091141031613e-05
54079,1.90824762540823e-05
54078,1.9073816202603e-05
54077,1.90651608795187e-05
54076,1.905651028717e-05
54075,1.90478644278935e-05
54074,1.90392233040224e-05
54073,1.90305869178862e-05
54072,1.90219552718109e-05
54071,1.9013328368119e-05
54070,1.90047062091292e-05
54069,1.89960887971568e-05
54068,1.89874761345134e-05
54067,1.8978868223507e-05
54066,1.89702650664422e-05
54065,1.89616666656197e-05
54064,1.89530730233369e-05
54063,1.89444841418875e-05
54062,1.89359000235615e-05
54061,1.89273206706455e-05
54060,1.89187460854223e-05
54059,1.89076596878896e-05
54058,1.88965794369345e-05
54057,1.88855053348446e-05
54056,1.88744373839015e-05
54055,1.88633755863806e-05
54054,1.88523199445509e-05
54053,1.88412704606757e-05
54052,1.88302271370118e-05
54051,1.88191899758102e-05
54050,1.88081589793156e-05
54049,1.87971341497666e-05
54048,1.87861154893957e-05
54047,1.8775103000429e-05
54046,1.8764096685087e-05
54045,1.87530965455837e-05
54044,1.87421025841271e-05
54043,1.8731114802919e-05
54042,1.87201332041548e-05
54041,1.87091577900247e-05
54040,1.86981885627117e-05
54039,1.8688165543396e-05
54038,1.86781475810409e-05
54037,1.86681346771672e-05
54036,1.86581268332922e-05
54035,1.86481240509285e-05
54034,1.86381263315849e-05
54033,1.86281336767661e-05
54032,1.86181460879726e-05
54031,1.86081635667014e-05
54030,1.85981861144449e-05
54029,1.85882137326915e-05
54028,1.85782464229257e-05
54027,1.85682841866278e-05
54026,1.85583270252743e-05
54025,1.85483749403375e-05
54024,1.85384279332855e-05
54023,1.85284860055825e-05
54022,1.85185491586885e-05
54021,1.85086173940598e-05
54020,1.84986907131483e-05
54019,1.84865974837094e-05
54018,1.84745113699589e-05
54017,1.84624323739272e-05
54016,1.84503604976364e-05
54015,1.84382957431014e-05
54014,1.84262381123295e-05
54013,1.84141876073201e-05
54012,1.84021442300653e-05
54011,1.83901079825488e-05
54010,1.83780788667472e-05
54009,1.83660568846295e-05
54008,1.83540420381568e-05
54007,1.83420343292827e-05
54006,1.83300337599527e-05
54005,1.83180403321051e-05
54004,1.83060540476706e-05
54003,1.82940749085718e-05
54002,1.82821029167242e-05
54001,1.8270138074035e-05
54000,1.82581803824042e-05
53999,1.82462298437239e-05
53998,1.82342864598789e-05
53997,1.82223502327461e-05
53996,1.82104211641944e-05
53995,1.81984992560857e-05
53994,1.81865845102738e-05
53993,1.81746769286051e-05
53992,1.81627765129184e-05
53991,1.81508832650443e-05
53990,1.81389971868064e-05
53989,1.81271182800203e-05
53988,1.81152465464942e-05
53987,1.81033819880287e-05
53986,1.80915246064161e-05
53985,1.80796744034418e-05
53984,1.80678313808832e-05
53983,1.80559955405103e-05
53982,1.80441668840855e-05
53981,1.80323454133629e-05
53980,1.80205311300898e-05
53979,1.80053739206153e-05
53978,1.79902275369746e-05
53977,1.79750919813296e-05
53976,1.79599672558264e-05
53975,1.79448533625954e-05
53974,1.79297503037512e-05
53973,1.79146580813926e-05
53972,1.78995766976027e-05
53971,1.7884506154449e-05
53970,1.78694464539831e-05
53969,1.78543975982409e-05
53968,1.78393595892426e-05
53967,1.78243324289926e-05
53966,1.78093161194797e-05
53965,1.77943106626769e-05
53964,1.77793160605417e-05
53963,1.77643323150156e-05
53962,1.77493594280247e-05
53961,1.77343974014791e-05
53960,1.77194462372736e-05
53959,1.7705394277025e-05
53958,1.76913517095193e-05
53957,1.7677318536022e-05
53956,1.76632947577873e-05
53955,1.76492803760582e-05
53954,1.76352753920665e-05
53953,1.76212798070324e-05
53952,1.76072936221652e-05
53951,1.75933168386626e-05
53950,1.75793494577113e-05
53949,1.75653914804865e-05
53948,1.75514429081524e-05
53947,1.75375037418617e-05
53946,1.75235739827559e-05
53945,1.75096536319654e-05
53944,1.74957426906093e-05
53943,1.74818411597953e-05
53942,1.74679490406201e-05
53941,1.7454066334169e-05
53940,1.74401930415162e-05
53939,1.74254549751399e-05
53938,1.74107278049574e-05
53937,1.7396011532529e-05
53936,1.73813061593992e-05
53935,1.7366611687097e-05
53934,1.73519281171362e-05
53933,1.73372554510147e-05
53932,1.7322593690215e-05
53931,1.73079428362043e-05
53930,1.72933028904342e-05
53929,1.72786738543407e-05
53928,1.72640557293444e-05
53927,1.72494485168507e-05
53926,1.72348522182491e-05
53925,1.7220266834914e-05
53924,1.72056923682041e-05
53923,1.7191128819463e-05
53922,1.71765761900185e-05
53921,1.71620344811833e-05
53920,1.71475036942546e-05
53919,1.71326570879309e-05
53918,1.71178211950677e-05
53917,1.71029960161903e-05
53916,1.70881815518112e-05
53915,1.7073377802429e-05
53914,1.70585847685295e-05
53913,1.70438024505852e-05
53912,1.7029030849055e-05
53911,1.70142699643851e-05
53910,1.69995197970078e-05
53909,1.69847803473426e-05
53908,1.6970051615796e-05
53907,1.69553336027605e-05
53906,1.69406263086162e-05
53905,1.69259297337294e-05
53904,1.69112438784536e-05
53903,1.68965687431291e-05
53902,1.68819043280826e-05
53901,1.68672506336283e-05
53900,1.68526076600665e-05
53899,1.68359596118848e-05
53898,1.6819325302893e-05
53897,1.68027047333017e-05
53896,1.67860979033007e-05
53895,1.67695048130585e-05
53894,1.67529254627224e-05
53893,1.67363598524189e-05
53892,1.67198079822533e-05
53891,1.67032698523104e-05
53890,1.66867454626534e-05
53889,1.66702348133248e-05
53888,1.66537379043462e-05
53887,1.66372547357179e-05
53886,1.662078530742e-05
53885,1.66043296194111e-05
53884,1.65878876716291e-05
53883,1.65714594639911e-05
53882,1.6555044996393e-05
53881,1.65386442687105e-05
53880,1.6522257280798e-05
53879,1.65055543635627e-05
53878,1.64888650962068e-05
53877,1.64721894777706e-05
53876,1.64555275072758e-05
53875,1.64388791837268e-05
53874,1.64222445061094e-05
53873,1.64056234733918e-05
53872,1.63890160845241e-05
53871,1.6372422338438e-05
53870,1.63558422340476e-05
53869,1.6339275770249e-05
53868,1.63227229459204e-05
53867,1.63061837599221e-05
53866,1.62896582110962e-05
53865,1.62731462982672e-05
53864,1.62566480202415e-05
53863,1.62401633758081e-05
53862,1.62236923637377e-05
53861,1.62072349827833e-05
53860,1.619079123168e-05
53859,1.61735503111684e-05
53858,1.61563246989028e-05
53857,1.61391143936862e-05
53856,1.61219193942975e-05
53855,1.61047396994923e-05
53854,1.60875753080026e-05
53853,1.60704262185364e-05
53852,1.60532924297784e-05
53851,1.60361739403893e-05
53850,1.60190707490064e-05
53849,1.60019828542436e-05
53848,1.59849102546911e-05
53847,1.59678529489157e-05
53846,1.59508109354603e-05
53845,1.59337842128448e-05
53844,1.59167727795656e-05
53843,1.58997766340954e-05
53842,1.5882795774884e-05
53841,1.58658302003571e-05
53840,1.58488799089177e-05
53839,1.58308206587536e-05
53838,1.58127783911631e-05
53837,1.57947531037267e-05
53836,1.57767447939974e-05
53835,1.57587534595021e-05
53834,1.57407790977404e-05
53833,1.57228217061849e-05
53832,1.57048812822823e-05
53831,1.56869578234516e-05
53830,1.5669051327086e-05
53829,1.56511617905516e-05
53828,1.56332892111875e-05
53827,1.56154335863071e-05
53826,1.55975949131965e-05
53825,1.55797731891159e-05
53824,1.55619684112984e-05
53823,1.55441805769508e-05
53822,1.55264096832539e-05
53821,1.55086557273616e-05
53820,1.54909187064019e-05
53819,1.5472092063959e-05
53818,1.54532841711848e-05
53817,1.54344950241915e-05
53816,1.54157246190611e-05
53815,1.53969729518454e-05
53814,1.53782400185664e-05
53813,1.5359525815216e-05
53812,1.53408303377558e-05
53811,1.53221535821179e-05
53810,1.53034955442042e-05
53809,1.52848562198871e-05
53808,1.52662356050089e-05
53807,1.52476336953821e-05
53806,1.52290504867897e-05
53805,1.52104859749849e-05
53804,1.51919401556913e-05
53803,1.51734130246028e-05
53802,1.51549045773839e-05
53801,1.51364148096695e-05
53800,1.51179437170651e-05
53799,1.50991601622507e-05
53798,1.50803953507053e-05
53797,1.50616492771484e-05
53796,1.50429219362746e-05
53795,1.50242133227524e-05
53794,1.50055234312247e-05
53793,1.49868522563091e-05
53792,1.4968199792597e-05
53791,1.49495660346551e-05
53790,1.49309509770238e-05
53789,1.49123546142185e-05
53788,1.48937769407294e-05
53787,1.48752179510207e-05
53786,1.4856677639532e-05
53785,1.48381560006768e-05
53784,1.48196530288441e-05
53783,1.48011687183976e-05
53782,1.47827030636751e-05
53781,1.47642560589904e-05
53780,1.47458276986312e-05
53779,1.47277477125682e-05
53778,1.47096862926794e-05
53777,1.46916434339232e-05
53776,1.46736191312293e-05
53775,1.46556133794991e-05
53774,1.46376261736056e-05
53773,1.46196575083936e-05
53772,1.46017073786796e-05
53771,1.45837757792518e-05
53770,1.45658627048706e-05
53769,1.45479681502678e-05
53768,1.45300921101476e-05
53767,1.45122345791858e-05
53766,1.44943955520304e-05
53765,1.44765750233015e-05
53764,1.44587729875913e-05
53763,1.44409894394641e-05
53762,1.44232243734564e-05
53761,1.44054777840772e-05
53760,1.43877496658074e-05
53759,1.43668904963596e-05
53758,1.43460558730715e-05
53757,1.4325245786028e-05
53756,1.43044602252733e-05
53755,1.42836991808117e-05
53754,1.42629626426074e-05
53753,1.42422506005842e-05
53752,1.42215630446262e-05
53751,1.42008999645771e-05
53750,1.4180261350241e-05
53749,1.41596471913824e-05
53748,1.41390574777259e-05
53747,1.41184921989567e-05
53746,1.40979513447201e-05
53745,1.40774349046222e-05
53744,1.40569428682298e-05
53743,1.40364752250704e-05
53742,1.40160319646323e-05
53741,1.39956130763646e-05
53740,1.39752185496776e-05
53739,1.39545205295433e-05
53738,1.39338470949657e-05
53737,1.39131982342885e-05
53736,1.38925739358209e-05
53735,1.38719741878385e-05
53734,1.38513989785826e-05
53733,1.38308482962606e-05
53732,1.38103221290462e-05
53731,1.37898204650792e-05
53730,1.37693432924661e-05
53729,1.37488905992794e-05
53728,1.3728462373558e-05
53727,1.3708058603308e-05
53726,1.36876792765014e-05
53725,1.36673243810776e-05
53724,1.36469939049423e-05
53723,1.36266878359681e-05
53722,1.36064061619951e-05
53721,1.35861488708297e-05
53720,1.3565915950246e-05
53719,1.3547037412789e-05
53718,1.35281808815131e-05
53717,1.35093463467308e-05
53716,1.34905337987224e-05
53715,1.34717432277353e-05
53714,1.34529746239839e-05
53713,1.34342279776506e-05
53712,1.34155032788848e-05
53711,1.33968005178042e-05
53710,1.33781196844935e-05
53709,1.33594607690054e-05
53708,1.33408237613606e-05
53707,1.33222086515472e-05
53706,1.3303615429522e-05
53705,1.32850440852092e-05
53704,1.32664946085014e-05
53703,1.32479669892592e-05
53702,1.32294612173116e-05
53701,1.32109772824562e-05
53700,1.31925151744584e-05
53699,1.31727661723604e-05
53698,1.315304128317e-05
53697,1.31333404939254e-05
53696,1.31136637916329e-05
53695,1.30940111632688e-05
53694,1.3074382595778e-05
53693,1.30547780760747e-05
53692,1.30351975910427e-05
53691,1.30156411275349e-05
53690,1.29961086723741e-05
53689,1.29766002123522e-05
53688,1.29571157342308e-05
53687,1.29376552247418e-05
53686,1.29182186705863e-05
53685,1.28988060584356e-05
53684,1.28794173749308e-05
53683,1.28600526066832e-05
53682,1.28407117402742e-05
53681,1.28213947622554e-05
53680,1.28021016591489e-05
53679,1.27821905357943e-05
53678,1.27623052265955e-05
53677,1.27424457166538e-05
53676,1.27226119910324e-05
53675,1.27028040347575e-05
53674,1.26830218328172e-05
53673,1.26632653701626e-05
53672,1.26435346317078e-05
53671,1.26238296023292e-05
53670,1.26041502668669e-05
53669,1.25844966101233e-05
53668,1.25648686168645e-05
53667,1.25452662718199e-05
53666,1.25256895596819e-05
53665,1.25061384651071e-05
53664,1.2486612972715e-05
53663,1.24671130670891e-05
53662,1.24476387327771e-05
53661,1.24281899542898e-05
53660,1.24087667161031e-05
53659,1.23902935979898e-05
53658,1.23718426191186e-05
53657,1.23534137657632e-05
53656,1.23350070241796e-05
53655,1.23166223806057e-05
53654,1.22982598212617e-05
53653,1.22799193323497e-05
53652,1.22616009000545e-05
53651,1.22433045105427e-05
53650,1.22250301499637e-05
53649,1.2206777804449e-05
53648,1.21885474601128e-05
53647,1.21703391030517e-05
53646,1.21521527193451e-05
53645,1.21339882950547e-05
53644,1.21158458162251e-05
53643,1.20977252688839e-05
53642,1.2079626639041e-05
53641,1.20615499126896e-05
53640,1.20434950758056e-05
53639,1.20239380901812e-05
53638,1.20044069483193e-05
53637,1.19849016323287e-05
53636,1.1965422124294e-05
53635,1.19459684062737e-05
53634,1.19265404603019e-05
53633,1.19071382683874e-05
53632,1.18877618125141e-05
53631,1.18684110746412e-05
53630,1.18490860367031e-05
53629,1.18297866806095e-05
53628,1.1810512988246e-05
53627,1.17912649414731e-05
53626,1.17720425221276e-05
53625,1.17528457120213e-05
53624,1.17336744929425e-05
53623,1.17145288466552e-05
53622,1.16954087548992e-05
53621,1.16763141993907e-05
53620,1.16572451618217e-05
53619,1.16387880800153e-05
53618,1.16203547073961e-05
53617,1.16019450271525e-05
53616,1.1583559022456e-05
53615,1.15651966764599e-05
53614,1.15468579723005e-05
53613,1.15285428930968e-05
53612,1.15102514219498e-05
53611,1.14919835419442e-05
53610,1.14737392361466e-05
53609,1.14555184876071e-05
53608,1.14373212793587e-05
53607,1.14191475944169e-05
53606,1.14009974157812e-05
53605,1.13828707264332e-05
53604,1.13647675093385e-05
53603,1.13466877474459e-05
53602,1.13286314236871e-05
53601,1.13105985209778e-05
53600,1.12925890222168e-05
53599,1.12754771980399e-05
53598,1.12583866197718e-05
53597,1.12413172726674e-05
53596,1.12242691419677e-05
53595,1.12072422128987e-05
53594,1.11902364706725e-05
53593,1.11732519004868e-05
53592,1.11562884875252e-05
53591,1.11393462169568e-05
53590,1.1122425073937e-05
53589,1.1105525043607e-05
53588,1.10886461110939e-05
53587,1.10717882615111e-05
53586,1.10549514799578e-05
53585,1.10381357515198e-05
53584,1.10213410612687e-05
53583,1.10045673942627e-05
53582,1.09878147355462e-05
53581,1.09710830701501e-05
53580,1.09543723830916e-05
53579,1.09370816211238e-05
53578,1.09198128950625e-05
53577,1.09025661878246e-05
53576,1.08853414823197e-05
53575,1.08681387614487e-05
53574,1.08509580081049e-05
53573,1.08337992051739e-05
53572,1.08166623355329e-05
53571,1.07995473820522e-05
53570,1.07824543275935e-05
53569,1.07653831550113e-05
53568,1.07483338471523e-05
53567,1.07313063868556e-05
53566,1.07143007569529e-05
53565,1.06973169402683e-05
53564,1.06803549196183e-05
53563,1.06634146778121e-05
53562,1.06464961976516e-05
53561,1.06295994619315e-05
53560,1.06127244534389e-05
53559,1.05958711549539e-05
53558,1.05790395492492e-05
53557,1.05622296190906e-05
53556,1.0545441347237e-05
53555,1.05286747164396e-05
53554,1.05119297094433e-05
53553,1.04952063089856e-05
53552,1.04785044977972e-05
53551,1.04618242586021e-05
53550,1.04451655741174e-05
53549,1.04285284270533e-05
53548,1.04119128001134e-05
53547,1.03953186759946e-05
53546,1.03787460373873e-05
53545,1.03621948669751e-05
53544,1.03456651474352e-05
53543,1.03291568614382e-05
53542,1.03126699916483e-05
53541,1.02962045207234e-05
53540,1.02797604313149e-05
53539,1.02633377060681e-05
53538,1.02469363276216e-05
53537,1.02305562786081e-05
53536,1.02141975416543e-05
53535,1.01978600993805e-05
53534,1.01815439344008e-05
53533,1.01652490293235e-05
53532,1.01489753667507e-05
53531,1.0132722929279e-05
53530,1.01164916994985e-05
53529,1.01002816599938e-05
53528,1.00840927933435e-05
53527,1.00679250821206e-05
53526,1.00517785088923e-05
53525,1.00356530562201e-05
53524,1.00195487066598e-05
53523,0
53522,0
53521,0
53520,0
53519,0
53518,0
53517,0
53516,0
53515,0
53514,0
53513,0
53512,0
53511,0
53510,0
53509,0
53508,0
53507,0
53506,0
53505,0
53504,0
53503,0
53502,0
53501,0
53500,0
53499,0
53498,0
53497,0
53496,0
53495,0
53494,0
53493,0
53492,0
53491,0
53490,0
53489,0
53488,0
53487,0
53486,0
53485,0
53484,0
53483,0
53482,0
53481,0
53480,0
53479,0
53478,0
53477,0
53476,0
53475,0
53474,0
53473,0
53472,0
53471,0
53470,0
53469,0
53468,0
53467,0
53466,0
53465,0
53464,0
53463,0
53462,0
53461,0
53460,0
53459,0
53458,0
53457,0
53456,0
53455,0
53454,0
53453,0
53452,0
53451,0
53450,0
53449,0
53448,0
53447,0
53446,0
53445,0
53444,0
53443,0
53442,0
53441,0
53440,0
53439,0
53438,0
53437,0
53436,0
53435,0
53434,0
53433,0
53432,0
53431,0
53430,0
53429,0
53428,0
53427,0
53426,0
53425,0
53424,0
53423,0
53422,0
53421,0
53420,0
53419,0
53418,0
53417,0
53416,0
53415,0
53414,0
53413,0
53412,0
53411,0
53410,0
53409,0
53408,0
53407,0
53406,0
53405,0
53404,0
53403,0
53402,0
53401,0
53400,0
53399,0
53398,0
53397,0
53396,0
53395,0
53394,0
53393,0
53392,0
53391,0
53390,0
53389,0
53388,0
53387,0
53386,0
53385,0
53384,0
53383,0
53382,0
53381,0
53380,0
53379,0
53378,0
53377,0
53376,0
53375,0
53374,0
53373,0
53372,0
53371,0
53370,0
53369,0
53368,0
53367,0
53366,0
53365,0
53364,0
53363,0
53362,0
53361,0
53360,0
53359,0
53358,0
53357,0
53356,0
53355,0
53354,0
53353,0
53352,0
53351,0
53350,0
53349,0
53348,0
53347,0
53346,0
53345,0
53344,0
53343,0
53342,0
53341,0
53340,0
53339,0
53338,0
53337,0
53336,0
53335,0
53334,0
53333,0
53332,0
53331,0
53330,0
53329,0
53328,0
53327,0
53326,0
53325,0
53324,0
53323,0
53322,0
53321,0
53320,0
53319,0
53318,0
53317,0
53316,0
53315,0
53314,0
53313,0
53312,0
53311,0
53310,0
53309,0
53308,0
53307,0
53306,0
53305,0
53304,0
53303,0
53302,0
53301,0
53300,0
53299,0
53298,0
53297,0
53296,0
53295,0
53294,0
53293,0
53292,0
53291,0
53290,0
53289,0
53288,0
53287,0
53286,0
53285,0
53284,0
53283,0
53282,0
53281,0
53280,0
53279,0
53278,0
53277,0
53276,0
53275,0
53274,0
53273,0
53272,0
53271,0
53270,0
53269,0
53268,0
53267,0
53266,0
53265,0
53264,0
53263,0
53262,0
53261,0
53260,0
53259,0
53258,0
53257,0
53256,0
53255,0
53254,0
53253,0
53252,0
53251,0
53250,0
53249,0
53248,0
53247,0
53246,0
53245,0
53244,0
53243,0
53242,0
53241,0
53240,0
53239,0
53238,0
53237,0
53236,0
53235,0
53234,0
53233,0
53232,0
53231,0
53230,0
53229,0
53228,0
53227,0
53226,0
53225,0
53224,0
53223,0
53222,0
53221,0
53220,0
53219,0
53218,0
53217,0
53216,0
53215,0
53214,0
53213,0
53212,0
53211,0
53210,0
53209,0
53208,0
53207,0
53206,0
53205,0
53204,0
53203,0
53202,0
53201,0
53200,0
53199,0
53198,0
53197,0
53196,0
53195,0
53194,0
53193,0
53192,0
53191,0
53190,0
53189,0
53188,0
53187,0
53186,0
53185,0
53184,0
53183,0
53182,0
53181,0
53180,0
53179,0
53178,0
53177,0
53176,0
53175,0
53174,0
53173,0
53172,0
53171,0
53170,0
53169,0
53168,0
53167,0
53166,0
53165,0
53164,0
53163,0
53162,0
53161,0
53160,0
53159,0
53158,0
53157,0
53156,0
53155,0
53154,0
53153,0
53152,0
53151,0
53150,0
53149,0
53148,0
53147,0
53146,0
53145,0
53144,0
53143,0
53142,0
53141,0
53140,0
53139,0
53138,0
53137,0
53136,0
53135,0
53134,0
53133,0
53132,0
53131,0
53130,0
53129,0
53128,0
53127,0
53126,0
53125,0
53124,0
53123,0
53122,0
53121,0
53120,0
53119,0
53118,0
53117,0
53116,0
53115,0
53114,0
53113,0
53112,0
53111,0
53110,0
53109,0
53108,0
53107,0
53106,0
53105,0
53104,0
53103,0
53102,0
53101,0
53100,0
53099,0
53098,0
53097,0
53096,0
53095,0
53094,0
53093,0
53092,0
53091,0
53090,0
53089,0
53088,0
53087,0
53086,0
53085,0
53084,0
53083,0
53082,0
53081,0
53080,0
53079,0
53078,0
53077,0
53076,0
53075,0
53074,0
53073,0
53072,0
53071,0
53070,0
53069,0
53068,0
53067,0
53066,0
53065,0
53064,0
53063,0
53062,0
53061,0
53060,0
53059,0
53058,0
53057,0
53056,0
53055,0
53054,0
53053,0
53052,0
53051,0
53050,0
53049,0
53048,0
53047,0
53046,0
53045,0
53044,0
53043,0
53042,0
53041,0
53040,0
53039,0
53038,0
53037,0
53036,0
53035,0
53034,0
53033,0
53032,0
53031,0
53030,0
53029,0
53028,0
53027,0
53026,0
53025,0
53024,0
53023,0
53022,0
53021,0
53020,0
53019,0
53018,0
53017,0
53016,0
53015,0
53014,0
53013,0
53012,0
53011,0
53010,0
53009,0
53008,0
53007,0
53006,0
53005,0
53004,0
53003,0
53002,0
53001,0
53000,0
52999,0
52998,0
52997,0
52996,0
52995,0
52994,0
52993,0
52992,0
52991,0
52990,0
52989,0
52988,0
52987,0
52986,0
52985,0
52984,0
52983,0
52982,0
52981,0
52980,0
52979,0
52978,0
52977,0
52976,0
52975,0
52974,0
52973,0
52972,0
52971,0
52970,0
52969,0
52968,0
52967,0
52966,0
52965,0
52964,0
52963,0
52962,0
52961,0
52960,0
52959,0
52958,0
52957,0
52956,0
52955,0
52954,0
52953,0
52952,0
52951,0
52950,0
52949,0
52948,0
52947,0
52946,0
52945,0
52944,0
52943,0
52942,0
52941,0
52940,0
52939,0
52938,0
52937,0
52936,0
52935,0
52934,0
52933,0
52932,0
52931,0
52930,0
52929,0
52928,0
52927,0
52926,0
52925,0
52924,0
52923,0
52922,0
52921,0
52920,0
52919,0
52918,0
52917,0
52916,0
52915,0
52914,0
52913,0
52912,0
52911,0
52910,0
52909,0
52908,0
52907,0
52906,0
52905,0
52904,0
52903,0
52902,0
52901,0
52900,0
52899,0
52898,0
52897,0
52896,0
52895,0
52894,0
52893,0
52892,0
52891,0
52890,0
52889,0
52888,0
52887,0
52886,0
52885,0
52884,0
52883,0
52882,0
52881,0
52880,0
52879,0
52878,0
52877,0
52876,0
52875,0
52874,0
52873,0
52872,0
52871,0
52870,0
52869,0
52868,0
52867,0
52866,0
52865,0
52864,0
52863,0
52862,0
52861,0
52860,0
52859,0
52858,0
52857,0
52856,0
52855,0
52854,0
52853,0
52852,0
52851,0
52850,0
52849,0
52848,0
52847,0
52846,0
52845,0
52844,0
52843,0
52842,0
52841,0
52840,0
52839,0
52838,0
52837,0
52836,0
52835,0
52834,0
52833,0
52832,0
52831,0
52830,0
52829,0
52828,0
52827,0
52826,0
52825,0
52824,0
52823,0
52822,0
52821,0
52820,0
52819,0
52818,0
52817,0
52816,0
52815,0
52814,0
52813,0
52812,0
52811,0
52810,0
52809,0
52808,0
52807,0
52806,0
52805,0
52804,0
52803,0
52802,0
52801,0
52800,0
52799,0
52798,0
52797,0
52796,0
52795,0
52794,0
52793,0
52792,0
52791,0
52790,0
52789,0
52788,0
52787,0
52786,0
52785,0
52784,0
52783,0
52782,0
52781,0
52780,0
52779,0
52778,0
52777,0
52776,0
52775,0
52774,0
52773,0
52772,0
52771,0
52770,0
52769,0
52768,0
52767,0
52766,0
52765,0
52764,0
52763,0
52762,0
52761,0
52760,0
52759,0
52758,0
52757,0
52756,0
52755,0
52754,0
52753,0
52752,0
52751,0
52750,0
52749,0
52748,0
52747,0
52746,0
52745,0
52744,0
52743,0
52742,0
52741,0
52740,0
52739,0
52738,0
52737,0
52736,0
52735,0
52734,0
52733,0
52732,0
52731,0
52730,0
52729,0
52728,0
52727,0
52726,0
52725,0
52724,0
52723,0
52722,0
52721,0
52720,0
52719,0
52718,0
52717,0
52716,0
52715,0
52714,0
52713,0
52712,0
52711,0
52710,0
52709,0
52708,0
52707,0
52706,0
52705,0
52704,0
52703,0
52702,0
52701,0
52700,1.00337462295649e-05
52699,1.00545664726558e-05
52698,1.0075427533352e-05
52697,1.0096329481188e-05
52696,1.01172723857795e-05
52695,1.01382563168231e-05
52694,1.01592813440961e-05
52693,1.01803475374567e-05
52692,1.0201454966844e-05
52691,1.02226037022777e-05
52690,1.02437938138584e-05
52689,1.02650253717671e-05
52688,1.02862984462658e-05
52687,1.03076131076968e-05
52686,1.0328969426483e-05
52685,1.0350367473128e-05
52684,1.03718073182156e-05
52683,1.03932890324103e-05
52682,1.04148126864568e-05
52681,1.04363783511802e-05
52680,1.04579860974859e-05
52679,1.04801598836862e-05
52678,1.05023767699548e-05
52677,1.05246368266449e-05
52676,1.05469401241817e-05
52675,1.05692867330624e-05
52674,1.05916767238561e-05
52673,1.06141101672038e-05
52672,1.06365871338182e-05
52671,1.06591076944839e-05
52670,1.06816719200569e-05
52669,1.07042798814651e-05
52668,1.07269316497076e-05
52667,1.07496272958552e-05
52666,1.07723668910499e-05
52665,1.07951505065052e-05
52664,1.08179782135056e-05
52663,1.08408500834069e-05
52662,1.0863766187636e-05
52661,1.08867265976908e-05
52660,1.09097313851401e-05
52659,1.09331053473836e-05
52658,1.09565260945484e-05
52657,1.09799937066245e-05
52656,1.10035082636897e-05
52655,1.102706984591e-05
52654,1.10506785335394e-05
52653,1.10743344069198e-05
52652,1.10980375464811e-05
52651,1.11217880327408e-05
52650,1.11455859463044e-05
52649,1.11694313678648e-05
52648,1.11933243782023e-05
52647,1.12172650581852e-05
52646,1.12412534887686e-05
52645,1.12652897509955e-05
52644,1.12893739259956e-05
52643,1.13135060949859e-05
52642,1.13376863392707e-05
52641,1.1361914740241e-05
52640,1.13861913793749e-05
52639,1.14128388278259e-05
52638,1.1439542490828e-05
52637,1.14663024654239e-05
52636,1.14931188487519e-05
52635,1.15199917380455e-05
52634,1.15469212306334e-05
52633,1.15739074239392e-05
52632,1.16009504154812e-05
52631,1.16280503028731e-05
52630,1.16552071838223e-05
52629,1.16824211561309e-05
52628,1.17096923176952e-05
52627,1.17370207665053e-05
52626,1.17644066006457e-05
52625,1.17918499182941e-05
52624,1.18193508177219e-05
52623,1.18469093972937e-05
52622,1.18745257554675e-05
52621,1.19021999907943e-05
52620,1.19299322019179e-05
52619,1.19582749213873e-05
52618,1.19866769297528e-05
52617,1.20151383250998e-05
52616,1.20436592055951e-05
52615,1.20722396694859e-05
52614,1.21008798150998e-05
52613,1.21295797408451e-05
52612,1.21583395452099e-05
52611,1.21871593267626e-05
52610,1.2216039184151e-05
52609,1.22449792161026e-05
52608,1.22739795214239e-05
52607,1.23030401990007e-05
52606,1.23321613477978e-05
52605,1.23613430668585e-05
52604,1.23905854553043e-05
52603,1.24198886123354e-05
52602,1.24492526372293e-05
52601,1.24786776293423e-05
52600,1.25081636881073e-05
52599,1.25382751462504e-05
52598,1.25684491023422e-05
52597,1.25986856554341e-05
52596,1.26289849046433e-05
52595,1.26593469491516e-05
52594,1.26897718882056e-05
52593,1.27202598211163e-05
52592,1.27508108472591e-05
52591,1.27814250660734e-05
52590,1.2812102577062e-05
52589,1.28428434797915e-05
52588,1.28736478738914e-05
52587,1.29045158590541e-05
52586,1.29354475350351e-05
52585,1.29664430016518e-05
52584,1.29975023587839e-05
52583,1.30286257063729e-05
52582,1.30598131444218e-05
52581,1.30910647729954e-05
52580,1.3122380692219e-05
52579,1.3155192650091e-05
52578,1.31880760846373e-05
52577,1.3221031116221e-05
52576,1.32540578652924e-05
52575,1.3287156452389e-05
52574,1.33203269981349e-05
52573,1.33535696232406e-05
52572,1.33868844485027e-05
52571,1.34202715948035e-05
52570,1.34537311831103e-05
52569,1.34872633344758e-05
52568,1.35208681700371e-05
52567,1.35545458110155e-05
52566,1.35882963787163e-05
52565,1.36221199945283e-05
52564,1.36560167799235e-05
52563,1.36899868564568e-05
52562,1.37240303457653e-05
52561,1.37581473695685e-05
52560,1.37923380496673e-05
52559,1.38277820852757e-05
52558,1.38633027792471e-05
52557,1.38989002520125e-05
52556,1.39345746240533e-05
52555,1.39703260159013e-05
52554,1.4006154548138e-05
52553,1.4042060341394e-05
52552,1.40780435163491e-05
52551,1.41141041937312e-05
52550,1.41502424943163e-05
52549,1.41864585389278e-05
52548,1.42227524484361e-05
52547,1.42591243437583e-05
52546,1.42955743458573e-05
52545,1.43321025757418e-05
52544,1.43687091544657e-05
52543,1.44053942031275e-05
52542,1.44421578428699e-05
52541,1.44790001948794e-05
52540,1.45159213803856e-05
52539,1.45540143986216e-05
52538,1.45921911684985e-05
52537,1.46304518220401e-05
52536,1.46687964913152e-05
52535,1.47072253084376e-05
52534,1.47457384055651e-05
52533,1.47843359148988e-05
52532,1.48230179686835e-05
52531,1.48617846992058e-05
52530,1.49006362387948e-05
52529,1.49395727198203e-05
52528,1.4978594274693e-05
52527,1.50177010358643e-05
52526,1.50568931358245e-05
52525,1.50961707071035e-05
52524,1.51355338822692e-05
52523,1.51749827939275e-05
52522,1.52145175747217e-05
52521,1.52541383573315e-05
52520,1.52938452744732e-05
52519,1.53336384588982e-05
52518,1.53735180433926e-05
52517,1.54134841607777e-05
52516,1.54535369439075e-05
52515,1.549367652567e-05
52514,1.55339030389852e-05
52513,1.5574216616805e-05
52512,1.56146173921132e-05
52511,1.56551054979235e-05
52510,1.56956810672806e-05
52509,1.5736344233258e-05
52508,1.57770951289584e-05
52507,1.58179338875128e-05
52506,1.58588606420798e-05
52505,1.58998755258451e-05
52504,1.59409786720209e-05
52503,1.59821702138449e-05
52502,1.60234502845804e-05
52501,1.60648190175148e-05
52500,1.61062765459602e-05
52499,1.61490949206832e-05
52498,1.6192005705032e-05
52497,1.62350090308587e-05
52496,1.62781050299972e-05
52495,1.6321293834264e-05
52494,1.63645755754558e-05
52493,1.64079503853497e-05
52492,1.64514183957027e-05
52491,1.64949797382499e-05
52490,1.6538634544705e-05
52489,1.65823829467586e-05
52488,1.66262250760773e-05
52487,1.66701610643045e-05
52486,1.67141910430573e-05
52485,1.67583151439282e-05
52484,1.6802533498482e-05
52483,1.68468462382567e-05
52482,1.68912534947622e-05
52481,1.69357553994792e-05
52480,1.69803520838593e-05
52479,1.70262864686243e-05
52478,1.70723212531897e-05
52477,1.71184565801651e-05
52476,1.71646925921229e-05
52475,1.72110294315985e-05
52474,1.72574672410888e-05
52473,1.73040061630511e-05
52472,1.73506463399029e-05
52471,1.73973879140201e-05
52470,1.74442310277368e-05
52469,1.74911758233441e-05
52468,1.75382224430894e-05
52467,1.75853710291752e-05
52466,1.7632621723758e-05
52465,1.7679974668948e-05
52464,1.77274300068079e-05
52463,1.77749878793519e-05
52462,1.78226484285449e-05
52461,1.78704117963009e-05
52460,1.79182781244834e-05
52459,1.7965622446004e-05
52458,1.80130663725173e-05
52457,1.80606100337153e-05
52456,1.81082535592168e-05
52455,1.81559970785676e-05
52454,1.82038407212388e-05
52453,1.82517846166262e-05
52452,1.82998288940501e-05
52451,1.83479736827528e-05
52450,1.83962191118996e-05
52449,1.84445653105763e-05
52448,1.8493012407789e-05
52447,1.8541560532464e-05
52446,1.85902098134447e-05
52445,1.86389603794934e-05
52444,1.86878123592883e-05
52443,1.87367658814233e-05
52442,1.87858210744076e-05
52441,1.88349780666639e-05
52440,1.88842369865283e-05
52439,1.89349513317012e-05
52438,1.89857735652783e-05
52437,1.9036703826327e-05
52436,1.90877422538137e-05
52435,1.91388889866037e-05
52434,1.91901441634597e-05
52433,1.92415079230407e-05
52432,1.92929804039014e-05
52431,1.934456174449e-05
52430,1.93962520831485e-05
52429,1.94480515581108e-05
52428,1.94999603075022e-05
52427,1.95519784693378e-05
52426,1.96041061815211e-05
52425,1.96563435818442e-05
52424,1.97086908079857e-05
52423,1.976114799751e-05
52422,1.9813715287866e-05
52421,1.98663928163859e-05
52420,1.99191807202847e-05
52419,1.99713791531883e-05
52418,2.00236843746533e-05
52417,2.00760965094412e-05
52416,2.01286156821754e-05
52415,2.01812420173413e-05
52414,2.02339756392841e-05
52413,2.02868166722085e-05
52412,2.03397652401779e-05
52411,2.03928214671124e-05
52410,2.04459854767889e-05
52409,2.04992573928392e-05
52408,2.05526373387488e-05
52407,2.06061254378573e-05
52406,2.06597218133555e-05
52405,2.07134265882858e-05
52404,2.07672398855403e-05
52403,2.08211618278597e-05
52402,2.08751925378334e-05
52401,2.09293321378967e-05
52400,2.09835807503315e-05
52399,2.10408801748418e-05
52398,2.10983011008002e-05
52397,2.11558436716476e-05
52396,2.12135080306329e-05
52395,2.12712943208099e-05
52394,2.1329202685037e-05
52393,2.13872332659754e-05
52392,2.14453862060877e-05
52391,2.15036616476373e-05
52390,2.15620597326857e-05
52389,2.16205806030919e-05
52388,2.16792244005109e-05
52387,2.17379912663922e-05
52386,2.17968813419791e-05
52385,2.18558947683058e-05
52384,2.19150316861975e-05
52383,2.1974292236268e-05
52382,2.20336765589189e-05
52381,2.20931847943381e-05
52380,2.21528170824982e-05
52379,2.22102586637141e-05
52378,2.226781414091e-05
52377,2.23254836304394e-05
52376,2.23832672484409e-05
52375,2.24411651108384e-05
52374,2.24991773333393e-05
52373,2.25573040314331e-05
52372,2.26155453203916e-05
52371,2.26739013152653e-05
52370,2.27323721308851e-05
52369,2.27909578818586e-05
52368,2.28496586825702e-05
52367,2.29084746471802e-05
52366,2.29674058896222e-05
52365,2.3026452523604e-05
52364,2.30856146626042e-05
52363,2.31448924198724e-05
52362,2.3204285908428e-05
52361,2.3263795241058e-05
52360,2.33234205303175e-05
52359,2.33847583907854e-05
52358,2.34462187959579e-05
52357,2.35078018674593e-05
52356,2.3569507726651e-05
52355,2.36313364946318e-05
52354,2.36932882922356e-05
52353,2.37553632400299e-05
52352,2.38175614583153e-05
52351,2.38798830671226e-05
52350,2.39423281862133e-05
52349,2.40048969350769e-05
52348,2.406758943293e-05
52347,2.41304057987152e-05
52346,2.41933461510987e-05
52345,2.42564106084703e-05
52344,2.43195992889412e-05
52343,2.43829123103427e-05
52342,2.44463497902254e-05
52341,2.45099118458564e-05
52340,2.45735985942196e-05
52339,2.46366127211258e-05
52338,2.46997496906703e-05
52337,2.476300962212e-05
52336,2.48263926344903e-05
52335,2.48898988465448e-05
52334,2.49535283767935e-05
52333,2.50172813434915e-05
52332,2.5081157864638e-05
52331,2.5145158057974e-05
52330,2.52092820409826e-05
52329,2.52735299308866e-05
52328,2.53379018446473e-05
52327,2.54023978989638e-05
52326,2.54670182102705e-05
52325,2.55317628947372e-05
52324,2.5596632068267e-05
52323,2.56616258464951e-05
52322,2.57267443447877e-05
52321,2.57919876782401e-05
52320,2.58573559616762e-05
52319,2.59236665677804e-05
52318,2.59901043897823e-05
52317,2.60566695379622e-05
52316,2.61233621222831e-05
52315,2.61901822523906e-05
52314,2.62571300376103e-05
52313,2.63242055869469e-05
52312,2.63914090090829e-05
52311,2.64587404123765e-05
52310,2.65261999048611e-05
52309,2.65937875942435e-05
52308,2.66615035879026e-05
52307,2.6729347992888e-05
52306,2.67973209159178e-05
52305,2.68654224633787e-05
52304,2.69336527413237e-05
52303,2.70020118554705e-05
52302,2.70704999112011e-05
52301,2.71391170135586e-05
52300,2.72078632672477e-05
52299,2.72749435378926e-05
52298,2.73421464310416e-05
52297,2.74094720418775e-05
52296,2.74769204652699e-05
52295,2.75444917957762e-05
52294,2.76121861276381e-05
52293,2.76800035547816e-05
52292,2.77479441708164e-05
52291,2.78160080690327e-05
52290,2.78841953424024e-05
52289,2.79525060835756e-05
52288,2.80209403848804e-05
52287,2.80894983383225e-05
52286,2.81581800355821e-05
52285,2.82269855680146e-05
52284,2.82959150266476e-05
52283,2.83649685021808e-05
52282,2.84341460849849e-05
52281,2.85034478650989e-05
52280,2.85728739322313e-05
52279,2.86432825621388e-05
52278,2.87138177013787e-05
52277,2.87844794340373e-05
52276,2.88552678438197e-05
52275,2.89261830140507e-05
52274,2.8997225027672e-05
52273,2.9068393967241e-05
52272,2.91396899149311e-05
52271,2.92111129525279e-05
52270,2.92826631614302e-05
52269,2.93543406226471e-05
52268,2.94261454167969e-05
52267,2.94980776241073e-05
52266,2.95701373244116e-05
52265,2.96423245971501e-05
52264,2.97146395213662e-05
52263,2.97870821757067e-05
52262,2.98596526384208e-05
52261,2.99323509873569e-05
52260,3.00051772999638e-05
52259,3.00753219920756e-05
52258,3.01455860651042e-05
52257,3.02159695935626e-05
52256,3.02864726516374e-05
52255,3.03570953131879e-05
52254,3.04278376517443e-05
52253,3.04986997405076e-05
52252,3.0569681652348e-05
52251,3.06407834598036e-05
52250,3.07120052350799e-05
52249,3.07833470500481e-05
52248,3.08548089762448e-05
52247,3.09263910848701e-05
52246,3.09980934467869e-05
52245,3.10699161325201e-05
52244,3.11418592122551e-05
52243,3.12139227558367e-05
52242,3.12861068327686e-05
52241,3.13584115122115e-05
52240,3.14308368629827e-05
52239,3.15033829535549e-05
52238,3.15760498520546e-05
52237,3.16488376262618e-05
52236,3.17217463436084e-05
52235,3.17947760711773e-05
52234,3.18679268757015e-05
52233,3.19411988235625e-05
52232,3.20145919807899e-05
52231,3.20881064130598e-05
52230,3.21617421856941e-05
52229,3.22354993636591e-05
52228,3.23093780115648e-05
52227,3.23833781936634e-05
52226,3.24574999738485e-05
52225,3.25317434156542e-05
52224,3.26061085822536e-05
52223,3.26805955364581e-05
52222,3.27552043407161e-05
52221,3.28299350571119e-05
52220,3.29047877473651e-05
52219,3.29797624728289e-05
52218,3.30548592944895e-05
52217,3.31300782729646e-05
52216,3.32054194685029e-05
52215,3.32808829409827e-05
52214,3.33564687499105e-05
52213,3.34321769544209e-05
52212,3.35080076132744e-05
52211,3.35839607848572e-05
52210,3.36600365271798e-05
52209,3.37362348978758e-05
52208,3.38125559542011e-05
52207,3.38889997530329e-05
52206,3.39655663508682e-05
52205,3.40422558038232e-05
52204,3.41190681676321e-05
52203,3.41960034976458e-05
52202,3.42730618488314e-05
52201,3.43502432757705e-05
52200,3.44275478326587e-05
52199,3.45019100047859e-05
52198,3.4576387095773e-05
52197,3.46509791600851e-05
52196,3.47256862518739e-05
52195,3.48005084249743e-05
52194,3.48754457329058e-05
52193,3.49504982288709e-05
52192,3.50256659657526e-05
52191,3.51009489961164e-05
52190,3.51763473722066e-05
52189,3.52518611459477e-05
52188,3.53274903689425e-05
52187,3.54032350924703e-05
52186,3.54790953674882e-05
52185,3.5555071244628e-05
52184,3.5631162774197e-05
52183,3.57073700061765e-05
52182,3.57836929902201e-05
52181,3.58601317756546e-05
52180,3.59366864114771e-05
52179,3.60133569463559e-05
52178,3.60901434286289e-05
52177,3.61670459063019e-05
52176,3.62440644270497e-05
52175,3.63211990382126e-05
52174,3.63984497867982e-05
52173,3.64758167194791e-05
52172,3.65532998825913e-05
52171,3.66308993221356e-05
52170,3.6708615083774e-05
52169,3.67864472128312e-05
52168,3.68643957542927e-05
52167,3.69424607528032e-05
52166,3.70206422526674e-05
52165,3.70989402978473e-05
52164,3.71773549319629e-05
52163,3.7255886198291e-05
52162,3.73345341397627e-05
52161,3.74132987989655e-05
52160,3.74921802181391e-05
52159,3.75666409920423e-05
52158,3.76412054046039e-05
52157,3.77158734894251e-05
52156,3.77906452798285e-05
52155,3.78655208088594e-05
52154,3.79405001092838e-05
52153,3.8015583213588e-05
52152,3.80907701539783e-05
52151,3.81660609623793e-05
52150,3.82414556704351e-05
52149,3.8316954309507e-05
52148,3.83925569106738e-05
52147,3.84682635047311e-05
52146,3.85440741221893e-05
52145,3.86199887932752e-05
52144,3.86960075479299e-05
52143,3.87721304158086e-05
52142,3.884835742628e-05
52141,3.89246886084248e-05
52140,3.90011239910367e-05
52139,3.90743610060283e-05
52138,3.91476949296348e-05
52137,3.92211257933539e-05
52136,3.92946536284498e-05
52135,3.9368278465956e-05
52134,3.94420003366722e-05
52133,3.9515819271165e-05
52132,3.9589735299768e-05
52131,3.96637484525791e-05
52130,3.97378587594627e-05
52129,3.98120662500469e-05
52128,3.98863709537236e-05
52127,3.99607728996494e-05
52126,4.00352721167426e-05
52125,4.01098686336851e-05
52124,4.018456247892e-05
52123,4.02593536806514e-05
52122,4.03342422668457e-05
52121,4.04092282652281e-05
52120,4.04843117032849e-05
52119,4.05585141130484e-05
52118,4.06328132610951e-05
52117,4.07072091809132e-05
52116,4.07817019057702e-05
52115,4.08562914687148e-05
52114,4.09309779025744e-05
52113,4.1005761239955e-05
52112,4.10806415132424e-05
52111,4.11556187545985e-05
52110,4.12306929959643e-05
52109,4.13058642690564e-05
52108,4.13811326053677e-05
52107,4.14564980361679e-05
52106,4.15319605925006e-05
52105,4.16075203051854e-05
52104,4.16831772048152e-05
52103,4.17589313217563e-05
52102,4.18347826861492e-05
52101,4.19107313279059e-05
52100,4.19867772767115e-05
52099,4.20604628074114e-05
52098,4.21342395226215e-05
52097,4.22081074486326e-05
52096,4.22820666115341e-05
52095,4.23561170372128e-05
52094,4.24302587513531e-05
52093,4.25044917794363e-05
52092,4.25788161467401e-05
52091,4.26532318783381e-05
52090,4.27277389990997e-05
52089,4.28023375336892e-05
52088,4.28770275065658e-05
52087,4.29518089419826e-05
52086,4.30266818639869e-05
52085,4.31016462964189e-05
52084,4.31767022629119e-05
52083,4.32518497868917e-05
52082,4.33270888915758e-05
52081,4.34024195999737e-05
52080,4.34778419348855e-05
52079,4.35523659053312e-05
52078,4.36269811456573e-05
52077,4.37016876847856e-05
52076,4.3776485551445e-05
52075,4.38513747741715e-05
52074,4.39263553813073e-05
52073,4.40014274010006e-05
52072,4.40765908612052e-05
52071,4.41518457896797e-05
52070,4.42271922139876e-05
52069,4.43026301614961e-05
52068,4.43781596593765e-05
52067,4.44537807346029e-05
52066,4.45294934139524e-05
52065,4.46052977240043e-05
52064,4.46811936911398e-05
52063,4.47571813415414e-05
52062,4.48332607011925e-05
52061,4.49094317958771e-05
52060,4.4985694651179e-05
52059,4.50568899416872e-05
52058,4.51281651942589e-05
52057,4.51995204296231e-05
52056,4.52709556683576e-05
52055,4.53424709308866e-05
52054,4.54140662374817e-05
52053,4.54857416082614e-05
52052,4.55574970631904e-05
52051,4.56293326220805e-05
52050,4.57012483045886e-05
52049,4.5773244130217e-05
52048,4.58453201183137e-05
52047,4.59174762880707e-05
52046,4.59897126585262e-05
52045,4.60620292485611e-05
52044,4.61344260769007e-05
52043,4.6206903162114e-05
52042,4.62794605226127e-05
52041,4.63520981766529e-05
52040,4.64248161423317e-05
52039,4.6492988814041e-05
52038,4.65612362636821e-05
52037,4.66295585186166e-05
52036,4.66979556060881e-05
52035,4.67664275532243e-05
52034,4.68349743870352e-05
52033,4.69035961344129e-05
52032,4.69722928221321e-05
52031,4.7041064476848e-05
52030,4.7109911125098e-05
52029,4.71788327933008e-05
52028,4.72478295077554e-05
52027,4.73169012946418e-05
52026,4.73860481800191e-05
52025,4.74552701898275e-05
52024,4.75245673498861e-05
52023,4.75939396858936e-05
52022,4.76633872234278e-05
52021,4.7732909987944e-05
52020,4.78025080047772e-05
52019,4.78694892339538e-05
52018,4.79365403194036e-05
52017,4.80036612840168e-05
52016,4.80708521505774e-05
52015,4.81381129417658e-05
52014,4.82054436801557e-05
52013,4.82728443882156e-05
52012,4.83403150883089e-05
52011,4.84078558026916e-05
52010,4.84754665535148e-05
52009,4.85431473628218e-05
52008,4.86108982525491e-05
52007,4.86787192445273e-05
52006,4.87466103604778e-05
52005,4.88145716220161e-05
52004,4.88826030506487e-05
52003,4.89507046677739e-05
52002,4.90188764946826e-05
52001,4.90871185525557e-05
52000,4.91554308624667e-05
51999,4.92238134453786e-05
51998,4.92922663221452e-05
51997,4.93607895135117e-05
51996,4.94293830401116e-05
51995,4.94980469224701e-05
51994,4.95667811810007e-05
51993,4.96355858360058e-05
51992,4.97044609076786e-05
51991,4.97734064160991e-05
51990,4.98424223812375e-05
51989,4.99115088229512e-05
51988,4.99806657609854e-05
51987,5.00498932149744e-05
51986,5.01191912044383e-05
51985,5.01885597487861e-05
51984,5.02579988673126e-05
51983,5.03275085791992e-05
51982,5.0397088903515e-05
51981,5.04667398592139e-05
51980,5.05364614651372e-05
51979,5.06024692201009e-05
51978,5.06685428681604e-05
51977,5.07346824313923e-05
51976,5.08008879317807e-05
51975,5.08671593912166e-05
51974,5.09334968314977e-05
51973,5.09999002743283e-05
51972,5.10663697413191e-05
51971,5.11329052539865e-05
51970,5.11995068337531e-05
51969,5.12661745019468e-05
51968,5.13329082798009e-05
51967,5.13997081884539e-05
51966,5.14665742489491e-05
51965,5.15335064822345e-05
51964,5.16005049091623e-05
51963,5.1667569550489e-05
51962,5.17347004268751e-05
51961,5.18018975588847e-05
51960,5.18691609669852e-05
51959,5.19336395411136e-05
51958,5.19981793314835e-05
51957,5.20627803566993e-05
51956,5.21274426352847e-05
51955,5.21921661856791e-05
51954,5.22569510262407e-05
51953,5.2321797175245e-05
51952,5.23867046508829e-05
51951,5.24516734712639e-05
51950,5.25167036544124e-05
51949,5.25817952182703e-05
51948,5.26469481806958e-05
51947,5.27121625594618e-05
51946,5.27774383722587e-05
51945,5.28427756366905e-05
51944,5.29081743702783e-05
51943,5.2973634590458e-05
51942,5.30391563145794e-05
51941,5.31047395599087e-05
51940,5.31703843436251e-05
51939,5.32264152338759e-05
51938,5.32824943475886e-05
51937,5.33386217015313e-05
51936,5.33947973124223e-05
51935,5.34510211969328e-05
51934,5.35072933716844e-05
51933,5.35636138532498e-05
51932,5.3619982658154e-05
51931,5.36763998028715e-05
51930,5.3732865303829e-05
51929,5.37893791774032e-05
51928,5.38459414399209e-05
51927,5.39025521076609e-05
51926,5.39592111968507e-05
51925,5.40159187236696e-05
51924,5.40726747042458e-05
51923,5.41294791546575e-05
51922,5.4186332090934e-05
51921,5.42432335290526e-05
51920,5.43001834849419e-05
51919,5.43640358260723e-05
51918,5.44279451411657e-05
51917,5.44919114445123e-05
51916,5.45559347503285e-05
51915,5.46200150727537e-05
51914,5.4684152425852e-05
51913,5.47483468236116e-05
51912,5.48125982799443e-05
51911,5.48769068086868e-05
51910,5.49412724235984e-05
51909,5.5005695138362e-05
51908,5.50701749665838e-05
51907,5.51347119217929e-05
51906,5.51993060174425e-05
51905,5.52639572669072e-05
51904,5.53286656834848e-05
51903,5.53934312803954e-05
51902,5.54582540707811e-05
51901,5.55231340677074e-05
51900,5.55880712841602e-05
51899,5.5643129838152e-05
51898,5.56982329142166e-05
51897,5.57533805257841e-05
51896,5.58085726862404e-05
51895,5.58638094089276e-05
51894,5.59190907071431e-05
51893,5.59744165941404e-05
51892,5.60297870831283e-05
51891,5.60852021872709e-05
51890,5.61406619196878e-05
51889,5.61961662934538e-05
51888,5.62517153215988e-05
51887,5.63073090171078e-05
51886,5.63629473929204e-05
51885,5.64186304619314e-05
51884,5.64743582369899e-05
51883,5.65301307309e-05
51882,5.65859479564199e-05
51881,5.66418099262624e-05
51880,5.66977166530945e-05
51879,5.67527215232781e-05
51878,5.68077722241413e-05
51877,5.68628687715571e-05
51876,5.69180111813518e-05
51875,5.69731994693048e-05
51874,5.70284336511487e-05
51873,5.7083713742569e-05
51872,5.71390397592039e-05
51871,5.71944117166444e-05
51870,5.72498296304339e-05
51869,5.73052935160684e-05
51868,5.73608033889962e-05
51867,5.74163592646175e-05
51866,5.74719611582849e-05
51865,5.75276090853026e-05
51864,5.75833030609269e-05
51863,5.76390431003656e-05
51862,5.76948292187779e-05
51861,5.77506614312748e-05
51860,5.78065397529182e-05
51859,5.7861256764316e-05
51858,5.79160137473791e-05
51857,5.79708107098039e-05
51856,5.80256476592497e-05
51855,5.80805246033345e-05
51854,5.81354415496382e-05
51853,5.81903985057013e-05
51852,5.82453954790232e-05
51851,5.83004324770658e-05
51850,5.83555095072493e-05
51849,5.84106265769555e-05
51848,5.84657836935263e-05
51847,5.85209808642625e-05
51846,5.85762180964266e-05
51845,5.86314953972391e-05
51844,5.8686812773882e-05
51843,5.87421702334969e-05
51842,5.87975677831838e-05
51841,5.8853005430004e-05
51840,5.89084831809769e-05
51839,5.89630744999664e-05
51838,5.90177069048115e-05
51837,5.90723804053906e-05
51836,5.9127095011543e-05
51835,5.91818507330647e-05
51834,5.92366475797119e-05
51833,5.92914855611992e-05
51832,5.93463646871983e-05
51831,5.94012849673412e-05
51830,5.94562464112162e-05
51829,5.95112490283712e-05
51828,5.95662928283123e-05
51827,5.96213778205022e-05
51826,5.96765040143633e-05
51825,5.97316714192739e-05
51824,5.97868800445718e-05
51823,5.98421298995521e-05
51822,5.98974209934661e-05
51821,5.99527533355248e-05
51820,6.00081269348942e-05
51819,6.00603831743683e-05
51818,6.01126767338388e-05
51817,6.0165007621697e-05
51816,6.02173758463005e-05
51815,6.02697814159707e-05
51814,6.03222243389944e-05
51813,6.03747046236233e-05
51812,6.04272222780736e-05
51811,6.04797773105276e-05
51810,6.05323697291309e-05
51809,6.05849995419941e-05
51808,6.06376667571928e-05
51807,6.0690371382766e-05
51806,6.0743113426719e-05
51805,6.07958928970199e-05
51804,6.08487098016015e-05
51803,6.09015641483608e-05
51802,6.09544559451585e-05
51801,6.10073851998209e-05
51800,6.10603519201367e-05
51799,6.1106962078392e-05
51798,6.11536024182494e-05
51797,6.12002729462814e-05
51796,6.12469736690355e-05
51795,6.12937045930376e-05
51794,6.1340465724789e-05
51793,6.13872570707675e-05
51792,6.14340786374291e-05
51791,6.1480930431204e-05
51790,6.15278124585014e-05
51789,6.1574724725705e-05
51788,6.16216672391751e-05
51787,6.16686400052497e-05
51786,6.17156430302414e-05
51785,6.17626763204406e-05
51784,6.18097398821127e-05
51783,6.18568337214995e-05
51782,6.19039578448198e-05
51781,6.1951112258267e-05
51780,6.19982969680122e-05
51779,6.20464063171566e-05
51778,6.20945449591027e-05
51777,6.21427128978616e-05
51776,6.21909101374193e-05
51775,6.22391366817409e-05
51774,6.22873925347667e-05
51773,6.23356777004141e-05
51772,6.23839921825783e-05
51771,6.24323359851299e-05
51770,6.24807091119176e-05
51769,6.25291115667659e-05
51768,6.25775433534756e-05
51767,6.26260044758255e-05
51766,6.26744949375694e-05
51765,6.27230147424394e-05
51764,6.27715638941425e-05
51763,6.28201423963624e-05
51762,6.28687502527606e-05
51761,6.29173874669732e-05
51760,6.29660540426144e-05
51759,6.30114844089727e-05
51758,6.30569408187572e-05
51757,6.31024232753427e-05
51756,6.31479317820851e-05
51755,6.31934663423218e-05
51754,6.32390269593716e-05
51753,6.32846136365345e-05
51752,6.33302263770921e-05
51751,6.33758651843069e-05
51750,6.34215300614229e-05
51749,6.34672210116652e-05
51748,6.35129380382403e-05
51747,6.35586811443357e-05
51746,6.360445033312e-05
51745,6.3650245607743e-05
51744,6.36960669713356e-05
51743,6.37419144270097e-05
51742,6.37877879778582e-05
51741,6.38336876269551e-05
51740,6.38796133773552e-05
51739,6.39264405700199e-05
51738,6.39732929776314e-05
51737,6.40201706013762e-05
51736,6.40670734424227e-05
51735,6.41140015019209e-05
51734,6.41609547810021e-05
51733,6.42079332807793e-05
51732,6.42549370023469e-05
51731,6.4301965946781e-05
51730,6.43490201151389e-05
51729,6.43960995084595e-05
51728,6.44432041277632e-05
51727,6.44903339740516e-05
51726,6.45374890483077e-05
51725,6.4584669351496e-05
51724,6.46318748845623e-05
51723,6.46791056484336e-05
51722,6.47263616440182e-05
51721,6.47736428722059e-05
51720,6.48209493338674e-05
51719,6.48649513743156e-05
51718,6.49089755572416e-05
51717,6.49530218836242e-05
51716,6.49970903544303e-05
51715,6.504118097061e-05
51714,6.50852937331008e-05
51713,6.51294286428255e-05
51712,6.51735857006911e-05
51711,6.52177649075919e-05
51710,6.5261966264406e-05
51709,6.53061897719983e-05
51708,6.53504354312191e-05
51707,6.5394703242903e-05
51706,6.54389932078717e-05
51705,6.54833053269304e-05
51704,6.55276396008713e-05
51703,6.55719960304718e-05
51702,6.56163746164935e-05
51701,6.5660775359685e-05
51700,6.57051982607785e-05
51699,6.57471428085008e-05
51698,6.57891059002313e-05
51697,6.58310875354408e-05
51696,6.58730877135908e-05
51695,6.59151064341308e-05
51694,6.59571436964999e-05
51693,6.59991995001265e-05
51692,6.60412738444278e-05
51691,6.60833667288117e-05
51690,6.61254781526738e-05
51689,6.61676081153995e-05
51688,6.62097566163634e-05
51687,6.62519236549289e-05
51686,6.62941092304498e-05
51685,6.63363133422679e-05
51684,6.63785359897144e-05
51683,6.64207771721101e-05
51682,6.64630368887641e-05
51681,6.65053151389761e-05
51680,6.65476119220338e-05
51679,6.65907795765792e-05
51678,6.66339651629563e-05
51677,6.66771686789575e-05
51676,6.6720390122366e-05
51675,6.67636294909524e-05
51674,6.68068867824767e-05
51673,6.68501619946879e-05
51672,6.68934551253235e-05
51671,6.69367661721116e-05
51670,6.69800951327674e-05
51669,6.70234420049959e-05
51668,6.70668067864908e-05
51667,6.71101894749344e-05
51666,6.71535900679993e-05
51665,6.71970085633456e-05
51664,6.72404449586228e-05
51663,6.72838992514692e-05
51662,6.73273714395117e-05
51661,6.73708615203674e-05
51660,6.74143694916409e-05
51659,6.7454481414479e-05
51658,6.74946086163592e-05
51657,6.75347510954734e-05
51656,6.75749088500035e-05
51655,6.76150818781253e-05
51654,6.76552701780058e-05
51653,6.76954737478037e-05
51652,6.77356925856706e-05
51651,6.7775926689748e-05
51650,6.78161760581713e-05
51649,6.78564406890668e-05
51648,6.78967205805531e-05
51647,6.7937015730741e-05
51646,6.79773261377317e-05
51645,6.80176517996197e-05
51644,6.80579927144911e-05
51643,6.80983488804237e-05
51642,6.81387202954876e-05
51641,6.81791069577436e-05
51640,6.82195088652454e-05
51639,6.82599260160383e-05
51638,6.83003584081595e-05
51637,6.83408060396386e-05
51636,6.83812689084951e-05
51635,6.84217470127424e-05
51634,6.84622403503848e-05
51633,6.85027489194187e-05
51632,6.85432727178327e-05
51631,6.85838117436057e-05
51630,6.86243659947099e-05
51629,6.8664935469109e-05
51628,6.87055201647582e-05
51627,6.87461200796053e-05
51626,6.87867352115881e-05
51625,6.88273655586379e-05
51624,6.88680111186773e-05
51623,6.89086718896204e-05
51622,6.89493478693739e-05
51621,6.89900390558346e-05
51620,6.90307454468927e-05
51619,6.90696763514422e-05
51618,6.91086193374292e-05
51617,6.9147574400791e-05
51616,6.91865415374565e-05
51615,6.92255207433491e-05
51614,6.92645120143844e-05
51613,6.93035153464706e-05
51612,6.93425307355105e-05
51611,6.93815581773983e-05
51610,6.94205976680228e-05
51609,6.94596492032647e-05
51608,6.94987127789976e-05
51607,6.95377883910898e-05
51606,6.95768760354005e-05
51605,6.96159757077841e-05
51604,6.96550874040864e-05
51603,6.96942111201463e-05
51602,6.97333468517975e-05
51601,6.97724945948644e-05
51600,6.98116543451666e-05
51599,6.98465060756283e-05
51598,6.98813679801265e-05
51597,6.99162400565289e-05
51596,6.9951122302699e-05
51595,6.99860147164962e-05
51594,7.00209172957755e-05
51593,7.00558300383878e-05
51592,7.00907529421798e-05
51591,7.01256860049937e-05
51590,7.0160629224668e-05
51589,7.01955825990364e-05
51588,7.02305461259288e-05
51587,7.02655198031706e-05
51586,7.03005036285831e-05
51585,7.03354975999833e-05
51584,7.0370501715184e-05
51583,7.04055159719938e-05
51582,7.0440540368217e-05
51581,7.04755749016537e-05
51580,7.05106195700997e-05
51579,7.05438300337173e-05
51578,7.05770483398848e-05
51577,7.06102744848913e-05
51576,7.06435084650242e-05
51575,7.06767502765644e-05
51574,7.07099999157908e-05
51573,7.07432573789778e-05
51572,7.07765226623944e-05
51571,7.08097957623077e-05
51570,7.08430766749785e-05
51569,7.08763653966654e-05
51568,7.09096619236227e-05
51567,7.09429662520992e-05
51566,7.09762783783418e-05
51565,7.10095982985913e-05
51564,7.10429260090858e-05
51563,7.10762615060596e-05
51562,7.11096047857414e-05
51561,7.11429558443578e-05
51560,7.11763146781294e-05
51559,7.1208850892281e-05
51558,7.12413949993451e-05
51557,7.12739469967006e-05
51556,7.13065068817251e-05
51555,7.13390746517912e-05
51554,7.13716503042692e-05
51553,7.14042338365268e-05
51552,7.14368252459267e-05
51551,7.14694245298302e-05
51550,7.15020316855938e-05
51549,7.15346467105717e-05
51548,7.15672696021154e-05
51547,7.15999003575713e-05
51546,7.16325389742847e-05
51545,7.16651854495957e-05
51544,7.16978397808426e-05
51543,7.17305019653605e-05
51542,7.17631720004797e-05
51541,7.17958498835293e-05
51540,7.18285356118332e-05
51539,7.18585165864171e-05
51538,7.18885036349954e-05
51537,7.19184967546157e-05
51536,7.19484959423243e-05
51535,7.19785011951633e-05
51534,7.20085125101727e-05
51533,7.20385298843898e-05
51532,7.20685533148487e-05
51531,7.20985827985825e-05
51530,7.21286183326198e-05
51529,7.21586599139872e-05
51528,7.21887075397088e-05
51527,7.22187612068052e-05
51526,7.22488209122961e-05
51525,7.22788866531969e-05
51524,7.23089584265208e-05
51523,7.23390362292784e-05
51522,7.2369120058477e-05
51521,7.23992099111231e-05
51520,7.24293057842186e-05
51519,7.24637918825209e-05
51518,7.24982855941691e-05
51517,7.25327869137404e-05
51516,7.25672958358093e-05
51515,7.26018123549427e-05
51514,7.2636336465704e-05
51513,7.26708681626512e-05
51512,7.27054074403359e-05
51511,7.27399542933063e-05
51510,7.27745087161033e-05
51509,7.28090707032644e-05
51508,7.28436402493217e-05
51507,7.28782173488006e-05
51506,7.29128019962233e-05
51505,7.2947394186105e-05
51504,7.29819939129569e-05
51503,7.30166011712854e-05
51502,7.30512159555899e-05
51501,7.30858382603667e-05
51500,7.31204680801049e-05
51499,7.3147959946213e-05
51498,7.31754564003216e-05
51497,7.32029574390957e-05
51496,7.32304630591964e-05
51495,7.32579732572839e-05
51494,7.32854880300153e-05
51493,7.33130073740454e-05
51492,7.33405312860274e-05
51491,7.33680597626101e-05
51490,7.33955928004418e-05
51489,7.34231303961678e-05
51488,7.34506725464308e-05
51487,7.34782192478718e-05
51486,7.3505770497128e-05
51485,7.35333262908355e-05
51484,7.35608866256277e-05
51483,7.35884514981353e-05
51482,7.36160209049876e-05
51481,7.36435948428095e-05
51480,7.36711733082254e-05
51479,7.37023415207683e-05
51478,7.3733515600245e-05
51477,7.37646955422531e-05
51476,7.37958813423886e-05
51475,7.38270729962418e-05
51474,7.38582704994005e-05
51473,7.38894738474487e-05
51472,7.39206830359662e-05
51471,7.39518980605312e-05
51470,7.39831189167164e-05
51469,7.40143456000916e-05
51468,7.40455781062233e-05
51467,7.40768164306736e-05
51466,7.41080605690028e-05
51465,7.41393105167661e-05
51464,7.41705662695154e-05
51463,7.42018278227996e-05
51462,7.4233095172163e-05
51461,7.42643683131484e-05
51460,7.42956472412931e-05
51459,7.431973285426e-05
51458,7.43438217774577e-05
51457,7.436791400831e-05
51456,7.43920095442372e-05
51455,7.441610838266e-05
51454,7.44402105209962e-05
51453,7.44643159566619e-05
51452,7.44884246870735e-05
51451,7.45125367096434e-05
51450,7.45366520217849e-05
51449,7.45607706209082e-05
51448,7.45848925044218e-05
51447,7.46090176697344e-05
51446,7.46331461142511e-05
51445,7.46572778353773e-05
51444,7.46814128305157e-05
51443,7.47055510970674e-05
51442,7.47296926324333e-05
51441,7.47538374340109e-05
51440,7.47779854991984e-05
51439,7.48021368253906e-05
51438,7.4826291409981e-05
51437,7.48504492503633e-05
51436,7.48746103439271e-05
51435,7.48987746880632e-05
51434,7.49229422801589e-05
51433,7.49471131176e-05
51432,7.49712871977728e-05
51431,7.49954645180594e-05
51430,7.50196450758429e-05
51429,7.50438288685032e-05
51428,7.50680158934187e-05
51427,7.50922061479678e-05
51426,7.51163996295255e-05
51425,7.51405963354672e-05
51424,7.51647962631653e-05
51423,7.51889994099907e-05
51422,7.52132057733143e-05
51421,7.52374153505037e-05
51420,7.52616281389266e-05
51419,7.52822241687276e-05
51418,7.53028224837551e-05
51417,7.53234230820865e-05
51416,7.53440259617981e-05
51415,7.53646311209654e-05
51414,7.53852385576629e-05
51413,7.54058482699642e-05
51412,7.5426460255942e-05
51411,7.54470745136681e-05
51410,7.54676910412133e-05
51409,7.54883098366476e-05
51408,7.550893089804e-05
51407,7.55295542234585e-05
51406,7.55501798109703e-05
51405,7.55708076586418e-05
51404,7.55914377645382e-05
51403,7.56120701267242e-05
51402,7.5632704743263e-05
51401,7.56533416122173e-05
51400,7.56739807316489e-05
51399,7.56982502662935e-05
51398,7.57225229592313e-05
51397,7.57467988077996e-05
51396,7.5771077809332e-05
51395,7.57953599611627e-05
51394,7.58196452606229e-05
51393,7.58439337050423e-05
51392,7.58682252917507e-05
51391,7.58925200180744e-05
51390,7.59168178813401e-05
51389,7.59411188788717e-05
51388,7.59654230079916e-05
51387,7.59897302660221e-05
51386,7.60140406502822e-05
51385,7.60383541580913e-05
51384,7.60626707867658e-05
51383,7.60869905336208e-05
51382,7.61113133959713e-05
51381,7.61356393711289e-05
51380,7.61599684564056e-05
51379,7.61834659174658e-05
51378,7.62069664713032e-05
51377,7.6230470116145e-05
51376,7.62539768502151e-05
51375,7.62774866717386e-05
51374,7.63009995789377e-05
51373,7.63245155700343e-05
51372,7.63480346432502e-05
51371,7.63715567968045e-05
51370,7.63950820289175e-05
51369,7.64186103378066e-05
51368,7.64421417216885e-05
51367,7.64656761787803e-05
51366,7.64892137072961e-05
51365,7.65127543054513e-05
51364,7.65362979714585e-05
51363,7.65598447035294e-05
51362,7.65833944998763e-05
51361,7.66069473587085e-05
51360,7.66305032782362e-05
51359,7.66467650396497e-05
51358,7.66630281604623e-05
51357,7.66792926398672e-05
51356,7.66955584770598e-05
51355,7.67118256712329e-05
51354,7.67280942215805e-05
51353,7.67443641272965e-05
51352,7.67606353875728e-05
51351,7.67769080016033e-05
51350,7.67931819685792e-05
51349,7.68094572876933e-05
51348,7.6825733958138e-05
51347,7.68420119791038e-05
51346,7.6858291349783e-05
51345,7.68745720693657e-05
51344,7.68908541370429e-05
51343,7.69071375520058e-05
51342,7.69234223134435e-05
51341,7.69397084205468e-05
51340,7.69559958725042e-05
51339,7.69759397913069e-05
51338,7.69958858017505e-05
51337,7.7015833902593e-05
51336,7.7035784092592e-05
51335,7.70557363705042e-05
51334,7.70756907350862e-05
51333,7.70956471850936e-05
51332,7.71156057192819e-05
51331,7.71355663364056e-05
51330,7.7155529035219e-05
51329,7.71754938144757e-05
51328,7.71954606729288e-05
51327,7.72154296093309e-05
51326,7.72354006224339e-05
51325,7.72553737109894e-05
51324,7.72753488737482e-05
51323,7.72953261094606e-05
51322,7.73153054168766e-05
51321,7.73352867947454e-05
51320,7.73552702418157e-05
51319,7.73735871821062e-05
51318,7.73919064816354e-05
51317,7.74102281400254e-05
51316,7.74285521568978e-05
51315,7.74468785318742e-05
51314,7.74652072645758e-05
51313,7.74835383546236e-05
51312,7.75018718016383e-05
51311,7.75202076052403e-05
51310,7.75385457650497e-05
51309,7.75568862806864e-05
51308,7.75752291517702e-05
51307,7.75935743779201e-05
51306,7.76119219587554e-05
51305,7.76302718938948e-05
51304,7.76486241829569e-05
51303,7.76669788255599e-05
51302,7.76853358213217e-05
51301,7.77036951698602e-05
51300,7.77220568707928e-05
51299,7.77412524895485e-05
51298,7.77604502489665e-05
51297,7.77796501483105e-05
51296,7.77988521868438e-05
51295,7.78180563638295e-05
51294,7.78372626785303e-05
51293,7.78564711302084e-05
51292,7.78756817181259e-05
51291,7.78948944415443e-05
51290,7.79141092997249e-05
51289,7.79333262919287e-05
51288,7.79525454174162e-05
51287,7.79717666754475e-05
51286,7.79909900652827e-05
51285,7.80102155861811e-05
51284,7.80294432374019e-05
51283,7.80486730182039e-05
51282,7.80679049278456e-05
51281,7.80871389655851e-05
51280,7.81063751306801e-05
51279,7.81174198062347e-05
51278,7.81284653249612e-05
51277,7.81395116867753e-05
51276,7.81505588915939e-05
51275,7.81616069393324e-05
51274,7.81726558299068e-05
51273,7.81837055632329e-05
51272,7.81947561392261e-05
51271,7.82058075578032e-05
51270,7.82168598188794e-05
51269,7.82279129223705e-05
51268,7.82389668681923e-05
51267,7.82500216562597e-05
51266,7.82610772864897e-05
51265,7.82721337587971e-05
51264,7.82831910730975e-05
51263,7.82942492293066e-05
51262,7.83053082273391e-05
51261,7.83163680671118e-05
51260,7.83274287485394e-05
51259,7.83413492944406e-05
51258,7.83552716180102e-05
51257,7.83691957191963e-05
51256,7.83831215979494e-05
51255,7.83970492542173e-05
51254,7.84109786879497e-05
51253,7.84249098990959e-05
51252,7.84388428876037e-05
51251,7.84527776534225e-05
51250,7.84667141964999e-05
51249,7.84806525167848e-05
51248,7.84945926142261e-05
51247,7.85085344887705e-05
51246,7.85224781403675e-05
51245,7.85364235689636e-05
51244,7.85503707745073e-05
51243,7.85643197569466e-05
51242,7.85782705162282e-05
51241,7.85922230523003e-05
51240,7.86061773651093e-05
51239,7.86230041363691e-05
51238,7.86398340383769e-05
51237,7.865666707117e-05
51236,7.86735032347854e-05
51235,7.86903425292594e-05
51234,7.87071849546282e-05
51233,7.87240305109275e-05
51232,7.87408791981927e-05
51231,7.87577310164588e-05
51230,7.87745859657604e-05
51229,7.87914440461318e-05
51228,7.88083052576069e-05
51227,7.88251696002191e-05
51226,7.88420370740017e-05
51225,7.88589076789873e-05
51224,7.88757814152085e-05
51223,7.88926582826972e-05
51222,7.8909538281485e-05
51221,7.89264214116033e-05
51220,7.8943307673083e-05
51219,7.895567146135e-05
51218,7.8968037952466e-05
51217,7.89804071466456e-05
51216,7.89927790441052e-05
51215,7.9005153645059e-05
51214,7.90175309497223e-05
51213,7.902991095831e-05
51212,7.90422936710355e-05
51211,7.90546790881135e-05
51210,7.90670672097566e-05
51209,7.90794580361787e-05
51208,7.90918515675932e-05
51207,7.91042478042116e-05
51206,7.91166467462475e-05
51205,7.91290483939117e-05
51204,7.91414527474165e-05
51203,7.9153859806974e-05
51202,7.9166269572794e-05
51201,7.91786820450884e-05
51200,7.91910972240667e-05
51199,7.92027013903672e-05
51198,7.92143089082478e-05
51197,7.92259197781597e-05
51196,7.92375340005556e-05
51195,7.92491515758857e-05
51194,7.92607725046013e-05
51193,7.92723967871531e-05
51192,7.92840244239897e-05
51191,7.92956554155612e-05
51190,7.93072897623153e-05
51189,7.93189274647006e-05
51188,7.93305685231651e-05
51187,7.93422129381549e-05
51186,7.93538607101176e-05
51185,7.9365511839498e-05
51184,7.93771663267423e-05
51183,7.93888241722959e-05
51182,7.94004853766021e-05
51181,7.94121499401059e-05
51180,7.94238178632496e-05
51179,7.94346825485021e-05
51178,7.94455513628632e-05
51177,7.94564243071658e-05
51176,7.9467301382244e-05
51175,7.94781825889291e-05
51174,7.9489067928053e-05
51173,7.94999574004469e-05
51172,7.95108510069393e-05
51171,7.952174874836e-05
51170,7.95326506255361e-05
51169,7.95435566392952e-05
51168,7.95544667904639e-05
51167,7.95653810798667e-05
51166,7.95762995083291e-05
51165,7.95872220766735e-05
51164,7.95981487857233e-05
51163,7.9609079636301e-05
51162,7.96200146292264e-05
51161,7.96309537653207e-05
51160,7.96418970454022e-05
51159,7.96491093320502e-05
51158,7.96563248288064e-05
51157,7.96635435364986e-05
51156,7.9670765455956e-05
51155,7.96779905880053e-05
51154,7.96852189334731e-05
51153,7.96924504931858e-05
51152,7.96996852679683e-05
51151,7.97069232586467e-05
51150,7.97141644660448e-05
51149,7.97214088909864e-05
51148,7.97286565342948e-05
51147,7.9735907396792e-05
51146,7.97431614793012e-05
51145,7.97504187826432e-05
51144,7.97576793076389e-05
51143,7.97649430551086e-05
51142,7.97722100258713e-05
51141,7.97794802207471e-05
51140,7.97867536405541e-05
51139,7.97932398620144e-05
51138,7.97997301576175e-05
51137,7.980622452882e-05
51136,7.98127229770786e-05
51135,7.98192255038478e-05
51134,7.98257321105813e-05
51133,7.9832242798732e-05
51132,7.98387575697509e-05
51131,7.984527642509e-05
51130,7.98517993661984e-05
51129,7.98583263945246e-05
51128,7.98648575115163e-05
51127,7.98713927186195e-05
51126,7.98779320172807e-05
51125,7.98844754089439e-05
51124,7.98910228950525e-05
51123,7.98975744770487e-05
51122,7.99041301563735e-05
51121,7.9910689934468e-05
51120,7.99172538127709e-05
51119,7.99230405738031e-05
51118,7.99288324204299e-05
51117,7.99346293550121e-05
51116,7.99404313799102e-05
51115,7.99462384974813e-05
51114,7.99520507100814e-05
51113,7.99578680200646e-05
51112,7.99636904297828e-05
51111,7.99695179415877e-05
51110,7.99753505578278e-05
51109,7.998118828085e-05
51108,7.99870311129999e-05
51107,7.99928790566204e-05
51106,7.99987321140543e-05
51105,8.00045902876413e-05
51104,8.00104535797194e-05
51103,8.00163219926251e-05
51102,8.00221955286926e-05
51101,8.00280741902557e-05
51100,8.0033957979645e-05
51099,8.00436089939226e-05
51098,8.00532661843386e-05
51097,8.00629295530689e-05
51096,8.00725991022898e-05
51095,8.00822748341726e-05
51094,8.00919567508881e-05
51093,8.01016448546047e-05
51092,8.01113391474867e-05
51091,8.01210396316985e-05
51090,8.01307463093995e-05
51089,8.01404591827487e-05
51088,8.01501782539027e-05
51087,8.01599035250139e-05
51086,8.01696349982345e-05
51085,8.01793726757124e-05
51084,8.01891165595943e-05
51083,8.01988666520249e-05
51082,8.02086229551447e-05
51081,8.02183854710938e-05
51080,8.02281542020078e-05
51079,8.02349151720995e-05
51078,8.02416803111228e-05
51077,8.02484496204613e-05
51076,8.02552231014994e-05
51075,8.02620007556184e-05
51074,8.0268782584199e-05
51073,8.0275568588621e-05
51072,8.02823587702621e-05
51071,8.02891531305009e-05
51070,8.02959516707129e-05
51069,8.0302754392273e-05
51068,8.0309561296555e-05
51067,8.03163723849311e-05
51066,8.03231876587737e-05
51065,8.03300071194526e-05
51064,8.03368307683369e-05
51063,8.03436586067944e-05
51062,8.03504906361914e-05
51061,8.03573268578945e-05
51060,8.03641672732676e-05
51059,8.03732943529404e-05
51058,8.03824288936781e-05
51057,8.03915708987039e-05
51056,8.04007203712391e-05
51055,8.04098773144994e-05
51054,8.0419041731698e-05
51053,8.04282136260445e-05
51052,8.0437393000743e-05
51051,8.04465798589961e-05
51050,8.04557742040001e-05
51049,8.04649760389493e-05
51048,8.04741853670342e-05
51047,8.04834021914397e-05
51046,8.0492626515349e-05
51045,8.05018583419394e-05
51044,8.05110976743858e-05
51043,8.05203445158594e-05
51042,8.05295988695257e-05
51041,8.05388607385485e-05
51040,8.05481301260855e-05
51039,8.05543498913885e-05
51038,8.05605749225295e-05
51037,8.05668052217134e-05
51036,8.05730407911444e-05
51035,8.0579281633023e-05
51034,8.05855277495485e-05
51033,8.05917791429176e-05
51032,8.05980358153247e-05
51031,8.06042977689639e-05
51030,8.06105650060254e-05
51029,8.06168375286977e-05
51028,8.06231153391677e-05
51027,8.06293984396191e-05
51026,8.06356868322356e-05
51025,8.06419805191969e-05
51024,8.06482795026812e-05
51023,8.06545837848647e-05
51022,8.06608933679208e-05
51021,8.06672082540226e-05
51020,8.06735284453393e-05
51019,8.06843837302485e-05
51018,8.06952442607785e-05
51017,8.07061100381238e-05
51016,8.07169810634793e-05
51015,8.07278573380361e-05
51014,8.07387388629849e-05
51013,8.07496256395149e-05
51012,8.07605176688118e-05
51011,8.07714149520617e-05
51010,8.07823174904468e-05
51009,8.07932252851492e-05
51008,8.08041383373492e-05
51007,8.08150566482236e-05
51006,8.08259802189497e-05
51005,8.08369090507009e-05
51004,8.08478431446503e-05
51003,8.08587825019694e-05
51002,8.08697271238261e-05
51001,8.08806770113889e-05
51000,8.08916321658221e-05
50999,8.08994940324019e-05
50998,8.09073592696276e-05
50997,8.09152278781924e-05
50996,8.09230998587905e-05
50995,8.09309752121137e-05
50994,8.09388539388534e-05
50993,8.09467360397005e-05
50992,8.09546215153444e-05
50991,8.09625103664754e-05
50990,8.09704025937814e-05
50989,8.09782981979501e-05
50988,8.09861971796683e-05
50987,8.09940995396218e-05
50986,8.10020052784968e-05
50985,8.10099143969775e-05
50984,8.10178268957477e-05
50983,8.10257427754903e-05
50982,8.1033662036887e-05
50981,8.10415846806205e-05
50980,8.10495107073708e-05
50979,8.10619702293173e-05
50978,8.10744332268899e-05
50977,8.10868997003826e-05
50976,8.10993696500909e-05
50975,8.11118430763072e-05
50974,8.11243199793253e-05
50973,8.11368003594379e-05
50972,8.11492842169356e-05
50971,8.11617715521104e-05
50970,8.11742623652515e-05
50969,8.1186756656649e-05
50968,8.11992544265923e-05
50967,8.12117556753686e-05
50966,8.12242604032664e-05
50965,8.12367686105714e-05
50964,8.12492802975703e-05
50963,8.12617954645491e-05
50962,8.12743141117914e-05
50961,8.12868362395822e-05
50960,8.1299361848204e-05
50959,8.13118909379398e-05
50958,8.13244235090722e-05
50957,8.13369595618814e-05
50956,8.13494990966489e-05
50955,8.13620421136535e-05
50954,8.1374588613175e-05
50953,8.13871385954924e-05
50952,8.13996920608823e-05
50951,8.1412249009623e-05
50950,8.14248094419896e-05
50949,8.14373733582583e-05
50948,8.14499407587048e-05
50947,8.14625116436021e-05
50946,8.1475086013225e-05
50945,8.14876638678451e-05
50944,8.15002452077351e-05
50943,8.15128300331672e-05
50942,8.15254183444108e-05
50941,8.15380101417371e-05
50940,8.15506054254144e-05
50939,8.15645883969087e-05
50938,8.15785735919868e-05
50937,8.15925610106308e-05
50936,8.16065506528253e-05
50935,8.16205425185518e-05
50934,8.16345366077939e-05
50933,8.16485329205345e-05
50932,8.16625314567548e-05
50931,8.1676532216438e-05
50930,8.16905351995648e-05
50929,8.17045404061172e-05
50928,8.17185478360773e-05
50927,8.17325574894249e-05
50926,8.17465693661422e-05
50925,8.17605834662086e-05
50924,8.17745997896052e-05
50923,8.17886183363126e-05
50922,8.18026391063098e-05
50921,8.18166620995775e-05
50920,8.18306873160942e-05
50919,8.18492528456908e-05
50918,8.18678210867994e-05
50917,8.1886392039173e-05
50916,8.19049657025639e-05
50915,8.19235420767243e-05
50914,8.19421211614061e-05
50913,8.19607029563607e-05
50912,8.19792874613395e-05
50911,8.19978746760932e-05
50910,8.20164646003724e-05
50909,8.20350572339273e-05
50908,8.20536525765078e-05
50907,8.20722506278635e-05
50906,8.20908513877437e-05
50905,8.21094548558973e-05
50904,8.2128061032073e-05
50903,8.2146669916019e-05
50902,8.21652815074833e-05
50901,8.21838958062135e-05
50900,8.22025128119571e-05
50899,8.22186384508283e-05
50898,8.22347654681748e-05
50897,8.22508938635409e-05
50896,8.22670236364736e-05
50895,8.22831547865173e-05
50894,8.22992873132178e-05
50893,8.23154212161208e-05
50892,8.23315564947702e-05
50891,8.23476931487119e-05
50890,8.23638311774893e-05
50889,8.23799705806477e-05
50888,8.23961113577317e-05
50887,8.24122535082844e-05
50886,8.24283970318509e-05
50885,8.24445419279739e-05
50884,8.24606881961976e-05
50883,8.24768358360658e-05
50882,8.24929848471209e-05
50881,8.2509135228907e-05
50880,8.2525286980966e-05
50879,8.2544625251874e-05
50878,8.25639658864682e-05
50877,8.25833088842867e-05
50876,8.26026542448672e-05
50875,8.26220019677473e-05
50874,8.2641352052464e-05
50873,8.26607044985542e-05
50872,8.26800593055546e-05
50871,8.26994164730014e-05
50870,8.27187760004305e-05
50869,8.27381378873778e-05
50868,8.27575021333786e-05
50867,8.27768687379679e-05
50866,8.27962377006808e-05
50865,8.28156090210515e-05
50864,8.28349826986144e-05
50863,8.28543587329034e-05
50862,8.28737371234521e-05
50861,8.28931178697938e-05
50860,8.29125009714617e-05
50859,8.29332464635901e-05
50858,8.29539940477784e-05
50857,8.29747437227281e-05
50856,8.29954954871403e-05
50855,8.30162493397155e-05
50854,8.30370052791535e-05
50853,8.30577633041536e-05
50852,8.30785234134145e-05
50851,8.30992856056342e-05
50850,8.31200498795105e-05
50849,8.31408162337402e-05
50848,8.31615846670197e-05
50847,8.31823551780448e-05
50846,8.32031277655108e-05
50845,8.32239024281122e-05
50844,8.32446791645433e-05
50843,8.32654579734974e-05
50842,8.32862388536675e-05
50841,8.33070218037459e-05
50840,8.33278068224245e-05
50839,8.3352479528241e-05
50838,8.33771552199063e-05
50837,8.3401833895491e-05
50836,8.34265155530623e-05
50835,8.34512001906886e-05
50834,8.34758878064356e-05
50833,8.3500578398368e-05
50832,8.35252719645512e-05
50831,8.35499685030474e-05
50830,8.35746680119198e-05
50829,8.35993704892291e-05
50828,8.36240759330348e-05
50827,8.36487843413973e-05
50826,8.36734957123736e-05
50825,8.36982100440219e-05
50824,8.37229273343977e-05
50823,8.37476475815556e-05
50822,8.37723707835507e-05
50821,8.3797096938435e-05
50820,8.38218260442616e-05
50819,8.3846558099081e-05
50818,8.38712931009426e-05
50817,8.38960310478964e-05
50816,8.39207719379895e-05
50815,8.39455157692698e-05
50814,8.39702625397826e-05
50813,8.39950122475724e-05
50812,8.40197648906842e-05
50811,8.40445204671598e-05
50810,8.40692789750422e-05
50809,8.40940404123716e-05
50808,8.41188047771874e-05
50807,8.41435720675295e-05
50806,8.41683422814347e-05
50805,8.41931154169408e-05
50804,8.42178914720832e-05
50803,8.4242670444896e-05
50802,8.42674523334142e-05
50801,8.42922371356694e-05
50800,8.43170248496946e-05
50799,8.43450425472902e-05
50798,8.43730644404157e-05
50797,8.44010905271238e-05
50796,8.4429120805464e-05
50795,8.44571552734864e-05
50794,8.44851939292393e-05
50793,8.45132367707694e-05
50792,8.4541283796123e-05
50791,8.45693350033432e-05
50790,8.45973903904736e-05
50789,8.46254499555559e-05
50788,8.46535136966306e-05
50787,8.46815816117374e-05
50786,8.47096536989129e-05
50785,8.47377299561943e-05
50784,8.47658103816169e-05
50783,8.47938949732145e-05
50782,8.48219837290206e-05
50781,8.48500766470652e-05
50780,8.48781737253791e-05
50779,8.49030328440916e-05
50778,8.49278948314563e-05
50777,8.49527596854823e-05
50776,8.49776274041751e-05
50775,8.50024979855416e-05
50774,8.50273714275862e-05
50773,8.5052247728312e-05
50772,8.50771268857228e-05
50771,8.51020088978194e-05
50770,8.51268937626036e-05
50769,8.51517814780747e-05
50768,8.51766720422309e-05
50767,8.5201565453071e-05
50766,8.52264617085907e-05
50765,8.5251360806787e-05
50764,8.52762627456541e-05
50763,8.5301167523185e-05
50762,8.53260751373738e-05
50761,8.53509855862112e-05
50760,8.5375898867689e-05
50759,8.54033927933257e-05
50758,8.54308911884689e-05
50757,8.54583940517352e-05
50756,8.54859013817385e-05
50755,8.55134131770931e-05
50754,8.55409294364119e-05
50753,8.55684501583063e-05
50752,8.55959753413874e-05
50751,8.56235049842634e-05
50750,8.5651039085543e-05
50749,8.56785776438332e-05
50748,8.570612065774e-05
50747,8.57336681258688e-05
50746,8.57612200468219e-05
50745,8.57887764192025e-05
50744,8.5816337241612e-05
50743,8.58439025126505e-05
50742,8.58714722309179e-05
50741,8.58990463950108e-05
50740,8.59266250035267e-05
50739,8.59620897427963e-05
50738,8.59975618236608e-05
50737,8.60330412431287e-05
50736,8.60685279982074e-05
50735,8.61040220858991e-05
50734,8.61395235032045e-05
50733,8.61750322471213e-05
50732,8.62105483146423e-05
50731,8.62460717027596e-05
50730,8.62816024084597e-05
50729,8.63171404287279e-05
50728,8.63526857605463e-05
50727,8.63882384008922e-05
50726,8.64237983467421e-05
50725,8.64593655950672e-05
50724,8.64949401428371e-05
50723,8.65305219870185e-05
50722,8.6566111124573e-05
50721,8.66017075524617e-05
50720,8.66373112676402e-05
50719,8.66715920038656e-05
50718,8.67058813924063e-05
50717,8.67401794315116e-05
50716,8.67744861194293e-05
50715,8.68088014544015e-05
50714,8.68431254346683e-05
50713,8.68774580584661e-05
50712,8.69117993240262e-05
50711,8.69461492295784e-05
50710,8.69805077733465e-05
50709,8.70148749535527e-05
50708,8.70492507684152e-05
50707,8.70836352161473e-05
50706,8.71180282949606e-05
50705,8.71524300030608e-05
50704,8.71868403386521e-05
50703,8.72212592999345e-05
50702,8.7255686885103e-05
50701,8.72901230923512e-05
50700,8.73245679198668e-05
50699,8.73596783004065e-05
50698,8.73947965412214e-05
50697,8.74299226399345e-05
50696,8.74650565941679e-05
50695,8.75001984015381e-05
50694,8.75353480596602e-05
50693,8.75705055661461e-05
50692,8.76056709186028e-05
50691,8.76408441146363e-05
50690,8.7676025151847e-05
50689,8.77112140278342e-05
50688,8.77464107401934e-05
50687,8.77816152865157e-05
50686,8.78168276643911e-05
50685,8.78520478714039e-05
50684,8.78872759051371e-05
50683,8.79225117631705e-05
50682,8.79577554430789e-05
50681,8.79930069424362e-05
50680,8.80282662588106e-05
50679,8.80655750466494e-05
50678,8.81028962550036e-05
50677,8.814022988214e-05
50676,8.8177575926317e-05
50675,8.82149343857856e-05
50674,8.82523052587885e-05
50673,8.82896885435609e-05
50672,8.83270842383299e-05
50671,8.83644923413147e-05
50670,8.84019128507268e-05
50669,8.84393457647695e-05
50668,8.84767910816385e-05
50667,8.85142487995214e-05
50666,8.8551718916598e-05
50665,8.858920143104e-05
50664,8.86266963410113e-05
50663,8.8664203644668e-05
50662,8.87017233401579e-05
50661,8.87392554256212e-05
50660,8.87767998991898e-05
50659,8.88143567589881e-05
50658,8.88519260031321e-05
50657,8.888950762973e-05
50656,8.89271016368821e-05
50655,8.89647080226806e-05
50654,8.90023267852098e-05
50653,8.90399579225458e-05
50652,8.9077601432757e-05
50651,8.91152573139035e-05
50650,8.91529255640376e-05
50649,8.91906061812036e-05
50648,8.92282991634374e-05
50647,8.92660045087674e-05
50646,8.93037222152137e-05
50645,8.93414522807881e-05
50644,8.93791947034949e-05
50643,8.94169494813298e-05
50642,8.94547166122809e-05
50641,8.94924960943279e-05
50640,8.95302879254425e-05
50639,8.95761558024852e-05
50638,8.96220403886553e-05
50637,8.96679416799584e-05
50636,8.97138596723835e-05
50635,8.97597943619072e-05
50634,8.98057457444907e-05
50633,8.98517138160807e-05
50632,8.989769857261e-05
50631,8.99437000099948e-05
50630,8.99897181241386e-05
50629,9.00357529109297e-05
50628,9.00818043662416e-05
50627,9.01278724859341e-05
50626,9.01739572658502e-05
50625,9.02200587018202e-05
50624,9.02661767896591e-05
50623,9.03123115251672e-05
50622,9.03584629041307e-05
50621,9.04046309223193e-05
50620,9.04508155754897e-05
50619,9.04970168593834e-05
50618,9.05432347697272e-05
50617,9.05894693022334e-05
50616,9.06357204525982e-05
50615,9.06819882165046e-05
50614,9.07282725896201e-05
50613,9.07745735675976e-05
50612,9.08208911460758e-05
50611,9.08672253206766e-05
50610,9.0913576087009e-05
50609,9.09599434406666e-05
50608,9.10063273772281e-05
50607,9.10527278922578e-05
50606,9.10991449813036e-05
50605,9.11455786399001e-05
50604,9.11920288635667e-05
50603,9.12384956478074e-05
50602,9.12849789881124e-05
50601,9.13314788799548e-05
50600,9.13779953187948e-05
50599,9.14280062253438e-05
50598,9.14780375058352e-05
50597,9.15280891548118e-05
50596,9.15781611667957e-05
50595,9.16282535362835e-05
50594,9.16783662577498e-05
50593,9.17284993256456e-05
50592,9.17786527343984e-05
50591,9.18288264784144e-05
50590,9.18790205520744e-05
50589,9.1929234949737e-05
50588,9.19794696657374e-05
50587,9.20297246943868e-05
50586,9.20800000299751e-05
50585,9.21302956667671e-05
50584,9.21806115990047e-05
50583,9.22309478209065e-05
50582,9.22813043266674e-05
50581,9.23316811104604e-05
50580,9.23820781664333e-05
50579,9.24342534933754e-05
50578,9.24864451460438e-05
50577,9.25386531163785e-05
50576,9.25908773963059e-05
50575,9.26431179777354e-05
50574,9.26953748525617e-05
50573,9.27476480126642e-05
50572,9.27999374499063e-05
50571,9.28522431561382e-05
50570,9.29045651231927e-05
50569,9.29569033428881e-05
50568,9.30092578070272e-05
50567,9.30616285073971e-05
50566,9.31140154357711e-05
50565,9.31664185839057e-05
50564,9.32188379435424e-05
50563,9.32712735064075e-05
50562,9.33237252642113e-05
50561,9.33761932086505e-05
50560,9.34286773314048e-05
50559,9.34858799462581e-05
50558,9.35430999664893e-05
50557,9.36003373800641e-05
50556,9.36575921749317e-05
50555,9.37148643390196e-05
50554,9.37721538602382e-05
50553,9.38294607264786e-05
50552,9.38867849256111e-05
50551,9.39441264454893e-05
50550,9.40014852739451e-05
50549,9.40588613987933e-05
50548,9.41162548078293e-05
50547,9.41736654888279e-05
50546,9.42310934295468e-05
50545,9.42885386177224e-05
50544,9.43460010410738e-05
50543,9.44034806873008e-05
50542,9.44609775440822e-05
50541,9.45184915990802e-05
50540,9.45760228399354e-05
50539,9.46341350707928e-05
50538,9.46922634115398e-05
50537,9.47504078480029e-05
50536,9.48085683659928e-05
50535,9.48667449512986e-05
50534,9.49249375896929e-05
50533,9.49831462669294e-05
50532,9.50413709687413e-05
50531,9.50996116808456e-05
50530,9.51578683889382e-05
50529,9.52161410786979e-05
50528,9.5274429735785e-05
50527,9.53327343458393e-05
50526,9.53910548944843e-05
50525,9.54493913673222e-05
50524,9.55077437499386e-05
50523,9.55661120279002e-05
50522,9.56244961867533e-05
50521,9.56828962120279e-05
50520,9.57413120892328e-05
50519,9.57955695850475e-05
50518,9.58498407249682e-05
50517,9.59041254973495e-05
50516,9.59584238905341e-05
50515,9.60127358928487e-05
50514,9.60670614926071e-05
50513,9.61214006781088e-05
50512,9.61757534376391e-05
50511,9.6230119759471e-05
50510,9.62844996318621e-05
50509,9.63388930430563e-05
50508,9.6393299981284e-05
50507,9.64477204347608e-05
50506,9.65021543916905e-05
50505,9.65566018402608e-05
50504,9.66110627686466e-05
50503,9.66655371650086e-05
50502,9.67200250174929e-05
50501,9.6774526314234e-05
50500,9.68290410433501e-05
50499,9.68877642215287e-05
50498,9.69465029494142e-05
50497,9.70052572121124e-05
50496,9.70640269947127e-05
50495,9.71228122822839e-05
50494,9.71816130598772e-05
50493,9.72404293125259e-05
50492,9.72992610252422e-05
50491,9.73581081830224e-05
50490,9.74169707708415e-05
50489,9.74758487736579e-05
50488,9.75347421764111e-05
50487,9.75936509640202e-05
50486,9.76525751213881e-05
50485,9.77115146333966e-05
50484,9.77704694849105e-05
50483,9.78294396607762e-05
50482,9.78884251458195e-05
50481,9.79474259248498e-05
50480,9.80064419826557e-05
50479,9.80660070220224e-05
50478,9.81255862958372e-05
50477,9.81851797866364e-05
50476,9.82447874769396e-05
50475,9.83044093492455e-05
50474,9.83640453860356e-05
50473,9.84236955697723e-05
50472,9.84833598828977e-05
50471,9.85430383078373e-05
50470,9.86027308269953e-05
50469,9.86624374227591e-05
50468,9.87221580774969e-05
50467,9.87818927735567e-05
50466,9.88416414932698e-05
50465,9.89014042189464e-05
50464,9.89611809328796e-05
50463,9.90209716173438e-05
50462,9.90807762545928e-05
50461,9.9140594826864e-05
50460,9.92004273163735e-05
50459,9.92507501887323e-05
50458,9.93010850229299e-05
50457,9.93514318103709e-05
50456,9.94017905424471e-05
50455,9.94521612105421e-05
50454,9.95025438060281e-05
50453,9.95529383202667e-05
50452,9.96033447446098e-05
50451,9.96537630703969e-05
50450,9.97041932889586e-05
50449,9.97546353916146e-05
50448,9.98050893696741e-05
50447,9.98555552144361e-05
50446,9.99060329171875e-05
50445,9.99565224692065e-05
50444,0.00010000702386176
50443,0.000100057537086104
50442,0.000100108062133486
50441,0.00010015859899514
50440,0.000100209147662291
50439,0.000100263451444639
50438,0.0001003177701581
50437,0.000100372103792459
50436,0.000100426452337483
50435,0.000100480815782925
50434,0.000100535194118521
50433,0.000100589587333992
50432,0.000100643995419042
50431,0.000100698418363361
50430,0.000100752856156621
50429,0.00010080730878848
50428,0.000100861776248579
50427,0.000100916258526543
50426,0.000100970755611983
50425,0.000101025267494492
50424,0.000101079794163649
50423,0.000101134335609016
50422,0.000101188891820138
50421,0.000101243462786547
50420,0.000101298048497757
50419,0.000101352148133389
50418,0.000101406263800652
50417,0.000101460395489737
50416,0.00010151454319082
50415,0.000101568706894057
50414,0.000101622886589584
50413,0.000101677082267522
50412,0.000101731293917971
50411,0.000101785521531017
50410,0.000101839765096723
50409,0.000101894024605137
50408,0.000101948300046287
50407,0.000102002591410184
50406,0.000102056898686821
50405,0.000102111221866171
50404,0.000102165560938191
50403,0.000102219915892818
50402,0.000102274286719972
50401,0.000102328673409554
50400,0.000102383075951447
50399,0.000102441793432034
50398,0.00010250052893625
50397,0.000102559282451236
50396,0.000102618053964111
50395,0.00010267684346197
50394,0.000102735650931882
50393,0.000102794476360895
50392,0.000102853319736031
50391,0.00010291218104429
50390,0.000102971060272647
50389,0.000103029957408053
50388,0.000103088872437437
50387,0.0001031478053477
50386,0.000103206756125723
50385,0.000103265724758363
50384,0.00010332471123245
50383,0.000103383715534793
50382,0.000103442737652176
50381,0.00010350177757136
50380,0.000103560835279079
50379,0.000103620383381814
50378,0.000103679947838134
50377,0.000103739528633878
50376,0.000103799125754868
50375,0.000103858739186904
50374,0.000103918368915764
50373,0.000103978014927206
50372,0.000104037677206965
50371,0.000104097355740755
50370,0.000104157050514271
50369,0.000104216761513184
50368,0.000104276488723146
50367,0.000104336232129786
50366,0.000104395991718713
50365,0.000104455767475514
50364,0.000104515559385754
50363,0.000104575367434981
50362,0.000104635191608714
50361,0.000104695031892459
50360,0.000104754888271695
50359,0.00010480995901515
50358,0.000104865045131469
50357,0.000104920146609706
50356,0.000104975263438901
50355,0.000105030395608075
50354,0.000105085543106227
50353,0.000105140705922341
50352,0.00010519588404538
50351,0.000105251077464291
50350,0.000105306286168001
50349,0.000105361510145417
50348,0.000105416749385431
50347,0.000105472003876913
50346,0.000105527273608717
50345,0.000105582558569676
50344,0.000105637858748608
50343,0.000105693174134307
50342,0.000105748504715553
50341,0.000105803850481107
50340,0.00010585921141971
50339,0.000105924203823201
50338,0.000105989212731124
50337,0.000106054238123505
50336,0.000106119279980346
50335,0.000106184338281622
50334,0.000106249413007284
50333,0.000106314504137256
50332,0.000106379611651438
50331,0.000106444735529702
50330,0.000106509875751896
50329,0.000106575032297845
50328,0.000106640205147343
50327,0.000106705394280164
50326,0.000106770599676053
50325,0.00010683582131473
50324,0.000106901059175891
50323,0.000106966313239205
50322,0.000107031583484317
50321,0.000107096869890844
50320,0.00010716217243838
50319,0.000107227491106493
50318,0.000107292825874724
50317,0.000107358176722591
50316,0.000107423543629583
50315,0.000107488926575168
50314,0.000107554325538784
50313,0.000107619740499848
50312,0.000107685171437747
50311,0.000107750618331846
50310,0.000107816081161482
50309,0.000107881559905969
50308,0.000107947054544594
50307,0.000108012565056619
50306,0.00010807809142128
50305,0.000108143633617788
50304,0.000108209191625328
50303,0.000108274765423061
50302,0.000108340354990121
50301,0.000108405960305616
50300,0.000108471581348632
50299,0.000108541622251397
50298,0.000108611680898745
50297,0.000108681757265076
50296,0.000108751851324757
50295,0.000108821963052123
50294,0.000108892092421474
50293,0.000108962239407079
50292,0.000109032403983175
50291,0.000109102586123963
50290,0.000109172785803616
50289,0.00010924300299627
50288,0.00010931323767603
50287,0.000109383489816968
50286,0.000109453759393123
50285,0.000109524046378503
50284,0.000109594350747082
50283,0.000109664672472799
50282,0.000109735011529564
50281,0.000109805367891251
50280,0.000109875741531706
50279,0.000109954982737752
50278,0.00011003424552726
50277,0.000110113529862551
50276,0.000110192835705896
50275,0.000110272163019512
50274,0.000110351511765564
50273,0.000110430881906167
50272,0.000110510273403381
50271,0.000110589686219217
50270,0.000110669120315632
50269,0.000110748575654532
50268,0.000110828052197771
50267,0.000110907549907151
50266,0.000110987068744423
50265,0.000111066608671285
50264,0.000111146169649383
50263,0.000111225751640311
50262,0.000111305354605612
50261,0.000111384978506778
50260,0.000111464623305247
50259,0.000111548352211871
50258,0.000111632106084718
50257,0.000111715884880352
50256,0.00011179968855527
50255,0.000111883517065898
50254,0.000111967370368594
50253,0.000112051248419652
50252,0.00011213515117529
50251,0.000112219078591664
50250,0.000112303030624858
50249,0.000112387007230889
50248,0.000112471008365705
50247,0.000112555033985186
50246,0.000112639084045143
50245,0.000112723158501318
50244,0.000112807257309387
50243,0.000112891380424957
50242,0.000112975527803562
50241,0.000113059699400675
50240,0.000113143895171695
50239,0.000113228480432041
50238,0.00011331308787669
50237,0.000113397717458662
50236,0.000113482369130915
50235,0.000113567042846342
50234,0.000113651738557773
50233,0.000113736456217974
50232,0.000113821195779648
50231,0.000113905957195434
50230,0.000113990740417906
50229,0.000114075545399576
50228,0.000114160372092893
50227,0.000114245220450239
50226,0.000114330090423938
50225,0.000114414981966244
50224,0.000114499895029353
50223,0.000114584829565395
50222,0.000114669785526435
50221,0.000114754762864479
50220,0.000114839761531465
50219,0.00011493376865557
50218,0.000115027801491046
50217,0.000115121859972411
50216,0.000115215944034087
50215,0.000115310053610403
50214,0.000115404188635596
50213,0.000115498349043805
50212,0.00011559253476908
50211,0.000115686745745373
50210,0.000115780981906546
50209,0.000115875243186363
50208,0.000115969529518498
50207,0.000116063840836531
50206,0.000116158177073946
50205,0.000116252538164136
50204,0.000116346924040399
50203,0.000116441334635939
50202,0.00011653576988387
50201,0.000116630229717207
50200,0.000116724714068878
50199,0.000116819548282183
50198,0.000116914404780106
50197,0.000117009283491841
50196,0.000117104184346494
50195,0.000117199107273083
50194,0.000117294052200536
50193,0.000117389019057692
50192,0.000117484007773304
50191,0.000117579018276034
50190,0.000117674050494459
50189,0.000117769104357064
50188,0.000117864179792247
50187,0.00011795927672832
50186,0.000118054395093503
50185,0.000118149534815932
50184,0.000118244695823652
50183,0.000118339878044621
50182,0.000118435081406711
50181,0.000118530305837703
50180,0.000118625551265294
50179,0.000118730500550058
50178,0.000118835470308819
50177,0.000118940460434989
50176,0.00011904547082186
50175,0.000119150501362605
50174,0.000119255551950277
50173,0.000119360622477811
50172,0.000119465712838022
50171,0.000119570822923608
50170,0.000119675952627147
50169,0.000119781101841099
50168,0.000119886270457805
50167,0.000119991458369489
50166,0.000120096665468259
50165,0.000120201891646101
50164,0.000120307136794887
50163,0.000120412400806371
50162,0.000120517683572188
50161,0.000120622984983859
50160,0.000120728304932786
50159,0.000120833643310255
50158,0.000120939000007435
50157,0.00012104437491538
50156,0.000121149767925028
50155,0.0001212551789272
50154,0.000121360607812601
50153,0.000121466054471822
50152,0.000121571518795336
50151,0.000121677000673505
50150,0.000121782499996572
50149,0.000121888016654668
50148,0.000121993550537807
50147,0.000122099101535889
50146,0.000122204669538702
50145,0.000122310254435919
50144,0.000122415856117096
50143,0.000122521474471679
50142,0.000122627109388999
50141,0.000122732760758274
50140,0.000122838428468608
50139,0.000122953516589935
50138,0.000123068621615301
50137,0.000123183743394966
50136,0.000123298881779034
50135,0.000123414036617457
50134,0.000123529207760033
50133,0.000123644395056403
50132,0.000123759598356058
50131,0.000123874817508333
50130,0.000123990052362414
50129,0.000124105302767331
50128,0.000124220568571963
50127,0.000124335849625038
50126,0.000124451145775132
50125,0.00012456645687067
50124,0.000124681782759928
50123,0.000124797123291028
50122,0.000124912478311945
50121,0.000125027847670503
50120,0.000125143231214377
50119,0.000125258396486272
50118,0.000125373578332149
50117,0.000125488776607407
50116,0.000125603991167296
50115,0.000125719221866911
50114,0.000125834468561199
50113,0.000125949731104955
50112,0.000126065009352825
50111,0.000126180303159303
50110,0.000126295612378733
50109,0.000126410936865312
50108,0.000126526276473085
50107,0.00012664163105595
50106,0.000126757000467655
50105,0.000126872384561801
50104,0.000126987783191839
50103,0.000127103196211074
50102,0.000127218623472662
50101,0.000127334064829615
50100,0.000127449520134794
50099,0.000127573785448504
50098,0.000127698073290194
50097,0.000127822383489721
50096,0.000127946715876725
50095,0.000128071070280628
50094,0.000128195446530636
50093,0.000128319844455737
50092,0.000128444263884704
50091,0.000128568704646093
50090,0.000128693166568246
50089,0.000128817649479288
50088,0.00012894215320713
50087,0.000129066677579469
50086,0.000129191222423785
50085,0.000129315787567346
50084,0.000129440372837207
50083,0.000129564978060208
50082,0.000129689603062978
50081,0.00012981424767193
50080,0.000129938911713268
50079,0.000130067866811121
50078,0.000130196849030419
50077,0.000130325858186392
50076,0.000130454894093992
50075,0.000130583956567894
50074,0.000130713045422499
50073,0.000130842160471929
50072,0.000130971301530033
50071,0.000131100468410384
50070,0.000131229660926279
50069,0.000131358878890742
50068,0.00013148812211652
50067,0.000131617390416088
50066,0.000131746683601649
50065,0.000131876001485127
50064,0.000132005343878179
50063,0.000132134710592184
50062,0.000132264101438252
50061,0.000132393516227221
50060,0.000132522954769654
50059,0.000132647782834663
50058,0.000132772632871839
50057,0.00013289750471083
50056,0.000133022398181046
50055,0.000133147313111665
50054,0.000133272249331629
50053,0.000133397206669648
50052,0.000133522184954194
50051,0.000133647184013508
50050,0.000133772203675596
50049,0.000133897243768231
50048,0.000134022304118955
50047,0.000134147384555075
50046,0.000134272484903666
50045,0.000134397604991571
50044,0.000134522744645402
50043,0.000134647903691538
50042,0.000134773081956129
50041,0.00013489827926509
50040,0.000135023495444111
50039,0.000135153269773445
50038,0.00013528306716752
50037,0.000135412887433318
50036,0.000135542730377539
50035,0.000135672595806594
50034,0.000135802483526611
50033,0.000135932393343429
50032,0.000136062325062606
50031,0.000136192278489414
50030,0.000136322253428841
50029,0.000136452249685591
50028,0.000136582267064086
50027,0.00013671230536846
50026,0.000136842364402572
50025,0.000136972443969992
50024,0.00013710254387401
50023,0.000137232663917636
50022,0.000137362803903594
50021,0.000137492963634333
50020,0.000137623142912016
50019,0.000137757999660105
50018,0.000137892876562965
50017,0.000138027773399678
50016,0.000138162689949011
50015,0.00013829762598941
50014,0.000138432581299007
50013,0.000138567555655614
50012,0.000138702548836726
50011,0.000138837560619525
50010,0.000138972590780873
50009,0.000139107639097319
50008,0.000139242705345097
50007,0.000139377789300126
50006,0.000139512890738011
50005,0.000139648009434042
50004,0.000139783145163197
50003,0.000139918297700144
50002,0.000140053466819234
50001,0.00014018865229451
50000,0.000140323853899699
49999,0.000140449737805743
49998,0.000140575636001378
49997,0.000140701548303462
49996,0.000140827474528617
49995,0.000140953414493229
49994,0.000141079368013447
49993,0.000141205334905183
49992,0.000141331314984114
49991,0.00014145730806568
49990,0.000141583313965087
49989,0.000141709332497307
49988,0.000141835363477075
49987,0.000141961406718895
49986,0.000142087462037033
49985,0.000142213529245524
49984,0.00014233960815817
49983,0.000142465698588539
49982,0.000142591800349968
49981,0.00014271791325556
49980,0.000142844037118187
49979,0.000142979520477016
49978,0.000143115011638438
49977,0.000143250510367982
49976,0.000143386016430909
49975,0.000143521529592199
49974,0.000143657049616564
49973,0.000143792576268444
49972,0.000143928109312003
49971,0.000144063648511138
49970,0.000144199193629473
49969,0.000144334744430362
49968,0.00014447030067689
49967,0.000144605862131873
49966,0.000144741428557858
49965,0.000144876999717124
49964,0.000145012575371684
49963,0.000145148155283283
49962,0.000145283739213399
49961,0.000145419326923248
49960,0.000145554918173775
49959,0.00014569044843749
49958,0.000145825974421472
49957,0.000145961495879106
49956,0.000146097012563564
49955,0.000146232524227795
49954,0.000146368030624538
49953,0.000146503531506315
49952,0.000146639026625432
49951,0.000146774515733984
49950,0.000146909998583852
49949,0.000147045474926702
49948,0.000147180944513994
49947,0.000147316407096971
49946,0.000147451862426671
49945,0.000147587310253917
49944,0.000147722750329328
49943,0.000147858182403314
49942,0.000147993606226074
49941,0.000148129021547604
49940,0.000148264428117692
49939,0.00014839508747957
49938,0.000148525734561432
49937,0.000148656369132498
49936,0.000148786990961836
49935,0.000148917599818352
49934,0.000149048195470796
49933,0.000149178777687763
49932,0.000149309346237691
49931,0.000149439900888866
49930,0.000149570441409417
49929,0.00014970096756732
49928,0.0001498314791304
49927,0.000149961975866326
49926,0.000150092457542621
49925,0.000150222923926652
49924,0.000150353374785639
49923,0.000150483809886651
49922,0.000150614228996608
49921,0.000150744631882285
49920,0.000150875018310305
49919,0.00015100083509337
49918,0.000151126639617613
49917,0.000151252431677648
49916,0.000151378211067947
49915,0.000151503977582843
49914,0.000151629731016527
49913,0.000151755471163049
49912,0.000151881197816319
49911,0.000152006910770108
49910,0.000152132609818048
49909,0.000152258294753633
49908,0.000152383965370218
49907,0.000152509621461023
49906,0.000152635262819128
49905,0.000152760889237479
49904,0.000152886500508886
49903,0.000153012096426023
49902,0.00015313767678143
49901,0.000153263241367513
49900,0.000153388789976544
49899,0.000153514037202771
49898,0.000153639260664078
49897,0.000153764460142508
49896,0.000153889635420007
49895,0.000154014786278428
49894,0.000154139912499528
49893,0.000154265013864971
49892,0.000154390090156327
49891,0.000154515141155071
49890,0.000154640166642589
49889,0.000154765166400176
49888,0.000154890140209034
49887,0.000155015087850277
49886,0.000155140009104926
49885,0.000155264903753916
49884,0.000155389771578095
49883,0.00015551461235822
49882,0.000155639425874965
49881,0.000155764211908915
49880,0.000155888970240569
49879,0.000156013881184111
49878,0.000156138767783935
49877,0.000156263629825689
49876,0.000156388467094913
49875,0.000156513279377053
49874,0.000156638066457452
49873,0.000156762828121354
49872,0.000156887564153904
49871,0.000157012274340149
49870,0.000157136958465038
49869,0.000157261616313425
49868,0.000157386247670065
49867,0.000157510852319619
49866,0.000157635430046652
49865,0.000157759980635635
49864,0.000157884503870945
49863,0.000158008999536867
49862,0.000158133467417591
49861,0.000158257907297215
49860,0.000158382318959747
49859,0.000158502306137273
49858,0.000158622270257913
49857,0.000158742211131782
49856,0.000158862128568904
49855,0.000158982022379207
49854,0.000159101892372528
49853,0.000159221738358612
49852,0.000159341560147112
49851,0.000159461357547588
49850,0.000159581130369515
49849,0.000159700878422271
49848,0.000159820601515148
49847,0.000159940299457349
49846,0.000160059972057986
49845,0.000160179619126086
49844,0.000160299240470584
49843,0.000160418835900331
49842,0.000160538405224091
49841,0.00016065794825054
49840,0.00016077746478827
49839,0.000160892359377698
49838,0.000161007229129457
49837,0.000161122073873164
49836,0.000161236893438362
49835,0.000161351687654525
49834,0.000161466456351055
49833,0.000161581199357284
49832,0.000161695916502472
49831,0.000161810607615813
49830,0.000161925272526427
49829,0.000162039911063369
49828,0.000162154523055624
49827,0.000162269108332108
49826,0.000162383666721671
49825,0.000162498198053094
49824,0.000162612702155094
49823,0.000162727178856317
49822,0.000162841627985347
49821,0.0001629560493707
49820,0.000163070442840829
49819,0.000163180812640011
49818,0.000163291162946059
49817,0.000163401493607985
49816,0.000163511804474714
49815,0.000163622095395088
49814,0.000163732366217861
49813,0.000163842616791707
49812,0.000163952846965211
49811,0.000164063056586876
49810,0.000164173245505121
49809,0.000164283413568283
49808,0.000164393560624614
49807,0.000164503686522283
49806,0.000164613791109379
49805,0.000164723874233907
49804,0.000164833935743789
49803,0.00016494397548687
49802,0.000165053993310907
49801,0.000165163989063584
49800,0.000165273962592497
49799,0.000165383913745167
49798,0.000165493842369033
49797,0.000165603748311455
49796,0.000165713631419713
49795,0.000165823491541007
49794,0.000165933328522462
49793,0.000166043142211122
49792,0.000166152932453953
49791,0.000166262699097845
49790,0.000166372441989607
49789,0.000166482160975976
49788,0.000166591855903609
49787,0.000166701526619086
49786,0.000166811172968915
49785,0.000166920794799524
49784,0.000167030391957267
49783,0.000167139964288424
49782,0.000167249511639199
49781,0.000167359033855723
49780,0.000167468530784051
49779,0.000167568587146989
49778,0.000167668619573007
49777,0.000167768627943882
49776,0.000167868612141351
49775,0.00016796857204711
49774,0.000168068507542814
49773,0.00016816841851008
49772,0.000168268304830482
49771,0.000168368166385557
49770,0.0001684680030568
49769,0.000168567814725669
49768,0.000168667601273582
49767,0.000168767362581918
49766,0.000168867098532016
49765,0.000168966809005179
49764,0.000169066493882672
49763,0.000169166153045719
49762,0.00016926578637551
49761,0.000169365393753194
49760,0.000169464975059884
49759,0.000169560404740261
49758,0.000169655813352615
49757,0.00016975120079253
49756,0.000169846566955545
49755,0.00016994191173716
49754,0.000170037235032831
49753,0.000170132536737973
49752,0.000170227816747962
49751,0.00017032307495813
49750,0.00017041831126377
49749,0.000170513525560134
49748,0.00017060871774243
49747,0.000170703887705833
49746,0.00017079903534547
49745,0.000170894160556433
49744,0.000170989263233772
49743,0.000171084343272496
49742,0.00017117940056758
49741,0.000171274435013953
49740,0.00017136944650651
49739,0.000171459542386015
49738,0.000171549614890706
49737,0.0001716396639306
49736,0.00017172968941569
49735,0.000171819691255945
49734,0.000171909669361314
49733,0.000171999623641721
49732,0.00017208955400707
49731,0.000172179460367243
49730,0.000172269342632097
49729,0.00017235920071147
49728,0.000172449034515177
49727,0.000172538843953013
49726,0.000172628628934749
49725,0.000172718389370136
49724,0.000172808125168905
49723,0.000172897836240764
49722,0.000172987522495402
49721,0.000173077183842486
49720,0.000173166820191663
49719,0.000173247514999413
49718,0.000173328189659617
49717,0.000173408844106308
49716,0.000173489478273507
49715,0.000173570092095219
49714,0.000173650685505437
49713,0.00017373125843814
49712,0.000173811810827292
49711,0.000173892342606848
49710,0.000173972853710744
49709,0.000174053344072906
49708,0.000174133813627247
49707,0.000174214262307666
49706,0.000174294690048049
49705,0.000174375096782269
49704,0.000174455482444187
49703,0.000174535846967651
49702,0.000174616190286495
49701,0.000174696512334544
49700,0.000174776813045605
49699,0.000174856633033324
49698,0.000174936429093066
49697,0.000175016201158813
49696,0.000175095949164543
49695,0.00017517567304423
49694,0.000175255372731838
49693,0.000175335048161332
49692,0.000175414699266666
49691,0.000175494325981796
49690,0.000175573928240667
49689,0.000175653505977224
49688,0.000175733059125404
49687,0.000175812587619141
49686,0.000175892091392366
49685,0.000175971570379003
49684,0.000176051024512975
49683,0.000176130453728197
49682,0.000176209857958582
49681,0.00017628923713804
49680,0.000176368591200477
49679,0.000176438137683649
49678,0.000176507659392301
49677,0.000176577156277864
49676,0.000176646628291772
49675,0.00017671607538547
49674,0.000176785497510411
49673,0.000176854894618054
49672,0.00017692426665987
49671,0.000176993613587335
49670,0.000177062935351936
49669,0.000177132231905166
49668,0.000177201503198528
49667,0.000177270749183534
49666,0.000177339969811702
49665,0.000177409165034564
49664,0.000177478334803655
49663,0.000177547479070521
49662,0.000177616597786719
49661,0.000177685690903812
49660,0.000177754758373374
49659,0.000177823800146987
49658,0.000177892816176242
49657,0.000177961806412742
49656,0.000178030770808093
49655,0.000178099709313918
49654,0.000178168621881845
49653,0.00017823750846351
49652,0.000178306369010563
49651,0.00017837520347466
49650,0.000178444011807469
49649,0.000178512793960667
49648,0.000178581549885938
49647,0.000178650279534982
49646,0.000178718982859502
49645,0.000178787659811215
49644,0.000178856310341849
49643,0.000178924934403137
49642,0.000178993531946829
49641,0.000179062102924679
49640,0.000179130647288455
49639,0.000179189930966749
49638,0.000179249191194994
49637,0.000179308427938545
49636,0.000179367641162772
49635,0.000179426830833052
49634,0.000179485996914777
49633,0.000179545139373351
49632,0.000179604258174187
49631,0.000179663353282715
49630,0.00017972242466437
49629,0.000179781472284605
49628,0.000179840496108882
49627,0.000179899496102675
49626,0.000179958472231472
49625,0.00018001742446077
49624,0.000180076352756082
49623,0.000180135257082931
49622,0.000180194137406851
49621,0.000180252993693391
49620,0.000180311825908111
49619,0.000180370072049873
49618,0.000180428291421247
49617,0.000180486483985147
49616,0.000180544649704504
49615,0.000180602788542267
49614,0.000180660900461406
49613,0.000180718985424906
49612,0.000180777043395773
49611,0.000180835074337029
49610,0.000180893078211715
49609,0.000180951054982893
49608,0.00018100900461364
49607,0.000181066927067054
49606,0.000181124822306252
49605,0.000181182690294366
49604,0.00018124053099455
49603,0.000181298344369979
49602,0.00018135613038384
49601,0.000181413888999345
49600,0.000181471620179723
49599,0.000181520745492825
49598,0.000181569849219043
49597,0.0001816189313339
49596,0.00018166799181293
49595,0.000181717030631681
49594,0.000181766047765712
49593,0.000181815043190598
49592,0.000181864016881924
49591,0.00018191296881529
49590,0.000181961898966308
49589,0.000182010807310602
49588,0.000182059693823812
49587,0.000182108558481589
49586,0.000182157401259597
49585,0.000182206222133514
49584,0.00018225502107903
49583,0.000182303798071849
49582,0.00018235255308769
49581,0.000182401286102282
49580,0.000182449997091368
49579,0.000182498071913759
49578,0.000182546122068414
49577,0.000182594147528315
49576,0.00018264214826646
49575,0.000182690124255869
49574,0.000182738075469579
49573,0.000182786001880647
49572,0.000182833903462149
49571,0.000182881780187179
49570,0.000182929632028851
49569,0.000182977458960297
49568,0.00018302526095467
49567,0.000183073037985142
49566,0.000183120790024901
49565,0.000183168517047159
49564,0.000183216219025143
49563,0.000183263895932102
49562,0.000183311547741305
49561,0.000183359174426037
49560,0.000183406775959604
49559,0.000183446531503802
49558,0.000183486269924081
49557,0.000183525991205366
49556,0.000183565695332593
49555,0.000183605382290707
49554,0.00018364505206466
49553,0.000183684704639415
49552,0.000183724339999942
49551,0.00018376395813122
49550,0.00018380355901824
49549,0.000183843142645997
49548,0.000183882708999499
49547,0.000183922258063761
49546,0.000183961789823808
49545,0.000184001304264672
49544,0.000184040801371397
49543,0.000184080281129034
49542,0.000184119743522643
49541,0.000184159188537294
49540,0.000184198616158066
49539,0.000184229615058135
49538,0.000184260601296323
49537,0.000184291574863867
49536,0.000184322535752014
49535,0.000184353483952012
49534,0.000184384419455117
49533,0.00018441534225259
49532,0.000184446252335696
49531,0.000184477149695709
49530,0.000184508034323903
49529,0.000184538906211563
49528,0.000184569765349975
49527,0.000184600611730434
49526,0.000184631445344238
49525,0.000184662266182692
49524,0.000184693074237106
49523,0.000184723869498796
49522,0.000184754651959081
49521,0.000184785421609289
49520,0.000184816178440752
49519,0.000184843421644493
49518,0.000184870655866998
49517,0.000184897881103018
49516,0.000184925097347305
49515,0.000184952304594615
49514,0.000184979502839706
49513,0.000185006692077338
49512,0.000185033872302276
49511,0.000185061043509284
49510,0.00018508820569313
49509,0.000185115358848584
49508,0.000185142502970421
49507,0.000185169638053416
49506,0.000185196764092347
49505,0.000185223881081994
49504,0.00018525098901714
49503,0.000185278087892573
49502,0.00018530517770308
49501,0.00018533225844345
49500,0.000185359330108479
49499,0.000185382926772428
49498,0.000185406517540234
49497,0.000185430102408989
49496,0.000185453681375789
49495,0.000185477254437727
49494,0.000185500821591899
49493,0.000185524382835402
49492,0.000185547938165334
49491,0.000185571487578793
49490,0.000185595031072878
49489,0.000185618568644691
49488,0.000185642100291332
49487,0.000185665626009904
49486,0.000185689145797509
49485,0.000185712659651253
49484,0.000185736167568241
49483,0.000185759669545579
49482,0.000185783165580373
49481,0.000185806655669732
49480,0.000185830139810766
49479,0.000185847454034303
49478,0.000185864767111678
49477,0.000185882079042045
49476,0.000185899389824564
49475,0.000185916699458391
49474,0.000185934007942684
49473,0.0001859513152766
49472,0.000185968621459295
49471,0.000185985926489929
49470,0.000186003230367656
49469,0.000186020533091634
49468,0.000186037834661021
49467,0.000186055135074972
49466,0.000186072434332646
49465,0.000186089732433197
49464,0.000186107029375783
49463,0.000186124325159561
49462,0.000186141619783687
49461,0.000186158913247317
49460,0.000186176205549608
49459,0.000186192780627851
49458,0.000186209354035862
49457,0.000186225925772932
49456,0.000186242495838353
49455,0.000186259064231414
49454,0.000186275630951409
49453,0.000186292195997629
49452,0.000186308759369365
49451,0.000186325321065908
49450,0.00018634188108655
49449,0.000186358439430582
49448,0.000186374996097296
49447,0.000186391551085983
49446,0.000186408104395936
49445,0.000186424656026444
49444,0.000186441205976801
49443,0.000186457754246298
49442,0.000186474300834225
49441,0.000186490845739876
49440,0.000186507388962541
49439,0.000186516381927463
49438,0.000186525374673894
49437,0.000186534367201686
49436,0.000186543359510687
49435,0.000186552351600747
49434,0.000186561343471715
49433,0.000186570335123441
49432,0.000186579326555775
49431,0.000186588317768566
49430,0.000186597308761662
49429,0.000186606299534914
49428,0.000186615290088172
49427,0.000186624280421284
49426,0.0001866332705341
49425,0.000186642260426469
49424,0.000186651250098241
49423,0.000186660239549265
49422,0.000186669228779391
49421,0.000186678217788467
49420,0.000186687206576343
49419,0.000186696918032704
49418,0.000186706629265808
49417,0.000186716340275325
49416,0.000186726051060924
49415,0.000186735761622273
49414,0.000186745471959043
49413,0.000186755182070902
49412,0.000186764891957521
49411,0.000186774601618566
49410,0.000186784311053708
49409,0.000186794020262615
49408,0.000186803729244957
49407,0.000186813438000402
49406,0.000186823146528619
49405,0.000186832854829276
49404,0.000186842562902041
49403,0.000186852270746585
49402,0.000186861978362575
49401,0.000186871685749679
49400,0.000186881392907566
49399,0.000186881392907566
49398,0.000186881392907566
49397,0.000186881392907566
49396,0.000186881392907566
49395,0.000186881392907566
49394,0.000186881392907566
49393,0.000186881392907566
49392,0.000186881392907566
49391,0.000186881392907566
49390,0.000186881392907566
49389,0.000186881392907566
49388,0.000186881392907566
49387,0.000186881392907566
49386,0.000186881392907566
49385,0.000186881392907566
49384,0.000186881392907566
49383,0.000186881392907566
49382,0.000186881392907566
49381,0.000186881392907566
49380,0.000186881392907566
49379,0.000186881392907566
49378,0.000186881392907566
49377,0.000186881392907566
49376,0.000186881392907566
49375,0.000186881392907566
49374,0.000186881392907566
49373,0.000186881392907566
49372,0.000186881392907566
49371,0.000186881392907566
49370,0.000186881392907566
49369,0.000186881392907566
49368,0.000186881392907566
49367,0.000186881392907566
49366,0.000186881392907566
49365,0.000186881392907566
49364,0.000186881392907566
49363,0.000186881392907566
49362,0.000186881392907566
49361,0.000186881392907566
49360,0.000186881392907566
49359,0.000186881392907566
49358,0.000186881392907566
49357,0.000186881392907566
49356,0.000186881392907566
49355,0.000186881392907566
49354,0.000186881392907566
49353,0.000186881392907566
49352,0.000186881392907566
49351,0.000186881392907566
49350,0.000186881392907566
49349,0.000186881392907566
49348,0.000186881392907566
49347,0.000186881392907566
49346,0.000186881392907566
49345,0.000186881392907566
49344,0.000186881392907566
49343,0.000186881392907566
49342,0.000186881392907566
49341,0.000186881392907566
49340,0.000186881392907566
49339,0.000186884080489989
49338,0.00018688676725712
49337,0.000186889453208864
49336,0.000186892138345122
49335,0.0001868948226658
49334,0.0001868975061708
49333,0.000186900188860026
49332,0.000186902870733381
49331,0.000186905551790769
49330,0.000186908232032093
49329,0.000186910911457258
49328,0.000186913590066166
49327,0.000186916267858722
49326,0.000186918944834829
49325,0.000186921620994392
49324,0.000186924296337313
49323,0.000186926970863497
49322,0.000186929644572849
49321,0.000186932317465271
49320,0.000186934989540668
49319,0.000186932806783579
49318,0.000186930623108447
49317,0.000186928438515327
49316,0.000186926253004277
49315,0.000186924066575352
49314,0.000186921879228609
49313,0.000186919690964105
49312,0.000186917501781897
49311,0.000186915311682041
49310,0.000186913120664594
49309,0.000186910928729613
49308,0.000186908735877155
49307,0.000186906542107276
49306,0.000186904347420034
49305,0.000186902151815484
49304,0.000186899955293685
49303,0.000186897757854694
49302,0.000186895559498566
49301,0.00018689336022536
49300,0.000186891160035132
49299,0.000186888958927939
49298,0.000186886756903839
49297,0.000186884553962889
49296,0.000186882350105146
49295,0.000186880145330667
49294,0.00018687793963951
49293,0.000186875733031731
49292,0.000186873525507389
49291,0.000186871317066541
49290,0.000186869107709243
49289,0.000186866897435554
49288,0.000186864686245531
49287,0.000186862474139232
49286,0.000186860261116714
49285,0.000186858047178034
49284,0.000186855832323251
49283,0.000186853616552421
49282,0.000186851399865604
49281,0.000186849182262855
49280,0.000186846963744234
49279,0.000186853718478425
49278,0.000186860471766401
49277,0.000186867223607899
49276,0.000186873974002654
49275,0.000186880722950403
49274,0.000186887470450885
49273,0.000186894216503834
49272,0.00018690096110899
49271,0.000186907704266088
49270,0.000186914445974865
49269,0.00018692118623506
49268,0.000186927925046409
49267,0.000186934662408651
49266,0.000186941398321522
49265,0.00018694813278476
49264,0.000186954865798104
49263,0.00018696159736129
49262,0.000186968327474059
49261,0.000186975056136146
49260,0.00018698178334729
49259,0.000186991871442918
49258,0.000187001956272453
49257,0.000187012037835014
49256,0.000187022116129719
49255,0.000187032191155687
49254,0.000187042262912037
49253,0.000187052331397889
49252,0.000187062396612362
49251,0.000187072458554579
49250,0.00018708251722366
49249,0.000187092572618728
49248,0.000187102624738904
49247,0.000187112673583312
49246,0.000187122719151074
49245,0.000187132761441316
49244,0.00018714280045316
49243,0.000187152836185733
49242,0.000187162868638159
49241,0.000187172897809565
49240,0.000187182923699077
49239,0.000187199318823232
49238,0.00018721571222979
49237,0.000187232103918049
49236,0.000187248493887305
49235,0.000187264882136856
49234,0.000187281268665999
49233,0.000187297653474032
49232,0.000187314036560251
49231,0.000187330417923956
49230,0.000187346797564442
49229,0.000187363175481007
49228,0.00018737955167295
49227,0.000187395926139566
49226,0.000187412298880155
49225,0.000187428669894013
49224,0.000187445039180438
49223,0.000187461406738729
49222,0.000187477772568181
49221,0.000187494136668094
49220,0.000187510499037764
49219,0.000187531713680631
49218,0.000187552926288927
49217,0.000187574136861097
49216,0.000187595345395583
49215,0.000187616551890829
49214,0.000187637756345279
49213,0.000187658958757374
49212,0.000187680159125557
49211,0.000187701357448272
49210,0.000187722553723961
49209,0.000187743747951067
49208,0.000187764940128031
49207,0.000187786130253297
49206,0.000187807318325306
49205,0.0001878285043425
49204,0.000187849688303322
49203,0.000187870870206213
49202,0.000187892050049616
49201,0.000187913227831971
49200,0.000187934403551721
49199,0.00018796296821622
49198,0.000187991527521459
49197,0.000188020081463676
49196,0.000188048630039108
49195,0.000188077173243994
49194,0.000188105711074574
49193,0.000188134243527085
49192,0.000188162770597769
49191,0.000188191292282863
49190,0.000188219808578607
49189,0.000188248319481243
49188,0.00018827682498701
49187,0.00018830532509215
49186,0.000188333819792902
49185,0.000188362309085508
49184,0.000188390792966209
49183,0.000188419271431247
49182,0.000188447744476865
49181,0.000188476212099304
49180,0.000188504674294807
49179,0.000188537976679
49178,0.000188571273092697
49177,0.000188604563529928
49176,0.000188637847984723
49175,0.000188671126451112
49174,0.000188704398923124
49173,0.000188737665394787
49172,0.00018877092586013
49171,0.000188804180313183
49170,0.000188837428747974
49169,0.00018887067115853
49168,0.000188903907538881
49167,0.000188937137883052
49166,0.000188970362185073
49165,0.000189003580438972
49164,0.000189036792638774
49163,0.000189069998778508
49162,0.000189103198852199
49161,0.000189136392853875
49160,0.000189169580777564
49159,0.000189210068195926
49158,0.000189250544343481
49157,0.000189291009209289
49156,0.000189331462782412
49155,0.000189371905051913
49154,0.000189412336006854
49153,0.000189452755636303
49152,0.000189493163929324
49151,0.000189533560874986
49150,0.000189573946462358
49149,0.000189614320680509
49148,0.000189654683518512
49147,0.000189695034965439
49146,0.000189735375010365
49145,0.000189775703642363
49144,0.000189816020850511
49143,0.000189856326623888
49142,0.000189896620951571
49141,0.000189936903822642
49140,0.000189977175226182
49139,0.000190018241650386
49138,0.000190059298009025
49137,0.000190100344290647
49136,0.000190141380483802
49135,0.000190182406577038
49134,0.000190223422558903
49133,0.000190264428417948
49132,0.000190305424142721
49131,0.00019034640972177
49130,0.000190387385143644
49129,0.000190428350396893
49128,0.000190469305470066
49127,0.000190510250351712
49126,0.000190551185030379
49125,0.000190592109494618
49124,0.000190633023732976
49123,0.000190673927734005
49122,0.000190714821486252
49121,0.000190755704978269
49120,0.000190796578198603
49119,0.000190844628796849
49118,0.000190892662530454
49117,0.000190940679380595
49116,0.000190988679328451
49115,0.000191036662355203
49114,0.000191084628442037
49113,0.000191132577570142
49112,0.000191180509720709
49111,0.000191228424874931
49110,0.000191276323014006
49109,0.000191324204119135
49108,0.00019137206817152
49107,0.000191419915152369
49106,0.00019146774504289
49105,0.000191515557824297
49104,0.000191563353477804
49103,0.000191611131984631
49102,0.000191658893326
49101,0.000191706637483135
49100,0.000191754364437264
49099,0.000191809185826094
49098,0.000191863981503875
49097,0.000191918751441097
49096,0.000191973495608261
49095,0.000192028213975877
49094,0.000192082906514465
49093,0.000192137573194556
49092,0.000192192213986689
49091,0.000192246828861416
49090,0.000192301417789296
49089,0.0001923559807409
49088,0.00019241051768681
49087,0.000192465028597615
49086,0.000192519513443918
49085,0.000192573972196328
49084,0.000192628404825469
49083,0.000192682811301972
49082,0.000192737191596478
49081,0.000192791545679642
49080,0.000192845873522125
49079,0.000192899313158818
49078,0.000192952724028032
49077,0.000193006106100122
49076,0.00019305945934546
49075,0.000193112783734431
49074,0.000193166079237438
49073,0.000193219345824898
49072,0.000193272583467242
49071,0.000193325792134919
49070,0.000193378971798391
49069,0.000193432122428138
49068,0.000193485243994652
49067,0.000193538336468445
49066,0.00019359139982004
49065,0.000193644434019978
49064,0.000193697439038816
49063,0.000193750414847127
49062,0.000193803361415496
49061,0.000193856278714528
49060,0.000193909166714841
49059,0.000193969827953389
49058,0.000194030451678697
49057,0.000194091037847176
49056,0.000194151586415258
49055,0.000194212097339404
49054,0.000194272570576096
49053,0.000194333006081842
49052,0.000194393403813178
49051,0.000194453763726662
49050,0.000194514085778878
49049,0.000194574369926436
49048,0.00019463461612597
49047,0.000194694824334141
49046,0.000194754994507632
49045,0.000194815126603157
49044,0.000194875220577451
49043,0.000194935276387276
49042,0.00019499529398942
49041,0.000195055273340695
49040,0.000195115214397942
49039,0.000195175117118025
49038,0.000195234981457834
49037,0.000195294807374288
49036,0.000195354594824326
49035,0.000195414343764921
49034,0.000195474054153064
49033,0.000195533725945777
49032,0.000195593359100109
49031,0.00019565295357313
49030,0.000195712509321943
49029,0.000195772026303671
49028,0.000195831504475469
49027,0.000195890943794514
49026,0.000195950344218012
49025,0.000196009705703196
49024,0.000196069028207324
49023,0.00019612831168768
49022,0.000196187556101578
49021,0.000196246761406356
49020,0.000196305927559381
49019,0.000196376491313851
49018,0.000196447001004169
49017,0.000196517456559206
49016,0.000196587857907879
49015,0.000196658204979155
49014,0.000196728497702052
49013,0.000196798736005637
49012,0.000196868919819025
49011,0.000196939049071384
49010,0.000197009123691928
49009,0.000197079143609924
49008,0.000197149108754691
49007,0.000197219019055592
49006,0.000197288874442047
49005,0.000197358674843523
49004,0.000197428420189539
49003,0.000197498110409665
49002,0.000197567745433521
49001,0.00019763732519078
49000,0.000197706849611163
48999,0.000197785794052758
48998,0.000197864678315868
48997,0.000197943502303361
48996,0.000198022265918144
48995,0.000198100969063177
48994,0.000198179611641459
48993,0.000198258193556037
48992,0.000198336714710007
48991,0.000198415175006505
48990,0.000198493574348719
48989,0.000198571912639881
48988,0.000198650189783267
48987,0.000198728405682206
48986,0.000198806560240069
48985,0.000198884653360277
48984,0.000198962684946296
48983,0.000199040654901643
48982,0.000199118563129879
48981,0.000199196409534617
48980,0.000199274194019515
48979,0.000199351916488282
48978,0.000199429576844673
48977,0.000199507174992495
48976,0.000199584710835601
48975,0.000199662184277896
48974,0.000199739595223333
48973,0.000199816943575913
48972,0.000199894229239691
48971,0.000199971452118767
48970,0.000200048612117297
48969,0.000200125709139482
48968,0.000200202743089577
48967,0.000200279713871886
48966,0.000200356621390766
48965,0.000200433465550624
48964,0.000200510246255917
48963,0.000200586963411157
48962,0.000200663616920904
48961,0.000200740206689773
48960,0.000200816732622431
48959,0.000200899960997815
48958,0.000200983127654341
48957,0.000201066232469275
48956,0.00020114927531991
48955,0.00020123225608356
48954,0.000201315174637565
48953,0.000201398030859291
48952,0.000201480824626128
48951,0.000201563555815491
48950,0.000201646224304821
48949,0.000201728829971585
48948,0.000201811372693279
48947,0.000201893852347421
48946,0.000201976268811558
48945,0.000202058621963267
48944,0.000202140911680147
48943,0.00020222313783983
48942,0.000202305300319973
48941,0.000202387398998262
48940,0.000202469433752413
48939,0.000202558562320604
48938,0.000202647613793112
48937,0.000202736588013284
48936,0.000202825484824518
48935,0.000202914304070256
48934,0.000203003045593987
48933,0.000203091709239253
48932,0.000203180294849638
48931,0.00020326880226878
48930,0.000203357231340363
48929,0.000203445581908124
48928,0.000203533853815848
48927,0.000203622046907371
48926,0.000203710161026583
48925,0.00020379819601742
48924,0.000203886151723877
48923,0.000203974027989997
48922,0.000204061824659876
48921,0.000204149541577667
48920,0.000204237178587573
48919,0.000204332847836689
48918,0.000204428424931518
48917,0.000204523909667346
48916,0.000204619301839522
48915,0.000204714601243459
48914,0.000204809807674634
48913,0.000204904920928587
48912,0.000204999940800926
48911,0.000205094867087323
48910,0.000205189699583519
48909,0.000205284438085321
48908,0.000205379082388605
48907,0.000205473632289316
48906,0.000205568087583468
48905,0.000205662448067147
48904,0.00020575671353651
48903,0.000205850883787784
48902,0.000205944958617272
48901,0.000206038937821347
48900,0.00020613282119646
48899,0.000206218623761447
48898,0.000206304342710348
48897,0.000206389977888786
48896,0.000206475529142454
48895,0.000206560996317107
48894,0.00020664637925857
48893,0.000206731677812733
48892,0.000206816891825555
48891,0.000206902021143062
48890,0.000206987065611347
48889,0.000207072025076577
48888,0.000207156899384983
48887,0.000207241688382868
48886,0.000207326391916606
48885,0.000207411009832641
48884,0.000207495541977488
48883,0.000207579988197735
48882,0.000207664348340039
48881,0.000207748622251135
48880,0.000207832809777825
48879,0.00020792813097647
48878,0.000208023344027658
48877,0.000208118448707157
48876,0.000208213444790842
48875,0.000208308332054698
48874,0.00020840311027482
48873,0.000208497779227414
48872,0.000208592338688797
48871,0.000208686788435399
48870,0.000208781128243762
48869,0.000208875357890544
48868,0.000208969477152517
48867,0.000209063485806571
48866,0.00020915738362971
48865,0.000209251170399057
48864,0.000209344845891854
48863,0.000209438409885463
48862,0.000209531862157365
48861,0.000209625202485163
48860,0.000209718430646582
48859,0.000209810380603726
48858,0.000209902215483954
48857,0.000209993935075699
48856,0.000210085539167536
48855,0.000210177027548187
48854,0.000210268400006518
48853,0.000210359656331543
48852,0.000210450796312421
48851,0.000210541819738459
48850,0.000210632726399115
48849,0.000210723516083995
48848,0.000210814188582853
48847,0.000210904743685599
48846,0.00021099518118229
48845,0.00021108550086314
48844,0.000211175702518512
48843,0.000211265785938927
48842,0.00021135575091506
48841,0.000211445597237742
48840,0.000211535324697959
48839,0.000211628117235526
48838,0.000211720781196952
48837,0.000211813316350848
48836,0.000211905722466013
48835,0.000211997999311435
48834,0.000212090146656288
48833,0.000212182164269939
48832,0.000212274051921945
48831,0.000212365809382056
48830,0.000212457436420213
48829,0.000212548932806552
48828,0.000212640298311404
48827,0.000212731532705295
48826,0.000212822635758949
48825,0.000212913607243288
48824,0.00021300444692943
48823,0.000213095154588696
48822,0.000213185729992604
48821,0.000213276172912877
48820,0.000213366483121439
48819,0.000213452355426051
48818,0.000213538101654775
48817,0.00021362372161212
48816,0.000213709215102792
48815,0.00021379458193169
48814,0.000213879821903909
48813,0.00021396493482474
48812,0.000214049920499671
48811,0.000214134778734388
48810,0.000214219509334773
48809,0.00021430411210691
48808,0.000214388586857082
48807,0.000214472933391772
48806,0.000214557151517663
48805,0.000214641241041643
48804,0.0002147252017708
48803,0.000214809033512427
48802,0.000214892736074021
48801,0.000214976309263282
48800,0.000215059752888119
48799,0.000215140579879105
48798,0.000215221271153438
48797,0.000215301826535647
48796,0.000215382245850509
48795,0.000215462528923054
48794,0.000215542675578559
48793,0.000215622685642554
48792,0.000215702558940819
48791,0.000215782295299386
48790,0.000215861894544542
48789,0.000215941356502824
48788,0.000216020681001025
48787,0.000216099867866194
48786,0.000216178916925631
48785,0.000216257828006896
48784,0.000216336600937804
48783,0.000216415235546426
48782,0.000216493731661093
48781,0.000216572089110391
48780,0.00021665030772317
48779,0.000216729662565696
48778,0.000216808881183111
48777,0.000216887963397302
48776,0.000216966909030397
48775,0.000217045717904764
48774,0.000217124389843013
48773,0.000217202924667998
48772,0.000217281322202814
48771,0.0002173595822708
48770,0.000217437704695541
48769,0.000217515689300866
48768,0.00021759353591085
48767,0.000217671244349814
48766,0.000217748814442326
48765,0.000217826246013202
48764,0.000217903538887507
48763,0.000217980692890554
48762,0.000218057707847907
48761,0.000218134583585378
48760,0.000218211319929032
48759,0.000218288097328349
48758,0.000218364718076621
48757,0.000218441181997228
48756,0.000218517488913895
48755,0.00021859363865069
48754,0.000218669631032025
48753,0.00021874546588266
48752,0.000218821143027699
48751,0.000218896662292593
48750,0.000218972023503143
48749,0.000219047226485494
48748,0.000219122271066144
48747,0.000219197157071937
48746,0.00021927188433007
48745,0.000219346452668089
48744,0.000219420861913894
48743,0.000219495111895734
48742,0.000219569202442212
48741,0.000219643133382286
48740,0.000219716904545268
48739,0.000219789178805844
48738,0.000219861307165349
48737,0.000219933289464557
48736,0.000220005125544525
48735,0.0002200768152466
48734,0.000220148358412414
48733,0.00022021975488389
48732,0.000220291004503235
48731,0.000220362107112947
48730,0.000220433062555814
48729,0.000220503870674913
48728,0.000220574531313614
48727,0.000220645044315575
48726,0.000220715409524747
48725,0.000220785626785375
48724,0.000220855695941994
48723,0.000220925616839436
48722,0.000220995389322825
48721,0.00022106501323758
48720,0.000221134488429414
48719,0.000221206545591352
48718,0.000221278458625748
48717,0.000221350227360815
48716,0.000221421851625028
48715,0.000221493331247127
48714,0.000221564666056117
48713,0.000221635855881268
48712,0.000221706900552116
48711,0.000221777799898463
48710,0.00022184855375038
48709,0.000221919161938205
48708,0.000221989624292545
48707,0.000222059940644277
48706,0.000222130110824546
48705,0.000222200134664771
48704,0.000222270011996639
48703,0.000222339742652113
48702,0.000222409326463425
48701,0.000222478763263082
48700,0.000222548052883866
48699,0.000222615809558522
48698,0.000222683416583394
48697,0.000222750873802017
48696,0.000222818181058219
48695,0.000222885338196119
48694,0.000222952345060127
48693,0.000223019201494948
48692,0.000223085907345579
48691,0.000223152462457312
48690,0.000223218866675733
48689,0.000223285119846724
48688,0.000223351221816461
48687,0.000223417172431419
48686,0.000223482971538367
48685,0.000223548618984376
48684,0.00022361411461681
48683,0.000223679458283337
48682,0.00022374464983192
48681,0.000223809689110824
48680,0.000223874575968615
48679,0.000223939783697741
48678,0.000224004853341241
48677,0.000224069784744433
48676,0.00022413457775287
48675,0.00022419923221235
48674,0.00022426374796891
48673,0.000224328124868829
48672,0.000224392362758627
48671,0.000224456461485068
48670,0.000224520420895159
48669,0.000224584240836151
48668,0.00022464792115554
48667,0.000224711461701066
48666,0.000224774862320716
48665,0.000224838122862723
48664,0.000224901243175568
48663,0.000224964223107976
48662,0.000225027062508926
48661,0.00022508976122764
48660,0.000225152319113594
48659,0.000225216156621444
48658,0.00022527985401073
48657,0.000225343411120066
48656,0.000225406827788315
48655,0.000225470103854586
48654,0.000225533239158238
48653,0.000225596233538879
48652,0.000225659086836367
48651,0.000225721798890812
48650,0.000225784369542574
48649,0.000225846798632268
48648,0.000225909086000759
48647,0.000225971231489168
48646,0.000226033234938867
48645,0.000226095096191488
48644,0.000226156815088914
48643,0.000226218391473287
48642,0.000226279825187006
48641,0.000226341116072727
48640,0.000226402263973364
48639,0.000226461875909895
48638,0.000226521366135032
48637,0.00022658073449905
48636,0.000226639980852418
48635,0.000226699105045795
48634,0.00022675810693004
48633,0.000226816986356203
48632,0.000226875743175531
48631,0.000226934377239469
48630,0.000226992888399656
48629,0.000227051276507932
48628,0.000227109541416333
48627,0.000227167682977095
48626,0.000227225701042654
48625,0.000227283595465646
48624,0.000227341366098907
48623,0.000227399012795478
48622,0.0002274565354086
48621,0.000227513933791716
48620,0.000227571207798475
48619,0.000227629781043001
48618,0.000227688228966465
48617,0.000227746551409752
48616,0.00022780474821396
48615,0.000227862819220402
48614,0.000227920764270604
48613,0.00022797858320631
48612,0.00022803627586948
48611,0.00022809384210229
48610,0.000228151281747134
48609,0.000228208594646627
48608,0.0002282657806436
48607,0.000228322839581107
48606,0.000228379771302423
48605,0.000228436575651043
48604,0.000228493252470686
48603,0.000228549801605295
48602,0.000228606222899035
48601,0.000228662516196299
48600,0.000228718681341703
48599,0.000228773303805158
48598,0.00022882779864073
48597,0.00022888216570697
48596,0.000228936404862651
48595,0.000228990515966764
48594,0.000229044498878521
48593,0.000229098353457359
48592,0.000229152079562933
48591,0.000229205677055124
48590,0.000229259145794035
48589,0.000229312485639995
48588,0.000229365696453556
48587,0.000229418778095497
48586,0.000229471730426824
48585,0.000229524553308766
48584,0.000229577246602785
48583,0.000229629810170567
48582,0.000229682243874028
48581,0.000229734547575315
48580,0.000229786721136802
48579,0.000229837356965864
48578,0.0002298878629756
48577,0.000229938239041103
48576,0.00022998848503769
48575,0.000230038600840904
48574,0.000230088586326514
48573,0.000230138441370513
48572,0.000230188165849122
48571,0.000230237759638789
48570,0.000230287222616191
48569,0.00023033655465823
48568,0.000230385755642039
48567,0.000230434825444979
48566,0.000230483763944644
48565,0.000230532571018853
48564,0.00023058124654566
48563,0.000230629790403348
48562,0.000230678202470434
48561,0.000230726482625665
48560,0.000230774630748023
48559,0.000230819234984335
48558,0.000230863727839009
48557,0.000230908109215279
48556,0.00023095237901655
48555,0.000230996537146391
48554,0.000231040583508546
48553,0.000231084518006926
48552,0.000231128340545612
48551,0.000231172051028856
48550,0.000231215649361082
48549,0.000231259135446883
48548,0.000231302509191026
48547,0.000231345770498449
48546,0.000231388919274262
48545,0.000231431955423747
48544,0.000231474878852362
48543,0.000231517689465736
48542,0.000231560387169672
48541,0.000231602971870147
48540,0.000231645443473314
48539,0.000231686615841409
48538,0.000231727665205741
48537,0.000231768591481419
48536,0.000231809394583746
48535,0.000231850074428222
48534,0.000231890630930544
48533,0.000231931064006605
48532,0.000231971373572498
48531,0.000232011559544509
48530,0.000232051621839127
48529,0.000232091560373036
48528,0.000232131375063118
48527,0.000232171065826455
48526,0.00023221063258033
48525,0.00023225007524222
48524,0.000232289393729808
48523,0.000232328587960971
48522,0.00023236765785379
48521,0.000232406603326546
48520,0.000232445424297719
48519,0.00023248122641289
48518,0.000232516914320215
48517,0.000232552487955584
48516,0.000232587947255056
48515,0.000232623292154854
48514,0.000232658522591373
48513,0.000232693638501173
48512,0.000232728639820984
48511,0.000232763526487702
48510,0.000232798298438393
48509,0.000232832955610292
48508,0.000232867497940802
48507,0.000232901925367496
48506,0.000232936237828115
48505,0.00023297043526057
48504,0.000233004517602942
48503,0.000233038484793482
48502,0.00023307233677061
48501,0.000233106073472917
48500,0.000233139694839163
48499,0.000233169000415381
48498,0.00023319818780017
48497,0.000233227256952572
48496,0.000233256207831814
48495,0.000233285040397304
48494,0.000233313754608636
48493,0.000233342350425585
48492,0.000233370827808112
48491,0.000233399186716361
48490,0.000233427427110658
48489,0.000233455548951515
48488,0.000233483552199627
48487,0.000233511436815874
48486,0.00023353920276132
48485,0.000233566849997211
48484,0.000233594378484981
48483,0.000233621788186246
48482,0.000233649079062807
48481,0.00023367625107665
48480,0.000233703304189945
48479,0.000233727536549217
48478,0.000233751658788461
48477,0.000233775670880799
48476,0.000233799572799516
48475,0.000233823364518063
48474,0.000233847046010052
48473,0.000233870617249262
48472,0.000233894078209633
48471,0.000233917428865273
48470,0.00023394066919045
48469,0.000233963799159599
48468,0.000233986818747317
48467,0.000234009727928367
48466,0.000234032526677677
48465,0.000234055214970336
48464,0.0002340777927816
48463,0.00023410026008689
48462,0.000234122616861789
48461,0.000234144863082046
48460,0.000234166998723574
48459,0.000234188772044189
48458,0.000234210422066668
48457,0.0002342319487691
48456,0.000234253352129787
48455,0.000234274632127242
48454,0.000234295788740193
48453,0.000234316821947575
48452,0.000234337731728539
48451,0.000234358518062446
48450,0.000234379180928869
48449,0.000234399720307596
48448,0.000234420136178622
48447,0.000234440428522158
48446,0.000234460597318627
48445,0.000234480642548662
48444,0.000234500564193109
48443,0.000234520362233027
48442,0.000234540036649688
48441,0.000234559587424572
48440,0.000234579014539376
48439,0.000234596860956556
48438,0.000234614581256209
48437,0.000234632175426524
48436,0.000234649643455923
48435,0.000234666985333058
48434,0.000234684201046811
48433,0.000234701290586296
48432,0.000234718253940858
48431,0.000234735091100071
48430,0.000234751802053743
48429,0.000234768386791909
48428,0.000234784845304837
48427,0.000234801177583026
48426,0.000234817383617204
48425,0.00023483346339833
48424,0.000234849416917596
48423,0.000234865244166422
48422,0.00023488094513646
48421,0.000234896519819591
48420,0.000234911968207927
48419,0.000234925807026587
48418,0.000234939516755652
48417,0.000234953097394065
48416,0.000234966548941019
48415,0.00023497987139596
48414,0.00023499306475859
48413,0.00023500612902886
48412,0.000235019064206976
48411,0.000235031870293396
48410,0.000235044547288831
48409,0.000235057095194243
48408,0.000235069514010849
48407,0.000235081803740116
48406,0.000235093964383765
48405,0.000235105995943767
48404,0.000235117898422349
48403,0.000235129671821986
48402,0.000235141316145408
48401,0.000235152831395593
48400,0.000235164217575776
48399,0.000235176134795894
48398,0.000235187936438569
48397,0.000235199622502685
48396,0.00023521119298732
48395,0.000235222647891746
48394,0.000235233987215429
48393,0.000235245210958027
48392,0.000235256319119393
48391,0.000235267311699574
48390,0.000235278188698807
48389,0.000235288950117528
48388,0.000235299595956361
48387,0.000235310126216126
48386,0.000235320540897835
48385,0.000235330840002696
48384,0.000235341023532106
48383,0.000235351091487657
48382,0.000235361043871136
48381,0.000235370880684519
48380,0.000235380601929978
48379,0.00023539095487013
48378,0.000235401181443115
48377,0.000235411281650825
48376,0.000235421255495382
48375,0.000235431102979137
48374,0.000235440824104666
48373,0.000235450418874777
48372,0.000235459887292503
48371,0.000235469229361108
48370,0.000235478445084081
48369,0.000235487534465141
48368,0.000235496497508234
48367,0.000235505334217535
48366,0.000235514044597446
48365,0.000235522628652595
48364,0.00023553108638784
48363,0.000235539417808266
48362,0.000235547622919185
48361,0.000235555701726136
48360,0.000235563654234886
48359,0.00023557148045143
48358,0.000235579180381987
48357,0.000235586754033008
48356,0.000235594201411166
48355,0.000235601522523365
48354,0.000235608717376732
48353,0.000235615785978625
48352,0.000235622728336626
48351,0.000235629544458544
48350,0.000235636234352414
48349,0.000235642798026499
48348,0.000235649235489288
48347,0.000235655546749495
48346,0.000235661731816061
48345,0.000235667790698153
48344,0.000235673723405165
48343,0.000235679529946716
48342,0.00023568521033265
48341,0.00023569076457304
48340,0.00023569619267818
48339,0.000235706768132568
48338,0.000235717210882699
48337,0.000235727520916206
48336,0.000235737698220949
48335,0.000235747742785013
48334,0.000235757654596713
48333,0.000235767433644588
48332,0.000235777079917403
48331,0.000235786593404152
48330,0.000235795974094054
48329,0.000235805221976555
48328,0.000235814337041328
48327,0.000235823319278272
48326,0.000235832168677513
48325,0.000235840885229405
48324,0.000235849468924525
48323,0.000235857919753682
48322,0.000235866237707906
48321,0.000235874422778459
48320,0.000235882474956826
48319,0.000235886801203059
48318,0.000235891003341344
48317,0.000235895081379663
48316,0.000235899035326209
48315,0.00023590286518938
48314,0.000235906570977786
48313,0.000235910152700243
48312,0.000235913610365776
48311,0.000235916943983618
48310,0.000235920153563213
48309,0.000235923239114209
48308,0.000235926200646465
48307,0.000235929038170047
48306,0.000235931751695229
48305,0.000235934341232494
48304,0.000235936806792531
48303,0.000235939148386239
48302,0.000235941366024723
48301,0.000235943459719296
48300,0.000235945429481478
48299,0.000235951090261222
48298,0.000235956606354617
48297,0.000235961977757393
48296,0.000235967204465547
48295,0.000235972286475345
48294,0.000235977223783321
48293,0.000235982016386277
48292,0.000235986664281285
48291,0.000235991167465682
48290,0.000235995525937075
48289,0.00023599973969334
48288,0.00023600380873262
48287,0.000236007733053327
48286,0.000236011512654139
48285,0.000236015147534005
48284,0.00023601863769214
48283,0.000236021983128028
48282,0.000236025183841422
48281,0.000236028239832341
48280,0.000236031151101074
48279,0.000236032303637744
48278,0.000236033310627393
48277,0.000236034172080006
48276,0.000236034888005841
48275,0.000236035458415434
48274,0.000236035883319594
48273,0.000236036162729407
48272,0.000236036296656232
48271,0.000236036285111706
48270,0.00023603612810774
48269,0.000236035825656518
48268,0.000236035377770502
48267,0.000236034784462428
48266,0.000236034045745304
48265,0.000236033161632417
48264,0.000236032132137325
48263,0.000236030957273863
48262,0.00023602963705614
48261,0.000236028171498537
48260,0.000236026560615712
48259,0.000236023180327024
48258,0.00023601965360267
48257,0.000236015980467294
48256,0.000236012160945827
48255,0.000236008195063484
48254,0.000236004082845764
48253,0.000235999824318451
48252,0.000235995419507616
48251,0.00023599086843961
48250,0.000235986171141072
48249,0.000235981327638922
48248,0.000235976337960366
48247,0.000235971202132894
48246,0.000235965920184278
48245,0.000235960492142574
48244,0.000235954918036122
48243,0.000235949197893544
48242,0.000235943331743747
48241,0.000235937319615918
48240,0.000235931161539529
48239,0.000235926555558186
48238,0.000235921816459572
48237,0.000235916944262843
48236,0.000235911938987388
48235,0.000235906800652826
48234,0.000235901529279002
48233,0.000235896124885993
48232,0.000235890587494108
48231,0.00023588491712388
48230,0.000235879113796076
48229,0.000235873177531689
48228,0.000235867108351945
48227,0.000235860906278294
48226,0.00023585457133242
48225,0.000235848103536232
48224,0.00023584150291187
48223,0.000235834769481701
48222,0.000235827903268323
48221,0.000235820904294561
48220,0.000235813772583467
48219,0.000235803042939237
48218,0.000235792166652336
48217,0.000235781143768207
48216,0.000235769974332584
48215,0.000235758658391497
48214,0.000235747195991266
48213,0.000235735587178502
48212,0.00023572383200011
48211,0.000235711930503286
48210,0.000235699882735516
48209,0.000235687688744579
48208,0.000235675348578543
48207,0.000235662862285767
48206,0.000235650229914901
48205,0.000235637451514885
48204,0.000235624527134948
48203,0.000235611456824608
48202,0.000235598240633676
48201,0.000235584878612246
48200,0.000235571370810706
48199,0.000235554102041324
48198,0.000235536671795516
48197,0.00023551908015245
48196,0.000235501327191675
48195,0.000235483412993114
48194,0.000235465337637066
48193,0.000235447101204208
48192,0.000235428703775589
48191,0.000235410145432634
48190,0.000235391426257142
48189,0.000235372546331286
48188,0.00023535350573761
48187,0.000235334304559032
48186,0.000235314942878843
48185,0.000235295420780703
48184,0.000235275738348645
48183,0.00023525589566707
48182,0.000235235892820752
48181,0.000235215729894833
48180,0.000235195406974822
48179,0.000235178287409705
48178,0.000235161011349795
48177,0.000235143578858006
48176,0.000235125989997579
48175,0.000235108244832086
48174,0.000235090343425426
48173,0.000235072285841827
48172,0.000235054072145844
48171,0.000235035702402359
48170,0.000235017176676582
48169,0.000234998495034048
48168,0.000234979657540621
48167,0.000234960664262488
48166,0.000234941515266165
48165,0.00023492221061849
48164,0.000234902750386627
48163,0.000234883134638067
48162,0.000234863363440622
48161,0.000234843436862429
48160,0.000234823354971949
48159,0.000234800272753356
48158,0.000234777044286181
48157,0.00023475366965609
48156,0.000234730148949053
48155,0.000234706482251349
48154,0.000234682669649564
48153,0.000234658711230591
48152,0.000234634607081627
48151,0.000234610357290176
48150,0.000234585961944047
48149,0.000234561421131352
48148,0.000234536734940508
48147,0.000234511903460236
48146,0.00023448692677956
48145,0.000234461804987805
48144,0.000234436538174598
48143,0.00023441112642987
48142,0.000234385569843852
48141,0.000234359868507073
48140,0.000234334022510366
48139,0.000234309086121536
48138,0.000234283994976213
48137,0.000234258749162103
48136,0.000234233348767238
48135,0.000234207793879978
48134,0.000234182084589012
48133,0.000234156220983354
48132,0.000234130203152344
48131,0.000234104031185649
48130,0.00023407770517326
48129,0.000234051225205494
48128,0.000234024591372991
48127,0.000233997803766717
48126,0.000233970862477959
48125,0.000233943767598329
48124,0.000233916519219758
48123,0.000233889117434504
48122,0.000233861562335141
48121,0.000233833854014568
48120,0.000233805992566003
48119,0.000233777978082984
48118,0.000233749810659369
48117,0.000233721490389333
48116,0.000233693017367372
48115,0.000233664391688299
48114,0.000233635613447244
48113,0.000233606682739655
48112,0.000233577599661296
48111,0.000233548364308247
48110,0.000233518976776904
48109,0.000233489437163978
48108,0.000233459745566493
48107,0.000233429902081788
48106,0.000233399906807518
48105,0.000233369759841647
48104,0.000233339461282453
48103,0.000233309011228527
48102,0.000233278409778772
48101,0.000233247657032399
48100,0.000233216753088932
48099,0.000233188270928848
48098,0.000233159626787639
48097,0.000233130820749669
48096,0.000233101852899645
48095,0.000233072723322612
48094,0.000233043432103954
48093,0.000233013979329394
48092,0.000232984365084993
48091,0.00023295458945715
48090,0.000232924652532599
48089,0.000232894554398415
48088,0.000232864295142007
48087,0.000232833874851119
48086,0.000232803293613835
48085,0.00023277255151857
48084,0.000232741648654076
48083,0.000232710585109439
48082,0.00023267936097408
48081,0.000232647976337751
48080,0.000232616431290541
48079,0.00023258472592287
48078,0.000232552860325489
48077,0.000232520834589484
48076,0.00023248864880627
48075,0.000232456303067594
48074,0.000232423797465536
48073,0.000232391132092502
48072,0.000232358307041232
48071,0.000232325322404793
48070,0.000232292178276583
48069,0.000232258874750325
48068,0.000232225411920076
48067,0.000232191789880215
48066,0.000232158008725452
48065,0.000232124068550822
48064,0.000232089969451688
48063,0.000232055711523739
48062,0.000232021294862988
48061,0.000231986719565775
48060,0.000231951985728764
48059,0.000231922298533713
48058,0.000231892450697921
48057,0.000231862442284391
48056,0.00023183227335646
48055,0.000231801943977797
48054,0.000231771454212404
48053,0.000231740804124618
48052,0.000231709993779105
48051,0.000231679023240866
48050,0.000231647892575234
48049,0.000231616601847873
48048,0.000231585151124779
48047,0.000231553540472279
48046,0.000231521769957031
48045,0.000231489839646025
48044,0.000231457749606581
48043,0.000231425499906351
48042,0.000231393090613313
48041,0.00023136052179578
48040,0.000231327793522392
48039,0.000231297078201048
48038,0.000231266187161265
48037,0.00023123512045889
48036,0.000231203878150183
48035,0.000231172460291823
48034,0.000231140866940902
48033,0.000231109098154927
48032,0.000231077153991822
48031,0.000231045034509923
48030,0.000231012739767984
48029,0.00023098026982517
48028,0.000230947624741062
48027,0.000230914804575656
48026,0.000230881809389361
48025,0.000230848639242999
48024,0.000230815294197807
48023,0.000230781774315435
48022,0.000230748079657945
48021,0.000230714210287814
48020,0.000230680166267931
48019,0.000230646247046361
48018,0.000230612137576441
48017,0.000230577837919515
48016,0.000230543348137427
48015,0.000230508668292525
48014,0.000230473798447658
48013,0.000230438738666178
48012,0.000230403489011939
48011,0.000230368049549294
48010,0.000230332420343101
48009,0.000230296601458716
48008,0.000230260592961999
48007,0.000230224394919308
48006,0.000230188007397504
48005,0.000230151430463946
48004,0.000230114664186497
48003,0.000230077708633517
48002,0.000230040563873867
48001,0.000230003229976908
48000,0.000229965707012499
47999,0.00022993285418871
47998,0.000229899818546166
47997,0.000229866600129034
47996,0.000229833198981985
47995,0.000229799615150193
47994,0.000229765848679335
47993,0.000229731899615595
47992,0.000229697768005658
47991,0.000229663453896715
47990,0.000229628957336457
47989,0.000229594278373083
47988,0.000229559417055292
47987,0.00022952437343229
47986,0.000229489147553783
47985,0.000229453739469983
47984,0.000229418149231604
47983,0.000229382376889863
47982,0.000229346422496482
47981,0.000229310286103683
47980,0.000229273967764195
47979,0.000229235810982817
47978,0.000229197459391014
47977,0.000229158913051012
47976,0.000229120172025606
47975,0.000229081236378168
47974,0.000229042106172638
47973,0.000229002781473533
47972,0.00022896326234594
47971,0.000228923548855517
47970,0.000228883641068496
47969,0.000228843539051682
47968,0.000228803242872448
47967,0.000228762752598743
47966,0.000228722068299084
47965,0.000228681190042562
47964,0.000228640117898837
47963,0.000228598851938142
47962,0.000228557392231279
47961,0.000228515738849622
47960,0.000228473891865116
47959,0.000228435225257301
47958,0.000228396373819354
47957,0.000228357337608116
47956,0.000228318116680976
47955,0.000228278711095871
47954,0.000228239120911281
47953,0.000228199346186234
47952,0.000228159386980305
47951,0.000228119243353615
47950,0.000228078915366831
47949,0.000228038403081166
47948,0.000227997706558378
47947,0.000227956825860772
47946,0.000227915761051198
47945,0.000227874512193053
47944,0.000227833079350277
47943,0.000227791462587358
47942,0.000227749661969327
47941,0.000227707677561762
47940,0.000227665509430785
47939,0.000227621243073214
47938,0.000227576780309615
47937,0.000227532121217242
47936,0.000227487265873965
47935,0.000227442214358273
47934,0.00022739696674927
47933,0.000227351523126677
47932,0.000227305883570833
47931,0.000227260048162691
47930,0.000227214016983822
47929,0.000227167790116413
47928,0.000227121367643264
47927,0.000227074749647795
47926,0.000227027936214037
47925,0.000226980927426638
47924,0.000226933723370862
47923,0.000226886324132585
47922,0.000226838729798299
47921,0.00022679094045511
47920,0.000226742956190738
47919,0.00022669532665722
47918,0.000226647519477295
47917,0.000226599534736206
47916,0.000226551372519695
47915,0.000226503032913992
47914,0.000226454516005821
47913,0.000226405821882398
47912,0.000226356950631431
47911,0.000226307902341118
47910,0.000226258677100149
47909,0.000226209274997706
47908,0.000226159696123461
47907,0.000226109940567575
47906,0.000226060008420702
47905,0.000226009899773982
47904,0.000225959614719049
47903,0.000225909153348022
47902,0.000225858515753512
47901,0.000225807702028618
47900,0.000225756712266927
47899,0.00022570264177643
47898,0.0002256484032931
47897,0.000225593996924694
47896,0.000225539422779381
47895,0.000225484680965739
47894,0.000225429771592754
47893,0.000225374694769819
47892,0.000225319450606736
47891,0.000225264039213716
47890,0.000225208460701374
47889,0.000225152715180734
47888,0.000225096802763225
47887,0.000225040723560683
47886,0.000224984477685351
47885,0.000224928065249873
47884,0.000224871486367301
47883,0.000224814741151091
47882,0.000224757829715102
47881,0.000224700752173599
47880,0.000224643508641248
47879,0.0002245869690593
47878,0.00022453027872849
47877,0.000224473437757847
47876,0.000224416446256723
47875,0.000224359304334789
47874,0.000224302012102037
47873,0.000224244569668779
47872,0.000224186977145644
47871,0.000224129234643584
47870,0.000224071342273867
47869,0.000224013300148079
47868,0.000223955108378125
47867,0.000223896767076228
47866,0.000223838276354927
47865,0.000223779636327077
47864,0.000223720847105853
47863,0.000223661908804742
47862,0.00022360282153755
47861,0.000223543585418395
47860,0.000223484200561713
47859,0.000223425681140127
47858,0.000223367027139952
47857,0.000223308238669362
47856,0.000223249315836779
47855,0.000223190258750873
47854,0.000223131067520564
47853,0.000223071742255016
47852,0.000223012283063643
47851,0.000222952690056104
47850,0.000222892963342305
47849,0.000222833103032398
47848,0.000222773109236782
47847,0.0002227129820661
47846,0.00022265272163124
47845,0.000222592328043335
47844,0.000222531801413763
47843,0.000222471141854146
47842,0.000222410349476348
47841,0.00022234942439248
47840,0.000222288366714891
47839,0.000222227176556177
47838,0.000222165854029174
47837,0.000222104399246961
47836,0.000222042812322858
47835,0.000221981093370427
47834,0.000221919242503469
47833,0.000221857259836027
47832,0.000221795145482386
47831,0.000221732899557066
47830,0.000221670522174832
47829,0.000221608013450684
47828,0.000221545373499862
47827,0.000221482602437845
47826,0.000221419700380351
47825,0.000221356667443333
47824,0.000221293503742982
47823,0.000221230209395729
47822,0.000221166784518237
47821,0.000221103229227409
47820,0.000221039543640381
47819,0.000220975680208054
47818,0.000220911701766276
47817,0.000220847608431576
47816,0.00022078340032065
47815,0.000220719077550367
47814,0.000220654640237766
47813,0.000220590088500053
47812,0.000220525422454605
47811,0.000220460642218969
47810,0.000220395747910859
47809,0.000220330739648156
47808,0.000220265617548911
47807,0.000220200381731342
47806,0.000220135032313832
47805,0.000220069569414935
47804,0.000220003993153368
47803,0.000219938303648013
47802,0.000219872501017922
47801,0.000219806585382308
47800,0.000219740556860552
47799,0.000219678425652239
47798,0.000219616188782195
47797,0.00021955384635019
47796,0.000219491398456141
47795,0.000219428845200115
47794,0.000219366186682329
47793,0.000219303423003147
47792,0.000219240554263082
47791,0.000219177580562794
47790,0.000219114502003093
47789,0.000219051318684934
47788,0.000218988030709422
47787,0.000218924638177806
47786,0.000218861141191483
47785,0.000218797539851998
47784,0.000218733834261039
47783,0.000218670024520442
47782,0.000218606110732189
47781,0.000218542092998406
47780,0.000218477971421364
47779,0.000218419335029392
47778,0.000218360612232092
47777,0.000218301803107625
47776,0.000218242907734251
47775,0.000218183926190331
47774,0.000218124858554324
47773,0.000218065704904792
47772,0.000218006465320392
47771,0.000217947139879884
47770,0.000217887728662124
47769,0.00021782823174607
47768,0.000217768649210776
47767,0.000217708981135396
47766,0.000217649227599182
47765,0.000217589388681484
47764,0.000217529464461749
47763,0.000217469455019525
47762,0.000217409360434455
47761,0.000217349180786279
47760,0.000217288916154837
47759,0.000217228566620063
47758,0.00021716813226199
47757,0.000217107613160747
47756,0.000217047009396561
47755,0.000216986321049753
47754,0.000216925548200742
47753,0.000216864690930042
47752,0.000216803749318264
47751,0.000216742723446114
47750,0.000216681613394393
47749,0.000216620419243999
47748,0.000216559141075924
47747,0.000216497778971254
47746,0.000216436333011173
47745,0.000216374803276956
47744,0.000216313189849975
47743,0.000216251492811694
47742,0.000216189712243674
47741,0.000216127848227568
47740,0.000216065900845123
47739,0.000216008059769077
47738,0.000215950140737528
47737,0.000215892143817982
47736,0.000215834069078034
47735,0.000215775916585368
47734,0.000215717686407749
47733,0.000215659378613034
47732,0.000215600993269162
47731,0.000215542530444162
47730,0.000215483990206145
47729,0.00021542537262331
47728,0.000215366677763943
47727,0.000215307905696413
47726,0.000215249056489175
47725,0.000215190130210772
47724,0.000215131126929828
47723,0.000215072046715054
47722,0.000215012889635248
47721,0.000214953655759289
47720,0.000214894345156143
47719,0.000214844641600922
47718,0.000214794866907379
47717,0.000214745021122239
47716,0.000214695104292316
47715,0.000214645116464518
47714,0.000214595057685844
47713,0.000214544928003385
47712,0.000214494727464322
47711,0.000214444456115927
47710,0.000214394114005564
47709,0.000214343701180687
47708,0.000214293217688842
47707,0.000214242663577665
47706,0.000214192038894883
47705,0.000214141343688313
47704,0.000214090578005864
47703,0.000214039741895534
47702,0.000213988835405413
47701,0.000213937858583678
47700,0.0002138868114786
47699,0.000213833349387974
47698,0.000213779823353878
47697,0.00021372623342612
47696,0.000213672579654572
47695,0.000213618862089169
47694,0.000213565080779911
47693,0.000213511235776861
47692,0.000213457327130146
47691,0.000213403354889955
47690,0.000213349319106543
47689,0.000213295219830226
47688,0.000213241057111385
47687,0.000213186831000463
47686,0.000213132541547966
47685,0.000213078188804464
47684,0.000213023772820588
47683,0.000212969293647035
47682,0.000212914751334562
47681,0.00021286014593399
47680,0.000212805477496202
47679,0.000212753915534099
47678,0.000212702297135801
47677,0.000212650622344215
47676,0.000212598891202302
47675,0.000212547103753073
47674,0.000212495260039588
47673,0.000212443360104958
47672,0.000212391403992345
47671,0.00021233939174496
47670,0.000212287323406065
47669,0.000212235199018972
47668,0.000212183018627042
47667,0.000212130782273688
47666,0.000212078490002371
47665,0.000212026141856603
47664,0.000211973737879944
47663,0.000211921278116006
47662,0.000211868762608449
47661,0.000211816191400984
47660,0.00021176356453737
47659,0.00021171411406097
47658,0.00021166461405758
47657,0.000211615064563723
47656,0.000211565465615962
47655,0.000211515817250897
47654,0.000211466119505171
47653,0.000211416372415465
47652,0.000211366576018497
47651,0.000211316730351027
47650,0.000211266835449854
47649,0.000211216891351815
47648,0.000211166898093788
47647,0.000211116855712688
47646,0.000211066764245471
47645,0.00021101662372913
47644,0.000210966434200697
47643,0.000210916195697247
47642,0.000210865908255888
47641,0.000210815571913771
47640,0.000210765186708084
47639,0.000210713660772468
47638,0.000210662088479645
47637,0.000210610469867781
47636,0.000210558804975078
47635,0.000210507093839765
47634,0.000210455336500106
47633,0.000210403532994397
47632,0.000210351683360961
47631,0.000210299787638157
47630,0.000210247845864373
47629,0.00021019585807803
47628,0.000210143824317578
47627,0.000210091744621501
47626,0.000210039619028312
47625,0.000209987447576556
47624,0.000209935230304809
47623,0.000209882967251678
47622,0.000209830658455801
47621,0.000209778303955848
47620,0.000209725903790517
47619,0.000209675734729226
47618,0.00020962552747612
47617,0.000209575282064384
47616,0.000209524998527225
47615,0.000209474676897866
47614,0.000209424317209551
47613,0.000209373919495544
47612,0.000209323483789126
47611,0.000209273010123599
47610,0.000209222498532285
47609,0.000209171949048524
47608,0.000209121361705674
47607,0.000209070736537115
47606,0.000209020073576244
47605,0.000208969372856477
47604,0.000208918634411251
47603,0.000208867858274019
47602,0.000208817044478256
47601,0.000208766193057453
47600,0.000208715304045122
47599,0.000208670118967054
47598,0.000208624907177698
47597,0.000208579668700408
47596,0.000208534403558539
47595,0.000208489111775462
47594,0.000208443793374549
47593,0.000208398448379186
47592,0.000208353076812763
47591,0.00020830767869868
47590,0.000208262254060345
47589,0.000208216802921173
47588,0.000208171325304588
47587,0.000208125821234022
47586,0.000208080290732914
47585,0.000208034733824712
47584,0.000207989150532871
47583,0.000207943540880855
47582,0.000207897904892136
47581,0.000207852242590192
47580,0.000207806553998511
47579,0.000207755000760466
47578,0.000207703410592599
47577,0.000207651783528778
47576,0.000207600119602886
47575,0.000207548418848826
47574,0.000207496681300518
47573,0.000207444906991902
47572,0.000207393095956933
47571,0.000207341248229585
47570,0.000207289363843851
47569,0.000207237442833741
47568,0.000207185485233282
47567,0.00020713349107652
47566,0.000207081460397518
47565,0.000207029393230357
47564,0.000206977289609136
47563,0.00020692514956797
47562,0.000206872973140993
47561,0.000206820760362357
47560,0.00020676851126623
47559,0.000206718694372102
47558,0.000206668847546021
47557,0.000206618970817432
47556,0.000206569064215789
47555,0.000206519127770557
47554,0.000206469161511212
47553,0.000206419165467237
47552,0.000206369139668128
47551,0.00020631908414339
47550,0.000206268998922537
47549,0.000206218884035094
47548,0.000206168739510594
47547,0.000206118565378583
47546,0.000206068361668614
47545,0.000206018128410252
47544,0.000205967865633069
47543,0.000205917573366647
47542,0.000205867251640582
47541,0.000205816900484475
47540,0.000205766519927938
47539,0.000205720643293207
47538,0.00020567473991689
47537,0.000205628809821454
47536,0.000205582853029375
47535,0.000205536869563139
47534,0.000205490859445242
47533,0.000205444822698189
47532,0.000205398759344495
47531,0.000205352669406681
47530,0.000205306552907282
47529,0.000205260409868839
47528,0.000205214240313903
47527,0.000205168044265036
47526,0.000205121821744806
47525,0.000205075572775792
47524,0.000205029297380583
47523,0.000204982995581775
47522,0.000204936667401976
47521,0.000204890312863799
47520,0.000204843931989871
47519,0.000204796911936481
47518,0.000204749854619757
47517,0.000204702760067456
47516,0.000204655628307356
47515,0.000204608459367266
47514,0.000204561253275019
47513,0.000204514010058477
47512,0.000204466729745528
47511,0.000204419412364084
47510,0.000204372057942088
47509,0.000204324666507506
47508,0.000204277238088332
47507,0.000204229772712587
47506,0.000204182270408317
47505,0.000204134731203597
47504,0.000204087155126524
47503,0.000204039542205226
47502,0.000203991892467854
47501,0.000203944205942588
47500,0.000203896482657633
47499,0.000203847763593386
47498,0.000203799010360543
47497,0.00020375022298683
47496,0.000203701401499994
47495,0.000203652545927803
47494,0.000203603656298045
47493,0.000203554732638526
47492,0.000203505774977074
47491,0.000203456783341535
47490,0.00020340775775978
47489,0.000203358698259693
47488,0.000203309604869182
47487,0.000203260477616176
47486,0.000203211316528619
47485,0.000203162121634481
47484,0.000203112892961747
47483,0.000203063630538423
47482,0.000203014334392536
47481,0.000202965004552131
47480,0.000202915641045276
47479,0.000202868114012922
47478,0.00020282054803591
47477,0.000202772943144278
47476,0.000202725299368092
47475,0.000202677616737455
47474,0.000202629895282502
47473,0.000202582135033399
47472,0.000202534336020347
47471,0.000202486498273578
47470,0.000202438621823359
47469,0.000202390706699988
47468,0.000202342752933794
47467,0.000202294760555144
47466,0.000202246729594432
47465,0.000202198660082088
47464,0.000202150552048573
47463,0.00020210240552438
47462,0.000202054220540036
47461,0.000202005997126099
47460,0.000201957735313161
47459,0.000201912239465429
47458,0.000201866712428065
47457,0.00020182115422474
47456,0.000201775564879141
47455,0.000201729944414979
47454,0.000201684292855984
47453,0.000201638610225903
47452,0.000201592896548507
47451,0.00020154715184758
47450,0.000201501376146932
47449,0.000201455569470387
47448,0.000201409731841793
47447,0.000201363863285015
47446,0.000201317963823936
47445,0.000201272033482461
47444,0.000201226072284514
47443,0.000201180080254036
47442,0.00020113405741499
47441,0.000201088003791355
47440,0.000201041919407134
47439,0.000200992052486248
47438,0.00020094215056343
47437,0.000200892213668445
47436,0.000200842241831083
47435,0.000200792235081157
47434,0.000200742193448503
47433,0.000200692116962984
47432,0.000200642005654484
47431,0.000200591859552912
47430,0.000200541678688203
47429,0.000200491463090313
47428,0.000200441212789223
47427,0.000200390927814938
47426,0.000200340608197487
47425,0.000200290253966921
47424,0.000200239865153318
47423,0.000200189441786776
47422,0.00020013898389742
47421,0.000200088491515395
47420,0.000200037964670874
47419,0.000199991199141206
47418,0.000199944403419492
47417,0.000199897577530192
47416,0.000199850721497779
47415,0.000199803835346748
47414,0.000199756919101611
47413,0.0001997099727869
47412,0.000199662996427165
47411,0.000199615990046973
47410,0.000199568953670911
47409,0.000199521887323583
47408,0.000199474791029612
47407,0.000199427664813641
47406,0.000199380508700328
47405,0.000199333322714352
47404,0.000199286106880409
47403,0.000199238861223213
47402,0.000199191585767497
47401,0.000199144280538012
47400,0.000199096945559526
47399,0.000199051757255752
47398,0.000199006547273611
47397,0.000198961315631607
47396,0.000198916062348256
47395,0.000198870787442075
47394,0.000198825490931593
47393,0.000198780172835343
47392,0.000198734833171867
47391,0.000198689471959714
47390,0.00019864408921744
47389,0.000198598684963607
47388,0.000198553259216786
47387,0.000198507811995554
47386,0.000198462343318494
47385,0.000198416853204199
47384,0.000198371341671267
47383,0.000198325808738303
47382,0.000198280254423918
47381,0.000198234678746734
47380,0.000198189081725376
47379,0.000198138781551984
47378,0.000198088458360457
47377,0.00019803811217482
47376,0.000197987743019104
47375,0.000197937350917349
47374,0.000197886935893597
47373,0.000197836497971901
47372,0.000197786037176317
47371,0.000197735553530907
47370,0.000197685047059743
47369,0.000197634517786898
47368,0.000197583965736456
47367,0.000197533390932505
47366,0.000197482793399138
47365,0.000197432173160455
47364,0.000197381530240564
47363,0.000197330864663578
47362,0.000197280176453614
47361,0.000197229465634798
47360,0.00019717873223126
47359,0.000197131881372489
47358,0.000197085011309486
47357,0.000197038122061244
47356,0.000196991213646763
47355,0.000196944286085043
47354,0.000196897339395091
47353,0.000196850373595917
47352,0.000196803388706535
47351,0.000196756384745965
47350,0.000196709361733231
47349,0.00019666231968736
47348,0.000196615258627383
47347,0.000196568178572337
47346,0.000196521079541262
47345,0.000196473961553203
47344,0.000196426824627208
47343,0.00019637966878233
47342,0.000196332494037625
47341,0.000196285300412156
47340,0.000196238087924987
47339,0.000196194014044799
47338,0.000196149925670322
47337,0.000196105822816985
47336,0.000196061705500219
47335,0.000196017573735453
47334,0.000195973427538121
47333,0.000195929266923659
47332,0.000195885091907499
47331,0.000195840902505081
47330,0.000195796698731841
47329,0.000195752480603219
47328,0.000195708248134656
47327,0.000195664001341594
47326,0.000195619740239476
47325,0.000195575464843747
47324,0.000195531175169852
47323,0.000195486871233239
47322,0.000195442553049356
47321,0.000195398220633653
47320,0.00019535387400158
47319,0.000195309513168589
47318,0.000195265138150134
47317,0.000195220748961668
47316,0.000195176345618649
47315,0.000195131928136532
47314,0.000195087496530775
47313,0.000195043050816838
47312,0.00019499859101018
47311,0.000194954117126265
47310,0.000194909629180552
47309,0.000194865127188507
47308,0.000194820611165595
47307,0.000194776081127282
47306,0.000194731537089034
47305,0.000194686979066319
47304,0.000194642407074607
47303,0.000194597821129369
47302,0.000194553221246075
47301,0.000194508607440199
47300,0.000194463979727213
47299,0.000194420093058778
47298,0.000194376191167002
47297,0.000194332274066672
47296,0.000194288341772577
47295,0.00019424439429951
47294,0.000194200431662264
47293,0.000194156453875638
47292,0.000194112460954431
47291,0.000194068452913445
47290,0.000194024429767485
47289,0.000193980391531357
47288,0.000193936338219874
47287,0.000193892269847844
47286,0.000193848186430085
47285,0.000193804087981412
47284,0.000193759974516646
47283,0.000193715846050609
47282,0.000193671702598124
47281,0.000193627544174019
47280,0.000193583370793124
47279,0.000193543200207575
47278,0.000193503017284445
47277,0.000193462822034881
47276,0.00019342261447003
47275,0.000193382394601042
47274,0.00019334216243907
47273,0.000193301917995266
47272,0.000193261661280786
47271,0.000193221392306785
47270,0.000193181111084422
47269,0.000193140817624856
47268,0.000193100511939249
47267,0.000193060194038764
47266,0.000193019863934564
47265,0.000192979521637816
47264,0.000192939167159687
47263,0.000192898800511347
47262,0.000192858421703966
47261,0.000192818030748717
47260,0.000192777627656773
47259,0.000192737939242062
47258,0.000192698237256176
47257,0.000192658521710294
47256,0.000192618792615599
47255,0.000192579049983277
47254,0.000192539293824516
47253,0.000192499524150509
47252,0.000192459740972448
47251,0.000192419944301533
47250,0.000192380134148962
47249,0.000192340310525939
47248,0.000192300473443669
47247,0.000192260622913362
47246,0.000192220758946228
47245,0.000192180881553481
47244,0.00019214099074634
47243,0.000192101086536023
47242,0.000192061168933754
47241,0.000192021237950759
47240,0.000191981293598264
47239,0.000191950892856141
47238,0.000191920480259795
47237,0.000191890055816432
47236,0.000191859619533261
47235,0.000191829171417497
47234,0.000191798711476356
47233,0.000191768239717059
47232,0.000191737756146834
47231,0.000191707260772906
47230,0.000191676753602509
47229,0.00019164623464288
47228,0.000191615703901257
47227,0.000191585161384886
47226,0.000191554607101012
47225,0.000191524041056888
47224,0.000191493463259767
47223,0.000191462873716909
47222,0.000191432272435575
47221,0.000191401659423032
47220,0.000191371034686549
47219,0.000191337001181299
47218,0.000191302951590394
47217,0.000191268885925197
47216,0.000191234804197077
47215,0.000191200706417411
47214,0.000191166592597585
47213,0.00019113246274899
47212,0.000191098316883027
47211,0.000191064155011103
47210,0.000191029977144634
47209,0.000190995783295041
47208,0.000190961573473756
47207,0.000190927347692216
47206,0.000190893105961866
47205,0.000190858848294159
47204,0.000190824574700555
47203,0.000190790285192522
47202,0.000190755979781536
47201,0.000190721658479078
47200,0.00019068732129664
47199,0.000190654312873297
47198,0.000190621284001541
47197,0.00019058823469735
47196,0.000190555164976715
47195,0.000190522074855645
47194,0.000190488964350162
47193,0.000190455833476306
47192,0.000190422682250131
47191,0.000190389510687705
47190,0.000190356318805115
47189,0.000190323106618461
47188,0.000190289874143858
47187,0.000190256621397438
47186,0.000190223348395347
47185,0.000190190055153747
47184,0.000190156741688815
47183,0.000190123408016743
47182,0.00019009005415374
47181,0.000190056680116027
47180,0.000190023285919844
47179,0.000189989224325688
47178,0.000189955144977368
47177,0.000189921047888641
47176,0.000189886933073272
47175,0.000189852800545037
47174,0.000189818650317724
47173,0.000189784482405128
47172,0.000189750296821059
47171,0.000189716093579334
47170,0.000189681872693784
47169,0.000189647634178247
47168,0.000189613378046572
47167,0.000189579104312621
47166,0.000189544812990264
47165,0.000189510504093382
47164,0.000189476177635868
47163,0.000189441833631623
47162,0.000189407472094559
47161,0.0001893730930386
47160,0.000189338696477679
47159,0.000189307829303506
47158,0.000189276949179442
47157,0.000189246056114506
47156,0.000189215150117723
47155,0.000189184231198125
47154,0.000189153299364747
47153,0.00018912235462663
47152,0.000189091396992823
47151,0.000189060426472376
47150,0.000189029443074347
47149,0.000188998446807798
47148,0.000188967437681797
47147,0.000188936415705418
47146,0.000188905380887738
47145,0.00018887433323784
47144,0.000188843272764815
47143,0.000188812199477756
47142,0.000188781113385763
47141,0.000188750014497938
47140,0.000188718902823394
47139,0.000188674588371701
47138,0.000188630255532019
47137,0.000188585904321879
47136,0.000188541534758826
47135,0.000188497146860406
47134,0.000188452740644179
47133,0.000188408316127708
47132,0.000188363873328565
47131,0.000188319412264332
47130,0.000188274932952594
47129,0.000188230435410948
47128,0.000188185919656997
47127,0.00018814138570835
47126,0.000188096833582627
47125,0.000188052263297452
47124,0.000188007674870458
47123,0.000187963068319287
47122,0.000187918443661586
47121,0.000187873800915011
47120,0.000187829140097225
47119,0.00018778926944781
47118,0.000187749381397236
47117,0.000187709475961101
47116,0.000187669553155006
47115,0.000187629612994563
47114,0.000187589655495393
47113,0.000187549680673124
47112,0.000187509688543394
47111,0.000187469679121847
47110,0.000187429652424139
47109,0.00018738960846593
47108,0.000187349547262893
47107,0.000187309468830707
47106,0.000187269373185058
47105,0.000187229260341642
47104,0.000187189130316165
47103,0.000187148983124338
47102,0.000187108818781883
47101,0.000187068637304528
47100,0.00018702843870801
47099,0.000186970663399211
47098,0.000186912861426304
47097,0.000186855032823953
47096,0.00018679717762683
47095,0.000186739295869626
47094,0.000186681387587045
47093,0.000186623452813802
47092,0.000186565491584631
47091,0.000186507503934276
47090,0.000186449489897498
47089,0.00018639144950907
47088,0.000186333382803778
47087,0.000186275289816427
47086,0.000186217170581829
47085,0.000186159025134815
47084,0.000186100853510227
47083,0.000186042655742922
47082,0.000185984431867769
47081,0.000185926181919653
47080,0.000185867905933472
47079,0.00018581014544012
47078,0.000185752356554013
47077,0.000185694539312831
47076,0.000185636693754268
47075,0.000185578819916041
47074,0.000185520917835884
47073,0.000185462987551549
47072,0.000185405029100807
47071,0.000185347042521448
47070,0.00018528902785128
47069,0.00018523098512813
47068,0.000185172914389841
47067,0.000185114815674279
47066,0.000185056689019323
47065,0.000184998534462874
47064,0.000184940352042849
47063,0.000184882141797183
47062,0.000184823903763831
47061,0.000184765637980764
47060,0.000184707344485973
47059,0.000184636596061015
47058,0.000184565806467236
47057,0.000184494975773453
47056,0.000184424104048527
47055,0.000184353191361354
47054,0.00018428223778087
47053,0.000184211243376053
47052,0.000184140208215919
47051,0.000184069132369523
47050,0.000183998015905959
47049,0.000183926858894361
47048,0.0001838556614039
47047,0.000183784423503787
47046,0.000183713145263271
47045,0.00018364182675164
47044,0.00018357046803822
47043,0.000183499069192372
47042,0.0001834276302835
47041,0.000183356151381042
47040,0.000183284632554475
47039,0.000183200498889001
47038,0.000183116309762038
47037,0.000183032065287753
47036,0.000182947765580383
47035,0.00018286341075424
47034,0.000182779000923705
47033,0.000182694536203233
47032,0.00018261001670735
47031,0.000182525442550652
47030,0.000182440813847807
47029,0.000182356130713552
47028,0.000182271393262695
47027,0.000182186601610114
47026,0.000182101755870756
47025,0.000182016856159635
47024,0.000181931902591836
47023,0.000181846895282512
47022,0.000181761834346884
47021,0.000181676719900238
47020,0.000181591552057932
47019,0.000181497535358067
47018,0.000181403456568505
47017,0.000181309315837919
47016,0.000181215113315069
47015,0.000181120849148798
47014,0.00018102652348803
47013,0.000180932136481776
47012,0.000180837688279126
47011,0.000180743179029254
47010,0.000180648608881415
47009,0.000180553977984943
47008,0.000180459286489256
47007,0.000180364534543848
47006,0.000180269722298295
47005,0.000180174849902252
47004,0.00018007991750545
47003,0.0001799849252577
47002,0.000179889873308889
47001,0.000179794761808984
47000,0.000179699590908023
46999,0.000179595474310237
46998,0.000179491289478112
46997,0.000179387036601497
46996,0.00017928271587033
46995,0.000179178327474642
46994,0.000179073871604556
46993,0.000178969348450286
46992,0.000178864758202135
46991,0.000178760101050497
46990,0.000178655377185853
46989,0.000178550586798773
46988,0.000178445730079912
46987,0.000178340807220016
46986,0.000178235818409913
46985,0.000178130763840516
46984,0.000178025643702825
46983,0.00017792045818792
46982,0.000177815207486967
46981,0.000177709891791213
46980,0.000177604511291985
46979,0.000177494199253674
46978,0.000177383821951749
46977,0.000177273379591063
46976,0.000177162872376534
46975,0.000177052300513148
46974,0.000176941664205952
46973,0.000176830963660059
46972,0.000176720199080645
46971,0.000176609370672947
46970,0.000176498478642265
46969,0.000176387523193959
46968,0.000176276504533448
46967,0.000176165422866213
46966,0.000176054278397791
46965,0.000175943071333778
46964,0.000175831801879826
46963,0.000175720470241646
46962,0.000175609076625
46961,0.00017549762123571
46960,0.000175386104279648
46959,0.000175265118193685
46958,0.000175144065928511
46957,0.000175022947731295
46956,0.000174901763849248
46955,0.000174780514529616
46954,0.000174659200019685
46953,0.000174537820566774
46952,0.00017441637641824
46951,0.000174294867821476
46950,0.000174173295023903
46949,0.00017405165827298
46948,0.000173929957816194
46947,0.000173808193901065
46946,0.000173686366775143
46945,0.000173564476686004
46944,0.000173442523881254
46943,0.000173320508608527
46942,0.000173198431115481
46941,0.0001730762916498
46940,0.000172954090459191
46939,0.000172826945967751
46938,0.000172699739666482
46937,0.000172572471823148
46936,0.00017244514270551
46935,0.000172317752581332
46934,0.000172190301718373
46933,0.000172062790384391
46932,0.000171935218847141
46931,0.00017180758737437
46930,0.000171679896233822
46929,0.000171552145693233
46928,0.000171424336020333
46927,0.000171296467482841
46926,0.000171168540348467
46925,0.000171040554884911
46924,0.00017091251135986
46923,0.00017078441004099
46922,0.000170656251195963
46921,0.000170528035092424
46920,0.000170399761998005
46919,0.00017027143218032
46918,0.000170143045906965
46917,0.000170014603445521
46916,0.000169886105063543
46915,0.00016975755102857
46914,0.000169628941608119
46913,0.000169500277069684
46912,0.000169371557680734
46911,0.000169242783708716
46910,0.000169113955421048
46909,0.000168985073085126
46908,0.000168856136968314
46907,0.000168727147337953
46906,0.000168598104461348
46905,0.000168469008605778
46904,0.00016833986003849
46903,0.000168210659026698
46902,0.000168081405837583
46901,0.000167952100738291
46900,0.000167822743995933
46899,0.000167683559044295
46898,0.000167544322886012
46897,0.000167405035836488
46896,0.000167265698211026
46895,0.000167126310324833
46894,0.000166986872493011
46893,0.000166847385030565
46892,0.000166707848252392
46891,0.000166568262473289
46890,0.000166428628007945
46889,0.000166288945170943
46888,0.00016614921427676
46887,0.000166009435639763
46886,0.000165869609574207
46885,0.00016572973639424
46884,0.000165589816413894
46883,0.000165449849947089
46882,0.000165309837307631
46881,0.00016516977880921
46880,0.000165029674765397
46879,0.00016488526180056
46878,0.000164740794218667
46877,0.000164596272377637
46876,0.000164451696635297
46875,0.00016430706734937
46874,0.000164162384877487
46873,0.000164017649577175
46872,0.000163872861805859
46871,0.000163728021920863
46870,0.000163583130279404
46869,0.000163438187238591
46868,0.00016329319315543
46867,0.000163148148386813
46866,0.000163003053289523
46865,0.000162857908220228
46864,0.000162712713535486
46863,0.000162567469591737
46862,0.000162422176745302
46861,0.000162276835352388
46860,0.000162131445769076
46859,0.000161990717414263
46858,0.000161849944267419
46857,0.000161709126651723
46856,0.000161568264890243
46855,0.000161427359305937
46854,0.000161286410221653
46853,0.000161145417960125
46852,0.000161004382843973
46851,0.000160863305195702
46850,0.0001607221853377
46849,0.000160581023592238
46848,0.000160439820281466
46847,0.000160298575727414
46846,0.000160157290251993
46845,0.000160015964176987
46844,0.000159874597824058
46843,0.000159733191514741
46842,0.000159591745570446
46841,0.000159450260312454
46840,0.000159308736061916
46839,0.000159162580806411
46838,0.00015901638164178
46837,0.000158870138930843
46836,0.000158723853036284
46835,0.000158577524320648
46834,0.000158431153146335
46833,0.000158284739875607
46832,0.000158138284870576
46831,0.000157991788493211
46830,0.000157845251105331
46829,0.000157698673068608
46828,0.000157552054744561
46827,0.000157405396494555
46826,0.000157258698679805
46825,0.000157111961661365
46824,0.000156965185800134
46823,0.000156818371456854
46822,0.000156671518992102
46821,0.000156524628766296
46820,0.000156377701139688
46819,0.000156226198019139
46818,0.000156074649567309
46817,0.000155923056205544
46816,0.000155771418355022
46815,0.000155619736436751
46814,0.00015546801087157
46813,0.000155316242080143
46812,0.000155164430482959
46811,0.000155012576500332
46810,0.000154860680552394
46809,0.000154708743059095
46808,0.0001545567644402
46807,0.000154404745115289
46806,0.000154252685503754
46805,0.000154100586024793
46804,0.000153948447097414
46803,0.000153796269140427
46802,0.000153644052572447
46801,0.000153491797811887
46800,0.00015333950527696
46799,0.000153201424813337
46798,0.000153063315241283
46797,0.000152925176866124
46796,0.000152787009993034
46795,0.000152648814927045
46794,0.00015251059197304
46793,0.000152372341435752
46792,0.000152234063619766
46791,0.000152095758829514
46790,0.000151957427369277
46789,0.000151819069543179
46788,0.000151680685655191
46787,0.000151542276009128
46786,0.000151403840908645
46785,0.00015126538065724
46784,0.000151126895558252
46783,0.000150988385914854
46782,0.000150849852030061
46781,0.000150711294206721
46780,0.000150572712747519
46779,0.000150429272238262
46778,0.000150285810356695
46777,0.000150142327423263
46776,0.00014999882375821
46775,0.000149855299681576
46774,0.000149711755513196
46773,0.000149568191572696
46772,0.000149424608179499
46771,0.000149281005652816
46770,0.000149137384311648
46769,0.000148993744474785
46768,0.000148850086460805
46767,0.000148706410588072
46766,0.000148562717174733
46765,0.00014841900653872
46764,0.000148275278997748
46763,0.000148131534869312
46762,0.000147987774470687
46761,0.000147843998118926
46760,0.000147700206130861
46759,0.000147570767748955
46758,0.000147441318599945
46757,0.000147311858909309
46756,0.000147182388902374
46755,0.000147052908804314
46754,0.000146923418840148
46753,0.000146793919234745
46752,0.000146664410212816
46751,0.00014653489199892
46750,0.000146405364817457
46749,0.000146275828892674
46748,0.000146146284448658
46747,0.00014601673170934
46746,0.000145887170898492
46745,0.000145757602239726
46744,0.000145628025956496
46743,0.000145498442272095
46742,0.000145368851409654
46741,0.000145239253592143
46740,0.00014510964904237
46739,0.000144984838271826
46738,0.000144860021423756
46737,0.000144735198697513
46736,0.00014461037029231
46735,0.000144485536407215
46734,0.000144360697241155
46733,0.000144235852992916
46732,0.000144111003861136
46731,0.000143986150044313
46730,0.000143861291740798
46729,0.000143736429148797
46728,0.00014361156246637
46727,0.000143486691891432
46726,0.000143361817621749
46725,0.000143236939854942
46724,0.000143112058788481
46723,0.000142987174619692
46722,0.000142862287545746
46721,0.000142737397763671
46720,0.000142612505470339
46719,0.000142492481414019
46718,0.000142372461111445
46717,0.000142252444723367
46716,0.00014213243241039
46715,0.000142012424332976
46714,0.000141892420651443
46713,0.000141772421525966
46712,0.000141652427116571
46711,0.000141532437583144
46710,0.000141412453085423
46709,0.000141292473782999
46708,0.000141172499835321
46707,0.000141052531401688
46706,0.000140932568641254
46705,0.000140812611713025
46704,0.000140692660775863
46703,0.000140572715988477
46702,0.000140452777509433
46701,0.000140332845497147
46700,0.000140212920109886
46699,0.000140107348626206
46698,0.000140001780793098
46697,0.000139896216720916
46696,0.000139790656519932
46695,0.000139685100300327
46694,0.0001395795481722
46693,0.000139474000245562
46692,0.000139368456630338
46691,0.000139262917436368
46690,0.000139157382773403
46689,0.000139051852751108
46688,0.000138946327479062
46687,0.000138840807066756
46686,0.000138735291623594
46685,0.000138629781258893
46684,0.00013852427608188
46683,0.000138418776201697
46682,0.000138313281727396
46681,0.000138207792767943
46680,0.000138102309432214
46679,0.000138006415053785
46678,0.000137910525357664
46677,0.000137814640425725
46676,0.000137718760339783
46675,0.000137622885181593
46674,0.000137527015032848
46673,0.00013743114997518
46672,0.00013733529009016
46671,0.000137239435459299
46670,0.000137143586164047
46669,0.000137047742285789
46668,0.000136951903905853
46667,0.000136856071105503
46666,0.000136760243965942
46665,0.000136664422568311
46664,0.000136568606993689
46663,0.000136472797323095
46662,0.000136376993637481
46661,0.000136281196017743
46660,0.00013618540454471
46659,0.000136094330378086
46658,0.000136003260453844
46657,0.00013591219484459
46656,0.000135821133622873
46655,0.000135730076861197
46654,0.000135639024632013
46653,0.00013554797700772
46652,0.00013545693406067
46651,0.000135365895863161
46650,0.000135274862487444
46649,0.000135183834005716
46648,0.000135092810490123
46647,0.000135001792012761
46646,0.000134910778645675
46645,0.00013481977046086
46644,0.000134728767530256
46643,0.000134637769925753
46642,0.000134546777719193
46641,0.000134455790982361
46640,0.000134364809786994
46639,0.000134297816062287
46638,0.000134230825876002
46637,0.00013416383925588
46636,0.000134096856229643
46635,0.000134029876825001
46634,0.000133962901069646
46633,0.000133895928991253
46632,0.000133828960617487
46631,0.000133761995975993
46630,0.000133695035094402
46629,0.000133628078000328
46628,0.000133561124721372
46627,0.000133494175285118
46626,0.000133427229719134
46625,0.000133360288050974
46624,0.000133293350308174
46623,0.000133226416518257
46622,0.000133159486708729
46621,0.00013309256090708
46620,0.000133025639140786
46619,0.000132963494192737
46618,0.000132901352706156
46617,0.000132839214703111
46616,0.000132777080205659
46615,0.000132714949235848
46614,0.000132652821815712
46613,0.000132590697967274
46612,0.000132528577712544
46611,0.000132466461073522
46610,0.000132404348072195
46609,0.000132342238730539
46608,0.000132280133070517
46607,0.000132218031114084
46606,0.000132155932883177
46605,0.000132093838399726
46604,0.000132031747685647
46603,0.000131969660762846
46602,0.000131907577653216
46601,0.000131845498378636
46600,0.000131783422960976
46599,0.00013174052326136
46598,0.000131697625855569
46597,0.000131654730750458
46596,0.000131611837952881
46595,0.000131568947469686
46594,0.00013152605930772
46593,0.000131483173473826
46592,0.000131440289974847
46591,0.000131397408817619
46590,0.00013135453000898
46589,0.000131311653555759
46588,0.000131268779464788
46587,0.000131225907742893
46586,0.000131183038396897
46585,0.000131140171433623
46584,0.000131097306859887
46583,0.000131054444682505
46582,0.00013101158490829
46581,0.000130968727544051
46580,0.000130925872596595
46579,0.000130892654806072
46578,0.000130859438997189
46577,0.000130826225173085
46576,0.000130793013336904
46575,0.000130759803491784
46574,0.000130726595640862
46573,0.000130693389787275
46572,0.000130660185934159
46571,0.000130626984084648
46570,0.000130593784241876
46569,0.000130560586408972
46568,0.000130527390589068
46567,0.000130494196785292
46566,0.000130461005000772
46565,0.000130427815238635
46564,0.000130394627502004
46563,0.000130361441794005
46562,0.000130328258117758
46561,0.000130295076476386
46560,0.000130261896873008
46559,0.000130238114508062
46558,0.000130214332924019
46557,0.000130190552122038
46556,0.000130166772103276
46555,0.00013014299286889
46554,0.000130119214420039
46553,0.000130095436757879
46552,0.000130071659883567
46551,0.000130047883798258
46550,0.00013002410850311
46549,0.000130000333999278
46548,0.000129976560287917
46547,0.000129952787370184
46546,0.000129929015247232
46545,0.000129905243920217
46544,0.000129881473390293
46543,0.000129857703658614
46542,0.000129833934726335
46541,0.000129810166594608
46540,0.000129786399264588
46539,0.000129767265102767
46538,0.000129748131203962
46537,0.000129728997568954
46536,0.000129709864198526
46535,0.000129690731093458
46534,0.000129671598254532
46533,0.000129652465682528
46532,0.000129633333378227
46531,0.000129614201342411
46530,0.00012959506957586
46529,0.000129575938079354
46528,0.000129556806853673
46527,0.000129537675899599
46526,0.00012951854521791
46525,0.000129499414809388
46524,0.000129480284674812
46523,0.000129461154814962
46522,0.000129442025230617
46521,0.000129422895922557
46520,0.000129403766891562
46519,0.000129384761249547
46518,0.000129365756134267
46517,0.000129346751546312
46516,0.000129327747486268
46515,0.000129308743954723
46514,0.000129289740952266
46513,0.000129270738479482
46512,0.000129251736536962
46511,0.000129232735125289
46510,0.000129213734245054
46509,0.000129194733896842
46508,0.000129175734081239
46507,0.000129156734798835
46506,0.000129137736050214
46505,0.000129118737835964
46504,0.000129099740156671
46503,0.00012908074301292
46502,0.0001290617464053
46501,0.000129042750334396
46500,0.000129023754800793
46499,0.00012901400569096
46498,0.000129004256551518
46497,0.000128994507382833
46496,0.000128984758185268
46495,0.000128975008959188
46494,0.000128965259704955
46493,0.000128955510422934
46492,0.000128945761113487
46491,0.00012893601177698
46490,0.000128926262413775
46489,0.000128916513024236
46488,0.000128906763608726
46487,0.000128897014167609
46486,0.000128887264701248
46485,0.000128877515210007
46484,0.000128867765694248
46483,0.000128858016154336
46482,0.000128848266590633
46481,0.000128838517003503
46480,0.000128828767393308
46479,0.000128819395882193
46478,0.000128810024670557
46477,0.000128800653758499
46476,0.000128791283146122
46475,0.000128781912833528
46474,0.000128772542820817
46473,0.00012876317310809
46472,0.000128753803695448
46471,0.000128744434582993
46470,0.000128735065770826
46469,0.000128725697259048
46468,0.000128716329047759
46467,0.000128706961137061
46466,0.000128697593527055
46465,0.000128688226217842
46464,0.000128678859209523
46463,0.000128669492502199
46462,0.000128660126095969
46461,0.000128650759990937
46460,0.000128641394187202
46459,0.000128627282026997
46458,0.000128613170408229
46457,0.000128599059331176
46456,0.000128584948796111
46455,0.00012857083880331
46454,0.000128556729353048
46453,0.0001285426204456
46452,0.000128528512081242
46451,0.000128514404260248
46450,0.000128500296982892
46449,0.000128486190249449
46448,0.000128472084060195
46447,0.000128457978415405
46446,0.000128443873315351
46445,0.000128429768760309
46444,0.000128415664750554
46443,0.000128401561286358
46442,0.000128387458367999
46441,0.000128373355995747
46440,0.000128359254169879
46439,0.000128335665197644
46438,0.000128312077467529
46437,0.000128288490980672
46436,0.000128264905738208
46435,0.000128241321741272
46434,0.000128217738990999
46433,0.000128194157488524
46432,0.00012817057723498
46431,0.000128146998231502
46430,0.000128123420479223
46429,0.000128099843979275
46428,0.000128076268732792
46427,0.000128052694740905
46426,0.000128029122004746
46425,0.000128005550525447
46424,0.000127981980304138
46423,0.00012795841134195
46422,0.000127934843640014
46421,0.000127911277199458
46420,0.000127887712021414
46419,0.000127864013434316
46418,0.000127840315742552
46417,0.000127816618947249
46416,0.000127792923049539
46415,0.000127769228050551
46414,0.000127745533951414
46413,0.000127721840753257
46412,0.000127698148457209
46411,0.000127674457064398
46410,0.000127650766575952
46409,0.000127627076993
46408,0.000127603388316668
46407,0.000127579700548085
46406,0.000127556013688376
46405,0.000127532327738669
46404,0.000127508642700091
46403,0.000127484958573767
46402,0.000127461275360823
46401,0.000127437593062385
46400,0.000127413911679579
46399,0.000127385495230428
46398,0.000127357080103349
46397,0.000127328666300286
46396,0.00012730025382318
46395,0.000127271842673973
46394,0.000127243432854607
46393,0.000127215024367022
46392,0.000127186617213158
46391,0.000127158211394954
46390,0.000127129806914349
46389,0.00012710140377328
46388,0.000127073001973688
46387,0.000127044601517506
46386,0.000127016202406673
46385,0.000126987804643124
46384,0.000126959408228793
46383,0.000126931013165617
46382,0.000126902619455528
46381,0.000126874227100462
46380,0.000126845836102348
46379,0.000126803394400112
46378,0.000126760956398323
46377,0.000126718522103308
46376,0.000126676091521387
46375,0.000126633664658881
46374,0.000126591241522102
46373,0.000126548822117363
46372,0.000126506406450971
46371,0.000126463994529231
46370,0.000126421586358445
46369,0.00012637918194491
46368,0.000126336781294918
46367,0.000126294384414762
46366,0.000126251991310729
46365,0.000126209601989102
46364,0.000126167216456161
46363,0.000126124834718184
46362,0.000126082456781443
46361,0.000126040082652208
46360,0.000125997712336746
46359,0.000125950771129025
46358,0.000125903835332079
46357,0.000125856904954698
46356,0.000125809980005666
46355,0.000125763060493762
46354,0.000125716146427756
46353,0.000125669237816413
46352,0.000125622334668492
46351,0.000125575436992746
46350,0.000125528544797919
46349,0.000125481658092752
46348,0.000125434776885978
46347,0.000125387901186323
46346,0.000125341031002508
46345,0.000125294166343248
46344,0.000125247307217249
46343,0.000125200453633213
46342,0.000125153605599836
46341,0.000125106763125804
46340,0.000125059926219802
46339,0.000125008694880263
46338,0.000124957472009438
46337,0.000124906257620529
46336,0.000124855051726726
46335,0.000124803854341201
46334,0.000124752665477116
46333,0.000124701485147617
46332,0.000124650313365833
46331,0.000124599150144884
46330,0.00012454799549787
46329,0.000124496849437882
46328,0.000124445711977994
46327,0.000124394583131263
46326,0.000124343462910739
46325,0.000124292351329449
46324,0.000124241248400413
46323,0.000124190154136633
46322,0.000124139068551096
46321,0.000124087991656777
46320,0.000124036923466636
46319,0.000123971757501073
46318,0.000123906604295859
46317,0.000123841463875676
46316,0.000123776336265173
46315,0.00012371122148897
46314,0.000123646119571657
46313,0.000123581030537792
46312,0.000123515954411903
46311,0.000123450891218489
46310,0.000123385840982018
46309,0.000123320803726926
46308,0.000123255779477619
46307,0.000123190768258474
46306,0.000123125770093837
46305,0.000123060785008022
46304,0.000122995813025315
46303,0.000122930854169968
46302,0.000122865908466208
46301,0.000122800975938224
46300,0.000122736056610182
46299,0.00012266195641204
46298,0.000122587874141866
46297,0.000122513809836412
46296,0.000122439763532377
46295,0.0001223657352664
46294,0.000122291725075068
46293,0.000122217732994912
46292,0.000122143759062403
46291,0.000122069803313961
46290,0.000121995865785946
46289,0.000121921946514665
46288,0.000121848045536368
46287,0.000121774162887248
46286,0.000121700298603445
46285,0.000121626452721038
46284,0.000121552625276055
46283,0.000121478816304465
46282,0.000121405025842183
46281,0.000121331253925066
46280,0.000121257500588916
46279,0.000121174233823082
46278,0.000121090988052671
46277,0.000121007763325348
46276,0.000120924559688699
46275,0.000120841377190246
46274,0.000120758215877434
46273,0.000120675075797641
46272,0.00012059195699817
46271,0.000120508859526254
46270,0.000120425783429054
46269,0.000120342728753659
46268,0.000120259695547087
46267,0.000120176683856286
46266,0.000120093693728128
46265,0.000120010725209417
46264,0.000119927778346885
46263,0.000119844853187191
46262,0.000119761949776923
46261,0.000119679068162598
46260,0.00011959620839066
46259,0.000119503653538081
46258,0.000119411121782456
46257,0.000119318613186115
46256,0.000119226127811303
46255,0.000119133665720178
46254,0.000119041226974813
46253,0.000118948811637195
46252,0.000118856419769223
46251,0.000118764051432712
46250,0.000118671706689388
46249,0.000118579385600894
46248,0.000118487088228784
46247,0.000118394814634527
46246,0.000118302564879506
46245,0.000118210339025016
46244,0.000118118137132266
46243,0.000118025959262381
46242,0.000117933805476395
46241,0.000117841675835259
46240,0.000117749570399837
46239,0.000117648011777498
46238,0.000117546480657584
46237,0.00011744497712243
46236,0.000117343501254258
46235,0.000117242053135167
46234,0.000117140632847139
46233,0.000117039240472037
46232,0.000116937876091603
46231,0.000116836539787465
46230,0.000116735231641126
46229,0.000116633951733975
46228,0.000116532700147278
46227,0.000116431476962183
46226,0.00011633028225972
46225,0.000116229116120799
46224,0.00011612797862621
46223,0.000116026869856624
46222,0.000115925789892591
46221,0.000115824738814545
46220,0.000115723716702797
46219,0.000115604320539739
46218,0.000115484964749562
46217,0.000115365649464728
46216,0.000115246374817469
46215,0.000115127140939781
46214,0.000115007947963431
46213,0.000114888796019952
46212,0.000114769685240642
46211,0.000114650615756569
46210,0.000114531587698565
46209,0.00011441260119723
46208,0.000114293656382931
46207,0.000114174753385801
46206,0.000114055892335739
46205,0.000113937073362409
46204,0.000113818296595243
46203,0.00011369956216344
46202,0.00011358087019596
46201,0.000113462220821533
46200,0.000113343614168653
46199,0.000113220740112308
46198,0.000113097914209407
46197,0.000112975136600237
46196,0.000112852407424806
46195,0.000112729726822833
46194,0.00011260709493376
46193,0.00011248451189674
46192,0.000112361977850645
46191,0.000112239492934066
46190,0.000112117057285306
46189,0.000111994671042387
46188,0.000111872334343046
46187,0.000111750047324735
46186,0.000111627810124626
46185,0.000111505622879603
46184,0.000111383485726266
46183,0.000111261398800933
46182,0.000111139362239634
46181,0.00011101737617812
46180,0.000110895440751851
46179,0.000110759954674507
46178,0.000110624530997822
46177,0.00011048916990711
46176,0.000110353871587255
46175,0.000110218636222713
46174,0.000110083463997503
46173,0.000109948355095218
46172,0.000109813309699016
46171,0.000109678327991625
46170,0.000109543410155341
46169,0.000109408556372027
46168,0.000109273766823115
46167,0.000109139041689604
46166,0.000109004381152061
46165,0.000108869785390619
46164,0.000108735254584982
46163,0.000108600788914417
46162,0.00010846638855776
46161,0.000108332053693416
46160,0.000108197784499352
46159,0.000108054596770985
46158,0.000107911483890395
46157,0.000107768446072506
46156,0.00010762548353168
46155,0.000107482596481723
46154,0.00010733978513588
46153,0.000107197049706834
46152,0.000107054390406712
46151,0.00010691180744708
46150,0.000106769301038944
46149,0.000106626871392749
46148,0.00010648451871838
46147,0.000106342243225162
46146,0.00010620004512186
46145,0.000106057924616679
46144,0.00010591588191726
46143,0.000105773917230686
46142,0.000105632030763478
46141,0.000105490222721597
46140,0.000105348493310441
46139,0.00010520271745955
46138,0.000105057027747101
46137,0.000104911424392468
46136,0.000104765907614367
46135,0.000104620477630863
46134,0.000104475134659369
46133,0.00010432987891664
46132,0.000104184710618782
46131,0.000104039629981244
46130,0.000103894637218823
46129,0.000103749732545661
46128,0.000103604916175248
46127,0.000103460188320419
46126,0.000103315549193356
46125,0.000103170999005586
46124,0.000103026537967984
46123,0.000102882166290771
46122,0.000102737884183515
46121,0.000102593691855127
46120,0.000102449589513868
46119,0.000102287660253384
46118,0.000102125841400846
46117,0.000101964133254995
46116,0.000101802536113573
46115,0.000101641050273321
46114,0.000101479676029985
46113,0.000101318413678307
46112,0.000101157263512034
46111,0.000100996225823911
46110,0.000100835300905686
46109,0.000100674489048107
46108,0.000100513790540921
46107,0.000100353205672876
46106,0.000100192734731725
46105,0.000100032378004217
46104,9.98721357761028e-05
46103,9.97120083321346e-05
46102,9.95519959560644e-05
46101,9.93920989306469e-05
46100,9.92323175376356e-05
46099,9.90675883244248e-05
46098,9.89029773145401e-05
46097,9.87384848279415e-05
46096,9.85741111834977e-05
46095,9.84098566989897e-05
46094,9.82457216911076e-05
46093,9.80817064754516e-05
46092,9.7917811366532e-05
46091,9.7754036677767e-05
46090,9.7590382721486e-05
46089,9.74268498089272e-05
46088,9.72634382502376e-05
46087,9.71001483544743e-05
46086,9.69369804296011e-05
46085,9.67739347824927e-05
46084,9.66110117189319e-05
46083,9.644821154361e-05
46082,9.62855345601276e-05
46081,9.6122981070992e-05
46080,9.59605513776207e-05
46079,9.57846690545445e-05
46078,9.56089279032437e-05
46077,9.54333283242916e-05
46076,9.5257870716766e-05
46075,9.50825554782438e-05
46074,9.49073830048053e-05
46073,9.47323536910316e-05
46072,9.45574679300025e-05
46071,9.43827261133009e-05
46070,9.42081286310067e-05
46069,9.40336758717017e-05
46068,9.38593682224669e-05
46067,9.36852060688807e-05
46066,9.35111897950227e-05
46065,9.33373197834687e-05
46064,9.31635964152947e-05
46063,9.29900200700749e-05
46062,9.28165911258796e-05
46061,9.26433099592794e-05
46060,9.247017694534e-05
46059,9.22921947444446e-05
46058,9.21143661338206e-05
46057,9.19366915434533e-05
46056,9.175917140161e-05
46055,9.1581806134836e-05
46054,9.14045961679565e-05
46053,9.12275419240754e-05
46052,9.10506438245744e-05
46051,9.08739022891151e-05
46050,9.06973177356345e-05
46049,9.05208905803475e-05
46048,9.03446212377456e-05
46047,9.01685101205959e-05
46046,8.99925576399436e-05
46045,8.98167642051077e-05
46044,8.96411302236829e-05
46043,8.94656561015393e-05
46042,8.9290342242821e-05
46041,8.91151890499485e-05
46040,8.89401969236148e-05
46039,8.87567124053748e-05
46038,8.85734047788823e-05
46037,8.83902745142524e-05
46036,8.82073220794715e-05
46035,8.80245479404013e-05
46034,8.78419525607744e-05
46033,8.7659536402196e-05
46032,8.74772999241452e-05
46031,8.72952435839705e-05
46030,8.71133678368944e-05
46029,8.69316731360093e-05
46028,8.67501599322787e-05
46027,8.65688286745388e-05
46026,8.63876798094946e-05
46025,8.62067137817244e-05
46024,8.6025931033675e-05
46023,8.58453320056644e-05
46022,8.5664917135883e-05
46021,8.54846868603891e-05
46020,8.53046416131145e-05
46019,8.51207438196429e-05
46018,8.49370405459643e-05
46017,8.47535322471419e-05
46016,8.45702193759177e-05
46015,8.43871023827127e-05
46014,8.42041817156271e-05
46013,8.40214578204405e-05
46012,8.38389311406123e-05
46011,8.36566021172816e-05
46010,8.34744711892683e-05
46009,8.32925387930728e-05
46008,8.31108053628765e-05
46007,8.29292713305423e-05
46006,8.27479371256155e-05
46005,8.25668031753233e-05
46004,8.23858699045762e-05
46003,8.2205137735968e-05
46002,8.20246070897766e-05
46001,8.18442783839644e-05
46000,8.16641520341793e-05
45999,8.14886014227088e-05
45998,8.13132454857814e-05
45997,8.11380845903572e-05
45996,8.09631191013366e-05
45995,8.07883493815657e-05
45994,8.06137757918332e-05
45993,8.04393986908731e-05
45992,8.02652184353671e-05
45991,8.00912353799415e-05
45990,7.99174498771729e-05
45989,7.97438622775851e-05
45988,7.95704729296516e-05
45987,7.93972821797984e-05
45986,7.92242903724012e-05
45985,7.90514978497907e-05
45984,7.88789049522498e-05
45983,7.87065120180167e-05
45982,7.8534319383287e-05
45981,7.83623273822115e-05
45980,7.81905363469017e-05
45979,7.80193753532943e-05
45978,7.78484164366026e-05
45977,7.76776599076495e-05
45976,7.75071060752732e-05
45975,7.7336755246333e-05
45974,7.71666077257071e-05
45973,7.69966638162953e-05
45972,7.68269238190222e-05
45971,7.6657388032835e-05
45970,7.64880567547093e-05
45969,7.63189302796464e-05
45968,7.61500089006771e-05
45967,7.59812929088643e-05
45966,7.58127825933012e-05
45965,7.56444782411168e-05
45964,7.54763801374739e-05
45963,7.53084885655726e-05
45962,7.51408038066529e-05
45961,7.49733261399934e-05
45960,7.48060558429164e-05
45959,7.46473902745236e-05
45958,7.44889151325084e-05
45957,7.43306306308421e-05
45956,7.41725369819422e-05
45955,7.40146343966706e-05
45954,7.38569230843372e-05
45953,7.36994032527014e-05
45952,7.35420751079729e-05
45951,7.33849388548155e-05
45950,7.32279946963453e-05
45949,7.30712428341352e-05
45948,7.2914683468215e-05
45947,7.27583167970737e-05
45946,7.26021430176622e-05
45945,7.24461623253926e-05
45944,7.22903749141418e-05
45943,7.21347809762526e-05
45942,7.19793807025348e-05
45941,7.18241742822695e-05
45940,7.16691619032071e-05
45939,7.15180171619592e-05
45938,7.13670576678958e-05
45937,7.12162835917119e-05
45936,7.10656951027228e-05
45935,7.091529236886e-05
45934,7.07650755566777e-05
45933,7.06150448313524e-05
45932,7.04652003566828e-05
45931,7.03155422950954e-05
45930,7.01660708076417e-05
45929,7.00167860540038e-05
45928,6.98676881924942e-05
45927,6.97187773800563e-05
45926,6.95700537722693e-05
45925,6.9421517523346e-05
45924,6.92731687861381e-05
45923,6.91250077121362e-05
45922,6.89770344514704e-05
45921,6.8829249152915e-05
45920,6.86816519638868e-05
45919,6.85454350902847e-05
45918,6.84093804972597e-05
45917,6.82734882913857e-05
45916,6.81377585782558e-05
45915,6.80021914624871e-05
45914,6.78667870477194e-05
45913,6.77315454366174e-05
45912,6.75964667308721e-05
45911,6.74615510312008e-05
45910,6.73267984373507e-05
45909,6.71922090480983e-05
45908,6.70577829612518e-05
45907,6.69235202736522e-05
45906,6.6789421081173e-05
45905,6.66554854787244e-05
45904,6.65217135602529e-05
45903,6.63881054187428e-05
45902,6.62546611462182e-05
45901,6.61213808337422e-05
45900,6.59882645714216e-05
45899,6.58653523963917e-05
45898,6.57425792013151e-05
45897,6.56199450612949e-05
45896,6.54974500507333e-05
45895,6.53750942433328e-05
45894,6.5252877712097e-05
45893,6.51308005293312e-05
45892,6.50088627666439e-05
45891,6.4887064494947e-05
45890,6.47654057844571e-05
45889,6.46438867046962e-05
45888,6.45225073244927e-05
45887,6.44012677119825e-05
45886,6.42801679346093e-05
45885,6.41592080591261e-05
45884,6.40383881515959e-05
45883,6.39177082773925e-05
45882,6.37971685012015e-05
45881,6.36767688870214e-05
45880,6.35565094981641e-05
45879,6.34496075140123e-05
45878,6.3342815626842e-05
45877,6.32361338854253e-05
45876,6.31295623380984e-05
45875,6.30231010327582e-05
45874,6.29167500168658e-05
45873,6.28105093374464e-05
45872,6.27043790410872e-05
45871,6.25983591739423e-05
45870,6.24924497817288e-05
45869,6.23866509097308e-05
45868,6.22809626027985e-05
45867,6.21753849053471e-05
45866,6.2069917861361e-05
45865,6.19645615143902e-05
45864,6.18593159075541e-05
45863,6.17541810835409e-05
45862,6.16491570846063e-05
45861,6.15442439525777e-05
45860,6.14394417288508e-05
45859,6.13452402914086e-05
45858,6.12511293282347e-05
45857,6.11571088654582e-05
45856,6.10631789289317e-05
45855,6.09693395442349e-05
45854,6.08755907366728e-05
45853,6.07819325312761e-05
45852,6.06883649528028e-05
45851,6.05948880257358e-05
45850,6.05015017742866e-05
45849,6.04082062223936e-05
45848,6.03150013937227e-05
45847,6.02218873116685e-05
45846,6.01288639993524e-05
45845,6.00359314796257e-05
45844,5.99430897750686e-05
45843,5.98503389079902e-05
45842,5.97576789004299e-05
45841,5.96651097741556e-05
45840,5.9572631550667e-05
45839,5.94900902997652e-05
45838,5.94076215542312e-05
45837,5.93252253291705e-05
45836,5.92429016395173e-05
45835,5.91606505000344e-05
45834,5.90784719253138e-05
45833,5.89963659297764e-05
45832,5.89143325276724e-05
45831,5.88323717330819e-05
45830,5.87504835599141e-05
45829,5.86686680219087e-05
45828,5.85869251326349e-05
45827,5.85052549054927e-05
45826,5.84236573537123e-05
45825,5.83421324903544e-05
45824,5.8260680328311e-05
45823,5.81793008803047e-05
45822,5.80979941588897e-05
45821,5.80167601764513e-05
45820,5.79355989452067e-05
45819,5.78623073982898e-05
45818,5.77890780832995e-05
45817,5.77159110021368e-05
45816,5.76428061565892e-05
45815,5.75697635483327e-05
45814,5.74967831789309e-05
45813,5.74238650498351e-05
45812,5.73510091623852e-05
45811,5.72782155178078e-05
45810,5.72054841172194e-05
45809,5.71328149616244e-05
45808,5.70602080519159e-05
45807,5.69876633888763e-05
45806,5.69151809731756e-05
45805,5.68427608053742e-05
45804,5.67704028859215e-05
45803,5.66981072151561e-05
45802,5.66258737933069e-05
45801,5.65537026204908e-05
45800,5.64815936967166e-05
45799,5.6415433744575e-05
45798,5.63493253777334e-05
45797,5.62832685975978e-05
45796,5.62172634055e-05
45795,5.61513098026935e-05
45794,5.6085407790357e-05
45793,5.60195573695934e-05
45792,5.5953758541428e-05
45791,5.58880113068124e-05
45790,5.58223156666204e-05
45789,5.57566716216514e-05
45788,5.56910791726295e-05
45787,5.56255383202017e-05
45786,5.55600490649415e-05
45785,5.54946114073453e-05
45784,5.54292253478357e-05
45783,5.53638908867601e-05
45782,5.52986080243894e-05
45781,5.52333767609218e-05
45780,5.51681970964783e-05
45779,5.51088556238346e-05
45778,5.5049556271316e-05
45777,5.49902990403479e-05
45776,5.49310839323027e-05
45775,5.48719109485031e-05
45774,5.48127800902194e-05
45773,5.47536913586706e-05
45772,5.4694644755026e-05
45771,5.46356402804019e-05
45770,5.45766779358657e-05
45769,5.4517757722432e-05
45768,5.44588796410648e-05
45767,5.44000436926786e-05
45766,5.43412498781351e-05
45765,5.42824981982473e-05
45764,5.42237886537759e-05
45763,5.41651212454311e-05
45762,5.41064959738738e-05
45761,5.40479128397125e-05
45760,5.39893718435072e-05
45759,5.39339508224642e-05
45758,5.38785676213756e-05
45757,5.3823222240592e-05
45756,5.37679146804221e-05
45755,5.37126449411356e-05
45754,5.36574130229613e-05
45753,5.36022189260877e-05
45752,5.35470626506631e-05
45751,5.34919441967945e-05
45750,5.34368635645499e-05
45749,5.33818207539566e-05
45748,5.33268157650018e-05
45747,5.32718485976328e-05
45746,5.32169192517558e-05
45745,5.31620277272381e-05
45744,5.31071740239065e-05
45743,5.30523581415481e-05
45742,5.29975800799101e-05
45741,5.2942839838699e-05
45740,5.28881374175823e-05
45739,5.28351365435771e-05
45738,5.27821704326599e-05
45737,5.272923908854e-05
45736,5.2676342514885e-05
45735,5.26234807153185e-05
45734,5.25706536934215e-05
45733,5.25178614527323e-05
45732,5.2465103996746e-05
45731,5.24123813289163e-05
45730,5.23596934526527e-05
45729,5.23070403713226e-05
45728,5.2254422088251e-05
45727,5.22018386067195e-05
45726,5.21492899299686e-05
45725,5.2096776061195e-05
45724,5.20442970035534e-05
45723,5.1991852760156e-05
45722,5.19394433340721e-05
45721,5.18870687283301e-05
45720,5.18347289459145e-05
45719,5.1782874428886e-05
45718,5.17310541572436e-05
45717,5.16792681324954e-05
45716,5.1627516356114e-05
45715,5.15757988295336e-05
45714,5.15241155541517e-05
45713,5.14724665313293e-05
45712,5.14208517623899e-05
45711,5.13692712486215e-05
45710,5.1317724991274e-05
45709,5.1266212991561e-05
45708,5.12147352506593e-05
45707,5.11632917697088e-05
45706,5.11118825498137e-05
45705,5.10605075920406e-05
45704,5.10091668974198e-05
45703,5.0957860466945e-05
45702,5.09065883015731e-05
45701,5.08553504022256e-05
45700,5.08041467697864e-05
45699,5.07525317731638e-05
45698,5.070095164618e-05
45697,5.06494063908858e-05
45696,5.05978960092916e-05
45695,5.05464205033654e-05
45694,5.04949798750341e-05
45693,5.04435741261832e-05
45692,5.03922032586564e-05
45691,5.03408672742575e-05
45690,5.02895661747478e-05
45689,5.02382999618479e-05
45688,5.01870686372369e-05
45687,5.01358722025526e-05
45686,5.00847106593931e-05
45685,5.00335840093138e-05
45684,4.998249225383e-05
45683,4.99314353944155e-05
45682,4.98804134325032e-05
45681,4.9829426369486e-05
45680,4.97784742067149e-05
45679,4.97309121782624e-05
45678,4.96833805775649e-05
45677,4.96358794047748e-05
45676,4.95884086600178e-05
45675,4.95409683433898e-05
45674,4.94935584549593e-05
45673,4.94461789947666e-05
45672,4.93988299628226e-05
45671,4.93515113591115e-05
45670,4.93042231835875e-05
45669,4.9256965436178e-05
45668,4.92097381167822e-05
45667,4.91625412252697e-05
45666,4.91153747614839e-05
45665,4.90682387252382e-05
45664,4.90211331163194e-05
45663,4.89740579344861e-05
45662,4.89270131794676e-05
45661,4.88799988509669e-05
45660,4.88330149486575e-05
45659,4.87811697713756e-05
45658,4.87293623603087e-05
45657,4.8677592712065e-05
45656,4.8625860823215e-05
45655,4.85741666902939e-05
45654,4.85225103098001e-05
45653,4.84708916781954e-05
45652,4.84193107919059e-05
45651,4.836776764732e-05
45650,4.83162622407911e-05
45649,4.82647945686359e-05
45648,4.82133646271349e-05
45647,4.8161972412533e-05
45646,4.81106179210375e-05
45645,4.80593011488212e-05
45644,4.80080220920203e-05
45643,4.7956780746735e-05
45642,4.790557710903e-05
45641,4.78544111749329e-05
45640,4.78032829404367e-05
45639,4.77521924014983e-05
45638,4.77011395540385e-05
45637,4.76501243939433e-05
45636,4.75991469170614e-05
45635,4.75482071192073e-05
45634,4.74973049961593e-05
45633,4.74464405436606e-05
45632,4.73956137574189e-05
45631,4.73448246331053e-05
45630,4.7294073166357e-05
45629,4.72433593527752e-05
45628,4.71926831879257e-05
45627,4.71420446673396e-05
45626,4.70914437865117e-05
45625,4.70408805409025e-05
45624,4.69903549259371e-05
45623,4.69398669370057e-05
45622,4.68894165694635e-05
45621,4.68390038186298e-05
45620,4.678862867979e-05
45619,4.67387229358993e-05
45618,4.66888547952403e-05
45617,4.66390242517643e-05
45616,4.65892312993884e-05
45615,4.65394759319975e-05
45614,4.64897581434428e-05
45613,4.64400779275424e-05
45612,4.63904352780813e-05
45611,4.63408301888105e-05
45610,4.6291262653449e-05
45609,4.62417326656824e-05
45608,4.61922402191632e-05
45607,4.61427853075116e-05
45606,4.60933679243133e-05
45605,4.60439880631228e-05
45604,4.59946457174611e-05
45603,4.59453408808165e-05
45602,4.5896073546645e-05
45601,4.58468437083689e-05
45600,4.57976513593788e-05
45599,4.57429890563494e-05
45598,4.56883730086367e-05
45597,4.56338032072037e-05
45596,4.55792796429638e-05
45595,4.55248023067811e-05
45594,4.54703711894702e-05
45593,4.54159862817963e-05
45592,4.53616475744754e-05
45591,4.53073550581743e-05
45590,4.52531087235109e-05
45589,4.51989085610539e-05
45588,4.51447545613231e-05
45587,4.50906467147894e-05
45586,4.50365850118751e-05
45585,4.49825694429536e-05
45584,4.49285999983499e-05
45583,4.48746766683402e-05
45582,4.48207994431525e-05
45581,4.47669683129661e-05
45580,4.47131832679123e-05
45579,4.46544632169178e-05
45578,4.45957990535221e-05
45577,4.45371907626882e-05
45576,4.44786383293113e-05
45575,4.44201417382161e-05
45574,4.43617009741588e-05
45573,4.43033160218271e-05
45572,4.42449868658392e-05
45571,4.41867134907464e-05
45570,4.41284958810302e-05
45569,4.40703340211041e-05
45568,4.40122278953139e-05
45567,4.39541774879366e-05
45566,4.38961827831827e-05
45565,4.3838243765194e-05
45564,4.37803604180447e-05
45563,4.37225327257418e-05
45562,4.36647606722247e-05
45561,4.36070442413664e-05
45560,4.35493834169721e-05
45559,4.34855925512097e-05
45558,4.34218677747401e-05
45557,4.33582090709363e-05
45556,4.32946164230692e-05
45555,4.3231089814311e-05
45554,4.31676292277328e-05
45553,4.31042346463059e-05
45552,4.30409060529029e-05
45551,4.29776434302958e-05
45550,4.29144467611585e-05
45549,4.2851316028065e-05
45548,4.27882512134901e-05
45547,4.27252522998113e-05
45546,4.26623192693061e-05
45545,4.25994521041551e-05
45544,4.25366507864395e-05
45543,4.24739152981429e-05
45542,4.24112456211521e-05
45541,4.23486417372548e-05
45540,4.2286103628143e-05
45539,4.22210296874448e-05
45538,4.21560270760677e-05
45537,4.20910957729819e-05
45536,4.2026235757044e-05
45535,4.19614470069969e-05
45534,4.18967295014705e-05
45533,4.18320832189813e-05
45532,4.17675081379335e-05
45531,4.17030042366184e-05
45530,4.1638571493215e-05
45529,4.15742098857904e-05
45528,4.15099193922998e-05
45527,4.14456999905866e-05
45526,4.1381551658383e-05
45525,4.13174743733101e-05
45524,4.12534681128778e-05
45523,4.11895328544855e-05
45522,4.11256685754222e-05
45521,4.10618752528666e-05
45520,4.09981528638875e-05
45519,4.09285505804381e-05
45518,4.08590320264336e-05
45517,4.07895971768457e-05
45516,4.07202460064798e-05
45515,4.06509784899725e-05
45514,4.0581794601794e-05
45513,4.05126943162478e-05
45512,4.04436776074707e-05
45511,4.03747444494349e-05
45510,4.03058948159458e-05
45509,4.02371286806438e-05
45508,4.01684460170048e-05
45507,4.00998467983396e-05
45506,4.00313309977962e-05
45505,3.99628985883575e-05
45504,3.98945495428436e-05
45503,3.98262838339115e-05
45502,3.9758101434055e-05
45501,3.9690002315607e-05
45500,3.96219864507371e-05
45499,3.95544770797223e-05
45498,3.9487050246721e-05
45497,3.94197059215286e-05
45496,3.93524440737921e-05
45495,3.92852646730079e-05
45494,3.92181676885237e-05
45493,3.91511530895386e-05
45492,3.90842208451031e-05
45491,3.90173709241205e-05
45490,3.89506032953456e-05
45489,3.88839179273862e-05
45488,3.88173147887032e-05
45487,3.87507938476106e-05
45486,3.8684355072277e-05
45485,3.86179984307243e-05
45484,3.85517238908291e-05
45483,3.84855314203227e-05
45482,3.84194209867914e-05
45481,3.83533925576778e-05
45480,3.82874461002794e-05
45479,3.82167369261537e-05
45478,3.81461221934379e-05
45477,3.80756018609009e-05
45476,3.80051758871209e-05
45475,3.79348442304891e-05
45474,3.78646068492073e-05
45473,3.77944637012901e-05
45472,3.77244147445657e-05
45471,3.76544599366744e-05
45470,3.75845992350719e-05
45469,3.75148325970271e-05
45468,3.74451599796239e-05
45467,3.73755813397626e-05
45466,3.7306096634158e-05
45465,3.72367058193427e-05
45464,3.7167408851665e-05
45463,3.70982056872906e-05
45462,3.70290962822044e-05
45461,3.69600805922078e-05
45460,3.68911585729228e-05
45459,3.68227417507442e-05
45458,3.67544179866977e-05
45457,3.66861872337559e-05
45456,3.66180494447209e-05
45455,3.6550004572227e-05
45454,3.64820525687397e-05
45453,3.64141933865562e-05
45452,3.63464269778076e-05
45451,3.6278753294457e-05
45450,3.62111722883022e-05
45449,3.61436839109742e-05
45448,3.60762881139387e-05
45447,3.60089848484976e-05
45446,3.59417740657868e-05
45445,3.58746557167799e-05
45444,3.58076297522858e-05
45443,3.57406961229508e-05
45442,3.56738547792594e-05
45441,3.56071056715329e-05
45440,3.55404487499326e-05
45439,3.54742913420593e-05
45438,3.54082256812407e-05
45437,3.53422517148849e-05
45436,3.52763693902466e-05
45435,3.52105786544301e-05
45434,3.51448794543878e-05
45433,3.50792717369212e-05
45432,3.50137554486828e-05
45431,3.49483305361742e-05
45430,3.48829969457491e-05
45429,3.48177546236112e-05
45428,3.47526035158165e-05
45427,3.46875435682739e-05
45426,3.46225747267438e-05
45425,3.45576969368413e-05
45424,3.44929101440341e-05
45423,3.44282142936441e-05
45422,3.4363609330849e-05
45421,3.42990952006804e-05
45420,3.42346718480265e-05
45419,3.4170339217631e-05
45418,3.41060972540942e-05
45417,3.40419459018743e-05
45416,3.39778851052859e-05
45415,3.39139148085031e-05
45414,3.38500349555572e-05
45413,3.37862454903389e-05
45412,3.37225463565991e-05
45411,3.36589374979475e-05
45410,3.35954188578556e-05
45409,3.35319903796549e-05
45408,3.34686520065381e-05
45407,3.3405403681561e-05
45406,3.33422453476403e-05
45405,3.32791769475571e-05
45404,3.32161984239547e-05
45403,3.315330971934e-05
45402,3.30905107760856e-05
45401,3.30278015364273e-05
45400,3.29651819424674e-05
45399,3.2906989211692e-05
45398,3.28488740723944e-05
45397,3.27908364774005e-05
45396,3.27328763794378e-05
45395,3.26749937311333e-05
45394,3.26171884850158e-05
45393,3.25594605935154e-05
45392,3.25018100089638e-05
45391,3.24442366835956e-05
45390,3.23867405695473e-05
45389,3.2329321618858e-05
45388,3.22719797834704e-05
45387,3.22147150152301e-05
45386,3.21575272658876e-05
45385,3.21004164870965e-05
45384,3.20433826304149e-05
45383,3.19864256473063e-05
45382,3.19295454891385e-05
45381,3.18727421071858e-05
45380,3.18160154526275e-05
45379,3.17585667705401e-05
45378,3.17011957008597e-05
45377,3.16439021975666e-05
45376,3.15866862145352e-05
45375,3.15295477055325e-05
45374,3.14724866242204e-05
45373,3.14155029241546e-05
45372,3.13585965587858e-05
45371,3.13017674814603e-05
45370,3.12450156454191e-05
45369,3.11883410037991e-05
45368,3.11317435096336e-05
45367,3.10752231158517e-05
45366,3.10187797752802e-05
45365,3.09624134406424e-05
45364,3.09061240645591e-05
45363,3.08499115995488e-05
45362,3.07937759980281e-05
45361,3.07377172123126e-05
45360,3.06817351946161e-05
45359,3.06295471746041e-05
45358,3.05774257175594e-05
45357,3.05253707861314e-05
45356,3.04733823428876e-05
45355,3.04214603503145e-05
45354,3.03696047708176e-05
45353,3.03178155667217e-05
45352,3.02660927002708e-05
45351,3.02144361336289e-05
45350,3.016284582888e-05
45349,3.01113217480281e-05
45348,3.00598638529977e-05
45347,3.00084721056342e-05
45346,2.99571464677037e-05
45345,2.99058869008937e-05
45344,2.9854693366813e-05
45343,2.98035658269919e-05
45342,2.97525042428828e-05
45341,2.97015085758605e-05
45340,2.96505787872216e-05
45339,2.95997148381859e-05
45338,2.95489166898957e-05
45337,2.94981843034165e-05
45336,2.94475176397373e-05
45335,2.93969166597706e-05
45334,2.93463813243526e-05
45333,2.92959115942438e-05
45332,2.92455074301289e-05
45331,2.91951687926173e-05
45330,2.91448956422429e-05
45329,2.9094687939465e-05
45328,2.90445456446678e-05
45327,2.89944687181615e-05
45326,2.89444571201815e-05
45325,2.88945108108897e-05
45324,2.88446297503739e-05
45323,2.87948138986486e-05
45322,2.87450632156548e-05
45321,2.86953776612606e-05
45320,2.86457571952614e-05
45319,2.8599355222021e-05
45318,2.85530105092698e-05
45317,2.85067230254728e-05
45316,2.84604927390261e-05
45315,2.84143196182594e-05
45314,2.83682036314344e-05
45313,2.83221447467458e-05
45312,2.82761429323214e-05
45311,2.82301981562214e-05
45310,2.81843103864402e-05
45309,2.81384795909056e-05
45308,2.8092705737479e-05
45307,2.80469887939563e-05
45306,2.80013287280664e-05
45305,2.79557255074738e-05
45304,2.79101790997771e-05
45303,2.78646894725097e-05
45302,2.78192565931402e-05
45301,2.77738804290716e-05
45300,2.77285609476432e-05
45299,2.76874677574091e-05
45298,2.76464210692047e-05
45297,2.76054208582325e-05
45296,2.75644670996555e-05
45295,2.75235597685957e-05
45294,2.74826988401357e-05
45293,2.74418842893181e-05
45292,2.74011160911448e-05
45291,2.73603942205793e-05
45290,2.73197186525442e-05
45289,2.72790893619234e-05
45288,2.72385063235616e-05
45287,2.71979695122632e-05
45286,2.71574789027947e-05
45285,2.71170344698823e-05
45284,2.70766361882143e-05
45283,2.70362840324401e-05
45282,2.69959779771694e-05
45281,2.69557179969748e-05
45280,2.69155040663889e-05
45279,2.68734748081953e-05
45278,2.68314958840616e-05
45277,2.67895672646166e-05
45276,2.67476889204451e-05
45275,2.67058608220865e-05
45274,2.66640829400357e-05
45273,2.66223552447432e-05
45272,2.6580677706615e-05
45271,2.65390502960136e-05
45270,2.6497472983257e-05
45269,2.64559457386191e-05
45268,2.64144685323305e-05
45267,2.63730413345778e-05
45266,2.63316641155047e-05
45265,2.62903368452112e-05
45264,2.62490594937541e-05
45263,2.62078320311473e-05
45262,2.61666544273613e-05
45261,2.61255266523251e-05
45260,2.60844486759238e-05
45259,2.60477384999813e-05
45258,2.6011068119709e-05
45257,2.59744375124938e-05
45256,2.59378466557e-05
45255,2.59012955266698e-05
45254,2.58647841027232e-05
45253,2.58283123611581e-05
45252,2.57918802792507e-05
45251,2.57554878342548e-05
45250,2.57191350034027e-05
45249,2.56828217639049e-05
45248,2.56465480929499e-05
45247,2.56103139677048e-05
45246,2.55741193653151e-05
45245,2.55379642629047e-05
45244,2.55018486375763e-05
45243,2.54657724664109e-05
45242,2.54297357264686e-05
45241,2.53937383947878e-05
45240,2.53577804483863e-05
45239,2.53225337877274e-05
45238,2.52873256580715e-05
45237,2.52521560354239e-05
45236,2.52170248957735e-05
45235,2.5181932215093e-05
45234,2.51468779693392e-05
45233,2.51118621344528e-05
45232,2.50768846863584e-05
45231,2.50419456009651e-05
45230,2.50070448541657e-05
45229,2.49721824218375e-05
45228,2.49373582798421e-05
45227,2.49025724040254e-05
45226,2.48678247702178e-05
45225,2.48331153542341e-05
45224,2.47984441318738e-05
45223,2.47638110789208e-05
45222,2.47292161711441e-05
45221,2.4694659384297e-05
45220,2.4660140694118e-05
45219,2.4627733833922e-05
45218,2.45953611946859e-05
45217,2.45630227546644e-05
45216,2.45307184921002e-05
45215,2.44984483852265e-05
45214,2.44662124122649e-05
45213,2.44340105514265e-05
45212,2.44018427809125e-05
45211,2.43697090789127e-05
45210,2.43376094236074e-05
45209,2.43055437931656e-05
45208,2.42735121657461e-05
45207,2.42415145194981e-05
45206,2.42095508325597e-05
45205,2.41776210830594e-05
45204,2.41457252491152e-05
45203,2.41138633088348e-05
45202,2.40820352403167e-05
45201,2.40502410216484e-05
45200,2.40184806309082e-05
45199,2.39853838457785e-05
45198,2.39523245422503e-05
45197,2.39193026935753e-05
45196,2.38863182729941e-05
45195,2.38533712537368e-05
45194,2.38204616090224e-05
45193,2.37875893120596e-05
45192,2.37547543360465e-05
45191,2.37219566541706e-05
45190,2.36891962396089e-05
45189,2.36564730655282e-05
45188,2.36237871050851e-05
45187,2.35911383314256e-05
45186,2.35585267176861e-05
45185,2.35259522369923e-05
45184,2.34934148624605e-05
45183,2.34609145671966e-05
45182,2.34284513242968e-05
45181,2.33960251068476e-05
45180,2.33636358879256e-05
45179,2.33296167250985e-05
45178,2.32956382755505e-05
45177,2.326170050831e-05
45176,2.32278033923948e-05
45175,2.319394689681e-05
45174,2.31601309905498e-05
45173,2.31263556425972e-05
45172,2.30926208219228e-05
45171,2.30589264974871e-05
45170,2.30252726382384e-05
45169,2.29916592131148e-05
45168,2.2958086191043e-05
45167,2.29245535409384e-05
45166,2.28910612317063e-05
45165,2.28576092322403e-05
45164,2.28241975114242e-05
45163,2.27908260381311e-05
45162,2.27574947812228e-05
45161,2.27242037095518e-05
45160,2.26909527919592e-05
45159,2.2659034565148e-05
45158,2.26271527075068e-05
45157,2.2595307193119e-05
45156,2.25634979960586e-05
45155,2.25317250903901e-05
45154,2.24999884501689e-05
45153,2.24682880494409e-05
45152,2.24366238622429e-05
45151,2.24049958626025e-05
45150,2.23734040245382e-05
45149,2.23418483220596e-05
45148,2.23103287291671e-05
45147,2.22788452198523e-05
45146,2.22473977680981e-05
45145,2.22159863478783e-05
45144,2.21846109331584e-05
45143,2.21532714978948e-05
45142,2.21219680160356e-05
45141,2.20907004615203e-05
45140,2.20594688082798e-05
45139,2.20244185160812e-05
45138,2.19894122651755e-05
45137,2.19544500226258e-05
45136,2.19195317554778e-05
45135,2.18846574307595e-05
45134,2.18498270154814e-05
45133,2.18150404766372e-05
45132,2.17802977812029e-05
45131,2.17455988961383e-05
45130,2.17109437883855e-05
45129,2.167633242487e-05
45128,2.16417647725005e-05
45127,2.16072407981689e-05
45126,2.15727604687512e-05
45125,2.15383237511061e-05
45124,2.15039306120765e-05
45123,2.14695810184886e-05
45122,2.14352749371526e-05
45121,2.1401012334863e-05
45120,2.13667931783979e-05
45119,2.13310650225745e-05
45118,2.12953842776342e-05
45117,2.12597509055608e-05
45116,2.12241648683187e-05
45115,2.11886261278545e-05
45114,2.11531346460963e-05
45113,2.11176903849538e-05
45112,2.10822933063189e-05
45111,2.10469433720647e-05
45110,2.10116405440471e-05
45109,2.0976384784104e-05
45108,2.09411760540555e-05
45107,2.09060143157045e-05
45106,2.08708995308358e-05
45105,2.08358316612174e-05
45104,2.08008106686001e-05
45103,2.07658365147174e-05
45102,2.07309091612862e-05
45101,2.06960285700058e-05
45100,2.06611947025593e-05
45099,2.06252206268925e-05
45098,2.05892968712387e-05
45097,2.05534233914258e-05
45096,2.0517600143265e-05
45095,2.04818270825527e-05
45094,2.04461041650692e-05
45093,2.04104313465793e-05
45092,2.03748085828332e-05
45091,2.0339235829565e-05
45090,2.03037130424948e-05
45089,2.02682401773272e-05
45088,2.0232817189752e-05
45087,2.01974440354452e-05
45086,2.01621206700673e-05
45085,2.01268470492655e-05
45084,2.00916231286722e-05
45083,2.00564488639057e-05
45082,2.00213242105712e-05
45081,1.9986249124259e-05
45080,1.9951223560547e-05
45079,1.99152857521602e-05
45078,1.98793993282353e-05
45077,1.98435642446319e-05
45076,1.98077804571844e-05
45075,1.97720479217034e-05
45074,1.97363665939744e-05
45073,1.97007364297589e-05
45072,1.9665157384795e-05
45071,1.96296294147959e-05
45070,1.95941524754522e-05
45069,1.95587265224301e-05
45068,1.95233515113725e-05
45067,1.94880273978998e-05
45066,1.94527541376083e-05
45065,1.94175316860726e-05
45064,1.93823599988434e-05
45063,1.93472390314494e-05
45062,1.9312168739397e-05
45061,1.92771490781699e-05
45060,1.92421800032302e-05
45059,1.9208507756057e-05
45058,1.9174883755581e-05
45057,1.91413079561502e-05
45056,1.91077803121047e-05
45055,1.90743007777781e-05
45054,1.90408693074962e-05
45053,1.90074858555781e-05
45052,1.89741503763364e-05
45051,1.89408628240763e-05
45050,1.89076231530973e-05
45049,1.88744313176917e-05
45048,1.88412872721457e-05
45047,1.88081909707398e-05
45046,1.87751423677476e-05
45045,1.87421414174377e-05
45044,1.87091880740722e-05
45043,1.86762822919076e-05
45042,1.86434240251956e-05
45041,1.86106132281815e-05
45040,1.85778498551061e-05
45039,1.85448244803884e-05
45038,1.85118467606457e-05
45037,1.84789166509656e-05
45036,1.84460341064269e-05
45035,1.84131990821018e-05
45034,1.8380411533054e-05
45033,1.83476714143403e-05
45032,1.83149786810105e-05
45031,1.82823332881065e-05
45030,1.82497351906639e-05
45029,1.82171843437111e-05
45028,1.81846807022694e-05
45027,1.81522242213543e-05
45026,1.81198148559739e-05
45025,1.80874525611307e-05
45024,1.80551372918203e-05
45023,1.80228690030322e-05
45022,1.79906476497506e-05
45021,1.79584731869528e-05
45020,1.79263455696112e-05
45019,1.7892178628138e-05
45018,1.78580659949238e-05
45017,1.78240076104842e-05
45016,1.77900034153354e-05
45015,1.77560533499932e-05
45014,1.77221573549741e-05
45013,1.76883153707955e-05
45012,1.76545273379748e-05
45011,1.76207931970311e-05
45010,1.75871128884839e-05
45009,1.75534863528546e-05
45008,1.75199135306662e-05
45007,1.74863943624425e-05
45006,1.74529287887102e-05
45005,1.74195167499973e-05
45004,1.73861581868343e-05
45003,1.73528530397544e-05
45002,1.73196012492928e-05
45001,1.72864027559879e-05
45000,1.72532575003808e-05
44999,1.72204693850213e-05
44998,1.71877343113449e-05
44997,1.71550522181118e-05
44996,1.71224230440905e-05
44995,1.70898467280563e-05
44994,1.70573232087931e-05
44993,1.70248524250927e-05
44992,1.69924343157547e-05
44991,1.6960068819588e-05
44990,1.6927755875409e-05
44989,1.68954954220439e-05
44988,1.68632873983274e-05
44987,1.68311317431033e-05
44986,1.67990283952251e-05
44985,1.67669772935552e-05
44984,1.67349783769663e-05
44983,1.67030315843409e-05
44982,1.66711368545712e-05
44981,1.66392941265602e-05
44980,1.66075033392205e-05
44979,1.65770309554072e-05
44978,1.65466064812452e-05
44977,1.65162298621712e-05
44976,1.64859010436317e-05
44975,1.64556199710837e-05
44974,1.64253865899943e-05
44973,1.63952008458413e-05
44972,1.6365062684113e-05
44971,1.63349720503085e-05
44970,1.63049288899378e-05
44969,1.62749331485222e-05
44968,1.62449847715938e-05
44967,1.62150837046964e-05
44966,1.61852298933851e-05
44965,1.61554232832269e-05
44964,1.61256638198002e-05
44963,1.60959514486957e-05
44962,1.60662861155159e-05
44961,1.60366677658757e-05
44960,1.60070963454022e-05
44959,1.59748108997606e-05
44958,1.59425802281558e-05
44957,1.59104042645415e-05
44956,1.58782829428835e-05
44955,1.58462161971589e-05
44954,1.58142039613569e-05
44953,1.57822461694788e-05
44952,1.57503427555382e-05
44951,1.57184936535618e-05
44950,1.56866987975882e-05
44949,1.56549581216696e-05
44948,1.56232715598708e-05
44947,1.55916390462701e-05
44946,1.55600605149596e-05
44945,1.55285359000448e-05
44944,1.54970651356451e-05
44943,1.54656481558938e-05
44942,1.54342848949387e-05
44941,1.54029752869422e-05
44940,1.53717192660809e-05
44939,1.53402154755188e-05
44938,1.53087654636093e-05
44937,1.5277369165756e-05
44936,1.52460265173742e-05
44935,1.521473745389e-05
44934,1.51835019107406e-05
44933,1.51523198233753e-05
44932,1.51211911272543e-05
44931,1.50901157578508e-05
44930,1.50590936506492e-05
44929,1.50281247411464e-05
44928,1.49972089648518e-05
44927,1.49663462572874e-05
44926,1.49355365539881e-05
44925,1.49047797905017e-05
44924,1.48740759023892e-05
44923,1.48434248252248e-05
44922,1.48128264945962e-05
44921,1.47822808461053e-05
44920,1.47517878153673e-05
44919,1.47210501626534e-05
44918,1.46903654829096e-05
44917,1.46597337124232e-05
44916,1.46291547874923e-05
44915,1.45986286444253e-05
44914,1.45681552195411e-05
44913,1.45377344491699e-05
44912,1.45073662696524e-05
44911,1.44770506173413e-05
44910,1.44467874286002e-05
44909,1.44165766398043e-05
44908,1.43864181873409e-05
44907,1.43563120076086e-05
44906,1.43262580370191e-05
44905,1.42962562119956e-05
44904,1.42663064689741e-05
44903,1.42364087444031e-05
44902,1.42065629747441e-05
44901,1.41767690964716e-05
44900,1.41470270460731e-05
44899,1.41164624635215e-05
44898,1.40859519159232e-05
44897,1.40554953385804e-05
44896,1.40250926667977e-05
44895,1.39947438358806e-05
44894,1.39644487811373e-05
44893,1.39342074378781e-05
44892,1.39040197414156e-05
44891,1.38738856270657e-05
44890,1.38438050301468e-05
44889,1.38137778859804e-05
44888,1.37838041298916e-05
44887,1.37538836972089e-05
44886,1.37240165232648e-05
44885,1.36942025433955e-05
44884,1.36644416929417e-05
44883,1.36347339072483e-05
44882,1.36050791216648e-05
44881,1.35754772715458e-05
44880,1.35459282922507e-05
44879,1.351564301115e-05
44878,1.34854134397398e-05
44877,1.34552395070424e-05
44876,1.3425121142091e-05
44875,1.3395058273931e-05
44874,1.33650508316193e-05
44873,1.33350987442247e-05
44872,1.33052019408286e-05
44871,1.32753603505243e-05
44870,1.32455739024183e-05
44869,1.32158425256298e-05
44868,1.31861661492911e-05
44867,1.31565447025481e-05
44866,1.31269781145597e-05
44865,1.30974663144989e-05
44864,1.30680092315529e-05
44863,1.30386067949227e-05
44862,1.30092589338242e-05
44861,1.29799655774873e-05
44860,1.29507266551573e-05
44859,1.29209963702371e-05
44858,1.28913223582869e-05
44857,1.28617045459632e-05
44856,1.28321428599301e-05
44855,1.28026372268603e-05
44854,1.27731875734346e-05
44853,1.27437938263426e-05
44852,1.27144559122828e-05
44851,1.26851737579625e-05
44850,1.26559472900991e-05
44849,1.26267764354192e-05
44848,1.25976611206596e-05
44847,1.25686012725673e-05
44846,1.25395968178995e-05
44845,1.25106476834242e-05
44844,1.24817537959208e-05
44843,1.24529150821794e-05
44842,1.2424131469002e-05
44841,1.23954028832018e-05
44840,1.23667292516046e-05
44839,1.23371174477464e-05
44838,1.23075643121492e-05
44837,1.22780697637712e-05
44836,1.22486337215857e-05
44835,1.22192561045817e-05
44834,1.21899368317644e-05
44833,1.21606758221547e-05
44832,1.21314729947909e-05
44831,1.21023282687273e-05
44830,1.2073241563036e-05
44829,1.20442127968062e-05
44828,1.20152418891447e-05
44827,1.19863287591766e-05
44826,1.19574733260449e-05
44825,1.19286755089118e-05
44824,1.18999352269578e-05
44823,1.18712523993825e-05
44822,1.18426269454054e-05
44821,1.18140587842652e-05
44820,1.17855478352211e-05
44819,1.17563902731809e-05
44818,1.17272925836487e-05
44817,1.16982546793591e-05
44816,1.16692764730749e-05
44815,1.16403578775878e-05
44814,1.16114988057182e-05
44813,1.15826991703157e-05
44812,1.15539588842593e-05
44811,1.15252778604579e-05
44810,1.14966560118505e-05
44809,1.14680932514061e-05
44808,1.14395894921248e-05
44807,1.14111446470372e-05
44806,1.13827586292053e-05
44805,1.13544313517225e-05
44804,1.1326162727714e-05
44803,1.1297952670337e-05
44802,1.12698010927811e-05
44801,1.12417079082685e-05
44800,1.12136730300541e-05
44799,1.11841060955585e-05
44798,1.11546042004445e-05
44797,1.11251672412654e-05
44796,1.10957951146238e-05
44795,1.1066487717171e-05
44794,1.10372449456078e-05
44793,1.1008066696685e-05
44792,1.09789528672034e-05
44791,1.09499033540148e-05
44790,1.09209180540212e-05
44789,1.08919968641762e-05
44788,1.08631396814847e-05
44787,1.08343464030036e-05
44786,1.0805616925842e-05
44785,1.07769511471616e-05
44784,1.07483489641766e-05
44783,1.07198102741547e-05
44782,1.06913349744169e-05
44781,1.06629229623384e-05
44780,1.06345741353481e-05
44779,1.06071641214726e-05
44778,1.05798132426487e-05
44777,1.05525214057346e-05
44776,1.05252885176375e-05
44775,1.04981144853132e-05
44774,1.0470999215767e-05
44773,1.0443942616054e-05
44772,1.04169445932784e-05
44771,1.03900050545953e-05
44770,1.03631239072092e-05
44769,1.03363010583761e-05
44768,1.03095364154025e-05
44767,1.02828298856457e-05
44766,1.02561813765152e-05
44765,1.02295907954714e-05
44764,1.0203058050027e-05
44763,1.01765830477471e-05
44762,1.01501656962487e-05
44761,1.0123805903202e-05
44760,1.00975035763298e-05
44759,1.00689667959911e-05
44758,1.00404979712638e-05
44757,0
44756,0
44755,0
44754,0
44753,0
44752,0
44751,0
44750,0
44749,0
44748,0
44747,0
44746,0
44745,0
44744,0
44743,0
44742,0
44741,0
44740,0
44739,0
44738,0
44737,0
44736,0
44735,0
44734,0
44733,0
44732,0
44731,0
44730,0
44729,0
44728,0
44727,0
44726,0
44725,0
44724,0
44723,0
44722,0
44721,0
44720,0
44719,0
44718,0
44717,0
44716,0
44715,0
44714,0
44713,0
44712,0
44711,0
44710,0
44709,0
44708,0
44707,0
44706,0
44705,0
44704,0
44703,0
44702,0
44701,0
44700,0
44699,0
44698,0
44697,0
44696,0
44695,0
44694,0
44693,0
44692,0
44691,0
44690,0
44689,0
44688,0
44687,0
44686,0
44685,0
44684,0
44683,0
44682,0
44681,0
44680,0
44679,0
44678,0
44677,0
44676,0
44675,0
44674,0
44673,0
44672,0
44671,0
44670,0
44669,0
44668,0
44667,0
44666,0
44665,0
44664,0
44663,0
44662,0
44661,0
44660,0
44659,0
44658,0
44657,0
44656,0
44655,0
44654,0
44653,0
44652,0
44651,0
44650,0
44649,0
44648,0
44647,0
44646,0
44645,0
44644,0
44643,0
44642,0
44641,0
44640,0
44639,0
44638,0
44637,0
44636,0
44635,0
44634,0
44633,0
44632,0
44631,0
44630,0
44629,0
44628,0
44627,0
44626,0
44625,0
44624,0
44623,0
44622,0
44621,0
44620,0
44619,0
44618,0
44617,0
44616,0
44615,0
44614,0
44613,0
44612,0
44611,0
44610,0
44609,0
44608,0
44607,0
44606,0
44605,0
44604,0
44603,0
44602,0
44601,0
44600,0
44599,0
44598,0
44597,0
44596,0
44595,0
44594,0
44593,0
44592,0
44591,0
44590,0
44589,0
44588,0
44587,0
44586,0
44585,0
44584,0
44583,0
44582,0
44581,0
44580,0
44579,0
44578,0
44577,0
44576,0
44575,0
44574,0
44573,0
44572,0
44571,0
44570,0
44569,0
44568,0
44567,0
44566,0
44565,0
44564,0
44563,0
44562,0
44561,0
44560,0
44559,0
44558,0
44557,0
44556,0
44555,0
44554,0
44553,0
44552,0
44551,0
44550,0
44549,0
44548,0
44547,0
44546,0
44545,0
44544,0
44543,0
44542,0
44541,0
44540,0
44539,0
44538,0
44537,0
44536,0
44535,0
44534,0
44533,0
44532,0
44531,0
44530,0
44529,0
44528,0
44527,0
44526,0
44525,0
44524,0
44523,0
44522,0
44521,0
44520,0
44519,0
44518,0
44517,0
44516,0
44515,0
44514,0
44513,0
44512,0
44511,0
44510,0
44509,0
44508,0
44507,0
44506,0
44505,0
44504,0
44503,0
44502,0
44501,0
44500,0
44499,0
44498,0
44497,0
44496,0
44495,0
44494,0
44493,0
44492,0
44491,0
44490,0
44489,0
44488,0
44487,0
44486,0
44485,0
44484,0
44483,0
44482,0
44481,0
44480,0
44479,0
44478,0
44477,0
44476,0
44475,0
44474,0
44473,0
44472,0
44471,0
44470,0
44469,0
44468,0
44467,0
44466,0
44465,0
44464,0
44463,0
44462,0
44461,0
44460,0
44459,0
44458,0
44457,0
44456,0
44455,0
44454,0
44453,0
44452,0
44451,0
44450,0
44449,0
44448,0
44447,0
44446,0
44445,0
44444,0
44443,0
44442,0
44441,0
44440,0
44439,0
44438,0
44437,0
44436,0
44435,0
44434,0
44433,0
44432,0
44431,0
44430,0
44429,0
44428,0
44427,0
44426,0
44425,0
44424,0
44423,0
44422,0
44421,0
44420,0
44419,0
44418,0
44417,0
44416,0
44415,0
44414,0
44413,0
44412,0
44411,0
44410,0
44409,0
44408,0
44407,0
44406,0
44405,0
44404,0
44403,0
44402,0
44401,0
44400,0
44399,0
44398,0
44397,0
44396,0
44395,0
44394,0
44393,0
44392,0
44391,0
44390,0
44389,0
44388,0
44387,0
44386,0
44385,0
44384,0
44383,0
44382,0
44381,0
44380,0
44379,0
44378,0
44377,0
44376,0
44375,0
44374,0
44373,0
44372,0
44371,0
44370,0
44369,0
44368,0
44367,0
44366,0
44365,0
44364,0
44363,0
44362,0
44361,0
44360,0
44359,0
44358,0
44357,0
44356,0
44355,0
44354,0
44353,0
44352,0
44351,0
44350,0
44349,0
44348,0
44347,0
44346,0
44345,0
44344,0
44343,0
44342,0
44341,0
44340,0
44339,0
44338,0
44337,0
44336,0
44335,0
44334,0
44333,0
44332,0
44331,0
44330,0
44329,0
44328,0
44327,0
44326,0
44325,0
44324,0
44323,0
44322,0
44321,0
44320,0
44319,0
44318,0
44317,0
44316,0
44315,0
44314,0
44313,0
44312,0
44311,0
44310,0
44309,0
44308,0
44307,0
44306,0
44305,0
44304,0
44303,0
44302,0
44301,0
44300,0
44299,0
44298,0
44297,0
44296,0
44295,0
44294,0
44293,0
44292,0
44291,0
44290,0
44289,0
44288,0
44287,0
44286,0
44285,0
44284,0
44283,0
44282,0
44281,0
44280,0
44279,0
44278,0
44277,0
44276,0
44275,0
44274,0
44273,0
44272,0
44271,0
44270,0
44269,0
44268,0
44267,0
44266,0
44265,0
44264,0
44263,0
44262,0
44261,0
44260,0
44259,0
44258,0
44257,0
44256,0
44255,0
44254,0
44253,0
44252,0
44251,0
44250,0
44249,0
44248,0
44247,0
44246,0
44245,0
44244,0
44243,0
44242,0
44241,0
44240,0
44239,0
44238,0
44237,0
44236,0
44235,0
44234,0
44233,0
44232,0
44231,0
44230,0
44229,0
44228,0
44227,0
44226,0
44225,0
44224,0
44223,0
44222,0
44221,0
44220,0
44219,0
44218,0
44217,0
44216,0
44215,0
44214,0
44213,0
44212,0
44211,0
44210,0
44209,0
44208,0
44207,0
44206,0
44205,0
44204,0
44203,0
44202,0
44201,0
44200,0
44199,0
44198,0
44197,0
44196,0
44195,0
44194,0
44193,0
44192,0
44191,0
44190,0
44189,0
44188,0
44187,0
44186,0
44185,0
44184,0
44183,0
44182,0
44181,0
44180,0
44179,0
44178,0
44177,0
44176,0
44175,0
44174,0
44173,0
44172,0
44171,0
44170,0
44169,0
44168,0
44167,0
44166,0
44165,0
44164,0
44163,0
44162,0
44161,0
44160,0
44159,0
44158,0
44157,0
44156,0
44155,0
44154,0
44153,0
44152,0
44151,0
44150,0
44149,0
44148,0
44147,0
44146,0
44145,0
44144,0
44143,0
44142,0
44141,0
44140,0
44139,0
44138,0
44137,0
44136,0
44135,0
44134,0
44133,0
44132,0
44131,0
44130,0
44129,0
44128,0
44127,0
44126,0
44125,0
44124,0
44123,0
44122,0
44121,0
44120,0
44119,0
44118,0
44117,0
44116,0
44115,0
44114,0
44113,0
44112,0
44111,0
44110,0
44109,0
44108,0
44107,0
44106,0
44105,0
44104,0
44103,0
44102,0
44101,0
44100,0
44099,0
44098,0
44097,0
44096,0
44095,0
44094,0
44093,0
44092,0
44091,0
44090,0
44089,0
44088,0
44087,0
44086,0
44085,0
44084,0
44083,0
44082,0
44081,0
44080,0
44079,0
44078,0
44077,0
44076,0
44075,0
44074,0
44073,0
44072,0
44071,0
44070,0
44069,0
44068,0
44067,0
44066,0
44065,0
44064,0
44063,0
44062,0
44061,0
44060,0
44059,0
44058,0
44057,0
44056,0
44055,0
44054,0
44053,0
44052,0
44051,0
44050,0
44049,0
44048,0
44047,0
44046,0
44045,0
44044,0
44043,0
44042,0
44041,0
44040,0
44039,0
44038,0
44037,0
44036,0
44035,0
44034,0
44033,0
44032,0
44031,0
44030,0
44029,0
44028,0
44027,0
44026,0
44025,0
44024,0
44023,0
44022,0
44021,0
44020,0
44019,0
44018,0
44017,0
44016,0
44015,0
44014,0
44013,0
44012,0
44011,0
44010,0
44009,0
44008,0
44007,0
44006,0
44005,0
44004,0
44003,0
44002,0
44001,0
44000,0
43999,0
43998,0
43997,0
43996,0
43995,0
43994,0
43993,0
43992,0
43991,0
43990,0
43989,0
43988,0
43987,0
43986,0
43985,0
43984,0
43983,0
43982,0
43981,0
43980,0
43979,0
43978,0
43977,0
43976,0
43975,0
43974,0
43973,0
43972,0
43971,0
43970,0
43969,0
43968,0
43967,0
43966,0
43965,0
43964,0
43963,0
43962,0
43961,0
43960,0
43959,0
43958,0
43957,0
43956,0
43955,0
43954,0
43953,0
43952,0
43951,0
43950,0
43949,0
43948,0
43947,0
43946,0
43945,0
43944,0
43943,0
43942,0
43941,0
43940,0
43939,0
43938,0
43937,0
43936,0
43935,0
43934,0
43933,0
43932,0
43931,0
43930,0
43929,0
43928,0
43927,0
43926,0
43925,0
43924,0
43923,0
43922,0
43921,0
43920,0
43919,0
43918,0
43917,0
43916,0
43915,0
43914,0
43913,0
43912,0
43911,0
43910,0
43909,0
43908,0
43907,0
43906,0
43905,0
43904,0
43903,0
43902,0
43901,0
43900,0
43899,0
43898,0
43897,0
43896,0
43895,0
43894,0
43893,0
43892,0
43891,0
43890,0
43889,0
43888,0
43887,0
43886,0
43885,0
43884,0
43883,0
43882,0
43881,0
43880,0
43879,0
43878,0
43877,0
43876,0
43875,0
43874,0
43873,0
43872,0
43871,0
43870,0
43869,0
43868,0
43867,0
43866,0
43865,0
43864,0
43863,0
43862,0
43861,0
43860,0
43859,0
43858,0
43857,0
43856,0
43855,0
43854,0
43853,0
43852,0
43851,0
43850,0
43849,0
43848,0
43847,0
43846,0
43845,0
43844,0
43843,0
43842,0
43841,0
43840,0
43839,0
43838,0
43837,0
43836,0
43835,0
43834,0
43833,0
43832,0
43831,0
43830,0
43829,0
43828,0
43827,0
43826,0
43825,0
43824,0
43823,0
43822,0
43821,0
43820,0
43819,0
43818,0
43817,0
43816,0
43815,0
43814,0
43813,0
43812,0
43811,0
43810,0
43809,0
43808,0
43807,0
43806,0
43805,0
43804,0
43803,0
43802,0
43801,0
43800,0
43799,0
43798,0
43797,0
43796,0
43795,0
43794,0
43793,0
43792,0
43791,0
43790,0
43789,0
43788,0
43787,0
43786,0
43785,0
43784,0
43783,0
43782,0
43781,0
43780,0
43779,0
43778,0
43777,0
43776,0
43775,0
43774,0
43773,0
43772,0
43771,0
43770,0
43769,0
43768,0
43767,0
43766,0
43765,0
43764,0
43763,0
43762,0
43761,0
43760,0
43759,0
43758,0
43757,0
43756,0
43755,0
43754,0
43753,0
43752,0
43751,0
43750,0
43749,0
43748,0
43747,0
43746,0
43745,0
43744,0
43743,0
43742,0
43741,0
43740,0
43739,0
43738,0
43737,0
43736,0
43735,0
43734,0
43733,0
43732,0
43731,0
43730,0
43729,0
43728,0
43727,0
43726,0
43725,0
43724,0
43723,0
43722,0
43721,0
43720,0
43719,0
43718,0
43717,0
43716,0
43715,0
43714,0
43713,0
43712,0
43711,0
43710,0
43709,0
43708,0
43707,0
43706,0
43705,0
43704,0
43703,0
43702,0
43701,0
43700,0
43699,0
43698,0
43697,0
43696,0
43695,0
43694,0
43693,0
43692,0
43691,0
43690,0
43689,0
43688,0
43687,0
43686,0
43685,0
43684,0
43683,0
43682,0
43681,0
43680,0
43679,0
43678,0
43677,0
43676,0
43675,0
43674,0
43673,0
43672,0
43671,0
43670,0
43669,0
43668,0
43667,0
43666,0
43665,0
43664,0
43663,0
43662,0
43661,0
43660,0
43659,0
43658,0
43657,0
43656,0
43655,0
43654,0
43653,0
43652,0
43651,0
43650,0
43649,0
43648,0
43647,0
43646,0
43645,0
43644,0
43643,0
43642,0
43641,0
43640,0
43639,0
43638,0
43637,0
43636,0
43635,0
43634,0
43633,0
43632,0
43631,0
43630,0
43629,0
43628,0
43627,0
43626,0
43625,0
43624,0
43623,0
43622,0
43621,0
43620,0
43619,0
43618,0
43617,0
43616,0
43615,0
43614,0
43613,0
43612,0
43611,0
43610,0
43609,0
43608,0
43607,0
43606,0
43605,0
43604,0
43603,0
43602,0
43601,0
43600,0
43599,0
43598,0
43597,0
43596,0
43595,0
43594,0
43593,0
43592,0
43591,0
43590,0
43589,0
43588,0
43587,0
43586,0
43585,0
43584,0
43583,0
43582,0
43581,0
43580,0
43579,0
43578,0
43577,0
43576,0
43575,0
43574,0
43573,0
43572,0
43571,0
43570,0
43569,0
43568,0
43567,0
43566,0
43565,0
43564,0
43563,0
43562,0
43561,0
43560,0
43559,0
43558,0
43557,0
43556,0
43555,0
43554,0
43553,0
43552,0
43551,0
43550,0
43549,0
43548,0
43547,0
43546,0
43545,0
43544,0
43543,0
43542,0
43541,0
43540,0
43539,0
43538,0
43537,0
43536,0
43535,0
43534,0
43533,0
43532,0
43531,0
43530,0
43529,0
43528,0
43527,0
43526,0
43525,0
43524,0
43523,0
43522,0
43521,0
43520,0
43519,0
43518,0
43517,0
43516,0
43515,0
43514,0
43513,0
43512,0
43511,0
43510,0
43509,0
43508,0
43507,0
43506,0
43505,0
43504,0
43503,0
43502,0
43501,0
43500,0
43499,0
43498,0
43497,0
43496,0
43495,0
43494,0
43493,0
43492,0
43491,0
43490,0
43489,0
43488,0
43487,0
43486,0
43485,0
43484,0
43483,0
43482,0
43481,0
43480,0
43479,0
43478,0
43477,0
43476,0
43475,0
43474,0
43473,0
43472,0
43471,0
43470,0
43469,0
43468,0
43467,0
43466,0
43465,0
43464,0
43463,0
43462,0
43461,0
43460,0
43459,0
43458,0
43457,0
43456,0
43455,0
43454,0
43453,0
43452,0
43451,0
43450,0
43449,0
43448,0
43447,0
43446,0
43445,0
43444,0
43443,0
43442,0
43441,0
43440,0
43439,0
43438,0
43437,0
43436,0
43435,0
43434,0
43433,0
43432,0
43431,0
43430,0
43429,0
43428,0
43427,0
43426,0
43425,0
43424,0
43423,0
43422,0
43421,0
43420,0
43419,0
43418,0
43417,0
43416,0
43415,0
43414,0
43413,0
43412,0
43411,0
43410,0
43409,0
43408,0
43407,0
43406,0
43405,0
43404,0
43403,0
43402,0
43401,0
43400,0
43399,0
43398,0
43397,0
43396,0
43395,0
43394,0
43393,0
43392,0
43391,0
43390,0
43389,0
43388,0
43387,0
43386,0
43385,0
43384,0
43383,0
43382,0
43381,0
43380,0
43379,0
43378,0
43377,0
43376,0
43375,0
43374,0
43373,0
43372,0
43371,0
43370,0
43369,0
43368,0
43367,0
43366,0
43365,0
43364,0
43363,0
43362,0
43361,0
43360,0
43359,0
43358,0
43357,0
43356,0
43355,0
43354,0
43353,0
43352,0
43351,0
43350,0
43349,0
43348,0
43347,0
43346,0
43345,0
43344,0
43343,0
43342,0
43341,0
43340,0
43339,0
43338,0
43337,0
43336,0
43335,0
43334,0
43333,0
43332,0
43331,0
43330,0
43329,0
43328,0
43327,0
43326,0
43325,0
43324,0
43323,0
43322,0
43321,0
43320,0
43319,0
43318,0
43317,0
43316,0
43315,0
43314,0
43313,0
43312,0
43311,0
43310,0
43309,0
43308,0
43307,0
43306,0
43305,0
43304,0
43303,0
43302,0
43301,0
43300,0
43299,0
43298,0
43297,0
43296,0
43295,0
43294,0
43293,0
43292,0
43291,0
43290,0
43289,0
43288,0
43287,0
43286,0
43285,0
43284,0
43283,0
43282,0
43281,0
43280,0
43279,0
43278,0
43277,0
43276,0
43275,0
43274,0
43273,0
43272,0
43271,0
43270,0
43269,0
43268,0
43267,0
43266,0
43265,0
43264,0
43263,0
43262,0
43261,0
43260,0
43259,0
43258,0
43257,0
43256,0
43255,0
43254,0
43253,0
43252,0
43251,0
43250,0
43249,0
43248,0
43247,0
43246,0
43245,0
43244,0
43243,0
43242,0
43241,0
43240,0
43239,0
43238,0
43237,0
43236,0
43235,0
43234,0
43233,0
43232,0
43231,0
43230,0
43229,0
43228,0
43227,0
43226,0
43225,0
43224,0
43223,0
43222,0
43221,0
43220,0
43219,0
43218,0
43217,0
43216,0
43215,0
43214,0
43213,0
43212,0
43211,0
43210,0
43209,0
43208,0
43207,0
43206,0
43205,0
43204,0
43203,0
43202,0
43201,0
43200,0
43199,0
43198,0
43197,0
43196,0
43195,0
43194,0
43193,0
43192,0
43191,0
43190,0
43189,0
43188,0
43187,0
43186,0
43185,0
43184,0
43183,0
43182,0
43181,0
43180,0
43179,0
43178,0
43177,0
43176,0
43175,0
43174,0
43173,0
43172,0
43171,0
43170,0
43169,0
43168,0
43167,0
43166,0
43165,0
43164,0
43163,0
43162,0
43161,0
43160,0
43159,0
43158,0
43157,0
43156,0
43155,0
43154,0
43153,0
43152,0
43151,0
43150,0
43149,0
43148,0
43147,0
43146,0
43145,0
43144,0
43143,0
43142,0
43141,0
43140,0
43139,0
43138,0
43137,0
43136,0
43135,0
43134,0
43133,0
43132,0
43131,0
43130,0
43129,0
43128,0
43127,0
43126,0
43125,0
43124,0
43123,0
43122,0
43121,0
43120,0
43119,0
43118,0
43117,0
43116,0
43115,0
43114,0
43113,0
43112,0
43111,0
43110,0
43109,0
43108,0
43107,0
43106,0
43105,0
43104,0
43103,0
43102,0
43101,0
43100,0
43099,0
43098,0
43097,0
43096,0
43095,0
43094,0
43093,0
43092,0
43091,0
43090,0
43089,0
43088,0
43087,0
43086,0
43085,0
43084,0
43083,0
43082,0
43081,0
43080,0
43079,0
43078,0
43077,0
43076,0
43075,0
43074,0
43073,0
43072,0
43071,0
43070,0
43069,0
43068,0
43067,0
43066,0
43065,1.69205589871803e-05
43064,1.69954807903541e-05
43063,1.70706890314857e-05
43062,1.71461845754313e-05
43061,1.72219682885462e-05
43060,1.72980410386835e-05
43059,1.73806610059061e-05
43058,1.74636212025836e-05
43057,1.75469227317012e-05
43056,1.76305666982685e-05
43055,1.77145542093149e-05
43054,1.77988863738849e-05
43053,1.78835643030336e-05
43052,1.79685891098223e-05
43051,1.80539619093133e-05
43050,1.81396838185657e-05
43049,1.82257559566301e-05
43048,1.83121794445441e-05
43047,1.83989554053272e-05
43046,1.8486084963976e-05
43045,1.85735692474589e-05
43044,1.86614093847113e-05
43043,1.87496065066301e-05
43042,1.8838161746069e-05
43041,1.89270762378328e-05
43040,1.90163511186723e-05
43039,1.91059875272788e-05
43038,1.91959866042789e-05
43037,1.92863494922288e-05
43036,1.93770773356087e-05
43035,1.94681712808177e-05
43034,1.95596324761672e-05
43033,1.96514620718764e-05
43032,1.97436612200653e-05
43031,1.98362310747498e-05
43030,1.99291727918353e-05
43029,2.0022487529111e-05
43028,2.01161764462436e-05
43027,2.02102407047717e-05
43026,2.03046814680991e-05
43025,2.03994999014892e-05
43024,2.0494697172058e-05
43023,2.05902744487687e-05
43022,2.06862329024248e-05
43021,2.07825737056634e-05
43020,2.08792980329494e-05
43019,2.09844920691259e-05
43018,2.10901369948211e-05
43017,2.11962342855683e-05
43016,2.13027854192251e-05
43015,2.14097918759604e-05
43014,2.15172551382457e-05
43013,2.16251766908433e-05
43012,2.17335580207957e-05
43011,2.18424006174161e-05
43010,2.19517059722746e-05
43009,2.20614755791893e-05
43008,2.21717109342143e-05
43007,2.22824135356279e-05
43006,2.2393584883923e-05
43005,2.25052264817932e-05
43004,2.26173398341227e-05
43003,2.2729926447974e-05
43002,2.28429878325762e-05
43001,2.29565254993141e-05
43000,2.3070540961714e-05
42999,2.31869240509876e-05
42998,2.33038058508057e-05
42997,2.3421187981406e-05
42996,2.35390720654149e-05
42995,2.36574597278315e-05
42994,2.37763525960167e-05
42993,2.38957522996787e-05
42992,2.40156604708583e-05
42991,2.41360787439181e-05
42990,2.42570087555248e-05
42989,2.43784521446393e-05
42988,2.45004105525004e-05
42987,2.462288562261e-05
42986,2.47458790007215e-05
42985,2.4869392334822e-05
42984,2.49934272751211e-05
42983,2.51179854740348e-05
42982,2.52430685861692e-05
42981,2.53686782683093e-05
42980,2.54948161794e-05
42979,2.56243877259369e-05
42978,2.5754515408007e-05
42977,2.58852010072763e-05
42976,2.60164463077057e-05
42975,2.61482530955334e-05
42974,2.62806231592576e-05
42973,2.64135582896188e-05
42972,2.65470602795818e-05
42971,2.66811309243175e-05
42970,2.68157720211854e-05
42969,2.69509853697145e-05
42968,2.70867727715858e-05
42967,2.72231360306129e-05
42966,2.7360076952724e-05
42965,2.74975973459427e-05
42964,2.76356990203689e-05
42963,2.77743837881602e-05
42962,2.79136534635124e-05
42961,2.80535098626397e-05
42960,2.8193954803756e-05
42959,2.83467600230778e-05
42958,2.85002631149599e-05
42957,2.86544664341763e-05
42956,2.8809372338355e-05
42955,2.89649831879442e-05
42954,2.91213013461857e-05
42953,2.92783291790825e-05
42952,2.94360690553669e-05
42951,2.95945233464726e-05
42950,2.97536944264998e-05
42949,2.99135846721868e-05
42948,3.00741964628774e-05
42947,3.02355321804867e-05
42946,3.03975942094727e-05
42945,3.05603849368002e-05
42944,3.07239067519108e-05
42943,3.08881620466892e-05
42942,3.10531532154281e-05
42941,3.12188826547983e-05
42940,3.13853527638113e-05
42939,3.15569426010329e-05
42938,3.17293139108295e-05
42937,3.19024692474921e-05
42936,3.2076411167491e-05
42935,3.22511422294363e-05
42934,3.24266649940378e-05
42933,3.26029820240648e-05
42932,3.27800958843052e-05
42931,3.29580091415246e-05
42930,3.31367243644256e-05
42929,3.33162441236056e-05
42928,3.34965709915159e-05
42927,3.36777075424189e-05
42926,3.38596563523462e-05
42925,3.40424199990563e-05
42924,3.42260010619913e-05
42923,3.44104021222339e-05
42922,3.45956257624641e-05
42921,3.47816745669156e-05
42920,3.49685511213315e-05
42919,3.51610127528602e-05
42918,3.53543469155389e-05
42917,3.55485563589517e-05
42916,3.57436438338832e-05
42915,3.59396120922719e-05
42914,3.61364638871541e-05
42913,3.63342019726133e-05
42912,3.65328291037292e-05
42911,3.67323480365209e-05
42910,3.69327615278982e-05
42909,3.71340723356041e-05
42908,3.73362832181625e-05
42907,3.75393969348258e-05
42906,3.77434162455165e-05
42905,3.79483439107767e-05
42904,3.81541826917094e-05
42903,3.83609353499242e-05
42902,3.85686046474837e-05
42901,3.87771933468435e-05
42900,3.89867042107997e-05
42899,3.92012754587373e-05
42898,3.94168111906862e-05
42897,3.9633314335886e-05
42896,3.98507878236911e-05
42895,4.00692345835102e-05
42894,4.02886575447398e-05
42893,4.05090596367001e-05
42892,4.07304437885706e-05
42891,4.09528129293227e-05
42890,4.11761699876573e-05
42889,4.14005178919368e-05
42888,4.16258595701189e-05
42887,4.18521979496908e-05
42886,4.20795359575999e-05
42885,4.23078765201896e-05
42884,4.25372225631294e-05
42883,4.27675770113475e-05
42882,4.29989427889628e-05
42881,4.32313228192136e-05
42880,4.34647200243924e-05
42879,4.36924261968807e-05
42878,4.39211055972701e-05
42877,4.41507609987738e-05
42876,4.43813951740242e-05
42875,4.4613010895017e-05
42874,4.4845610933044e-05
42873,4.50791980586328e-05
42872,4.53137750414862e-05
42871,4.55493446504141e-05
42870,4.57859096532756e-05
42869,4.60234728169106e-05
42868,4.62620369070778e-05
42867,4.65016046883923e-05
42866,4.67421789242561e-05
42865,4.69837623767988e-05
42864,4.72263578068073e-05
42863,4.74699679736619e-05
42862,4.77145956352735e-05
42861,4.7960243548011e-05
42860,4.82069144666416e-05
42859,4.844969970548e-05
42858,4.86934732962687e-05
42857,4.89382378307658e-05
42856,4.91839958990105e-05
42855,4.94307500892613e-05
42854,4.96785029879345e-05
42853,4.99272571795413e-05
42852,5.0177015246626e-05
42851,5.04277797697024e-05
42850,5.06795533271916e-05
42849,5.0932338495358e-05
42848,5.11861378482459e-05
42847,5.14409539576156e-05
42846,5.16967893928795e-05
42845,5.1953646721037e-05
42844,5.22115285066104e-05
42843,5.24704373115798e-05
42842,5.27303756953175e-05
42841,5.2991346214523e-05
42840,5.32533514231567e-05
42839,5.35228958471862e-05
42838,5.37935268082514e-05
42837,5.40652469853745e-05
42836,5.43380590540086e-05
42835,5.4611965685969e-05
42834,5.48869695493524e-05
42833,5.51630733084644e-05
42832,5.54402796237453e-05
42831,5.57185911516894e-05
42830,5.59980105447744e-05
42829,5.62785404513796e-05
42828,5.65601835157114e-05
42827,5.68429423777284e-05
42826,5.71268196730587e-05
42825,5.74118180329281e-05
42824,5.7697940084077e-05
42823,5.79851884486842e-05
42822,5.8273565744291e-05
42821,5.85630745837167e-05
42820,5.88537175749859e-05
42819,5.91327539780544e-05
42818,5.94128378398498e-05
42817,5.96939714853567e-05
42816,5.99761572354923e-05
42815,6.02593974070353e-05
42814,6.05436943125655e-05
42813,6.08290502603954e-05
42812,6.11154675545021e-05
42811,6.14029484944666e-05
42810,6.16914953754003e-05
42809,6.19811104878847e-05
42808,6.22717961179017e-05
42807,6.25635545467636e-05
42806,6.28563880510523e-05
42805,6.31502989025442e-05
42804,6.3445289368149e-05
42803,6.37413617098389e-05
42802,6.40385181845774e-05
42801,6.43367610442577e-05
42800,6.46360925356265e-05
42799,6.49328522603216e-05
42798,6.52306687709549e-05
42797,6.5529544116636e-05
42796,6.58294803409498e-05
42795,6.61304794818869e-05
42794,6.64325435717841e-05
42793,6.67356746372589e-05
42792,6.70398746991445e-05
42791,6.73451457724293e-05
42790,6.76514898661864e-05
42789,6.79589089835134e-05
42788,6.82674051214658e-05
42787,6.85769802709916e-05
42786,6.888763641687e-05
42785,6.91993755376398e-05
42784,6.95121996055388e-05
42783,6.98261105864361e-05
42782,7.01411104397666e-05
42781,7.0457201118468e-05
42780,7.07743845689095e-05
42779,7.10833944070879e-05
42778,7.139344846581e-05
42777,7.1704548609444e-05
42776,7.20166966966077e-05
42775,7.23298945801155e-05
42774,7.2644144106914e-05
42773,7.29594471180239e-05
42772,7.32758054484805e-05
42771,7.35932209272699e-05
42770,7.39116953772748e-05
42769,7.42312306152099e-05
42768,7.45518284515625e-05
42767,7.48734906905328e-05
42766,7.51962191299693e-05
42765,7.55200155613139e-05
42764,7.58448817695366e-05
42763,7.61708195330757e-05
42762,7.64978306237771e-05
42761,7.68259168068293e-05
42760,7.71550798407074e-05
42759,7.74724700912678e-05
42758,7.7790852961327e-05
42757,7.81102299483414e-05
42756,7.84306025437236e-05
42755,7.87519722327932e-05
42754,7.90743404947259e-05
42753,7.93977088025046e-05
42752,7.97220786228681e-05
42751,8.00474514162619e-05
42750,8.03738286367875e-05
42749,8.07012117321522e-05
42748,8.10296021436184e-05
42747,8.13590013059538e-05
42746,8.16894106473798e-05
42745,8.20208315895218e-05
42744,8.23532655473581e-05
42743,8.26867139291689e-05
42742,8.30211781364859e-05
42741,8.33566595640408e-05
42740,8.3693159599715e-05
42739,8.40231377464356e-05
42738,8.43540922819339e-05
42737,8.46860244850193e-05
42736,8.50189356280634e-05
42735,8.53528269769455e-05
42734,8.56876997910147e-05
42733,8.60235553230401e-05
42732,8.63603948191616e-05
42731,8.66982195188514e-05
42730,8.70370306548597e-05
42729,8.73768294531749e-05
42728,8.77176171329754e-05
42727,8.80593949065789e-05
42726,8.84021639794048e-05
42725,8.87459255499177e-05
42724,8.90906808095899e-05
42723,8.94364309428507e-05
42722,8.97831771270369e-05
42721,9.0130920532354e-05
42720,9.04796623218204e-05
42719,9.08214123244489e-05
42718,9.11641179762742e-05
42717,9.15077803434178e-05
42716,9.18524004852891e-05
42715,9.21979794545366e-05
42714,9.25445182970107e-05
42713,9.2892018051721e-05
42712,9.32404797507931e-05
42711,9.35899044194311e-05
42710,9.3940293075869e-05
42709,9.42916467313336e-05
42708,9.46439663900007e-05
42707,9.49972530489523e-05
42706,9.53515076981395e-05
42705,9.5706731320333e-05
42704,9.60629248910856e-05
42703,9.64200893786893e-05
42702,9.67782257441319e-05
42701,9.71373349410594e-05
42700,9.74974179157267e-05
42699,9.78514413800202e-05
42698,9.8206397571756e-05
42697,9.85622873196974e-05
42696,9.89191114455304e-05
42695,9.92768707638336e-05
42694,9.96355660820356e-05
42693,9.99951982003788e-05
42692,0.000100355767911884
42691,0.000100717276002306
42690,0.000101079723250105
42689,0.000101443110426405
42688,0.000101807438294956
42687,0.000102172707612097
42686,0.000102538919126717
42685,0.00010290607358022
42684,0.000103274171706486
42683,0.000103643214231836
42682,0.000104013201874991
42681,0.000104384135347034
42680,0.000104756015351377
42679,0.000105146619900196
42678,0.000105538264827818
42677,0.000105930950915632
42676,0.000106324678935603
42675,0.000106719449650217
42674,0.00010711526381244
42673,0.00010751212216567
42672,0.000107910025443682
42671,0.000108308974370595
42670,0.00010870896966081
42669,0.000109110012018972
42668,0.000109512102139922
42667,0.000109915240708645
42666,0.00011031942840023
42665,0.000110724665879813
42664,0.000111130953802542
42663,0.000111538292813522
42662,0.000111946683547767
42661,0.000112356126630159
42660,0.000112766622675395
42659,0.000113178172287946
42658,0.000113590776062005
42657,0.000114004434581441
42656,0.000114419148419757
42655,0.000114834918140033
42654,0.000115251744294892
42653,0.000115669627426444
42652,0.00011608856806624
42651,0.000116508566735233
42650,0.000116929623943718
42649,0.0001173517401913
42648,0.000117774915966838
42647,0.0001181991517484
42646,0.000118624448003221
42645,0.000119050805187647
42644,0.000119478223747102
42643,0.000119906704116032
42642,0.000120336246717858
42641,0.000120766851964939
42640,0.000121198520258513
42639,0.000121631251988663
42638,0.000122065047534266
42637,0.000122499907262942
42636,0.000122935831531019
42635,0.000123372820683473
42634,0.000123810875053899
42633,0.000124249994964451
42632,0.000124690180725801
42631,0.000125131432637099
42630,0.000125573750985916
42629,0.000126017136048209
42628,0.000126461588088273
42627,0.00012690710735869
42626,0.00012735369410029
42625,0.000127801348542103
42624,0.000128250070901316
42623,0.000128699861383227
42622,0.000129150720181195
42621,0.000129602647476605
42620,0.000130055643438813
42619,0.000130531841934683
42618,0.000131009209703152
42617,0.000131487746840168
42616,0.000131967453426772
42615,0.000132448329529051
42614,0.000132930375198078
42613,0.00013341359046986
42612,0.000133897975365286
42611,0.000134383529890065
42610,0.00013487025403468
42609,0.000135358147774327
42608,0.000135847211068866
42607,0.000136337443862766
42606,0.000136828846085047
42605,0.000137321417649234
42604,0.000137815158453297
42603,0.000138310068379598
42602,0.000138806147294847
42601,0.000139303395050032
42600,0.000139801811480387
42599,0.00014031223774788
42598,0.000140823883641938
42597,0.000141336748936845
42596,0.00014185083338948
42595,0.000142366136739262
42594,0.000142882658708091
42593,0.000143400399000288
42592,0.000143919357302542
42591,0.000144439533283846
42590,0.000144960926595448
42589,0.000145483536870789
42588,0.000146007363725448
42587,0.000146532406757089
42586,0.000147058665545395
42585,0.000147586139652023
42584,0.000148114828620544
42583,0.000148644731976386
42582,0.000149175849226781
42581,0.000149708179860705
42580,0.000150241723348834
42579,0.00015079771628681
42578,0.000151355027069314
42577,0.00015191365510941
42576,0.000152473599798652
42575,0.000153034860507006
42574,0.00015359743658279
42573,0.000154161327352604
42572,0.00015472653212126
42571,0.000155293050171725
42570,0.000155860880765043
42569,0.00015643002314028
42568,0.000157000476514454
42567,0.000157572240082464
42566,0.000158145313017039
42565,0.000158719694468657
42564,0.000159295383565495
42563,0.000159872379413359
42562,0.000160450681095615
42561,0.000161030287673137
42560,0.000161611198184234
42559,0.000162205307111662
42558,0.00016280077164238
42557,0.000163397590681557
42556,0.000163995763109634
42555,0.000164595287782249
42554,0.000165196163530175
42553,0.000165798389159248
42552,0.000166401963450306
42551,0.000167006885159117
42550,0.000167613153016317
42549,0.000168220765727343
42548,0.000168829721972368
42547,0.000169440020406237
42546,0.000170051659658401
42545,0.000170664638332857
42544,0.00017127895500808
42543,0.000171894608236962
42542,0.000172511596546749
42541,0.000173129918438982
42540,0.000173749572389429
42539,0.000174396859309821
42538,0.000175045580432077
42537,0.000175695733859046
42536,0.000176347317662782
42535,0.000177000329884485
42534,0.000177654768534426
42533,0.000178310631591879
42532,0.000178967917005053
42531,0.000179626622691023
42530,0.000180286746535668
42529,0.000180948286393604
42528,0.000181611240088115
42527,0.000182275605411091
42526,0.000182941380122961
42525,0.000183608561952634
42524,0.000184277148597435
42523,0.00018494713772304
42522,0.000185618526963419
42521,0.000186291313920766
42520,0.000186965496165453
42519,0.000187667028697637
42518,0.000188370060620563
42517,0.000189074589108148
42516,0.000189780611297037
42515,0.000190488124286525
42514,0.000191197125138495
42513,0.000191907610877353
42512,0.000192619578489948
42511,0.000193333024925529
42510,0.000194047947095658
42509,0.000194764341874165
42508,0.000195482206097076
42507,0.00019620153656255
42506,0.000196922330030828
42505,0.000197644583224159
42504,0.000198368292826757
42503,0.000199093455484732
42502,0.000199820067806034
42501,0.000200548126360405
42500,0.000201277627679311
42499,0.00020204914291432
42498,0.000202822257926186
42497,0.000203596968503542
42496,0.00020437327038726
42495,0.000205151159270398
42494,0.000205930630798127
42493,0.000206711680567671
42492,0.000207494304128246
42491,0.000208278496980992
42490,0.000209064254578924
42489,0.000209851572326871
42488,0.000210640445581416
42487,0.000211430869650846
42486,0.000212222839795089
42485,0.000213016351225675
42484,0.000213811399105678
42483,0.000214607978549667
42482,0.000215406084623658
42481,0.000216205712345067
42480,0.000217006856682667
42479,0.000217824872300993
42478,0.000218644440244216
42477,0.000219465554915515
42476,0.000220288210665338
42475,0.000221112401791353
42474,0.000221938122538425
42473,0.000222765367098582
42472,0.000223594129610981
42471,0.000224424404161895
42470,0.000225256184784667
42469,0.000226089465459699
42468,0.000226924240114425
42467,0.000227760502623289
42466,0.000228598246807735
42465,0.000229437466436175
42464,0.000230278155223985
42463,0.000231120306833486
42462,0.000231963914873934
42461,0.000232808972901514
42460,0.000233655474419323
42459,0.00023451921120728
42458,0.000235384419442526
42457,0.000236251091956507
42456,0.000237119221523341
42455,0.000237988800859806
42454,0.000238859822625369
42453,0.000239732279422189
42452,0.000240606163795132
42451,0.000241481468231795
42450,0.000242358185162517
42449,0.000243236306960412
42448,0.000244115825941386
42447,0.000244996734364157
42446,0.0002458790244303
42445,0.000246762688284259
42444,0.000247647718013397
42443,0.000248534105648019
42442,0.00024942184316141
42441,0.000250310922469884
42440,0.000251201335432811
42439,0.000252137170156365
42438,0.000253074472520991
42437,0.000254013233096647
42436,0.000254953442384555
42435,0.000255895090817269
42434,0.000256838168758725
42433,0.000257782666504303
42432,0.00025872857428089
42431,0.000259675882246943
42430,0.000260624580492566
42429,0.000261574659039578
42428,0.000262526107841588
42427,0.000263478916784077
42426,0.000264433075684469
42425,0.00026538857429223
42424,0.000266345402288942
42423,0.000267303549288405
42422,0.000268263004836721
42421,0.00026922375841239
42420,0.000270185799426418
42419,0.000271180150003309
42418,0.000272175850240808
42417,0.000273172888278824
42416,0.000274171252181138
42415,0.000275170929935515
42414,0.000276171909453857
42413,0.000277174178572339
42412,0.000278177725051547
42411,0.000279182536576639
42410,0.000280188600757483
42409,0.000281195905128822
42408,0.000282204437150435
42407,0.000283214184207287
42406,0.000284225133609714
42405,0.000285237272593573
42404,0.000286250588320437
42403,0.00028726506787776
42402,0.000288280698279057
42401,0.000289297466464102
42400,0.0002903153592991
42399,0.000291350268807686
42398,0.000292386311412643
42397,0.000293423473129421
42396,0.000294461739896053
42395,0.000295501097573373
42394,0.000296541531945252
42393,0.000297583028718824
42392,0.00029862557352473
42391,0.000299669151917351
42390,0.000300713749375058
42389,0.000301759351300459
42388,0.000302805943020652
42387,0.000303853509787483
42386,0.00030490203677781
42385,0.000305951509093761
42384,0.000307001911763013
42383,0.000308053229739057
42382,0.000309105447901483
42381,0.000310158551056258
42380,0.000311212523936013
42379,0.000312299782566028
42378,0.000313387933398541
42377,0.000314476959483264
42376,0.000315566843788446
42375,0.00031665756920124
42374,0.000317749118528063
42373,0.000318841474494956
42372,0.00031993461974796
42371,0.000321028536853486
42370,0.000322123208298703
42369,0.000323218616491919
42368,0.000324314743762972
42367,0.000325411572363629
42366,0.000326509084467975
42365,0.000327607262172832
42364,0.000328706087498162
42363,0.000329805542387483
42362,0.000330905608708288
42361,0.000332006268252467
42360,0.000333107502736741
42359,0.000334193252051395
42358,0.000335279499513756
42357,0.000336366227224354
42356,0.000337453417215265
42355,0.00033854105145057
42354,0.000339629111826783
42353,0.00034071758017331
42352,0.000341806438252905
42351,0.000342895667762118
42350,0.000343985250331771
42349,0.000345075167527414
42348,0.000346165400849799
42347,0.000347255931735365
42346,0.000348346741556701
42345,0.000349437811623049
42344,0.000350529123180776
42343,0.000351620657413876
42342,0.000352712395444471
42341,0.000353804318333296
42340,0.000354896407080227
42339,0.000355988788925161
42338,0.000357081272095987
42337,0.000358173837194605
42336,0.000359266464764956
42335,0.000360359135293599
42334,0.000361451829210243
42333,0.000362544526888314
42332,0.00036363720864552
42331,0.000364729854744405
42330,0.000365822445392932
42329,0.000366914960745047
42328,0.000368007380901256
42327,0.000369099685909219
42326,0.000370191855764319
42325,0.000371283870410268
42324,0.000372375709739686
42323,0.000373467353594704
42322,0.000374558781767575
42321,0.000375649974001261
42320,0.000376740909990058
42319,0.000377831700849834
42318,0.000378922223968037
42317,0.00038001245909978
42316,0.000381102385952734
42315,0.000382191984187752
42314,0.00038328123341946
42313,0.000384370113216878
42312,0.000385458603104044
42311,0.000386546682560613
42310,0.000387634331022503
42309,0.000388721527882506
42308,0.000389808252490921
42307,0.000390894484156197
42306,0.000391980202145556
42305,0.00039306538568565
42304,0.00039415001396319
42303,0.000395234066125602
42302,0.000396317521281681
42301,0.000397400358502233
42300,0.000398482556820752
42299,0.000399548562567658
42298,0.000400613968315968
42297,0.000401678754204423
42296,0.000402742900335986
42295,0.000403806386778431
42294,0.000404869193564936
42293,0.000405931300694685
42292,0.000406992688133462
42291,0.000408053335814258
42290,0.000409113223637879
42289,0.000410172331473548
42288,0.000411230639159523
42287,0.00041228812650371
42286,0.000413344773284281
42285,0.000414400559250291
42284,0.000415455464122306
42283,0.000416509467593027
42282,0.000417562549327917
42281,0.000418614688965834
42280,0.000419665866119665
42279,0.000420699899623713
42278,0.000421732960252023
42277,0.00042276502847255
42276,0.000423796084731266
42275,0.000424826109452742
42274,0.000425855083040763
42273,0.000426882985878924
42272,0.000427909798331233
42271,0.000428935500742729
42270,0.000429960073440079
42269,0.000430983496732204
42268,0.000432005750910885
42267,0.000433026816251376
42266,0.000434046673013037
42265,0.000435065301439936
42264,0.000436082681761487
42263,0.000437098794193071
42262,0.000438113618936653
42261,0.000439127136181427
42260,0.00044013932610443
42259,0.000441119629713468
42258,0.000442098680926373
42257,0.000443076461729266
42256,0.000444052954098
42255,0.000445028139998717
42254,0.000446002001388372
42253,0.000446974520215284
42252,0.000447945678419673
42251,0.000448915457934201
42250,0.000449883840684532
42249,0.000450850808589864
42248,0.000451816343563487
42247,0.000452780427513332
42246,0.000453743042342513
42245,0.000454704169949895
42244,0.000455663792230639
42243,0.000456621891076758
42242,0.00045757844837768
42241,0.000458533446020793
42240,0.000459486865892019
42239,0.000460437320871685
42238,0.000461386130694746
42237,0.000462333277235142
42236,0.000463278742369508
42235,0.00046422250797776
42234,0.000465164555943661
42233,0.000466104868155393
42232,0.000467043426506134
42231,0.000467980212894627
42230,0.000468915209225764
42229,0.000469848397411161
42228,0.00047077975936973
42227,0.000471709277028267
42226,0.000483103905051361
42225,0.000484124687146481
42224,0.000485144314939775
42223,0.000486162775013123
42222,0.000487180053976137
42221,0.000488196138466687
42220,0.000489211015151443
42219,0.000490194024557153
42218,0.0004911759215688
42217,0.000492156694044492
42216,0.000493136329866195
42215,0.000494114816940191
42214,0.000495092143197526
42213,0.000496068296594464
42212,0.00049704326511294
42211,0.000498017036761009
42210,0.000498989599573296
42209,0.000499960941611447
42208,0.00050093105096458
42207,0.000501899915749727
42206,0.000502867524112291
42205,0.000503833864226484
42204,0.000504798924295779
42203,0.000505762692553353
42202,0.000506725157262531
42201,0.000507686306717234
42200,0.000508646129242416
42199,0.000509570245123024
42198,0.000510493060143836
42197,0.000511414564014513
42196,0.000512334746476122
42195,0.00051325359730148
42194,0.000514171106295521
42193,0.00051508726329566
42192,0.000516002058172138
42191,0.000516915480828394
42190,0.000517827521201406
42189,0.000518738169262047
42188,0.000519647415015445
42187,0.000520555248501324
42186,0.000521461659794368
42185,0.000522366639004551
42184,0.000523270176277498
42183,0.000524172261794828
42182,0.000525072885774492
42181,0.00052597203847113
42180,0.000526869710176398
42179,0.000527767335422205
42178,0.000528663479690381
42177,0.000529558133285089
42176,0.000540503614521814
42175,0.000541473170194319
42174,0.000542441726596225
42173,0.000543409276920159
42172,0.000544375814405377
42171,0.000545341332338084
42170,0.00054630582405172
42169,0.000547269282927283
42168,0.000548231702393622
42167,0.000549193075927734
42166,0.000550153397055079
42165,0.000551112659349853
42164,0.000552070856435295
42163,0.000553027981983977
42162,0.000553984029718088
42161,0.000554938993409734
42160,0.000555892866881204
42159,0.000556828151197825
42158,0.000557762359045978
42157,0.000558695484845791
42156,0.000559627523066319
42155,0.000560558468225804
42154,0.000561488314891895
42153,0.000562417057681894
42152,0.000563344691262983
42151,0.000564271210352453
42150,0.000565196609717935
42149,0.000566120884177627
42148,0.000567044028600513
42147,0.000567966037906587
42146,0.000568886907067062
42145,0.000569806631104598
42144,0.000570725205093508
42143,0.000571642624159969
42142,0.000572558883482233
42141,0.000573473978290821
42140,0.000574387903868741
42139,0.000575253769725225
42138,0.000576118586959445
42137,0.000576982351559459
42136,0.000577845059555492
42135,0.000578706707020076
42134,0.000579567290068219
42133,0.000580426804857545
42132,0.00058128524758844
42131,0.000582142614504212
42130,0.000582998901891218
42129,0.000583854106079025
42128,0.000584708223440542
42127,0.000585561250392153
42126,0.000586413183393869
42125,0.000587264018949447
42124,0.000588113753606539
42123,0.000588962383956813
42122,0.000589809906636077
42121,0.000590656318324424
42120,0.000591501615746337
42119,0.000592348331552267
42118,0.000593193939579844
42117,0.000594038436371443
42116,0.00059488181851359
42115,0.000595724082637086
42114,0.000596565225417161
42113,0.000597405243573599
42112,0.000598244133870868
42111,0.000599081893118266
42110,0.000599918518170034
42109,0.000600754005925499
42108,0.000601588353329189
42107,0.000602421557370954
42106,0.000603253615086103
42105,0.000604084523555501
42104,0.000604914279905706
42103,0.000605742881309072
42102,0.000606570324983862
42101,0.000607396608194368
42100,0.000608221728251002
42099,0.000609031798328561
42098,0.000609840746220217
42097,0.000610648569345389
42096,0.000611455265166765
42095,0.000612260831190393
42094,0.00061306526496579
42093,0.000613868564086037
42092,0.000614670726187876
42091,0.000615471748951808
42090,0.000616271630102176
42089,0.000617070367407264
42088,0.000617867958679378
42087,0.000618664401774937
42086,0.000619459694594559
42085,0.000620253835083133
42084,0.000621046821229907
42083,0.000621838651068563
42082,0.000622629322677291
42081,0.000623418834178868
42080,0.00062420718374072
42079,0.000624948736643673
42078,0.000625689251610024
42077,0.000626428727328282
42076,0.000627167162522318
42075,0.000627904555951403
42074,0.000628640906410245
42073,0.000629376212729018
42072,0.000630110473773397
42071,0.000630843688444588
42070,0.000641680035959732
42069,0.000642492912595825
42068,0.000643305319766877
42067,0.000644117259873725
42066,0.000644928735365613
42065,0.000645739748740194
42064,0.000646550302543544
42063,0.000647360399370166
42062,0.000648170041862993
42061,0.000648979232713389
42060,0.000649787974661149
42059,0.000650595731446892
42058,0.000651403053401022
42057,0.000652209943578325
42056,0.000653016405081497
42055,0.000653822441061121
42054,0.000654628054715633
42053,0.000655433249291295
42052,0.000656238028082152
42051,0.000657042394430005
42050,0.000657846351724363
42049,0.000658649903402408
42048,0.000659453052948946
42047,0.000660255803896359
42046,0.000661058159824564
42045,0.000661860124360952
42044,0.000662661701180337
42043,0.000663462894004904
42042,0.000664263706604142
42041,0.000665064142794789
42040,0.000665864206440765
42039,0.000666631938477835
42038,0.000667399333875277
42037,0.000668166396167921
42036,0.000668933128930465
42035,0.000669699535777401
42034,0.000670465620362962
42033,0.000671231386381053
42032,0.000671996837565179
42031,0.000672761977688388
42030,0.000673526810563182
42029,0.000674291340041458
42028,0.00067505557001442
42027,0.000675819504412511
42026,0.000676583147205331
42025,0.000677346502401551
42024,0.00067810957404883
42023,0.000678872366233734
42022,0.00067963488308164
42021,0.000680397128756658
42020,0.000681159107461525
42019,0.000681904963956773
42018,0.000682650572325357
42017,0.000683395936617089
42016,0.000684141060916947
42015,0.000684885949344999
42014,0.000685630606056301
42013,0.000686375035240802
42012,0.000687119241123249
42011,0.000687863227963081
42010,0.000688607000054337
42009,0.00068935056172555
42008,0.000690093917339639
42007,0.000690837071293807
42006,0.000691580028019425
42005,0.000692322791981931
42004,0.000693065367680715
42003,0.000693807759648999
42002,0.000694549972453733
42001,0.000695292010695458
42000,0.000696033879008208
41999,0.000696759807221541
41998,0.000697485581253221
41997,0.000698211205537716
41996,0.000698936684539776
41995,0.000699662022754335
41994,0.000700387224706375
41993,0.000701112294950818
41992,0.00070183723807241
41991,0.000702562058685584
41990,0.000703286761434352
41989,0.000704011350992166
41988,0.000704735832061798
41987,0.000705460209375213
41986,0.000706184487693429
41985,0.000706908671806399
41984,0.00070763276653286
41983,0.000708356776720209
41982,0.000709080707244367
41981,0.000709804563009629
41980,0.000710528348948539
41979,0.00071123633903777
41978,0.000711944271405131
41977,0.000712652150743915
41976,0.000713359981772776
41975,0.000714067769235595
41974,0.000714775517901345
41973,0.000715483232563955
41972,0.000716190918042169
41971,0.000716898579179413
41970,0.00071760622084365
41969,0.000718313847927238
41968,0.00071902146534679
41967,0.000719729078043022
41966,0.000720436690980614
41965,0.000721144309148058
41964,0.000721851937557509
41963,0.000722559581244633
41962,0.000723267245268457
41961,0.000723974934711213
41960,0.000724682654678183
41959,0.00072535886477718
41958,0.000726035096301846
41957,0.000726711353691836
41956,0.000727387641406591
41955,0.000728063963925205
41954,0.000728740325746314
41953,0.000729416731387964
41952,0.000730093185387484
41951,0.000730769692301373
41950,0.000731446256705152
41949,0.000732122883193251
41948,0.00073279957637887
41947,0.000733476340893852
41946,0.000734153181388551
41945,0.000734830102531695
41944,0.000735507109010251
41943,0.000736184205529295
41942,0.000736861396811867
41941,0.000737538687598842
41940,0.000738216082648781
41939,0.00073887734415362
41938,0.000739538683462187
41937,0.000740200104992683
41936,0.000740861613181324
41935,0.000741523212482238
41934,0.000742184907367338
41933,0.000742846702326192
41932,0.000743508601865911
41931,0.00074417061051101
41930,0.000744832732803294
41929,0.000745494973301729
41928,0.000746157336582306
41927,0.000746819827237923
41926,0.000747482449878239
41925,0.000748145209129559
41924,0.000748808109634692
41923,0.000749471156052817
41922,0.000750134353059355
41921,0.000750797705345818
41920,0.000751461217619691
41919,0.000752109054142146
41918,0.000752757050652777
41917,0.000753405211574174
41916,0.000754053541343028
41915,0.000754702044410028
41914,0.00075535072523971
41913,0.000755999588310342
41912,0.000756648638113801
41911,0.000767315045717003
41910,0.000768016810011155
41909,0.000768719014644705
41908,0.000769421665050958
41907,0.000770124766678145
41906,0.000770828324989271
41905,0.000771532345461993
41904,0.000772236833588462
41903,0.000772941794875189
41902,0.000773647234842909
41901,0.000774353159026422
41900,0.000775059572974464
41899,0.000775748169376235
41898,0.000776437225536262
41897,0.000777126746680276
41896,0.000777816738047504
41895,0.000778507204890541
41894,0.000779198152475217
41893,0.000779889586080458
41892,0.000780581510998152
41891,0.000781273932533016
41890,0.000781966856002452
41889,0.000782660286736416
41888,0.000783354230077271
41887,0.000784048691379652
41886,0.000784743676010324
41885,0.000785439189348036
41884,0.000786135236783382
41883,0.000786831823718655
41882,0.000787528955567702
41881,0.000788226637755778
41880,0.000788924875719399
41879,0.000789571943298917
41878,0.000790219503827367
41877,0.00079086756160301
41876,0.000791516120931291
41875,0.000792165186124753
41874,0.00079281476150292
41873,0.000793464851392201
41872,0.000794115460125787
41871,0.00079476659204354
41870,0.000795418251491897
41869,0.000796070442823764
41868,0.000796723170398405
41867,0.000797376438581342
41866,0.00079803025174424
41865,0.000798684614264809
41864,0.000799339530526693
41863,0.00079999500491936
41862,0.000800651041837996
41861,0.000801307645683389
41860,0.00080196482086183
41859,0.000802585481675712
41858,0.000803206647046267
41857,0.000803828320789698
41856,0.000804450506727293
41855,0.000805073208685334
41854,0.000805696430495011
41853,0.000806320175992332
41852,0.000806944449018034
41851,0.000807569253417493
41850,0.000808194593040635
41849,0.000808820471741841
41848,0.000809446893379865
41847,0.000810073861817733
41846,0.000810701380922655
41845,0.000811329454565935
41844,0.000811958086622875
41843,0.000812587280972681
41842,0.000813217041498376
41841,0.000813847372086696
41840,0.000814478276628003
41839,0.000815075987162703
41838,0.000815674232739602
41837,0.000816273016524167
41836,0.000816872341683306
41835,0.000817472211385279
41834,0.000818072628799646
41833,0.000818673597097191
41832,0.00081927511944985
41831,0.000819877199030658
41830,0.000820479839013658
41829,0.000821083042573845
41828,0.000821686812887091
41827,0.000822291153130078
41826,0.00082289606648023
41825,0.000823501556115634
41824,0.000824107625214975
41823,0.000824714276957466
41822,0.000825321514522772
41821,0.000825929341090947
41820,0.000826537759842354
41819,0.000827092453297831
41818,0.000827647648600977
41817,0.00082820334811075
41816,0.000828759554185788
41815,0.00082931626918437
41814,0.000829873495464367
41813,0.000830431235383198
41812,0.000830989491297788
41811,0.000831548265564521
41810,0.000832107560539192
41809,0.000832667378576968
41808,0.000833227722032339
41807,0.000833788593259073
41806,0.000834349994610171
41805,0.00083491192843782
41804,0.000835474397093351
41803,0.00083603740292719
41802,0.00083660094828881
41801,0.000837165035526693
41800,0.000837729666988276
41799,0.000838274318783787
41798,0.00083881947375046
41797,0.000839365134057453
41796,0.000839911301873308
41795,0.000840457979365881
41794,0.000841005168702322
41793,0.000841552872049031
41792,0.000842101091571603
41791,0.000842649829434808
41790,0.00084319908780253
41789,0.000843748868837743
41788,0.000844299174702462
41787,0.000844850007557695
41786,0.000845401369563417
41785,0.000845953262878512
41784,0.000846505689660745
41783,0.000847058652066716
41782,0.000847612152251808
41781,0.000848166192370166
41780,0.000848720774574632
41779,0.000849219589046988
41778,0.00084971884757403
41777,0.000850218551673188
41776,0.000850718702860747
41775,0.000851219302651855
41774,0.000851720352560469
41773,0.000852221854099348
41772,0.000852723808780034
41771,0.000853226218112809
41770,0.000853729083606692
41769,0.000854232406769397
41768,0.000854736189107315
41767,0.000855240432125503
41766,0.000855745137327633
41765,0.000856250306215997
41764,0.00085675594029146
41763,0.000857262041053442
41762,0.000857768609999907
41761,0.000858275648627314
41760,0.000858783158430619
41759,0.000859230376952439
41758,0.000859677959616204
41757,0.000860125907505071
41756,0.000860574221701439
41755,0.000861022903286915
41754,0.000861471953342313
41753,0.000861921372947634
41752,0.000862371163182052
41751,0.00086282132512391
41750,0.000863271859850685
41749,0.000863722768438991
41748,0.000864174051964557
41747,0.000864625711502211
41746,0.000865077748125877
41745,0.000865530162908543
41744,0.000865982956922258
41743,0.000866436131238117
41742,0.000866889686926236
41741,0.000867343625055759
41740,0.000867797946694818
41739,0.000868172622386153
41738,0.000868547559600077
41737,0.000868922758956187
41736,0.000869298221073641
41735,0.000869673946571132
41734,0.000870049936066899
41733,0.000870426190178717
41732,0.000870802709523876
41731,0.000871179494719202
41730,0.000871556546381023
41729,0.000871933865125184
41728,0.000872311451567036
41727,0.000872689306321415
41726,0.000873067430002659
41725,0.000873445823224583
41724,0.000873824486600486
41723,0.000874203420743141
41722,0.000874582626264778
41721,0.000874962103777099
41720,0.000875341853891248
41719,0.000875679503842936
41718,0.000876017371905274
41717,0.00087635545856334
41716,0.000876693764301891
41715,0.000877032289605382
41714,0.000877371034957943
41713,0.000877710000843386
41712,0.000878049187745197
41711,0.000878388596146522
41710,0.00087872822653018
41709,0.00087906807937865
41708,0.000879408155174063
41707,0.000879748454398206
41706,0.000880088977532504
41705,0.000880429725058035
41704,0.000880770697455507
41703,0.000881111895205268
41702,0.000881453318787294
41701,0.000881794968681179
41700,0.000882136845366144
41699,0.000882400326302478
41698,0.000882663940623162
41697,0.000882927688519075
41696,0.000883191570180954
41695,0.000883455585799377
41694,0.000883719735564773
41693,0.000883984019667415
41692,0.000884248438297424
41691,0.000884512991644769
41690,0.000884777679899259
41689,0.000885042503250545
41688,0.000885307461888124
41687,0.00088557255600133
41686,0.000885837785779343
41685,0.000886103151411178
41684,0.000886368653085689
41683,0.000886634290991568
41682,0.000886900065317339
41681,0.000887165976251374
41680,0.000887432023981866
41679,0.000887720764712478
41678,0.000888009666662247
41677,0.000888298730044174
41676,0.000888587955071014
41675,0.000888877341955251
41674,0.000889166890909119
41673,0.000889456602144591
41672,0.000889746475873369
41671,0.000890036512306904
41670,0.00089032671165637
41669,0.000890617074132684
41668,0.000890907599946497
41667,0.000891198289308184
41666,0.00089148914242786
41665,0.000891780159515361
41664,0.000892071340780259
41663,0.000892362686431852
41662,0.000892654196679158
41661,0.000892945871730929
41660,0.000893237711795629
41659,0.000893489556444607
41658,0.00089374152509897
41657,0.000893993617881306
41656,0.00089424583491402
41655,0.000894498176319352
41654,0.000894750642219366
41653,0.00089500323273595
41652,0.000895255947990821
41651,0.000895508788105509
41650,0.00089576175320138
41649,0.000896014843399617
41648,0.000896268058821227
41647,0.000896521399587042
41646,0.000896774865817708
41645,0.000897028457633699
41644,0.000897282175155306
41643,0.000897536018502643
41642,0.000897789987795644
41641,0.000898044083154053
41640,0.000898298304697442
41639,0.000898529591393288
41638,0.000898760981938165
41637,0.000898992476432599
41636,0.000899224074976991
41635,0.000899455777671643
41634,0.000899687584616737
41633,0.000899919495912339
41632,0.000900151511658412
41631,0.000900383631954797
41630,0.000900615856901228
41629,0.000900848186597319
41628,0.000901080621142568
41627,0.000901313160636369
41626,0.000901545805177987
41625,0.000901778554866583
41624,0.000902011409801194
41623,0.000902244370080741
41622,0.000902477435804036
41621,0.000902710607069763
41620,0.000902943883976499
41619,0.000903198658928097
41618,0.000903453559990611
41617,0.000903708587290358
41616,0.000903963740953473
41615,0.000904219021105929
41614,0.000904474427873527
41613,0.000904729961381895
41612,0.000904985621756492
41611,0.000905241409122595
41610,0.000905497323605316
41609,0.000905753365329591
41608,0.000906009534420181
41607,0.000906265831001675
41606,0.000906522255198478
41605,0.000906778807134826
41604,0.000907035486934776
41603,0.000907292294722209
41602,0.000907549230620828
41601,0.000907806294754152
41600,0.000908063487245528
41599,0.000908340524415191
41598,0.000908617711773743
41597,0.000908895049493319
41596,0.000909172537745823
41595,0.000909450176702914
41594,0.000909727966536011
41593,0.000910005907416292
41592,0.000910283999514691
41591,0.000910562243001905
41590,0.000910840638048382
41589,0.000911119184824323
41588,0.000911397883499687
41587,0.00091167673424418
41586,0.000911955737227271
41585,0.000912234892618168
41584,0.000912514200585835
41583,0.000912793661298982
41582,0.000913073274926067
41581,0.000913353041635302
41580,0.000913632961594636
41579,0.000913894974660723
41578,0.000914157121196707
41577,0.000914419401310264
41576,0.000914681815108845
41575,0.000914944362699697
41574,0.000915207044189845
41573,0.000915469859686099
41572,0.000915732809295052
41571,0.000915995893123073
41570,0.000916259111276319
41569,0.000916522463860726
41568,0.00091678595098201
41567,0.00091704957274567
41566,0.000917313329256976
41565,0.000917577220620984
41564,0.000917841246942526
41563,0.000918105408326214
41562,0.000918369704876436
41561,0.000918634136697352
41560,0.000918898703892905
41559,0.000919229603415911
41558,0.000919560714825902
41557,0.000919892038324403
41556,0.000920223574112386
41555,0.00092055532239027
41554,0.00092088728335792
41553,0.00092121945721464
41552,0.00092155184415918
41551,0.000921884444389726
41550,0.000922217258103904
41549,0.000922550285498777
41548,0.000922883526770842
41547,0.000923216982116029
41546,0.000923550651729701
41545,0.00092388453580665
41544,0.000924218634541097
41543,0.000924552948126691
41542,0.000924887476756505
41541,0.000925222220623035
41540,0.000925557179918202
41539,0.000925894311973405
41538,0.000926231664200502
41537,0.00092656923677584
41536,0.000926907029875108
41535,0.000927245043673334
41534,0.000927583278344887
41533,0.000927921734063471
41532,0.000928260411002128
41531,0.00092859930933323
41530,0.000928938429228486
41529,0.000929277770858931
41528,0.000929617334394932
41527,0.000929957120006181
41526,0.000930297127861699
41525,0.000930637358129827
41524,0.000930977810978233
41523,0.000931318486573901
41522,0.000931659385083139
41521,0.000932000506671568
41520,0.000932341851504129
41519,0.000932751358221542
41518,0.00093316118574143
41517,0.000933571334348782
41516,0.000933981804327193
41515,0.000934392595958846
41514,0.000934803709524513
41513,0.000935215145303556
41512,0.000935626903573911
41511,0.000936038984612107
41510,0.000936451388693234
41509,0.000936864116090957
41508,0.000937277167077506
41507,0.000937690541923672
41506,0.000938104240898813
41505,0.000938518264270831
41504,0.000938932612306184
41503,0.000939347285269874
41502,0.000939762283425446
41501,0.00094017760703499
41500,0.000940593256359123
41499,0.000941030170400679
41498,0.000941467442890333
41497,0.0009419050741576
41496,0.000942343064530326
41495,0.000942781414334657
41494,0.000943220123895051
41493,0.000943659193534269
41492,0.00094409862357336
41491,0.000944538414331673
41490,0.000944978566126834
41489,0.000945419079274757
41488,0.000945859954089633
41487,0.000946301190883913
41486,0.000946742789968329
41485,0.000947184751651858
41484,0.000947627076241743
41483,0.00094806976404348
41482,0.000948512815360798
41481,0.000948956230495681
41480,0.000949400009748336
41479,0.000949910113274228
41478,0.000950420701794342
41477,0.000950931775858194
41476,0.00095144333601229
41475,0.000951955382800134
41474,0.000952467916762203
41473,0.000952980938435939
41472,0.000953494448355737
41471,0.000954008447052928
41470,0.000954522935055779
41469,0.000955037912889472
41468,0.000955553381076096
41467,0.000956069340134639
41466,0.000956585790580961
41465,0.000957102732927803
41464,0.000957620167684764
41463,0.000958138095358289
41462,0.000958656516451666
41461,0.000959175431464997
41460,0.000959694840895207
41459,0.000960288350150585
41458,0.000960882499951544
41457,0.000961477290931358
41456,0.000962072723717799
41455,0.000962668798933112
41454,0.000963265517193997
41453,0.000963862879111591
41452,0.000964460885291444
41451,0.000965059536333505
41450,0.000965658832832095
41449,0.000966258775375892
41448,0.000966859364547912
41447,0.000967460600925486
41446,0.00096806248508024
41445,0.000968665017578079
41444,0.000969268198979163
41443,0.000969872029837893
41442,0.000970476510702883
41441,0.00097108164211695
41440,0.000971687424617086
41439,0.000972320327884341
41438,0.000972953938671456
41437,0.000973588257494057
41436,0.000974223284860636
41435,0.000974859021272558
41434,0.000975495467224009
41433,0.000976132623201992
41432,0.000976770489686309
41431,0.000977409067149515
41430,0.000978048356056925
41429,0.000978688356866568
41428,0.000979329070029171
41427,0.000979970495988152
41426,0.00098061263517957
41425,0.000981255488032134
41424,0.000981899054967153
41423,0.000982543336398526
41422,0.000983188332732731
41421,0.000983834044368778
41420,0.000984480471698214
41419,0.000985154660965667
41418,0.000985829626154589
41417,0.000986505367605525
41416,0.000987181885649848
41415,0.000987859180609758
41414,0.000988537252798243
41413,0.000989216102519056
41412,0.000989895730066694
41411,0.000990576135726358
41410,0.000991257319773949
41409,0.000991939282476029
41408,0.0009926220240898
41407,0.000993305544863081
41406,0.000993989845034271
41405,0.000994674924832344
41404,0.000995360784476811
41403,0.000996047424177697
41402,0.000996734844135524
41401,0.000997423044541267
41400,0.000998112025576355
41399,0.000998852750458373
41398,0.000999594376045369
41397,0.00100033690253175
41396,0.00100108033009913
41395,0.00100182465891625
41394,0.00100256988913899
41393,0.00100331602091028
41392,0.00100406305436014
41391,0.00100481098960558
41390,0.00100555982675058
41389,0.00100630956588609
41388,0.00100706020708998
41387,0.00100781175042696
41386,0.00100856419594863
41385,0.00100931754369338
41384,0.00101007179368639
41383,0.00101082694593961
41382,0.00101158300045165
41381,0.00101233995720787
41380,0.00101309781618024
41379,0.00101390878666188
41378,0.00101472078782802
41377,0.00101553381960127
41376,0.00101634788188666
41375,0.00101716297457165
41374,0.00101797909752602
41373,0.00101879625060186
41372,0.00101961443363356
41371,0.00102043364643768
41370,0.00102125388881301
41369,0.00102207516054043
41368,0.00102289746138294
41367,0.0010237207910856
41366,0.00102454514937544
41365,0.00102537053596149
41364,0.0010261969505347
41363,0.00102702439276789
41362,0.00102785286231572
41361,0.00102868235881468
41360,0.00102951288188299
41359,0.00103037342315501
41358,0.00103123505891031
41357,0.00103209778854157
41356,0.00103296161141983
41355,0.0010338265268945
41354,0.00103469253429325
41353,0.00103555963292202
41352,0.00103642782206495
41351,0.00103729710098433
41350,0.00103816746892057
41349,0.00103903892509216
41348,0.0010399114686956
41347,0.00104078509890542
41346,0.00104165981487404
41345,0.00104253561573183
41344,0.001043412500587
41343,0.0010442904685256
41342,0.00104516951861145
41341,0.0010460496498861
41340,0.00104693086136883
41339,0.00104781091318668
41338,0.0010486920434901
41337,0.00104957425137288
41336,0.00105045753590711
41335,0.00105134189614305
41334,0.00105222733110919
41333,0.00105311383981213
41332,0.00105400142123659
41331,0.00105489007434533
41330,0.00105577979807915
41329,0.00105667059135684
41328,0.00105756245307514
41327,0.00105845538210867
41326,0.00105934937730995
41325,0.00106024443750933
41324,0.00106114056151495
41323,0.00106203774811272
41322,0.00106293599606627
41321,0.00106383530411692
41320,0.00106473567098366
41319,0.00106566299639207
41318,0.00106659144935427
41317,0.00106752102854675
41316,0.00106845173262108
41315,0.00106938356020382
41314,0.00107031650989651
41313,0.0010712505802756
41312,0.00107218576989243
41311,0.00107312207727322
41310,0.00107405950091894
41309,0.00107499803930535
41308,0.00107593769088293
41307,0.00107687845407684
41306,0.00107782032728688
41305,0.00107876330888745
41304,0.00107970739722753
41303,0.00108065259063061
41302,0.00108159888739467
41301,0.00108254628579216
41300,0.00108349478406994
41299,0.00108441558868498
41298,0.00108533742421345
41297,0.00108626028898768
41296,0.00108718418131724
41295,0.00108810909948894
41294,0.00108903504176679
41293,0.00108996200639193
41292,0.00109088999158267
41291,0.00109181899553441
41290,0.00109274901641963
41289,0.00109368005238787
41288,0.00109461210156567
41287,0.00109554516205659
41286,0.00109647923194114
41285,0.0010974143092768
41284,0.00109835039209794
41283,0.00109928747841583
41282,0.00110022556621861
41281,0.00110116465347126
41280,0.00110210473811556
41279,0.00110310674437291
41278,0.00110410986312057
41277,0.00110511409163159
41276,0.00110611942714903
41275,0.00110712586688583
41274,0.00110813340802486
41273,0.0011091420477189
41272,0.00111015178309053
41271,0.00111116261123222
41270,0.00111217452920623
41269,0.0011131875340446
41268,0.00111420162274916
41267,0.00111521679229148
41266,0.00111623303961284
41265,0.00111725036162424
41264,0.00111826875520637
41263,0.00111928821720958
41262,0.00112030874445387
41261,0.00112133033372888
41260,0.00112235298179384
41259,0.00112337469837072
41258,0.00112439747814381
41257,0.00112542131795877
41256,0.00112644621463115
41255,0.00112747216494629
41254,0.00112849916565936
41253,0.00112952721349531
41252,0.00113055630514884
41251,0.00113158643728441
41250,0.00113261760653622
41249,0.00113364980950817
41248,0.00113468304277388
41247,0.00113571730287665
41246,0.00113675258632946
41245,0.00113778888961492
41244,0.00113882620918533
41243,0.00113986454146258
41242,0.0011409038828382
41241,0.00114194422967335
41240,0.00114298557829874
41239,0.00114403164248108
41238,0.00114507867590589
41237,0.00114612667443041
41236,0.00114717563388075
41235,0.00114822555005187
41234,0.00114927641870762
41233,0.00115032823558071
41232,0.00115138099637271
41231,0.00115243469675412
41230,0.00115348933236429
41229,0.00115454489881149
41228,0.0011556013916729
41227,0.00115665880649458
41226,0.00115771713879157
41225,0.00115877638404781
41224,0.00115983653771618
41223,0.00116089759521855
41222,0.00116195955194573
41221,0.00116302240325753
41220,0.00116408614448275
41219,0.00116511607830483
41218,0.00116614687050674
41217,0.00116717851709425
41216,0.00116821101404611
41215,0.00116924435731404
41214,0.00117027854282281
41213,0.00117131356647015
41212,0.00117234942412681
41211,0.00117338611163658
41210,0.00117442362481626
41209,0.00117546195945565
41208,0.00117650111131764
41207,0.00117754107613811
41206,0.00117858184962603
41205,0.00117962342746342
41204,0.00118066580530539
41203,0.00118170897878008
41202,0.00118275294348878
41201,0.00118379769500587
41200,0.00118484322887881
41199,0.0011859212591405
41198,0.00118700011020796
41197,0.00118807977712204
41196,0.00118916025489339
41195,0.00119024153850239
41194,0.00119132362289925
41193,0.00119240650300399
41192,0.00119349017370647
41191,0.00119457462986641
41190,0.00119565986631337
41189,0.00119674587784685
41188,0.00119783265923623
41187,0.00119892020522086
41186,0.00120000851051003
41185,0.001201097569783
41184,0.00120218737768907
41183,0.00120327792884756
41182,0.00120436921784783
41181,0.00120546123924935
41180,0.00120655398758167
41179,0.00120761392372419
41178,0.00120867455546598
41177,0.00120973587787111
41176,0.00121079788597689
41175,0.00121186057479388
41174,0.00121292393930591
41173,0.00121398797447011
41172,0.00121505267521692
41171,0.00121611803645013
41170,0.00121718405304689
41169,0.00121825071985772
41168,0.00121931803170657
41167,0.0012203859833908
41166,0.00122145456968125
41165,0.00122252378532224
41164,0.00122359362503159
41163,0.00122466408350067
41162,0.0012257351553944
41161,0.00122680683535131
41160,0.00122787911798355
41159,0.00122891944313003
41158,0.00122996032561209
41157,0.00123100176044965
41156,0.00123204374263937
41155,0.00123308626715471
41154,0.00123412932894595
41153,0.00123517292294021
41152,0.00123621704404151
41151,0.00123726168713073
41150,0.00123830684706571
41149,0.00123935251868123
41148,0.00124039869678908
41147,0.00124144537617807
41146,0.00124249255161403
41145,0.00124354021783991
41144,0.00124458836957575
41143,0.00124563700151876
41142,0.0012466861083433
41141,0.00124773568470095
41140,0.00124878572522054
41139,0.00124983622450819
41138,0.0012508871771473
41137,0.00125193857769867
41136,0.00125299042070043
41135,0.00125404270066817
41134,0.0012550954120949
41133,0.00125614854945116
41132,0.00125720210718499
41131,0.00125825607972202
41130,0.00125931046146547
41129,0.0012603652467962
41128,0.00126142043007278
41127,0.00126247600563149
41126,0.00126353196778635
41125,0.00126458831082922
41124,0.00126564502902977
41123,0.00126670211663559
41122,0.00126775956787219
41121,0.00126881737694301
41120,0.00126987553802957
41119,0.00127096780757749
41118,0.00127206041195142
41117,0.00127315334456915
41116,0.00127424659882444
41115,0.00127534016808702
41114,0.00127643404570266
41113,0.00127752822499326
41112,0.00127862269925686
41111,0.00127971746176775
41110,0.00128081250577649
41109,0.00128190782450998
41108,0.00128300341117155
41107,0.00128409925894097
41106,0.00128519536097459
41105,0.0012862917104053
41104,0.0012873883003427
41103,0.00128848512387307
41102,0.0012895821740595
41101,0.00129067944394195
41100,0.00129177692653727
41099,0.00129280808254905
41098,0.00129383941426278
41097,0.00129487091583425
41096,0.00129590258140147
41095,0.00129693440508473
41094,0.00129796638098665
41093,0.00129899850319223
41092,0.00130003076576891
41091,0.0013010631627666
41090,0.00130209568821776
41089,0.00130312833613742
41088,0.00130416110052326
41087,0.00130519397535566
41086,0.00130622695459772
41085,0.00130726003219537
41084,0.00130829320207739
41083,0.00130932645815545
41082,0.00131035979432419
41081,0.00131139320446128
41080,0.00131242668242745
41079,0.00131342700520328
41078,0.00131442735343152
41077,0.00131542772138055
41076,0.00131642810330443
41075,0.00131742849344304
41074,0.00131842888602205
41073,0.00131942927525304
41072,0.00132042965533353
41071,0.00132143002044702
41070,0.00132243036476307
41069,0.00132343068243732
41068,0.00132443096761159
41067,0.00132543121441389
41066,0.00132643141695851
41065,0.00132743156934604
41064,0.00132843166566348
41063,0.00132943169998424
41062,0.00133043166636821
41061,0.00133143155886186
41060,0.00133243137149823
41059,0.00133343125052331
41058,0.00133443106615071
41057,0.0013354308124905
41056,0.00133643048363912
41055,0.00133743007367946
41054,0.00133842957668092
41053,0.00133942898669944
41052,0.00134042829777758
41051,0.00134142750394456
41050,0.00134242659921633
41049,0.0013434255775956
41048,0.00134442443307192
41047,0.00134542315962175
41046,0.00134642175120846
41045,0.00134742020178245
41044,0.00134841850528118
41043,0.00134941665562922
41042,0.00135041464673833
41041,0.00135141247250748
41040,0.00135241012682296
41039,0.00135340804434334
41038,0.0013544058073827
41037,0.00135540340985988
41036,0.00135640084568063
41035,0.00135739810873762
41034,0.00135839519291052
41033,0.00135939209206607
41032,0.0013603888000581
41031,0.00136138531072761
41030,0.00136238161790284
41029,0.00136337771539932
41028,0.0013643735970199
41027,0.00136536925655488
41026,0.00136636468778198
41025,0.00136735988446648
41024,0.00136835484036123
41023,0.00136934954920673
41022,0.00137034400473119
41021,0.00137133820065059
41020,0.00137233213066874
41019,0.00137325886968181
41018,0.00137418534032046
41017,0.00137511153738845
41016,0.00137603745568101
41015,0.00137696308998486
41014,0.00137788843507831
41013,0.00137881348573125
41012,0.00137973823670524
41011,0.00138066268275356
41010,0.00138158681862121
41009,0.00138251063904499
41008,0.00138343413875356
41007,0.00138435731246744
41006,0.00138528015489913
41005,0.00138620266075308
41004,0.00138712482472579
41003,0.00138804664150584
41002,0.00138896810577394
41001,0.00138988921220297
41000,0.00139080995545805
40999,0.00139173033019658
40998,0.00139265033106826
40997,0.00139356995271518
40996,0.00139448918977186
40995,0.00139540803686529
40994,0.00139632648861496
40993,0.00139724453963296
40992,0.00139816218452399
40991,0.00139907941788542
40990,0.00139999623430735
40989,0.00140091262837263
40988,0.00140182859465696
40987,0.0014027441277289
40986,0.00140365922214993
40985,0.00140457387247452
40984,0.00140548807325014
40983,0.00140640181901737
40982,0.00140731510430989
40981,0.00140822792365457
40980,0.00140914027157152
40979,0.00141001958402669
40978,0.00141089844809917
40977,0.00141177685885787
40976,0.00141265481136601
40975,0.0014135323006812
40974,0.00141440932185544
40973,0.0014152858699352
40972,0.00141616193996145
40971,0.00141703752696968
40970,0.00141791262599001
40969,0.00141878723204715
40968,0.00141966134016053
40967,0.00142053494534427
40966,0.00142140804260726
40965,0.00142228062695321
40964,0.0014231526933807
40963,0.00142402423688317
40962,0.00142489525244905
40961,0.00142576573506174
40960,0.00142663567969967
40959,0.00142747610586463
40958,0.00142831607773316
40957,0.00142915559081163
40956,0.00142999464060119
40955,0.0014308332225978
40954,0.00143167133229229
40953,0.00143250896517037
40952,0.00143334611671272
40951,0.00143418278239494
40950,0.00143501895768769
40949,0.00143585463805663
40948,0.00143668981896254
40947,0.00143752449586131
40946,0.00143835866420398
40945,0.00143919231943682
40944,0.0014400254570013
40943,0.00144085807233419
40942,0.00144169016086758
40941,0.00144252171802891
40940,0.001443352739241
40939,0.00144414957459362
40938,0.00144494588338877
40937,0.00144574166156839
40936,0.00144653690507107
40935,0.00144733160983211
40934,0.00144812577178356
40933,0.00144891938685422
40932,0.0014497124509697
40931,0.00145050496005246
40930,0.0014512969100218
40929,0.00145208829679393
40928,0.00145287911628199
40927,0.00145366936439608
40926,0.00145445903704331
40925,0.0014552481301278
40924,0.00145603663955074
40923,0.00145682456121043
40922,0.00145761189100226
40921,0.00145839862481882
40920,0.00145918475854987
40919,0.00145993685178088
40918,0.00146068836022757
40917,0.00146143928024335
40916,0.00146218960817973
40915,0.00146293934038637
40914,0.00146368847321112
40913,0.00146443700300003
40912,0.0014651849260974
40911,0.00146593223884578
40910,0.001466678937586
40909,0.00146742501865722
40908,0.00146817047839695
40907,0.00146891531314107
40906,0.00146965951922385
40905,0.00147040309297801
40904,0.0014711460307347
40903,0.00147188832882359
40902,0.00147262998357283
40901,0.00147337099130912
40900,0.00147411134835775
40899,0.00147478705850221
40898,0.00147546219044195
40897,0.00147613674131482
40896,0.00147681070825806
40895,0.00147748408840828
40894,0.00147815687890152
40893,0.00147882907687324
40892,0.00147950067945835
40891,0.00148017168379124
40890,0.00148084208700576
40889,0.00148151188623531
40888,0.00148218107861279
40887,0.00148284966127064
40886,0.00148351763134087
40885,0.00148418498595509
40884,0.0014848517222445
40883,0.00148551783733992
40882,0.00148618332837183
40881,0.00148684819247034
40880,0.00148751242676526
40879,0.00148814840304052
40878,0.00148878382403136
40877,0.00148941868726159
40876,0.00149005299025454
40875,0.00149068673053309
40874,0.00149131990561967
40873,0.00149195251303628
40872,0.00149258455030455
40871,0.00149321601494567
40870,0.00149384690448047
40869,0.00149447721642942
40868,0.00149510694831262
40867,0.00149573609764986
40866,0.0014963646619606
40865,0.00149699263876399
40864,0.00149762002557888
40863,0.00149824681992386
40862,0.00149887301931727
40861,0.00149949862127718
40860,0.00150012362332144
40859,0.00150072118248056
40858,0.00150131821423594
40857,0.00150191471643003
40856,0.00150251068690486
40855,0.00150310612350211
40854,0.00150370102406306
40853,0.00150429538642865
40852,0.0015048892084395
40851,0.00150548248793586
40850,0.00150607522275768
40849,0.00150666741074459
40848,0.00150725904973594
40847,0.00150785013757078
40846,0.0015084406720879
40845,0.00150903065112582
40844,0.00150962007252282
40843,0.00151020893411694
40842,0.00151079723374599
40841,0.00151138496924757
40840,0.00151197213845909
40839,0.0015125295763919
40838,0.00151308650035707
40837,0.00151364290849852
40836,0.00151419879896005
40835,0.00151475416988533
40834,0.0015153090194179
40833,0.00151586334570121
40832,0.0015164171468786
40831,0.00151697042109333
40830,0.00151752316648857
40829,0.00151807538120741
40828,0.00151862706339292
40827,0.00151917821118807
40826,0.00151972882273582
40825,0.00152027889617908
40824,0.00152082842966074
40823,0.00152137742132369
40822,0.00152192586931079
40821,0.00152247377176493
40820,0.001523021126829
40819,0.00152353933834756
40818,0.00152405705621799
40817,0.00152457427885972
40816,0.00152509100469221
40815,0.00152560723213497
40814,0.00152612295960755
40813,0.00152663818552955
40812,0.00152715290832063
40811,0.00152766712640052
40810,0.00152818083818904
40809,0.00152869404210606
40808,0.00152920673657158
40807,0.00152971892000565
40806,0.00153023059082848
40805,0.00153074174746034
40804,0.00153125238832165
40803,0.00153176251183295
40802,0.0015322721164149
40801,0.00153278120048832
40800,0.00153328976247416
40799,0.00153379096054276
40798,0.00153429159412001
40797,0.00153479166164071
40796,0.00153529116154022
40795,0.00153579009225441
40794,0.00153628845221973
40793,0.0015367862398732
40792,0.00153728345365239
40791,0.00153778009199546
40790,0.00153827615334116
40789,0.00153877163612883
40788,0.00153926653879841
40787,0.00153976085979043
40786,0.00154025459754608
40785,0.00154074775050713
40784,0.00154124031711599
40783,0.00154173229581574
40782,0.00154222368505005
40781,0.00154271448326329
40780,0.00154320468890047
40779,0.00154369430040727
40778,0.00154418331623004
40777,0.00154467173481581
40776,0.00154515955461233
40775,0.00154564677406801
40774,0.00154613339163199
40773,0.00154661940575409
40772,0.00154710481488488
40771,0.00154758961747565
40770,0.00154807381197843
40769,0.00154855739684596
40768,0.00154904037053177
40767,0.00154952273149012
40766,0.00155000447817605
40765,0.00155048560904536
40764,0.00155096612255462
40763,0.00155144601716122
40762,0.0015519252913233
40761,0.00155240394349983
40760,0.00155288197215059
40759,0.00155338609571765
40758,0.00155388952239755
40757,0.00155439225038264
40756,0.00155489427786632
40755,0.00155539560304301
40754,0.00155589622410817
40753,0.00155639613925836
40752,0.00155689534669114
40751,0.00155739384460521
40750,0.0015578916312003
40749,0.00155838870467727
40748,0.00155888506323807
40747,0.00155938070508577
40746,0.00155987562842457
40745,0.00156036983145978
40744,0.00156086331239787
40743,0.00156135606944646
40742,0.00156184810081433
40741,0.00156233940471144
40740,0.00156282997934891
40739,0.0015633239545754
40738,0.00156381721972025
40737,0.00156430977299489
40736,0.00156480161261172
40735,0.00156529273678414
40734,0.00156578314372657
40733,0.00156627283165443
40732,0.00156676179878414
40731,0.00156725004333318
40730,0.00156773756352005
40729,0.00156822435756431
40728,0.00156871042368658
40727,0.00156919576010852
40726,0.00156968036505291
40725,0.00157016423674358
40724,0.00157064737340547
40723,0.00157112977326464
40722,0.00157161143454823
40721,0.00157209235548453
40720,0.00157257253430296
40719,0.00157309805301841
40718,0.00157362263585076
40717,0.00157414628042419
40716,0.00157466898436492
40715,0.00157519074530128
40714,0.00157571156086369
40713,0.00157623142868467
40712,0.0015767503463989
40711,0.00157726831164318
40710,0.00157778532205649
40709,0.00157830137527997
40708,0.00157881646895697
40707,0.00157933060073305
40706,0.00157984376825598
40705,0.00158035596917577
40704,0.0015808672011447
40703,0.0015813774618173
40702,0.00158188674885042
40701,0.00158239505990316
40700,0.00158290239263699
40699,0.0015834133525457
40698,0.0015839233541601
40697,0.00158443239513384
40696,0.00158494047312264
40695,0.00158544758578427
40694,0.00158595373077861
40693,0.00158645890576761
40692,0.00158696310841537
40691,0.0015874663363881
40690,0.00158796858735418
40689,0.00158846985898412
40688,0.00158897014895064
40687,0.00158946945492862
40686,0.00158996777459519
40685,0.00159046510562967
40684,0.00159096144571363
40683,0.00159145679253088
40682,0.00159195114376754
40681,0.00159244449711197
40680,0.00159293685025484
40679,0.00159344674145805
40678,0.00159395550432975
40677,0.00159446313624515
40676,0.00159496963458267
40675,0.00159547499672396
40674,0.00159597922005393
40673,0.00159648230196075
40672,0.00159698423983588
40671,0.0015974850310741
40670,0.00159798467307351
40669,0.00159848316323555
40668,0.00159898049896505
40667,0.00159947667767019
40666,0.00159997169676258
40665,0.00160046555365723
40664,0.00160095824577262
40663,0.00160144977053067
40662,0.00160194012535679
40661,0.00160242930767986
40660,0.00160291731493231
40659,0.00160344369651523
40658,0.00160396864406596
40657,0.00160449215426676
40656,0.00160501422380553
40655,0.0016055348493758
40654,0.00160605402767683
40653,0.00160657175541354
40652,0.00160708802929663
40651,0.00160760284604254
40650,0.00160811620237355
40649,0.00160862809501773
40648,0.00160913852070903
40647,0.00160964747618729
40646,0.00161015495819826
40645,0.00161066096349363
40644,0.00161116548883109
40643,0.00161166853097431
40642,0.00161217008669301
40641,0.00161267015276295
40640,0.00161316872596601
40639,0.00161368693682994
40638,0.00161420352368875
40637,0.00161471848292652
40636,0.00161523181093458
40635,0.00161574350411153
40634,0.00161625355886329
40633,0.00161676197160315
40632,0.00161726873875177
40631,0.00161777385673724
40630,0.00161827732199508
40629,0.00161877913096834
40628,0.00161927928010758
40627,0.0016197777658709
40626,0.00162027458472403
40625,0.00162076973314028
40624,0.00162126320760066
40623,0.00162175500459387
40622,0.00162224512061633
40621,0.00162273355217221
40620,0.00162322029577351
40619,0.00162373098924077
40618,0.00162423988608935
40617,0.00162474698239254
40616,0.00162525227423206
40615,0.00162575575769815
40614,0.00162625742888958
40613,0.00162675728391372
40612,0.00162725531888658
40611,0.00162775152993281
40610,0.00162824591318578
40609,0.00162873846478759
40608,0.00162922918088915
40607,0.00162971805765017
40606,0.00163020509123923
40605,0.00163069027783383
40604,0.00163117361362039
40603,0.00163165509479432
40602,0.00163213471756004
40601,0.00163261247813105
40600,0.00163308837272993
40599,0.0016335685142893
40598,0.0016340468103141
40597,0.00163452325698385
40596,0.00163499785048673
40595,0.00163547058701961
40594,0.00163594146278811
40593,0.0016364104740066
40592,0.0016368776168983
40591,0.00163734288769525
40590,0.00163780628263842
40589,0.00163826779797767
40588,0.00163872742997185
40587,0.00163918517488882
40586,0.00163964102900548
40585,0.00164009498860783
40584,0.00164054704999096
40583,0.00164099720945915
40582,0.00164144546332587
40581,0.00164189180791384
40580,0.00164233623955502
40579,0.00164281271471813
40578,0.00164328696251515
40577,0.00164375897840122
40576,0.00164422875784415
40575,0.00164469629632451
40574,0.00164516158933563
40573,0.00164562463238372
40572,0.00164608542098787
40571,0.00164654395068015
40570,0.00164700021700562
40569,0.00164745421552241
40568,0.00164790594180176
40567,0.00164835539142809
40566,0.00164880255999903
40565,0.00164924744312549
40564,0.00164969003643172
40563,0.00165013033555532
40562,0.00165056833614735
40561,0.00165100403387234
40560,0.00165143742440836
40559,0.00165184653008292
40558,0.00165225345612294
40557,0.00165265819878436
40556,0.00165306075433564
40555,0.00165346111905777
40554,0.00165385928924433
40553,0.0016542552612015
40552,0.00165464903124813
40551,0.00165504059571579
40550,0.00165542995094877
40549,0.00165581709330414
40548,0.00165620201915182
40547,0.00165658472487457
40546,0.00165696520686805
40545,0.00165734346154088
40544,0.00165771948531466
40543,0.00165809327462401
40542,0.00165846482591659
40541,0.0016588341356532
40540,0.00165920120030774
40539,0.00165955910831094
40538,0.00165991473312808
40537,0.0016602680713513
40536,0.00166061911958686
40535,0.00166096787445515
40534,0.00166131433259071
40533,0.00166165849064232
40532,0.00166200034527298
40531,0.00166233989315998
40530,0.00166267713099493
40529,0.00166301205548378
40528,0.0016633446633469
40527,0.00166367495131905
40526,0.00166400291614949
40525,0.00166432855460194
40524,0.00166465186345469
40523,0.00166497283950057
40522,0.00166529147954703
40521,0.00166560778041616
40520,0.00166592173894472
40519,0.00166624059589941
40518,0.00166655713427846
40517,0.00166687135087183
40516,0.00166718324248348
40515,0.00166749280593143
40514,0.0016678000380478
40513,0.00166810493567884
40512,0.00166840749568498
40511,0.00166870771494081
40510,0.00166900559033518
40509,0.00166930111877121
40508,0.0016695942971663
40507,0.00166988512245219
40506,0.00167017359157501
40505,0.00167045970149526
40504,0.00167074344918789
40503,0.00167102483164232
40502,0.00167130384586245
40501,0.00167158048886675
40500,0.00167185475768822
40499,0.0016721060348997
40498,0.00167235526999546
40497,0.00167260246066087
40496,0.00167284760459212
40495,0.00167309069949628
40494,0.00167333174309128
40493,0.00167357073310594
40492,0.00167380766728003
40491,0.00167404254336425
40490,0.00167427535912026
40489,0.00167450611232069
40488,0.0016747348007492
40487,0.00167496142220047
40486,0.00167518597448021
40485,0.00167540845540522
40484,0.00167562886280336
40483,0.00167584719451361
40482,0.00167606344838608
40481,0.00167627762228203
40480,0.00167648971407387
40479,0.00167671519668408
40478,0.0016769386260084
40477,0.00167715999970912
40476,0.00167737931545913
40475,0.00167759657094198
40474,0.00167781176385185
40473,0.00167802489189364
40472,0.00167823595278291
40471,0.001678444944246
40470,0.00167865186401996
40469,0.00167885670985264
40468,0.00167905947950267
40467,0.00167926017073951
40466,0.00167945878134347
40465,0.0016796553091057
40464,0.00167984975182826
40463,0.0016800421073241
40462,0.00168023237341712
40461,0.00168042054794215
40460,0.001680606628745
40459,0.00168076876986442
40458,0.00168092912561842
40457,0.00168108769445862
40456,0.0016812444748447
40455,0.00168139946524443
40454,0.00168155266413361
40453,0.00168170406999615
40452,0.00168185368132408
40451,0.0016820014966175
40450,0.00168214751438467
40449,0.00168229173314197
40448,0.00168243415141392
40447,0.00168257476773322
40446,0.00168271358064072
40445,0.00168285058868547
40444,0.00168298579042471
40443,0.00168311918442389
40442,0.00168325076925666
40441,0.00168338054350492
40440,0.0016835085057588
40439,0.00168361579706428
40438,0.00168372156119763
40437,0.00168382579718828
40436,0.00168392850407165
40435,0.00168402968088913
40434,0.0016841293266881
40433,0.00168422744052196
40432,0.00168432402145008
40431,0.00168441906853784
40430,0.00168451258085665
40429,0.00168460455748393
40428,0.00168469499750312
40427,0.0016847839000037
40426,0.00168487126408117
40425,0.00168495708883709
40424,0.00168504137337905
40423,0.0016851241168207
40422,0.00168520531828175
40421,0.00168528497688797
40420,0.0016853630917712
40419,0.00168544779363045
40418,0.00168553096331547
40417,0.00168561259988824
40416,0.00168569270241665
40415,0.00168577126997446
40414,0.00168584830164135
40413,0.00168592379650289
40412,0.00168599775365056
40411,0.00168607017218175
40410,0.00168614105119979
40409,0.00168621038981391
40408,0.00168627818713929
40407,0.00168634444229706
40406,0.00168640915441427
40405,0.00168647232262394
40404,0.00168653394606502
40403,0.00168659402388245
40402,0.00168665255522714
40401,0.00168670953925594
40400,0.0016867649751317
40399,0.00168680303423296
40398,0.00168683994397384
40397,0.00168687570390369
40396,0.0016869103135752
40395,0.00168694377254444
40394,0.00168697608037083
40393,0.0016870072366172
40392,0.00168703724084971
40391,0.00168706609263792
40390,0.00168709379155476
40389,0.00168712033717653
40388,0.00168714572908293
40387,0.00168716996685701
40386,0.00168719305008524
40385,0.00168721497835744
40384,0.00168723575126685
40383,0.00168725536841007
40382,0.0016872738293871
40381,0.00168729113380134
40380,0.00168730728125958
40379,0.00168731973371838
40378,0.00168733127010225
40377,0.00168734189014743
40376,0.0016873515935923
40375,0.00168736038017737
40374,0.0016873682496453
40373,0.00168737520174089
40372,0.00168738123621107
40371,0.00168738635280491
40370,0.00168739055127363
40369,0.00168739383137059
40368,0.00168739619285128
40367,0.00168739763547336
40366,0.00168739815899662
40365,0.00168739776318297
40364,0.00168739644779652
40363,0.00168739421260348
40362,0.00168739105737223
40361,0.00168738698187329
40360,0.00168738198587933
40359,0.00168738441982265
40358,0.00168738605184374
40357,0.00168738688171514
40356,0.00168738690921098
40355,0.00168738613410698
40354,0.00168738455618046
40353,0.00168738217521036
40352,0.0016873789909772
40351,0.00168737500326312
40350,0.00168737021185184
40349,0.00168736461652871
40348,0.00168735821708065
40347,0.00168735101329623
40346,0.00168734300496557
40345,0.00168733419188045
40344,0.00168732457383422
40343,0.00168731415062186
40342,0.00168730292203993
40341,0.00168729088788663
40340,0.00168727804796175
40339,0.0016872851667929
40338,0.00168729184457909
40337,0.00168729808117928
40336,0.00168730387645293
40335,0.00168730923026005
40334,0.00168731414246118
40333,0.00168731861291737
40332,0.00168732264149023
40331,0.00168732622804188
40330,0.00168732937243497
40329,0.00168733207453269
40328,0.00168733433419876
40327,0.00168733615129743
40326,0.00168733752569347
40325,0.00168733845725221
40324,0.00168733894583949
40323,0.0016873389913217
40322,0.00168733859356575
40321,0.00168733775243909
40320,0.00168733646780971
40319,0.0016873364444869
40318,0.00168733605248439
40317,0.00168733529169864
40316,0.00168733416202649
40315,0.00168733266336516
40314,0.00168733079561225
40313,0.00168732855866574
40312,0.00168732595242398
40311,0.00168732297678571
40310,0.00168731963165004
40309,0.00168731591691645
40308,0.00168731183248482
40307,0.0016873073782554
40306,0.00168730255412881
40305,0.00168729736000606
40304,0.00168729179578854
40303,0.00168728586137801
40302,0.00168727955667663
40301,0.00168727288158693
40300,0.00168726583601181
40299,0.00168727154673464
40298,0.00168727700038737
40297,0.00168728219688957
40296,0.00168728713616105
40295,0.00168729181812182
40294,0.00168729624269215
40293,0.00168730040979251
40292,0.00168730431934361
40291,0.00168730797126641
40290,0.00168731136548206
40289,0.00168731450191197
40288,0.00168731738047777
40287,0.00168732000110132
40286,0.00168732236370471
40285,0.00168732446821026
40284,0.00168732631454052
40283,0.00168732790261828
40282,0.00168732923236654
40281,0.00168733030370855
40280,0.00168733111656779
40279,0.00168732655072049
40278,0.00168732179608377
40277,0.00168731685261783
40276,0.001687311720283
40275,0.0016873063990397
40274,0.00168730088884847
40273,0.00168729518966997
40272,0.00168728930146494
40271,0.00168728322419426
40270,0.0016872769578189
40269,0.00168727050229997
40268,0.00168726385759865
40267,0.00168725702367626
40266,0.00168725000049422
40265,0.00168724278801407
40264,0.00168723538619744
40263,0.00168722779500609
40262,0.00168722001440189
40261,0.00168721204434681
40260,0.00168720388480293
40259,0.00168719103983754
40258,0.00168717806167013
40257,0.00168716495028453
40256,0.0016871517056646
40255,0.00168713832779428
40254,0.00168712481665754
40253,0.00168711117223839
40252,0.00168709739452089
40251,0.00168708348348917
40250,0.00168706943912737
40249,0.00168705526141972
40248,0.00168704095035047
40247,0.00168702650590393
40246,0.00168701192806444
40245,0.0016869972168164
40244,0.00168698237214428
40243,0.00168696739403255
40242,0.00168695228246578
40241,0.00168693703742854
40240,0.00168692165890548
40239,0.00168690614688129
40238,0.0016868905013407
40237,0.0016868747222685
40236,0.00168685880964952
40235,0.00168684276346864
40234,0.00168682658371079
40233,0.00168681027036094
40232,0.00168679382340412
40231,0.00168677724282541
40230,0.00168676052860991
40229,0.00168674368074281
40228,0.00168672669920931
40227,0.00168670958399468
40226,0.00168669233508424
40225,0.00168667495246334
40224,0.0016866574361174
40223,0.00168663978603187
40222,0.00168662200219226
40221,0.00168660408458411
40220,0.00168658603319304
40219,0.00168657570514607
40218,0.00168656523353824
40217,0.00168655461834484
40216,0.00168654385954125
40215,0.00168653295710288
40214,0.00168652191100524
40213,0.0016865107212239
40212,0.00168649938773451
40211,0.00168648791051276
40210,0.00168647628953442
40209,0.00168646452477535
40208,0.00168645261621144
40207,0.00168644056381869
40206,0.00168642836757314
40205,0.00168641602745089
40204,0.00168640354342815
40203,0.00168639091548115
40202,0.00168637814358623
40201,0.00168636522771977
40200,0.00168635216785822
40199,0.00168632351244875
40198,0.00168629472578764
40197,0.00168626580786976
40196,0.00168623675869002
40195,0.00168620757824339
40194,0.00168617826652486
40193,0.00168614882352948
40192,0.00168611924925234
40191,0.00168608954368855
40190,0.0016860597068333
40189,0.00168602973868179
40188,0.00168599963922928
40187,0.00168596940847106
40186,0.00168593904640248
40185,0.00168590855301892
40184,0.00168587792831581
40183,0.0016858471722886
40182,0.00168581628493282
40181,0.001685785266244
40180,0.00168575411621776
40179,0.00168572534163726
40178,0.00168569638536372
40177,0.00168566724737958
40176,0.00168563792766734
40175,0.0016856084262096
40174,0.00168557874298904
40173,0.00168554887798844
40172,0.00168551883119066
40171,0.00168548860257864
40170,0.00168545819213542
40169,0.00168542759984412
40168,0.00168539682568795
40167,0.0016853658696502
40166,0.00168533473171426
40165,0.00168530341186359
40164,0.00168527191008176
40163,0.0016852402263524
40162,0.00168520836065925
40161,0.00168517631298613
40160,0.00168514408331695
40159,0.00168509059134948
40158,0.0016850368616135
40157,0.00168498289411434
40156,0.00168492868885751
40155,0.00168487424584864
40154,0.00168481956509351
40153,0.00168476464659804
40152,0.00168470949036832
40151,0.00168465409641057
40150,0.00168459846473116
40149,0.0016845425953366
40148,0.00168448648823357
40147,0.00168443014342885
40146,0.00168437356092942
40145,0.00168431674074238
40144,0.00168425968287496
40143,0.00168420238733458
40142,0.00168414485412877
40141,0.00168408708326521
40140,0.00168402907475175
40139,0.00168396591322157
40138,0.00168390238638741
40137,0.00168383849423951
40136,0.00168377423676842
40135,0.00168370961396501
40134,0.00168364462582049
40133,0.00168357927232641
40132,0.00168351355347461
40131,0.0016834474692573
40130,0.001683381019667
40129,0.00168331420469654
40128,0.00168324702433912
40127,0.00168317947858822
40126,0.00168311156743769
40125,0.00168304329088167
40124,0.00168297464891467
40123,0.00168290564153148
40122,0.00168283626872727
40121,0.00168276653049749
40120,0.00168269642683795
40119,0.00168260474575672
40118,0.001682512447085
40117,0.00168241953081604
40116,0.00168232599694403
40115,0.00168223184546411
40114,0.00168213707637235
40113,0.00168204168966573
40112,0.00168194568534221
40111,0.00168184906340065
40110,0.00168175182384087
40109,0.00168165396666362
40108,0.00168155549187059
40107,0.00168145639946438
40106,0.00168135668944857
40105,0.00168125636182763
40104,0.00168115541660701
40103,0.00168105385379307
40102,0.0016809516733931
40101,0.00168084887541535
40100,0.00168074545986899
40099,0.00168063339863856
40098,0.0016805206212003
40097,0.00168040712756929
40096,0.00168029291776189
40095,0.00168017799179573
40094,0.00168006234968967
40093,0.00167994599146385
40092,0.00167982891713965
40091,0.00167971112673973
40090,0.00167959262028798
40089,0.00167947339780957
40088,0.00167935345933092
40087,0.00167923280487972
40086,0.00167911143448488
40085,0.00167898934817661
40084,0.00167886654598636
40083,0.00167874302794682
40082,0.00167861879409197
40081,0.00167849384445702
40080,0.00167836817907845
40079,0.00167823274338798
40078,0.00167809648614439
40077,0.00167795940739733
40076,0.00167782150719813
40075,0.00167768278559975
40074,0.00167754324265682
40073,0.00167740287842562
40072,0.00167726169296408
40071,0.00167711968633179
40070,0.00167697685858999
40069,0.00167683320980156
40068,0.00167668874003106
40067,0.00167654344934467
40066,0.00167639733781025
40065,0.0016762504054973
40064,0.00167610265247695
40063,0.00167595407882203
40062,0.00167580468460697
40061,0.00167565446990787
40060,0.00167550343480249
40059,0.00167531337971692
40058,0.0016751221418842
40057,0.00167492972151665
40056,0.00167473611883001
40055,0.00167454133404346
40054,0.00167434536737967
40053,0.00167414821906471
40052,0.00167394988932813
40051,0.00167375037840291
40050,0.00167354968652546
40049,0.00167334781393566
40048,0.00167314476087679
40047,0.00167294052759559
40046,0.00167273511434224
40045,0.00167252852137033
40044,0.00167232074893691
40043,0.00167211179730244
40042,0.0016719016667308
40041,0.00167169035748933
40040,0.00167147786984875
40039,0.00167126050810848
40038,0.0016710418347918
40037,0.00167082185014808
40036,0.00167060055443087
40035,0.00167037794789797
40034,0.00167015403081134
40033,0.00166992880343718
40032,0.0016697022660459
40031,0.00166947441891208
40030,0.00166924526231454
40029,0.00166901479653626
40028,0.00166878302186446
40027,0.00166854993859051
40026,0.00166831554701001
40025,0.00166807984742275
40024,0.00166784284013268
40023,0.00166760452544796
40022,0.00166736490368094
40021,0.00166712397514815
40020,0.00166688174017029
40019,0.00166661760261068
40018,0.00166635201890504
40017,0.00166608498952758
40016,0.00166581651495768
40015,0.00166554659567983
40014,0.00166527523218364
40013,0.00166500242496385
40012,0.00166472817452033
40011,0.00166445248135805
40010,0.0016641753459871
40009,0.00166389676892268
40008,0.00166361675068508
40007,0.00166333529179971
40006,0.00166305239279706
40005,0.00166276805421272
40004,0.00166248227658736
40003,0.00166219506046673
40002,0.00166190640640168
40001,0.00166161631494812
40000,0.00166132478666703
39999,0.00166103182212447
39998,0.00166073742189153
39997,0.00166044158654441
39996,0.00166014431666431
39995,0.00165984561283752
39994,0.00165954547565535
39993,0.00165924390571416
39992,0.00165894090361536
39991,0.00165863646996536
39990,0.00165833060537563
39989,0.00165802331046264
39988,0.00165771458584789
39987,0.00165740443215789
39986,0.00165709285002417
39985,0.00165677984008323
39984,0.00165646540297662
39983,0.00165614953935084
39982,0.00165583224985741
39981,0.00165551353515281
39980,0.00165519339589853
39979,0.0016548796074534
39978,0.00165456439277316
39977,0.00165424775244843
39976,0.00165392968707484
39975,0.00165361019725297
39974,0.0016532892835884
39973,0.00165296694669164
39972,0.00165264318717821
39971,0.00165231800566855
39970,0.00165199140278809
39969,0.00165166337916717
39968,0.00165133393544112
39967,0.00165100307225018
39966,0.00165067079023955
39965,0.00165033709005936
39964,0.00165000197236467
39963,0.00164966543781545
39962,0.00164932748707661
39961,0.00164898812081797
39960,0.00164864733971427
39959,0.00164828029259227
39958,0.0016479116916558
39957,0.00164754153779687
39956,0.00164716983191338
39955,0.00164679657490914
39954,0.00164642176769386
39953,0.00164604541118312
39952,0.00164566750629838
39951,0.00164528805396697
39950,0.00164490705512209
39949,0.0016445245107028
39948,0.00164414042165399
39947,0.0016437547889264
39946,0.00164336761347661
39945,0.00164297889626702
39944,0.00164258863826585
39943,0.00164219684044714
39942,0.00164180350379073
39941,0.00164140862928224
39940,0.0016410122179131
39939,0.0016406065798635
39938,0.00164019940605658
39937,0.00163979069760688
39936,0.00163938045563479
39935,0.00163896868126652
39934,0.00163855537563411
39933,0.00163814053987541
39932,0.00163772417513408
39931,0.00163730628255956
39930,0.0016368868633071
39929,0.00163646591853769
39928,0.00163604344941813
39927,0.00163561945712093
39926,0.00163519394282439
39925,0.00163476690771251
39924,0.00163433835297506
39923,0.00163390827980748
39922,0.00163347668941096
39921,0.00163304358299238
39920,0.00163260896176428
39919,0.00163218055302228
39918,0.00163175063134397
39917,0.0016313191978517
39916,0.00163088625367344
39915,0.00163045179994271
39914,0.00163001583779863
39913,0.00162957836838587
39912,0.00162913939285466
39911,0.0016286989123608
39910,0.0016282569280656
39909,0.00162781344113592
39908,0.00162736845274414
39907,0.00162692196406815
39906,0.00162647397629134
39905,0.00162602449060262
39904,0.00162557350819636
39903,0.00162512103027244
39902,0.00162466705803617
39901,0.00162421159269837
39900,0.00162375463547526
39899,0.00162332536463505
39898,0.00162289473512564
39897,0.00162246274793183
39896,0.00162202940404296
39895,0.00162159470445289
39894,0.00162115865016002
39893,0.00162072124216725
39892,0.00162028248148201
39891,0.00161984236911621
39890,0.00161940090608628
39889,0.00161895809341314
39888,0.00161851393212217
39887,0.00161806842324326
39886,0.00161762156781076
39885,0.00161717336686348
39884,0.00161672382144469
39883,0.00161627293260212
39882,0.00161582070138794
39881,0.00161536712885876
39880,0.00161491221607563
39879,0.00161444840212961
39878,0.00161398325900522
39877,0.00161351678785906
39876,0.00161304898985203
39875,0.00161257986614934
39874,0.00161210941792051
39873,0.00161163764633933
39872,0.00161116455258388
39871,0.00161069013783649
39870,0.00161021440328379
39869,0.00160973735011665
39868,0.00160925897953018
39867,0.00160877929272374
39866,0.00160829829090093
39865,0.00160781597526957
39864,0.00160733234704169
39863,0.00160684740743354
39862,0.00160636115766556
39861,0.0016058735989624
39860,0.00160538473255288
39859,0.00160487039176402
39858,0.00160435461164824
39857,0.00160383739363801
39856,0.00160331873917082
39855,0.00160279864968922
39854,0.00160227712664078
39853,0.0016017541714781
39852,0.00160122978565877
39851,0.0016007039706454
39850,0.00160017672790557
39849,0.00159964805891185
39848,0.00159911796514177
39847,0.00159858644807784
39846,0.00159805350920748
39845,0.00159751915002306
39844,0.00159698337202189
39843,0.00159644617670619
39842,0.00159590756558306
39841,0.00159536754016452
39840,0.00159482610196745
39839,0.00159427583304936
39838,0.00159372416022119
39837,0.00159317108512079
39836,0.00159261660939084
39835,0.0015920607346788
39834,0.00159150346263695
39833,0.00159094479492234
39832,0.00159038473319675
39831,0.00158982327912676
39830,0.00158926043438366
39829,0.00158869620064346
39828,0.00158813057958692
39827,0.00158756357289947
39826,0.00158699518227125
39825,0.00158642540939704
39824,0.00158585425597634
39823,0.00158528172371327
39822,0.00158470781431659
39821,0.00158413252949968
39820,0.00158355587098056
39819,0.00158298522521763
39818,0.00158241320189838
39817,0.00158183980264847
39816,0.00158126502909817
39815,0.00158068888288236
39814,0.00158011136564051
39813,0.00157953247901665
39812,0.00157895222465939
39811,0.00157837060422191
39810,0.00157778761936191
39809,0.00157720327174165
39808,0.00157661756302788
39807,0.00157603049489188
39806,0.00157544206900943
39805,0.00157485228706079
39804,0.00157426115073069
39803,0.00157366866170835
39802,0.00157307482168741
39801,0.00157247963236596
39800,0.00157188309544653
39799,0.00157128521263605
39798,0.00157068598564589
39797,0.00157008541619175
39796,0.00156948350599379
39795,0.00156888025677647
39794,0.00156827567026865
39793,0.00156766974820352
39792,0.00156706249231862
39791,0.00156645390435579
39790,0.0015658439860612
39789,0.00156523273918531
39788,0.00156462016548286
39787,0.00156400626671288
39786,0.00156339104463866
39785,0.00156277450102773
39784,0.00156215663765186
39783,0.00156153745628706
39782,0.00156091695871355
39781,0.00156029514671574
39780,0.00155967202208224
39779,0.00155902530988036
39778,0.00155837714385722
39777,0.00155772752599079
39776,0.00155707645826432
39775,0.0015564239426662
39774,0.00155576998119006
39773,0.00155511457583468
39772,0.001554457728604
39771,0.00155379944150712
39770,0.00155313971655826
39769,0.00155247855577678
39768,0.00155181596118712
39767,0.00155115193481881
39766,0.00155048647870648
39765,0.00154981959488979
39764,0.00154915128541345
39763,0.00154848155232722
39762,0.00154781039768585
39761,0.00154713782354912
39760,0.00154646383198176
39759,0.0015457715838785
39758,0.0015450777372509
39757,0.00154438229436525
39756,0.00154368525749462
39755,0.0015429866289189
39754,0.00154228641092476
39753,0.00154158460580565
39752,0.00154088121586174
39751,0.00154017624339994
39750,0.00153946969073387
39749,0.00153876156018383
39748,0.0015380518540768
39747,0.00153734057474642
39746,0.00153662772453294
39745,0.00153591330578325
39744,0.00153519732085082
39743,0.00153447977209571
39742,0.00153376066188453
39741,0.00153303999259043
39740,0.00153231776659308
39739,0.00153156190707933
39738,0.00153080436083757
39737,0.00153004513059636
39736,0.00152928421909181
39735,0.00152852162906762
39734,0.00152775736327502
39733,0.00152699142447272
39732,0.00152622381542694
39731,0.00152545453891135
39730,0.00152468359770706
39729,0.00152391099460259
39728,0.00152313673239384
39727,0.00152236081388409
39726,0.00152158324188394
39725,0.00152080401921133
39724,0.00152002314869147
39723,0.00151924063315684
39722,0.00151845647544717
39721,0.00151767067840939
39720,0.00151688324489765
39719,0.00151612761114917
39718,0.00151537047686353
39717,0.00151461184457005
39716,0.00151385171680404
39715,0.00151309009610687
39714,0.00151232698502589
39713,0.0015115623861144
39712,0.00151079630193169
39711,0.00151002873504295
39710,0.00150925968801931
39709,0.00150848916343777
39708,0.00150771716388122
39707,0.00150694369193839
39706,0.00150616875020383
39705,0.00150539234127793
39704,0.00150461446776685
39703,0.00150383513228251
39702,0.00150305433744261
39701,0.00150227208587054
39700,0.00150148838019543
39699,0.00150069727840024
39698,0.00149990475854635
39697,0.00149911082329809
39696,0.00149831547532489
39695,0.00149751871730129
39694,0.00149672055190688
39693,0.00149592098182631
39692,0.00149512000974923
39691,0.00149431763837033
39690,0.00149351387038926
39689,0.00149270870851066
39688,0.00149190215544409
39687,0.00149109421390406
39686,0.00149028488660996
39685,0.00148947417628608
39684,0.00148866208566156
39683,0.0014878486174704
39682,0.0014870337744514
39681,0.00148621755934818
39680,0.00148539997490913
39679,0.00148458102388739
39678,0.00148376070904087
39677,0.00148293903313216
39676,0.00148211599892858
39675,0.0014812916092021
39674,0.00148046586672936
39673,0.00147963877429164
39672,0.00147881033467481
39671,0.00147798055066936
39670,0.00147714942507034
39669,0.00147631696067734
39668,0.0014754831602945
39667,0.00147464802673047
39666,0.00147381156279835
39665,0.00147297377131576
39664,0.00147213465510473
39663,0.00147129421699173
39662,0.00147045245980763
39661,0.00146960938638768
39660,0.00146876499957149
39659,0.00146788226943746
39658,0.00146699811685622
39657,0.00146611254507005
39656,0.00146522555732629
39655,0.00146433715687727
39654,0.00146344734698035
39653,0.00146255613089781
39652,0.00146166351189693
39651,0.00146076949324985
39650,0.00145987407823365
39649,0.00145897727013022
39648,0.00145807907222632
39647,0.00145717948781351
39646,0.00145627852018814
39645,0.00145537617265131
39644,0.00145447244850885
39643,0.00145356735107129
39642,0.00145266088365385
39641,0.00145175304957639
39640,0.00145084385216339
39639,0.00144997654521223
39638,0.00144910795958291
39637,0.00144823809821653
39636,0.00144736696405848
39635,0.00144649456005847
39634,0.00144562088917047
39633,0.0014447459543527
39632,0.00144386975856759
39631,0.00144299230478177
39630,0.00144211359596606
39629,0.00144123363509544
39628,0.00145036008371807
39627,0.00144949321753581
39626,0.00144862512881699
39625,0.00144775582057308
39624,0.0014468852958196
39623,0.00144601355757609
39622,0.00144514060886611
39621,0.00144426645271718
39620,0.00144339109216078
39619,0.00144251453023234
39618,0.0014416367699712
39617,0.00144075781442058
39616,0.00143987766662756
39615,0.00143899632964308
39614,0.0014381138065219
39613,0.00143723010032256
39612,0.00143634521410741
39611,0.00143545915094251
39610,0.00143457191389768
39609,0.00143368350604643
39608,0.00143279393046596
39607,0.00143190319023714
39606,0.00143101128844445
39605,0.00143011822817601
39604,0.00142922401252352
39603,0.00142832864458225
39602,0.00142743212745102
39601,0.00142653446423216
39600,0.00142563565803152
39599,0.00142477523940289
39598,0.00142391377783943
39597,0.00142305127607096
39596,0.00142218773683025
39595,0.00142132316285287
39594,0.00142045755687729
39593,0.0014195909216448
39592,0.00141872325989951
39591,0.00141785457438832
39590,0.00141698486786092
39589,0.00141611414306975
39588,0.00141524240277
39587,0.00141436964971957
39586,0.00141349588667909
39585,0.00141262111641185
39584,0.00141174534168382
39583,0.0014108685652636
39582,0.00140999078992245
39581,0.00140911201843423
39580,0.00140823225357537
39579,0.00140734348512037
39578,0.00140645378394273
39577,0.001405563152809
39576,0.00140467159448758
39575,0.00140377911174863
39574,0.00140288570736414
39573,0.00140199138410783
39572,0.00140109614475519
39571,0.00140019999208344
39570,0.00139930292887152
39569,0.00139840495790007
39568,0.00139750608195141
39567,0.0013966063038095
39566,0.00139570562625999
39565,0.00139480405209015
39564,0.00139390158408883
39563,0.00139299822504652
39562,0.00139209397775526
39561,0.00139118884500866
39560,0.00139028282960189
39559,0.00138937216423257
39558,0.00138846064408784
39557,0.00138754827200287
39556,0.00138663505081404
39555,0.00138572098335892
39554,0.00138480607247622
39553,0.00138389032100583
39552,0.00138297373178874
39551,0.00138205630766707
39550,0.00138113805148404
39549,0.00138021896608394
39548,0.00137929905431212
39547,0.00137837831901496
39546,0.00137745676303992
39545,0.00137653438923541
39544,0.00137561120045087
39543,0.00137468719953669
39542,0.00137376238934424
39541,0.00137283677272583
39540,0.00137191035253468
39539,0.00137098313162493
39538,0.00137005511285161
39537,0.0013691262990706
39536,0.00136819669313868
39535,0.00136726629791344
39534,0.00136633511625328
39533,0.00136540315101745
39532,0.00136447040506593
39531,0.00136353688125953
39530,0.00136260258245978
39529,0.00136166751152895
39528,0.00136073167133003
39527,0.00135979506472673
39526,0.00135885769458343
39525,0.00135791956376519
39524,0.00135698067513772
39523,0.00135604103156735
39522,0.00135510063592106
39521,0.00135415949106641
39520,0.00135321759987156
39519,0.00135232102371357
39518,0.00135142375135704
39517,0.00135052578527424
39516,0.00134962712793811
39515,0.00134872778182223
39514,0.00134782774940082
39513,0.00134692703314876
39512,0.00134602563554149
39511,0.00134512355905509
39510,0.00134422080616622
39509,0.00134331737935211
39508,0.00134241328109056
39507,0.0013415085138599
39506,0.00134060308013901
39505,0.00133969698240728
39504,0.00133879022314463
39503,0.00133788280483146
39502,0.00133697472994864
39501,0.00133606600097755
39500,0.00133515662039998
39499,0.00133415988743866
39498,0.00133316237908443
39497,0.00133216409859964
39496,0.0013311650492472
39495,0.00133016523429061
39494,0.0013291646569939
39493,0.00132816332062159
39492,0.00132716122843874
39491,0.00132615838371084
39490,0.00132515478970387
39489,0.00132415044968423
39488,0.00132314536691874
39487,0.00132213954467463
39486,0.00132113298621946
39485,0.00132012569482118
39484,0.00131911767374808
39483,0.00131810892626873
39482,0.00131709945565204
39481,0.00131608926516714
39480,0.00131507835808344
39479,0.00131406389139471
39478,0.00131304873952908
39477,0.00131203290577628
39476,0.00131101639342585
39475,0.0013099992057672
39474,0.00130898134608952
39473,0.00130796281768184
39472,0.00130694362383292
39471,0.00130592376783128
39470,0.00130490325296521
39469,0.00130388208252267
39468,0.00130286025979134
39467,0.00130183778805858
39466,0.00130081467061138
39465,0.00129979091073639
39464,0.00129876651171987
39463,0.00129774147684766
39462,0.0012967158094052
39461,0.00129568951267748
39460,0.00129466258994903
39459,0.0012935904679563
39458,0.00129251767055898
39457,0.00129144420148569
39456,0.00129037006446437
39455,0.00128929526322236
39454,0.0012882198014863
39453,0.00128714368298212
39452,0.00128606691143506
39451,0.0012849894905696
39450,0.00128391142410945
39449,0.00128283271577754
39448,0.00128175336929595
39447,0.00128067338838598
39446,0.001279592776768
39445,0.00127851153816154
39444,0.00127742967628521
39443,0.00127634719485667
39442,0.00127526409759265
39441,0.00127418038820887
39440,0.00127309607042008
39439,0.00127196131722234
39438,0.00127082596011892
39437,0.00126969000343757
39436,0.00126855345150389
39435,0.00126741630864128
39434,0.00126627857917092
39433,0.00126514026741176
39432,0.00126400137768045
39431,0.00126286191429135
39430,0.00126172188155646
39429,0.00126058128378543
39428,0.00125944012528551
39427,0.00125829841036152
39426,0.00125715614331584
39425,0.00125601332844834
39424,0.00125486997005641
39423,0.00125372607243487
39422,0.00125258163987598
39421,0.0012514366766694
39420,0.00125029118710217
39419,0.00124910170410532
39418,0.00124791163237372
39417,0.00124672097662675
39416,0.00124552974158119
39415,0.00124433793195117
39414,0.00124314555244815
39413,0.00124195260778087
39412,0.00124075910265533
39411,0.00123956504177477
39410,0.00123837042983958
39409,0.00123717527154735
39408,0.00123597957159279
39407,0.00123478333466768
39406,0.0012335865654609
39405,0.0012323892686583
39404,0.00123119144894278
39403,0.0012299931109942
39402,0.00122879425948932
39401,0.00122759489910184
39400,0.00122639503450228
39399,0.00122519652198203
39398,0.00122399748611797
39397,0.0012227979315362
39396,0.00122159786286004
39395,0.00122039728471002
39394,0.00121919620170383
39393,0.00121799461845632
39392,0.00121679253957942
39391,0.00121558996968217
39390,0.00121438691337063
39389,0.00121318337524788
39388,0.00121197935991402
39387,0.00121077487196604
39386,0.00120956991599791
39385,0.00120836449660047
39384,0.00120715861836141
39383,0.0012059522858653
39382,0.00120474550369344
39381,0.00120353827642398
39380,0.00120233060863174
39379,0.00120102811904415
39378,0.00119972515824813
39377,0.00119842173197128
39376,0.00119711784593608
39375,0.00119581350585988
39374,0.00119450871745483
39373,0.00119320348642785
39372,0.00119189781848057
39371,0.0011905917193093
39370,0.00118928519460499
39369,0.00118797825005318
39368,0.00118667089133399
39367,0.00118536312412203
39366,0.00118405495408637
39365,0.00118274638689052
39364,0.0011814374281924
39363,0.00118012808364425
39362,0.00117881835889263
39361,0.00117750825957836
39360,0.00117619779133647
39359,0.00117484397195338
39358,0.00117348966513158
39357,0.00117213487718368
39356,0.00117077961441723
39355,0.00116942388313473
39354,0.00116806768963354
39353,0.00116671104020585
39352,0.00116535394113862
39351,0.00116399639871351
39350,0.00116263841920687
39349,0.00116128000888966
39348,0.00115992117402739
39347,0.0011585619208801
39346,0.00115720225570226
39345,0.0011558421847428
39344,0.00115448171424496
39343,0.00115312085044631
39342,0.00115175959957868
39341,0.0011503979678681
39340,0.00114903596153477
39339,0.001147626570937
39338,0.00114621679418345
39337,0.00114480663813663
39336,0.00114339610965216
39335,0.00114198521557862
39334,0.00114057396275757
39333,0.00113916235802343
39332,0.00113775040820346
39331,0.00113633812011769
39330,0.00113492550057888
39329,0.00113351255639242
39328,0.00113209929435631
39327,0.0011306857212611
39326,0.00112927184388984
39325,0.00112785766901797
39324,0.00112644320341335
39323,0.00112502845383614
39322,0.00112361342703875
39321,0.00112219812976583
39320,0.00112078256875416
39319,0.00111931843873924
39318,0.00111785411227259
39317,0.00111638959661813
39316,0.00111492489902942
39315,0.00111346002674963
39314,0.00111199498701144
39313,0.00111052978703702
39312,0.00110906443403794
39311,0.00110759893521517
39310,0.00110613329775894
39309,0.00110466752884875
39308,0.00110320163565333
39307,0.00110173562533049
39306,0.00110026950502717
39305,0.00109880328187932
39304,0.00109733696301187
39303,0.00109587055553869
39302,0.0010944040665625
39301,0.00109293750317485
39300,0.00109147087245604
39299,0.00108995708255369
39298,0.00108844320012111
39297,0.00108692923297072
39296,0.00106855566473569
39295,0.00106710677119883
39294,0.00106565759902191
39293,0.00106420815653704
39292,0.00106275845206291
39291,0.00106130849390471
39290,0.00105985829035406
39289,0.00105840784968893
39288,0.00105695718017362
39287,0.00105550629005866
39286,0.00105405518758077
39285,0.00105260388096279
39284,0.00105115237841361
39283,0.00104970068812812
39282,0.00104824881828713
39281,0.00104679677705737
39280,0.00104534457259134
39279,0.00104384649472752
39278,0.00104234829819501
39277,0.00104084999180699
39276,0.0010393515843597
39275,0.00103785308463234
39274,0.00103635450138699
39273,0.00103485584336858
39272,0.00103335711930484
39271,0.00103185833790615
39270,0.0010303595078656
39269,0.00102886063785884
39268,0.00102736173654404
39267,0.00102586281256185
39266,0.00102436387453532
39265,0.00102286493106984
39264,0.0010213659907531
39263,0.00101986706215498
39262,0.00101836815382759
39261,0.00101686927430508
39260,0.00101537043210369
39259,0.00101382621728324
39258,0.00101228205924083
39257,0.0010107379672326
39256,0.00100919395049424
39255,0.00100765001824091
39254,0.00100610617966717
39253,0.00100456244394695
39252,0.00100301882023343
39251,0.00100147531765901
39250,0.000999931945335291
39249,0.00099838871235291
39248,0.000996845627781559
39247,0.000995302700669918
39246,0.000993759940045552
39245,0.000992217354914903
39244,0.000990674954263189
39243,0.000989132747054361
39242,0.000987590742231064
39241,0.000986048948714536
39240,0.000984507375404604
39239,0.000982965622964366
39238,0.000981424072165863
39237,0.000979882731950016
39236,0.000978341611236634
39235,0.00097680071892441
39234,0.000975260063890813
39233,0.000973719654992055
39232,0.000972179501063046
39231,0.000970639610917296
39230,0.00096909999334691
39229,0.000967560657122482
39228,0.000966021610993065
39227,0.00096448286368613
39226,0.000962944423907468
39225,0.000961406300341189
39224,0.000959868501649618
39223,0.000958331036473269
39222,0.000956793913430803
39221,0.000955257141118937
39220,0.00095372072811244
39219,0.000952183921183605
39218,0.000950647456446553
39217,0.000949111342565997
39216,0.000947575588184742
39215,0.000946040201923689
39214,0.000944505192381733
39213,0.000942970568135728
39212,0.000941436337740454
39211,0.000939902509728518
39210,0.000938369092610354
39209,0.000936836094874128
39208,0.000935303524985704
39207,0.00093377139138861
39206,0.00093223970250395
39205,0.000930708466730398
39204,0.000929177692444109
39203,0.000927647387998687
39202,0.000926117561725157
39201,0.000924588221931872
39200,0.000923059376904518
39199,0.000921485033322253
39198,0.000919911200622742
39197,0.000918337887974148
39196,0.000916765104518947
39195,0.000915192859373865
39194,0.000913621161629822
39193,0.000912050020351874
39192,0.000910479444579159
39191,0.000908909443324838
39190,0.000907340025576041
39189,0.000905771200293814
39188,0.000904202976413063
39187,0.000902635362842502
39186,0.000901068368464598
39185,0.000899502002135523
39184,0.000897936272685098
39183,0.000896371188916744
39182,0.000894806759607432
39181,0.000893242993507635
39180,0.000891679899341276
39179,0.000890117485805678
39178,0.000888555761571522
39177,0.000886994735282797
39176,0.00088543441555675
39175,0.000883874810983844
39174,0.000882315930127713
39173,0.000880757781525114
39172,0.000879200373685886
39171,0.000877643715092903
39170,0.000876087814202034
39169,0.0008745326794421
39168,0.000872978319214831
39167,0.000871424741894827
39166,0.000869871955829513
39165,0.000868319969339106
39164,0.000866768790716568
39163,0.000865218428227573
39162,0.000863668890110467
39161,0.000862120184576228
39160,0.000860572319808433
39159,0.000859023639948886
39158,0.000857475792212957
39157,0.000855928784947282
39156,0.000854382626470503
39155,0.000852837325073236
39154,0.000851292889018029
39153,0.00084974932653932
39152,0.0008482066458434
39151,0.000846664855108375
39150,0.000845123962484132
39149,0.000843583976092294
39148,0.000842044904026193
39147,0.00084050675435083
39146,0.000838969535102837
39145,0.000837433254290452
39144,0.000835897919893475
39143,0.000834363539863243
39142,0.000832830122122593
39141,0.000831297674565832
39140,0.000829766205058706
39139,0.000828370160010944
39138,0.000826974980610831
39137,0.000825580672484891
39136,0.000824187241240199
39135,0.00082279469246433
39134,0.000821403031725377
39133,0.000820012264571931
39132,0.000818622396533066
39131,0.000817233433118353
39130,0.000815845379817813
39129,0.000814458242101931
39128,0.000813072025421645
39127,0.000811686735208324
39126,0.000810302376873791
39125,0.000808918955810273
39124,0.000807536477390418
39123,0.000806154946967287
39122,0.000804774369874331
39121,0.000803394751425416
39120,0.000802016096914775
39119,0.0008007222603732
39118,0.0007994292613745
39117,0.000798137104393753
39116,0.000796845793890592
39115,0.0007955553343092
39114,0.000794265730078299
39113,0.000792976985611147
39112,0.000791689105305532
39111,0.000790402093543766
39110,0.000789115954692679
39109,0.000787830693103614
39108,0.000786546313112422
39107,0.000785262819039459
39106,0.000783980215189578
39105,0.000782698505852126
39104,0.000781417695300941
39103,0.000780137787794348
39102,0.000778858787575153
39101,0.000777580698870642
39100,0.000776303525892576
39099,0.000775156657994327
39098,0.000774010549303506
39097,0.000772865202762287
39096,0.000771720621302851
39095,0.000770576807847352
39094,0.000769433765307944
39093,0.000768291496586769
39092,0.000767150004575957
39091,0.000766009292157645
39090,0.000764869362203946
39089,0.000763730217576971
39088,0.000762591861128822
39087,0.000761454295701591
39086,0.000760317524127381
39085,0.000759181549228271
39084,0.000758046373816344
39083,0.000756912000693679
39082,0.000755778432652347
39081,0.000754645672474436
39080,0.000753513722932018
39079,0.000752505573307074
39078,0.000751498056649404
39077,0.000750491174993
39076,0.000749484930365368
39075,0.000748479324787574
39074,0.000747474360274203
39073,0.000746470038833378
39072,0.000745466362466779
39071,0.000744463333169598
39070,0.00074346095293059
39069,0.000742459223732031
39068,0.000741458147549736
39067,0.000740457726353078
39066,0.000739457962104945
39065,0.000738458856761792
39064,0.000737460412273596
39063,0.000736462630583877
39062,0.000735465513629715
39061,0.000734469063341711
39060,0.000733473281644034
39059,0.000732599430082238
39058,0.000731726086275774
39057,0.000730853251614208
39056,0.000729980927483029
39055,0.000729109115263613
39054,0.000728237816333253
39053,0.000727367032065151
39052,0.000726496763828396
39051,0.000725627012988004
39050,0.000724757780904874
39049,0.000723889068935828
39048,0.000723020878433594
39047,0.000722153210746789
39046,0.000721286067219958
39045,0.000720419449193532
39044,0.000719553358003864
39043,0.000718687794983216
39042,0.000717822761459739
39041,0.000716958258757518
39040,0.00071609428819652
39039,0.000715358108743816
39038,0.000714622328731806
39037,0.000713886948890647
39036,0.000713151969948492
39035,0.000712417392631536
39034,0.000711683217663985
39033,0.000710949445768068
39032,0.000710216077664041
39031,0.000709483114070165
39030,0.000708750555702738
39029,0.000708018403276081
39028,0.000707286657502533
39027,0.000706555319092469
39026,0.000705824388754269
39025,0.000705093867194355
39024,0.000704363755117173
39023,0.000703634053225195
39022,0.000702904762218925
39021,0.000702175882796881
39020,0.000701447415655627
39019,0.000700762223581961
39018,0.000700077406440284
39017,0.000699392964777808
39016,0.000698708899140241
39015,0.000698025210071757
39014,0.000697341898115012
39013,0.000696658963811149
39012,0.000695976407699783
39011,0.000695294230319031
39010,0.000694612432205477
39009,0.000693931013894195
39008,0.000693249975918744
39007,0.000692569318811163
39006,0.000691889043101995
39005,0.000691209149320253
39004,0.000690529637993444
39003,0.000689850509647565
39002,0.000689171764807096
39001,0.000688493403995024
39000,0.000687815427732811
38999,0.000687260025205934
38998,0.000686704891227312
38997,0.000686150026069302
38996,0.000685595430003539
38995,0.000685041103300979
38994,0.000684487046231861
38993,0.000683933259065726
38992,0.000683379742071431
38991,0.000682826495517111
38990,0.000682273519670226
38989,0.000681720814797522
38988,0.000681168381165046
38987,0.000680616219038164
38986,0.000680064328681524
38985,0.000679512710359098
38984,0.000678961364334147
38983,0.000678410290869236
38982,0.00067785949022625
38981,0.000677308962666358
38980,0.000676758708450056
38979,0.00067628766899252
38978,0.000675816831743981
38977,0.000675346196865988
38976,0.000674875764519731
38975,0.000674405534866005
38974,0.000673935508065235
38973,0.00067346568427747
38972,0.000672996063662377
38971,0.000672526646379264
38970,0.000672057432587046
38969,0.00067158842244427
38968,0.000671119616109107
38967,0.000670651013739346
38966,0.000670182615492421
38965,0.00066971442152537
38964,0.000669246431994868
38963,0.000668778647057211
38962,0.000668311066868317
38961,0.000667843691583749
38960,0.000667376521358676
38959,0.000666987835905598
38958,0.00066659929410083
38957,0.000666210896032646
38956,0.000665822641789144
38955,0.000665434531458236
38954,0.000665046565127653
38953,0.000664658742884945
38952,0.00066427106481748
38951,0.000663883531012445
38950,0.000663496141556845
38949,0.000663108896537502
38948,0.00066272179604106
38947,0.00066233484015398
38946,0.00066194802896254
38945,0.000661561362552842
38944,0.000661174841010802
38943,0.000660788464422158
38942,0.000660402232872465
38941,0.000660016146447101
38940,0.00065963020523126
38939,0.000659319267576134
38938,0.000659008419680417
38937,0.000658697661591582
38936,0.000658386993357012
38935,0.000658076415024038
38934,0.00065776592663991
38933,0.00065745552825181
38932,0.000657145219906849
38931,0.000656835001652055
38930,0.000656524873534394
38929,0.000656214835600761
38928,0.000655904887897976
38927,0.000655595030472793
38926,0.000655285263371878
38925,0.000654975586641841
38924,0.000654666000329217
38923,0.000654356504480468
38922,0.000654047099141988
38921,0.000653737784360086
38920,0.000653428560181013
38919,0.000653119426650946
38918,0.000652810383815988
38917,0.000652501431722176
38916,0.000652192570415461
38915,0.000651883799941736
38914,0.00065157512034682
38913,0.000651266531676459
38912,0.000650958033976333
38911,0.000650649627292034
38910,0.000650341311669099
38909,0.00065003308715299
38908,0.000649724953789096
38907,0.000649416911622739
38906,0.000649108960699156
38905,0.000648801101063528
38904,0.000648493332760957
38903,0.000648185655836478
38902,0.000647878070335057
38901,0.000647570576301574
38900,0.000647263173780853
38899,0.000646994271679468
38898,0.000646725439706735
38897,0.000646456677892542
38896,0.000646187986266748
38895,0.000645919364859158
38894,0.000645650813699536
38893,0.000645382332817608
38892,0.000645113922243052
38891,0.00064484558200552
38890,0.000644577312134606
38889,0.00064430911265987
38888,0.000644040983610829
38887,0.000643772925016951
38886,0.000643504936907682
38885,0.00064323701931241
38884,0.000642969172260483
38883,0.000642701395781212
38882,0.00064243368990386
38881,0.000642166054657663
38880,0.0006418984900718
38879,0.000641672149975086
38878,0.000641445865278823
38877,0.000641219635998981
38876,0.000640993462151525
38875,0.000640767343752376
38874,0.000640541280817447
38873,0.000640315273362624
38872,0.000640089321403753
38871,0.00063986342495668
38870,0.000639637584037202
38869,0.000639411798661107
38868,0.000639186068844161
38867,0.000638960394602088
38866,0.000638734775950609
38865,0.000638509212905399
38864,0.000638283705482126
38863,0.000638058253696433
38862,0.000637832857563919
38861,0.000637607517100186
38860,0.000637382232320786
38859,0.000637192043756726
38858,0.000637001891503103
38857,0.00063681177557026
38856,0.000636621695968529
38855,0.000636431652708231
38854,0.000636241645799677
38853,0.000636051675253167
38852,0.000635861741078991
38851,0.000635671843287426
38850,0.000635481981888741
38849,0.000635292156893194
38848,0.000635102368311029
38847,0.000634912616152483
38846,0.000634722900427782
38845,0.000634533221147139
38844,0.000634343578320758
38843,0.000634153971958832
38842,0.000633964402071544
38841,0.000633774868669064
38840,0.000633585371761555
38839,0.00063339892091068
38838,0.000633212509633169
38837,0.00063302613793767
38836,0.000632839805832823
38835,0.00063265351332725
38834,0.000632467260429564
38833,0.000632281047148366
38832,0.000632094873492245
38831,0.000631908739469774
38830,0.000631722645089519
38829,0.000631536590360029
38828,0.000631350575289845
38827,0.000631164599887492
38826,0.000630978664161485
38825,0.000630792768120327
38824,0.000630606911772507
38823,0.000630421095126503
38822,0.000630235318190781
38821,0.000630049580973793
38820,0.00062986388348398
38819,0.000629744548900637
38818,0.000629625231124872
38817,0.00062950593016456
38816,0.000629386646027552
38815,0.000629267378721709
38814,0.000629148128254883
38813,0.000629028894634914
38812,0.000628909677869646
38811,0.000628790477966898
38810,0.000628671294934499
38809,0.000628552128780265
38808,0.000628432979512009
38807,0.000628313847137538
38806,0.000628194731664642
38805,0.000628075633101115
38804,0.000627956551454742
38803,0.000627837486733303
38802,0.000627718438944575
38801,0.000627599408096312
38800,0.000627480394196278
38799,0.000627361397252226
38798,0.000627242417271902
38797,0.000627123454263051
38796,0.000627004508233395
38795,0.000626885579190667
38794,0.000626766667142586
38793,0.000626647772096865
38792,0.000626528894061219
38791,0.000626410033043336
38790,0.000626291189050916
38789,0.000626172362091648
38788,0.000626053552173211
38787,0.000625934759303288
38786,0.000625815983489535
38785,0.000625697224739619
38784,0.000625578483061197
38783,0.000625459758461917
38782,0.000625341050949427
38781,0.000625222360531353
38780,0.000625103687215329
38779,0.000624985031008978
38778,0.000624866391919919
38777,0.000624747769955765
38776,0.00062462916512411
38775,0.000624510577432558
38774,0.000624392006888698
38773,0.000624273453500115
38772,0.000624154917274392
38771,0.000624036398219091
38770,0.000623917896341781
38769,0.000623799411650022
38768,0.000623680944151364
38767,0.000623562493853361
38766,0.000623444060763539
38765,0.000623325644889437
38764,0.000623207246238581
38763,0.000623088864818492
38762,0.000622970500636688
38761,0.000622852153700664
38760,0.000622733824017928
38759,0.000622658828797393
38758,0.000622583839520087
38757,0.000622508856186612
38756,0.00062243387879759
38755,0.000622358907353623
38754,0.00062228394185532
38753,0.000622208982303291
38752,0.000622134028698136
38751,0.000622059081040476
38750,0.000621984139330912
38749,0.000621909203570053
38748,0.000621834273758504
38747,0.000621759349896867
38746,0.00062168443198576
38745,0.000621609520025784
38744,0.000621534614017544
38743,0.000621459713961647
38742,0.000621384819858692
38741,0.000621309931709295
38740,0.000621235049514057
38739,0.000621091142688607
38738,0.000620947267752366
38737,0.000620803424709993
38736,0.000620659613566109
38735,0.000620515834325352
38734,0.000620372086992333
38733,0.000620228371571649
38732,0.000620084688067909
38731,0.000619941036485687
38730,0.00061979741682957
38729,0.000619653829104118
38728,0.000619510273313883
38727,0.000619366749463421
38726,0.000619223257557257
38725,0.00061907979759993
38724,0.00061893636959595
38723,0.000618792973549819
38722,0.000618649609466045
38721,0.000618506277349104
38720,0.000618362977203485
38719,0.00061825701790182
38718,0.000618151079530362
38717,0.0006180451620913
38716,0.000617939265586804
38715,0.000617833390019054
38714,0.000617727535390219
38713,0.000617621701702466
38712,0.000617515888957961
38711,0.000617410097158849
38710,0.000617304326307285
38709,0.000617198576405417
38708,0.000617092847455386
38707,0.000616987139459335
38706,0.000616881452419383
38705,0.000616775786337665
38704,0.000616670141216302
38703,0.000616564517057412
38702,0.000616458913863114
38701,0.000616353331635505
38700,0.000616247770376694
38699,0.000616142230088778
38698,0.000616036710773854
38697,0.000615931212434013
38696,0.000615825735071332
38695,0.000615720278687894
38694,0.000615614843285775
38693,0.000615509428867044
38692,0.000615404035433773
38691,0.000615298662988011
38690,0.00061519331153182
38689,0.000615087981067251
38688,0.000614982671596351
38687,0.000614877383121167
38686,0.000614772115643724
38685,0.000614666869166062
38684,0.000614561643690206
38683,0.000614456439218182
38682,0.000614351255752011
38681,0.000614246093293696
38680,0.000614140951845253
38679,0.000613961598302247
38678,0.000613782290974578
38677,0.000613603029869818
38676,0.000613423814995521
38675,0.000613244646359221
38674,0.000613065523968436
38673,0.000612886447830666
38672,0.000612707417953389
38671,0.00061252843434407
38670,0.000612349497010152
38669,0.000612170605959062
38668,0.000611991761198207
38667,0.000611812962734978
38666,0.000611634210576747
38665,0.000611455504730867
38664,0.000611276845204674
38663,0.000611098232005486
38662,0.000610919665140603
38661,0.000610741144617305
38660,0.000610562670442856
38659,0.000610381048716332
38658,0.000610199467559244
38657,0.000610017926978809
38656,0.000609836426982235
38655,0.000609654967576719
38654,0.000609473548769445
38653,0.000609292170567583
38652,0.000609110832978296
38651,0.000608929536008732
38650,0.000608748279666027
38649,0.000608567063957307
38648,0.000608385888889686
38647,0.000608204754470265
38646,0.000608023660706135
38645,0.000607842607604373
38644,0.000607661595172047
38643,0.000607480623416212
38642,0.00060729969234391
38641,0.000607118801962174
38640,0.000606937952278022
38639,0.000606757143298464
38638,0.000606576375030496
38637,0.000606395647481103
38636,0.000606214960657257
38635,0.00060603431456592
38634,0.000605853709214042
38633,0.000605673144608561
38632,0.000605492620756404
38631,0.000605312137664486
38630,0.000605131695339708
38629,0.000604951293788964
38628,0.000604770933019133
38627,0.000604590613037083
38626,0.000604410333849671
38625,0.000604230095463742
38624,0.000604049897886129
38623,0.000603869741123654
38622,0.000603689625183127
38621,0.000603509550071347
38620,0.000603329515795101
38619,0.000603112872468603
38618,0.000602896286982361
38617,0.000602679759348298
38616,0.000602463289578338
38615,0.000602246877684361
38614,0.000602030523678238
38613,0.000601814227571821
38612,0.000601597989376919
38611,0.000601381809105341
38610,0.000601165686768853
38609,0.000600949622379214
38608,0.000600733615948158
38607,0.000600517667487382
38606,0.000600301777008582
38605,0.000600085944523409
38604,0.000599870170043507
38603,0.000599654453580497
38602,0.000599438795145964
38601,0.000599223194751487
38600,0.000599007652408606
38599,0.000598755705246353
38598,0.000598503836276226
38597,0.000598252045516842
38596,0.000598000332986794
38595,0.000597748698704617
38594,0.000597497142688812
38593,0.000597245664957839
38592,0.00059699426553011
38591,0.000596742944424014
38590,0.000596491701657883
38589,0.000596240537250014
38588,0.000595989451218663
38587,0.00059573844358204
38586,0.00059548751435833
38585,0.000595236663565662
38584,0.00059498589122213
38583,0.000594735197345785
38582,0.000594484581954636
38581,0.000594234045066665
38580,0.000593983586699799
38579,0.000593733206871927
38578,0.0005934829056009
38577,0.000593232682904524
38576,0.000592982538800579
38575,0.000592732473306788
38574,0.00059248248644084
38573,0.000592232578220384
38572,0.000591982748663023
38571,0.000591732997786336
38570,0.000591483325607844
38569,0.000591233732145036
38568,0.000590984217415358
38567,0.000590734781436212
38566,0.000590485424224975
38565,0.000590236145798969
38564,0.00058998694617548
38563,0.000589737825371754
38562,0.000589488783404993
38561,0.000589239820292373
38560,0.000588990936051015
38559,0.000588699258930633
38558,0.000588407679777925
38557,0.000588116198632646
38556,0.000587824815534464
38555,0.000587533530522983
38554,0.000587242343637729
38553,0.00058695125491815
38552,0.000586660264403625
38551,0.00058636937213344
38550,0.000586078578146824
38549,0.000585787882482923
38548,0.000585497285180806
38547,0.000585206786279474
38546,0.000584916385817837
38545,0.000584626083834744
38544,0.000584335880368962
38543,0.000584045775459186
38542,0.000583755769144038
38541,0.000583465861462049
38540,0.000583176052451693
38539,0.000582847149544821
38538,0.000582518373635132
38537,0.000582189724789787
38536,0.000581861203075779
38535,0.000581532808559974
38534,0.000581204541309073
38533,0.00058087640138963
38532,0.000580548388868067
38531,0.000580220503810637
38530,0.000579892746283464
38529,0.000579565116352511
38528,0.000579237614083593
38527,0.000578910239542391
38526,0.000578582992794421
38525,0.000578255873905068
38524,0.000577928882939558
38523,0.000577602019962966
38522,0.000577275285040239
38521,0.000576948678236152
38520,0.000576622199615357
38519,0.000576256971863154
38518,0.000575891906725776
38517,0.000575527004308039
38516,0.000575162264714488
38515,0.000574797688049391
38514,0.000574433274416746
38513,0.000574069023920276
38512,0.000573704936663429
38511,0.000573341012749383
38510,0.000572977252281041
38509,0.000572613655361034
38508,0.000572250222091718
38507,0.000571886952575178
38506,0.000571523846913228
38505,0.000571160905207407
38504,0.000570798127558983
38503,0.000570435514068952
38502,0.000570073064838036
38501,0.000569710779966689
38500,0.000569348659555089
38499,0.000568983398167809
38498,0.000568618309813797
38497,0.00056825339461758
38496,0.000567888652703324
38495,0.000567524084194834
38494,0.000567159689215559
38493,0.000566795467888588
38492,0.000566431420336653
38491,0.000566067546682124
38490,0.000565703847047016
38489,0.000565340321552987
38488,0.000564976970321333
38487,0.000564613793472996
38486,0.00056425079112856
38485,0.000563887963408251
38484,0.000563525310431939
38483,0.000563162832319136
38482,0.000562800529188998
38481,0.000562438401160324
38480,0.000562076448351559
38479,0.000561752763835664
38478,0.00056142921644789
38477,0.000561105806261884
38476,0.000560782533351077
38475,0.000560459397788731
38474,0.000560136399647898
38473,0.000559813539001437
38472,0.000559490815922032
38471,0.000559168230482152
38470,0.000558845782754095
38469,0.000558523472809951
38468,0.000558201300721619
38467,0.00055787926656082
38466,0.000557557370399063
38465,0.000557235612307686
38464,0.00055691399235782
38463,0.000556592510620404
38462,0.0005562711671662
38461,0.00055594996206576
38460,0.000555628895389465
38459,0.00055523875550311
38458,0.000554848817099123
38457,0.000554459080288368
38456,0.000554069545181367
38455,0.000553680211888263
38454,0.000553291080518853
38453,0.000552902151182572
38452,0.000552513423988483
38451,0.000552124899045306
38450,0.000551736576461385
38449,0.000551348456344718
38448,0.000550960538802943
38447,0.000550572823943325
38446,0.000550185311872792
38445,0.000549798002697891
38444,0.000549410896524828
38443,0.000549023993459451
38442,0.000548637293607234
38441,0.000548250797073315
38440,0.000547864503962454
38439,0.000547546929922032
38438,0.00054722949602349
38437,0.000546912202332194
38436,0.0005465950489133
38435,0.000546278035831798
38434,0.000545961163152475
38433,0.000545644430939929
38432,0.000545327839258583
38431,0.000545011388172657
38430,0.000544695077746199
38429,0.000544378908043055
38428,0.000544062879126886
38427,0.000543746991061178
38426,0.000543431243909211
38425,0.000543115637734096
38424,0.000542800172598745
38423,0.00054248484856588
38422,0.000542169665698054
38421,0.00054185462405761
38420,0.000541539723706727
38419,0.000541295891515247
38418,0.000541052142935924
38417,0.000540808477994744
38416,0.000540564896717646
38415,0.000540321399130498
38414,0.00054007798525911
38413,0.000539834655129236
38412,0.000539591408766561
38411,0.000539348246196728
38410,0.000539105167445306
38409,0.000538862172537808
38408,0.000538619261499687
38407,0.000538376434356334
38406,0.000538133691133092
38405,0.000537891031855233
38404,0.000537648456547971
38403,0.000537405965236465
38402,0.000537163557945805
38401,0.000536921234701041
38400,0.000536678995527145
38399,0.00053640016517258
38398,0.000536121449882696
38397,0.000535842849703005
38396,0.000535564364678876
38395,0.000535285994855562
38394,0.000535007740278182
38393,0.000534729600991728
38392,0.000534451577041063
38391,0.000534173668470909
38390,0.000533895875325875
38389,0.000533618197650431
38388,0.000533340635488923
38387,0.000533063188885571
38386,0.00053278585788445
38385,0.000532508642529523
38384,0.000532231542864619
38383,0.000531954558933438
38382,0.000531677690779555
38381,0.000531400938446405
38380,0.000531124301977306
38379,0.000530886955968945
38378,0.000530649690760723
38377,0.000530412506369366
38376,0.000530175402811573
38375,0.000529938380103988
38374,0.000529701438263215
38373,0.000529464577305822
38372,0.000529227797248324
38371,0.000528991098107215
38370,0.000528754479898928
38369,0.000528517942639863
38368,0.000528281486346378
38367,0.000528045111034782
38366,0.000527808816721361
38365,0.000527572603422342
38364,0.000527336471153916
38363,0.000527100419932235
38362,0.000526864449773402
38361,0.000526628560693495
38360,0.000526392752708535
38359,0.000526157025834507
38358,0.000525921380087356
38357,0.000525685815482978
38356,0.000525450332037245
38355,0.000525214929765973
38354,0.00052497960868494
38353,0.000524744368809884
38352,0.000524509210156498
38351,0.000524274132740447
38350,0.000524039136577341
38349,0.000523804221682752
38348,0.000523569388072215
38347,0.000523334635761214
38346,0.000523099964765212
38345,0.000522865375099611
38344,0.000522630866779782
38343,0.000522396439821051
38342,0.000522162094238701
38341,0.000521927830047987
38340,0.00052169364726411
38339,0.000521495379575811
38338,0.000521297171087667
38337,0.000521099021806448
38336,0.000520900931738925
38335,0.000520702900891834
38334,0.000520504929271903
38333,0.000520307016885847
38332,0.000520109163740344
38331,0.000519911369842075
38330,0.000519713635197682
38329,0.000519515959813805
38328,0.000519318343697066
38327,0.000519120786854051
38326,0.000518923289291352
38325,0.000518725851015519
38324,0.0005185284720331
38323,0.000518331152350626
38322,0.000518133891974595
38321,0.000517936690911503
38320,0.000517739549167813
38319,0.000517509625448591
38318,0.000517279782488668
38317,0.000517050020298222
38316,0.000516820338887411
38315,0.000516590738266343
38314,0.000516361218445099
38313,0.000516131779433728
38312,0.000515902421242238
38311,0.000515673143880618
38310,0.000515443947358812
38309,0.000515214831686732
38308,0.000514985796874259
38307,0.000514756842931234
38306,0.000514527969867481
38305,0.000514299177692774
38304,0.000514070466416859
38303,0.000513841836049451
38302,0.000513613286600224
38301,0.000513384818078834
38300,0.00051315643049489
38299,0.000512960734135513
38298,0.000512765097253438
38297,0.000512569519854653
38296,0.000512374001945144
38295,0.000512178543530861
38294,0.000511983144617752
38293,0.000511787805211745
38292,0.000511592525318736
38291,0.000511397304944623
38290,0.000511202144095267
38289,0.000511007042776526
38288,0.000510812000994237
38287,0.00051061701875421
38286,0.000510422096062251
38285,0.000510227232924134
38284,0.000510032429345625
38283,0.000509837685332475
38282,0.000509643000890402
38281,0.000509448376025125
38280,0.000509253810742328
38279,0.000509026893225609
38278,0.000508800056823974
38277,0.000508573301546364
38276,0.000508346627401705
38275,0.000508120034398871
38274,0.000507893522546713
38273,0.000507667091854046
38272,0.000507440742329647
38271,0.000507214473982278
38270,0.00050698828682065
38269,0.000506762180853448
38268,0.000506536156089324
38267,0.000506310212536893
38266,0.000506084350204751
38265,0.000505858569101447
38264,0.000505632869235503
38263,0.000505407250615407
38262,0.000505181713249611
38261,0.000504956257146547
38260,0.000504730882314601
38259,0.000504508409761203
38258,0.000504286020691186
38257,0.000504063715109963
38256,0.000503841493022927
38255,0.000503619354435423
38254,0.000503397299352766
38253,0.000503175327780239
38252,0.000502953439723086
38251,0.000502731635186532
38250,0.000502509914175755
38249,0.000502288276695902
38248,0.000502066722752089
38247,0.000501845252349392
38246,0.000501623865492869
38245,0.000501402562187529
38244,0.000501181342438354
38243,0.000500960206250293
38242,0.000500739153628254
38241,0.000500518184577129
38240,0.000500297299101761
38239,0.000500111304321383
38238,0.000499925376774719
38237,0.000499739516462914
38236,0.000499553723387107
38235,0.000499367997548393
38234,0.000499182338947856
38233,0.000498996747586555
38232,0.000498811223465512
38231,0.000498625766585741
38230,0.000498440376948213
38229,0.000498255054553888
38228,0.000498069799403703
38227,0.000497884611498553
38226,0.000497699490839331
38225,0.000497514437426883
38224,0.000497329451262046
38223,0.000497144532345634
38222,0.000496959680678419
38221,0.000496774896261169
38220,0.000496590179094609
38219,0.000496376715344571
38218,0.000496163349242946
38217,0.0004959500807893
38216,0.000495736909983153
38215,0.000495523836823959
38214,0.000495310861311115
38213,0.000495097983443965
38212,0.00049488520322179
38211,0.00049467252064383
38210,0.000494459935709253
38209,0.000494247448417175
38208,0.000494035058766658
38207,0.000493822766756702
38206,0.000493610572386264
38205,0.000493398475654231
38204,0.00049318647655944
38203,0.000492974575100671
38202,0.000492762771276645
38201,0.000492551065086038
38200,0.000492339456527459
38199,0.000492153389667985
38198,0.000491967384779565
38197,0.000491781441864091
38196,0.000491595560923456
38195,0.000491409741959515
38194,0.000491223984974118
38193,0.000491038289969101
38192,0.000490852656946264
38191,0.000490667085907412
38190,0.00049048157685431
38189,0.000490296129788721
38188,0.00049011074471239
38187,0.000489925421627032
38186,0.000489740160534359
38185,0.00048955496143605
38184,0.000489369824333779
38183,0.000489184749229204
38182,0.000488999736123948
38181,0.000488814785019638
38180,0.000488629895917864
38179,0.000488442001640048
38178,0.000488254167356408
38177,0.000488066393070737
38176,0.000487878678786828
38175,0.000487691024508441
38174,0.000487503430239331
38173,0.000487315895983237
38172,0.00048712842174387
38171,0.000486941007524939
38170,0.000486753653330119
38169,0.000486566359163084
38168,0.000486379125027488
38167,0.000486191950926958
38166,0.00048600483686512
38165,0.000485817782845567
38164,0.000485630788871887
38163,0.000485443854947653
38162,0.000485256981076408
38161,0.000485070167261695
38160,0.000484883413507022
38159,0.000484693650535695
38158,0.000484503948902377
38157,0.0004843143086135
38156,0.000484124729675487
38155,0.000483935212094724
38154,0.000483745755877591
38153,0.000483556361030443
38152,0.000483367027559603
38151,0.000483177755471389
38150,0.000482988544772082
38149,0.000482799395467953
38148,0.000482610307565252
38147,0.000482421281070195
38146,0.000482232315988995
38145,0.000482043412327824
38144,0.00048185457009285
38143,0.000481665789290215
38142,0.00048147706992603
38141,0.000481288412006401
38140,0.000481099815537395
38139,0.000480945232266108
38138,0.000480790690765248
38137,0.000480636191036629
38136,0.000480481733082056
38135,0.000480327316903328
38134,0.000480172942502232
38133,0.000480018609880552
38132,0.000479864319040061
38131,0.000479710069982524
38130,0.000479555862709701
38129,0.00047940169722334
38128,0.000479247573525185
38127,0.000479093491616969
38126,0.000478939451500419
38125,0.000478785453177254
38124,0.000478631496649185
38123,0.000478477581917914
38122,0.000478323708985136
38121,0.000478169877852539
38120,0.000478016088521802
38119,0.000477831596505724
38118,0.000477647164689609
38117,0.000477462793076305
38116,0.000477278481668662
38115,0.000477094230469495
38114,0.000476910039481618
38113,0.000476725908707827
38112,0.00047654183815089
38111,0.000476357827813575
38110,0.000476173877698616
38109,0.000475989987808746
38108,0.000475806158146681
38107,0.000475622388715106
38106,0.000475438679516709
38105,0.000475255030554145
38104,0.000475071441830065
38103,0.000474887913347102
38102,0.000474704445107864
38101,0.000474521037114957
38100,0.000474337689370954
38099,0.000474218537963685
38098,0.000474099415139609
38097,0.000473980320898524
38096,0.000473861255240206
38095,0.000473742218164445
38094,0.000473623209671014
38093,0.000473504229759684
38092,0.000473385278430231
38091,0.000473266355682415
38090,0.000473147461516006
38089,0.000473028595930759
38088,0.000472909758926424
38087,0.000472790950502762
38086,0.000472672170659511
38085,0.000472553419396425
38084,0.000472434696713238
38083,0.000472316002609683
38082,0.000472197337085502
38081,0.000472078700140414
38080,0.000471960091774154
38079,0.000471868843479443
38078,0.000471777610252007
38077,0.000471686392092144
38076,0.000471595189000137
38075,0.000471504000976279
38074,0.000471412828020863
38073,0.000471321670134175
38072,0.000471230527316508
38071,0.00047113939956814
38070,0.000471048286889361
38069,0.000470957189280457
38068,0.000470866106741709
38067,0.000470775039273407
38066,0.000470683986875822
38065,0.00047059294954924
38064,0.000470501927293941
38063,0.000470410920110203
38062,0.000470319927998309
38061,0.000470228950958526
38060,0.000470137988991135
38059,0.00047004704209641
38058,0.000469956110274626
38057,0.00046986519352606
38056,0.000469774291850973
38055,0.000469683405249643
38054,0.000469592533722338
38053,0.000469501677269328
38052,0.000469410835890885
38051,0.000469320009587266
38050,0.000469229198358743
38049,0.000469138402205579
38048,0.00046904762112804
38047,0.000468956855126391
38046,0.000468866104200887
38045,0.000468775368351793
38044,0.000468684647579368
38043,0.000468593941883871
38042,0.000468503251265566
38041,0.000468412575724699
38040,0.000468321915261533
38039,0.000468288616653469
38038,0.000468255321320333
38037,0.000468222029262297
38036,0.000468188740479556
38035,0.000468155454972283
38034,0.000468122172740665
38033,0.000468088893784891
38032,0.000468055618105134
38031,0.000468022345701587
38030,0.000467989076574422
38029,0.000467955810723826
38028,0.000467922548149987
38027,0.000467889288853077
38026,0.000467856032833288
38025,0.000467822780090792
38024,0.000467789530625775
38023,0.000467756284438424
38022,0.00046772304152891
38021,0.000467689801897424
38020,0.000467656565544138
38019,0.00046761419395042
38018,0.000467571850075873
38017,0.000467529533925608
38016,0.000467487245504746
38015,0.000467444984818375
38014,0.000467402751871586
38013,0.000467360546669457
38012,0.000467318369217041
38011,0.000467276219519398
38010,0.000467234097581554
38009,0.000467192003408542
38008,0.00046714993700538
38007,0.00046710789837706
38006,0.00046706588752858
38005,0.000467023904464911
38004,0.000466981949191021
38003,0.00046694002171187
38002,0.00046689812203239
38001,0.00046685625015752
38000,0.000466814406092168
37999,0.000466775503601157
37998,0.000466736617469282
37997,0.000466697747698766
37996,0.000466658894291844
37995,0.000466620057250733
37994,0.000466581236577655
37993,0.000466542432274829
37992,0.000466503644344457
37991,0.000466464872788754
37990,0.000466426117609914
37989,0.000466387378810138
37988,0.000466348656391624
37987,0.000466309950356552
37986,0.000466271260707118
37985,0.000466232587445492
37984,0.000466193930573855
37983,0.000466155290094384
37982,0.000466116666009238
37981,0.000466078058320591
37980,0.000466039467030592
37979,0.000466031010851999
37978,0.000466022569480929
37977,0.000466014142919023
37976,0.000466005731167922
37975,0.00046599733422926
37974,0.000465988952104671
37973,0.000465980584795786
37972,0.000465972232304231
37971,0.00046596389463163
37970,0.000465955571779606
37969,0.000465947263749777
37968,0.000465938970543758
37967,0.000465930692163163
37966,0.0004659224286096
37965,0.000465914179884676
37964,0.000465905945989997
37963,0.000465897726927162
37962,0.000465889522697769
37961,0.000465881333303415
37960,0.00046587315874569
37959,0.000465900558374876
37958,0.00046592796136004
37957,0.000465955367701268
37956,0.000465982777398627
37955,0.000466010190452198
37954,0.000466037606862055
37953,0.000466065026628266
37952,0.000466092449750915
37951,0.000466119876230069
37950,0.000466147306065811
37949,0.000466174739258211
37948,0.000466202175807339
37947,0.000466229615713278
37946,0.000466257058976094
37945,0.00046628450559587
37944,0.000466311955572675
37943,0.000466339408906579
37942,0.000466366865597665
37941,0.000466394325645997
37940,0.000466421789051659
37939,0.000466416414096274
37938,0.000466411045739886
37937,0.000466405683982961
37936,0.000466400328825962
37935,0.000466394980269353
37934,0.000466389638313596
37933,0.000466384302959155
37932,0.000466378974206491
37931,0.000466373652056066
37930,0.000466368336508339
37929,0.000466363027563772
37928,0.000466357725222823
37927,0.000466352429485952
37926,0.000466347140353617
37925,0.000466341857826276
37924,0.000466336581904385
37923,0.000466331312588402
37922,0.000466326049878782
37921,0.000466320793775981
37920,0.000466315544280454
37919,0.000466340457003354
37918,0.000466365378068176
37917,0.000466390307475355
37916,0.000466415245225303
37915,0.000466440191318451
37914,0.000466465145755217
37913,0.000466490108536015
37912,0.000466515079661274
37911,0.000466540059131405
37910,0.000466565046946835
37909,0.000466590043107977
37908,0.000466615047615244
37907,0.000466640060469061
37906,0.000466665081669834
37905,0.000466690111217987
37904,0.00046671514911393
37903,0.000466740195358073
37902,0.000466765249950835
37901,0.000466790312892622
37900,0.000466815384183853
37899,0.000466810274057286
37898,0.000466805170546962
37897,0.000466800073653323
37896,0.000466794983376812
37895,0.00046678989971787
37894,0.000466784822676936
37893,0.000466779752254452
37892,0.000466774688450857
37891,0.00046676963126659
37890,0.000466764580702088
37889,0.000466759536757791
37888,0.000466754499434134
37887,0.000466749468731555
37886,0.000466744444650489
37885,0.000466739427191373
37884,0.000466734416354641
37883,0.000466729412140727
37882,0.000466724414550064
37881,0.000466719423583087
37880,0.000466714439240227
37879,0.000466711949552977
37878,0.000466709461521917
37877,0.000466706975147103
37876,0.000466704490428588
37875,0.000466702007366426
37874,0.000466699525960671
37873,0.000466697046211376
37872,0.000466694568118595
37871,0.000466692091682382
37870,0.000466689616902791
37869,0.000466687143779875
37868,0.000466684672313687
37867,0.000466682202504282
37866,0.000466679734351713
37865,0.000466677267856033
37864,0.000466674803017296
37863,0.000466672339835554
37862,0.000466669878310862
37861,0.000466667418443273
37860,0.00046666496023284
37859,0.000466637229636662
37858,0.000466609502405436
37857,0.000466581778539088
37856,0.000466554058037562
37855,0.000466526340900782
37854,0.000466498627128688
37853,0.000466470916721219
37852,0.0004664432096783
37851,0.000466415505999874
37850,0.000466387805685866
37849,0.000466360108736215
37848,0.000466332415150858
37847,0.000466304724929721
37846,0.000466277038072746
37845,0.000466249354579858
37844,0.000466221674450995
37843,0.000466193997686095
37842,0.000466166324285081
37841,0.000466138654247897
37840,0.000466110987574466
37839,0.000466053171046968
37838,0.000465995362956253
37837,0.000465937563302175
37836,0.000465879772084606
37835,0.000465821989303399
37834,0.000465764214958415
37833,0.000465706449049512
37832,0.000465648691576545
37831,0.000465590942539381
37830,0.000465533201937874
37829,0.000465475469771879
37828,0.000465417746041256
37827,0.000465360030745855
37826,0.000465302323885542
37825,0.000465244625460167
37824,0.000465186935469587
37823,0.000465129253913656
37822,0.000465071580792224
37821,0.000465013916105154
37820,0.000464956259852294
37819,0.000464868528054042
37818,0.000464780813127517
37817,0.000464693115072482
37816,0.000464605433888686
37815,0.000464517769575888
37814,0.000464430122133842
37813,0.0004643424915623
37812,0.000464254877861018
37811,0.000464167281029736
37810,0.000464079701068208
37809,0.00046399213797618
37808,0.000463904591753397
37807,0.000463817062399608
37806,0.000463729549914546
37805,0.000463642054297958
37804,0.000463554575549583
37803,0.000463467113669159
37802,0.000463379668656428
37801,0.000463292240511116
37800,0.000463204829232963
37799,0.000463027496585115
37798,0.000462850226309329
37797,0.000462673018405253
37796,0.000462495872872539
37795,0.000462318789710801
37794,0.000462141768919654
37793,0.000461964810498693
37792,0.000461787914447484
37791,0.000461611080765597
37790,0.000461434309452564
37789,0.000461257600507916
37788,0.000461080953931168
37787,0.000460904369721804
37786,0.00046072784787931
37785,0.000460551388403137
37784,0.000460374991292735
37783,0.000460198656547536
37782,0.000460022384166942
37781,0.000459846174150358
37780,0.000459670026497153
37779,0.000459466762309684
37778,0.000459263587472092
37777,0.000459060501981173
37776,0.000458857505833696
37775,0.000458654599026382
37774,0.00045845178155592
37773,0.00045824905341896
37772,0.000458046414612114
37771,0.000457843865131969
37770,0.000457641404975062
37769,0.000457439034137899
37768,0.000457236752616948
37767,0.000457034560408639
37766,0.000456832457509375
37765,0.000456630443915512
37764,0.000456428519623375
37763,0.000456226684629249
37762,0.000456024938929382
37761,0.000455823282519997
37760,0.000455621715397269
37759,0.000455302102867561
37758,0.000454982700918175
37757,0.00045466350954137
37756,0.000454344528729241
37755,0.000454025758473683
37754,0.000453707198766418
37753,0.000453388849598986
37752,0.000453070710962734
37751,0.000452752782848841
37750,0.000452435065248287
37749,0.000452117558151884
37748,0.000451800261550261
37747,0.000451483175433854
37746,0.000451166299792935
37745,0.000450849634617577
37744,0.000450533179897686
37743,0.000450216935622987
37742,0.000449900901783012
37741,0.000449585078367132
37740,0.000449269465364518
37739,0.000448861133882154
37738,0.000448453132318599
37737,0.00044804546067774
37736,0.000447638118963006
37735,0.000447231107177406
37734,0.000446824425323499
37733,0.000446418073403407
37732,0.000446012051418829
37731,0.00044560635937101
37730,0.000445200997260778
37729,0.000444795965088516
37728,0.000444391262854169
37727,0.000443986890557265
37726,0.000443582848196883
37725,0.000443179135771685
37724,0.00044277575327989
37723,0.000442372700719288
37722,0.000441969978087249
37721,0.000441567585380701
37720,0.000441165522596157
37719,0.000440651797161661
37718,0.000440138618641223
37717,0.000439625987006863
37716,0.000439113902229446
37715,0.000438602364278714
37714,0.000438091373123269
37713,0.00043758092873058
37712,0.00043707103106699
37711,0.000436561680097703
37710,0.000436052875786807
37709,0.000435544618097264
37708,0.000435036906990914
37707,0.000434529742428483
37706,0.000434023124369566
37705,0.000433517052772659
37704,0.000433011527595139
37703,0.000432506548793274
37702,0.00043200211632223
37701,0.000431498230136053
37700,0.000430994890187701
37699,0.000430405132101814
37698,0.000429816115573608
37697,0.000429227840549983
37696,0.000428640306975786
37695,0.000428053514793779
37694,0.000427467463944679
37693,0.000426882154367143
37692,0.000426297585997766
37691,0.000425713758771111
37690,0.000425130672619685
37689,0.000424548327473969
37688,0.00042396672326241
37687,0.000423385859911416
37686,0.000422805737345391
37685,0.0004222263554867
37684,0.000421647714255712
37683,0.000421069813570784
37682,0.000420492653348258
37681,0.000419916233502494
37680,0.000419340553945842
37679,0.000418743762912755
37678,0.000418147789288454
37677,0.000417552632914482
37676,0.000416958293630066
37675,0.000416364771272099
37674,0.000415772065675161
37673,0.000415180176671523
37672,0.000414589104091149
37671,0.000413998847761716
37670,0.000413409407508601
37669,0.000412820783154901
37668,0.000412232974521434
37667,0.000411645981426744
37666,0.000411059803687121
37665,0.000410474441116586
37664,0.000409889893526911
37663,0.000409306160727625
37662,0.000408723242526011
37661,0.000408141138727132
37660,0.000407559849133814
37659,0.000406955565358309
37658,0.000406352177637639
37657,0.000405749685710863
37656,0.000405148089314353
37655,0.000404547388181825
37654,0.00040394758204433
37653,0.00040334867063027
37652,0.000402750653665408
37651,0.000402153530872862
37650,0.000401557301973135
37649,0.00040096196668411
37648,0.000400367524721064
37647,0.000399773975796673
37646,0.000399181319621016
37645,0.000398589555901596
37644,0.00039799868434334
37643,0.000397408704648608
37642,0.000396819616517208
37641,0.000396231419646384
37640,0.000395644113730854
37639,0.0003949772415875
37638,0.00039431149722343
37637,0.000393646880241225
37636,0.000392983390239465
37635,0.0003923210268127
37634,0.0003916597895515
37633,0.000390999678042453
37632,0.00039034069186817
37631,0.000389682830607324
37630,0.000389026093834636
37629,0.000388370481120911
37628,0.000387715992033046
37627,0.00038706262613403
37626,0.000386410382982986
37625,0.000385759262135151
37624,0.000385109263141922
37623,0.000384460385550854
37622,0.000383812628905665
37621,0.000383165992746275
37620,0.000382520476608793
37619,0.000381876080025551
37618,0.000381232802525114
37617,0.000380590643632278
37616,0.000379949602868109
37615,0.000379309679749932
37614,0.000378670873791366
37613,0.000378033184502331
37612,0.000377396611389045
37611,0.000376761153954071
37610,0.000376126811696293
37609,0.000375493584110964
37608,0.000374861470689701
37607,0.000374230470920494
37606,0.000373600584287741
37605,0.000372971810272234
37604,0.000372344148351199
37603,0.000371717597998298
37602,0.000371092158683631
37601,0.000370467829873776
37600,0.000369844611031774
37599,0.000369189418404562
37598,0.000368535424519913
37597,0.000367882628868566
37596,0.000367231030936856
37595,0.000366580630206718
37594,0.000365931426155712
37593,0.000365283418257036
37592,0.00036463660597954
37591,0.000363990988787755
37590,0.000363346566141893
37589,0.000362703337497867
37588,0.000362061302307316
37587,0.000361420460017608
37586,0.000360780810071874
37585,0.000360142351909005
37584,0.000359505084963677
37583,0.000358869008666369
37582,0.000358234122443373
37581,0.000357600425716822
37580,0.00035696791790469
37579,0.000356316267474529
37578,0.000355665889351332
37577,0.000355016782842252
37576,0.00035436894724992
37575,0.000353722381872488
37574,0.00035307708600363
37573,0.000352433058932565
37572,0.000351790299944079
37571,0.000351148808318532
37570,0.000350508583331893
37569,0.000349869624255748
37568,0.000349231930357322
37567,0.000348595500899497
37566,0.000347960335140821
37565,0.000347326432335543
37564,0.000346693791733623
37563,0.000346062412580749
37562,0.000345432294118357
37561,0.000344803435583645
37560,0.0003441758362096
37559,0.000343571842885924
37558,0.000342969018976674
37557,0.00034236736378307
37556,0.000341766876602758
37555,0.000341167556729804
37554,0.000340569403454727
37553,0.000339972416064506
37552,0.000339376593842593
37551,0.000338781936068942
37550,0.000338188442020006
37549,0.00033759611096876
37548,0.000337004942184717
37547,0.000336414934933938
37546,0.000335826088479061
37545,0.000335238402079293
37544,0.000334651874990444
37543,0.000334066506464932
37542,0.0003334822957518
37541,0.000332899242096737
37540,0.000332317344742083
37539,0.000331776730573022
37538,0.000331237111556604
37537,0.000330698487101993
37536,0.000330160856615794
37535,0.000329624219502069
37534,0.000329088575162342
37533,0.000328553922995613
37532,0.000328020262398368
37531,0.000327487592764588
37530,0.000326955913485759
37529,0.000326425223950884
37528,0.00032589552354649
37527,0.000325366811656645
37526,0.000324839087662958
37525,0.000324312350944599
37524,0.000323786600878303
37523,0.000323261836838384
37522,0.00032273805819674
37521,0.000322215264322869
37520,0.000321693454583876
37519,0.000321219604240302
37518,0.000320746579473137
37517,0.000320274379752927
37516,0.000319803004548685
37515,0.000319332453327916
37514,0.000318862725556612
37513,0.000318393820699259
37512,0.000317925738218849
37511,0.000317458477576871
37510,0.000316992038233339
37509,0.000316526419646785
37508,0.000316061621274266
37507,0.000315597642571376
37506,0.00031513448299224
37505,0.000314672141989537
37504,0.000314210619014493
37503,0.000313749913516895
37502,0.000313290024945095
37501,0.000312830952746007
37500,0.000312372696365131
37499,0.000311955242220861
37498,0.000311538467256158
37497,0.000311122371044343
37496,0.000310706953157775
37495,0.00031029221316784
37494,0.000309878150644968
37493,0.000309464765158632
37492,0.000309052056277342
37491,0.000308640023568669
37490,0.000308228666599228
37489,0.000307817984934698
37488,0.00030740797813982
37487,0.000306998645778392
37486,0.000306589987413292
37485,0.00030618200260646
37484,0.000305774690918922
37483,0.000305368051910781
37482,0.000304962085141221
37481,0.000304556790168522
37480,0.000304152166550045
37479,0.00030382008289311
37478,0.000303488444393753
37477,0.000303157250828994
37476,0.000302826501975413
37475,0.000302496197609136
37474,0.000302166337505845
37473,0.000301836921440779
37472,0.000301507949188734
37471,0.00030117942052407
37470,0.0003008513352207
37469,0.000300523693052104
37468,0.000300196493791323
37467,0.00029986973721096
37466,0.000299543423083194
37465,0.000299217551179762
37464,0.000298892121271972
37463,0.000298567133130704
37462,0.000298242586526406
37461,0.000297918481229108
37460,0.000297594817008406
37459,0.000297328121811893
37458,0.000297061726376633
37457,0.000296795630573552
37456,0.000296529834273365
37455,0.000296264337346598
37454,0.000295999139663574
37453,0.000295734241094419
37452,0.00029546964150907
37451,0.000295205340777257
37450,0.000294941338768527
37449,0.000294677635352222
37448,0.000294414230397493
37447,0.000294151123773303
37446,0.000293888315348412
37445,0.000293625804991397
37444,0.000293363592570638
37443,0.000293101677954319
37442,0.000292840061010445
37441,0.000292578741606819
37440,0.000292317719611063
37439,0.000292109608316953
37438,0.000291901687838943
37437,0.000291693958110908
37436,0.000291486419066643
37435,0.000291279070639833
37434,0.000291071912764081
37433,0.000290864945372893
37432,0.000290658168399674
37431,0.000290451581777747
37430,0.00029024518544033
37429,0.000290038979320555
37428,0.000289832963351462
37427,0.00028962713746599
37426,0.000289421501596995
37425,0.000289216055677232
37424,0.000289010799639371
37423,0.000288805733415987
37422,0.000288600856939561
37421,0.000288396170142488
37420,0.000288191672957064
37419,0.000288013213319162
37418,0.000287834901946477
37417,0.000287656738785072
37416,0.000287478723780976
37415,0.00028730085688018
37414,0.000287123138028636
37413,0.000286945567172262
37412,0.000286768144256937
37411,0.000286590869228504
37410,0.000286413742032769
37409,0.0002862367626155
37408,0.000286059930922433
37407,0.000285883246899261
37406,0.000285706710491646
37405,0.000285530321645211
37404,0.000285354080305543
37403,0.000285177986418194
37402,0.00028500203992868
37401,0.000284826240782479
37400,0.000284650588925036
37399,0.000284505500058115
37398,0.00028436050850986
37397,0.000284215614254294
37396,0.00028407081726541
37395,0.00028392611751719
37394,0.000283781514983592
37393,0.000283637009638552
37392,0.00028349260145599
37391,0.000283348290409796
37390,0.000283204076473847
37389,0.000283059959621996
37388,0.000282915939828078
37387,0.000282772017065906
37386,0.000282628191309269
37385,0.000282484462531939
37384,0.000282340830707669
37383,0.000282197295810188
37382,0.000282053857813208
37381,0.000281910516690415
37380,0.00028176727241548
37379,0.000281624124962052
37378,0.00028148107430376
37377,0.000281338120414213
37376,0.000281195263266995
37375,0.000281052502835677
37374,0.000280909839093806
37373,0.000280767272014908
37372,0.000280624801572495
37371,0.000280482427740048
37370,0.000280340150491038
37369,0.000280197969798911
37368,0.000280055885637094
37367,0.000279913897978998
37366,0.000279772006798004
37365,0.000279630212067484
37364,0.000279488513760784
37363,0.000279346911851233
37362,0.000279205406312141
37361,0.000279063997116792
37360,0.000278922684238457
37359,0.000278778960376874
37358,0.000278635338562386
37357,0.000278491818765949
37356,0.000278348400958484
37355,0.00027820508511089
37354,0.000278061871194038
37353,0.00027791875917877
37352,0.0002777757490359
37351,0.000277632840736211
37350,0.000277490034250464
37349,0.000277347329549387
37348,0.000277204726603685
37347,0.000277062225384035
37346,0.00027691982586108
37345,0.000276777528005442
37344,0.000276635331787713
37343,0.000276493237178459
37342,0.000276351244148221
37341,0.000276209352667504
37340,0.000276067562706793
37339,0.000275925874236545
37338,0.000275784287227188
37337,0.000275642801649128
37336,0.000275501417472734
37335,0.000275360134668356
37334,0.000275218953206315
37333,0.000275077873056905
37332,0.000274936894190395
37331,0.000274796016577023
37330,0.000274655240187002
37329,0.000274514564990521
37328,0.000274373990957739
37327,0.000274233518058794
37326,0.000274093146263787
37325,0.000273952875542802
37324,0.000273812705865892
37323,0.000273672637203087
37322,0.000273532669524391
37321,0.000273392802799773
37320,0.000273253036999186
37319,0.000273098875169318
37318,0.000272944833192604
37317,0.000272790911029931
37316,0.000272637108642153
37315,0.000272483425990102
37314,0.000272329863034577
37313,0.000272176419736349
37312,0.000272023096056169
37311,0.000271869891954748
37310,0.000271716807392783
37309,0.000271563842330934
37308,0.000271410996729832
37307,0.000271258270550093
37306,0.00027110566375229
37305,0.000270953176296982
37304,0.000270800808144692
37303,0.000270648559255917
37302,0.000270496429591134
37301,0.000270344419110781
37300,0.000270192527775282
37299,0.000270043076043972
37298,0.000269893740373214
37297,0.000269744520723473
37296,0.000269595417055182
37295,0.000269446429328765
37294,0.000269297557504613
37293,0.000269148801543102
37292,0.000269000161404589
37291,0.000268851637049403
37290,0.000268703228437862
37289,0.000268554935530255
37288,0.00026840675828685
37287,0.000268258696667902
37286,0.000268110750633637
37285,0.000267962920144267
37284,0.000267815205159978
37283,0.000267667605640936
37282,0.000267520121547293
37281,0.00026737275283917
37280,0.000267225499476679
37279,0.000267064325797141
37278,0.000266903294053447
37277,0.000266742404187687
37276,0.000266581656141926
37275,0.000266421049858202
37274,0.000266260585278523
37273,0.000266100262344872
37272,0.000265940080999205
37271,0.00026578004118345
37270,0.000265620142839507
37269,0.000265460385909251
37268,0.00026530077033453
37267,0.000265141296057164
37266,0.000264981963018947
37265,0.000264822771161646
37264,0.000264663720427002
37263,0.00026450481075673
37262,0.000264346042092517
37261,0.000264187414376025
37260,0.00026402892754889
37259,0.000263868265393986
37258,0.000263707744425467
37257,0.000263547364587945
37256,0.000263387125826002
37255,0.000263227028084192
37254,0.00026306707130704
37253,0.000262907255439041
37252,0.000262747580424661
37251,0.000262588046208338
37250,0.00026242865273448
37249,0.000262269399947468
37248,0.000262110287791654
37247,0.000261951316211359
37246,0.000261792485150878
37245,0.000261633794554478
37244,0.000261475244366396
37243,0.00026131683453084
37242,0.000261158564991993
37241,0.000261000435694008
37240,0.000260842446581008
37239,0.000260655342323682
37238,0.000260468438944562
37237,0.000260281736343014
37236,0.000260095234418365
37235,0.000259908933069879
37234,0.000259722832196774
37233,0.000259536931698217
37232,0.000259351231473323
37231,0.000259165731421161
37230,0.000258980431440747
37229,0.000258795331431047
37228,0.000258610431290978
37227,0.000258425730919404
37226,0.000258241230215149
37225,0.000258056929076978
37224,0.000257872827403613
37223,0.000257688925093724
37222,0.000257505222045932
37221,0.000257321718158817
37220,0.000257138413330901
37219,0.000256935260887913
37218,0.000256732346663851
37217,0.000256529670534453
37216,0.000256327232375361
37215,0.000256125032062137
37214,0.000255923069470252
37213,0.000255721344475093
37212,0.000255519856951958
37211,0.000255318606776058
37210,0.000255117593822519
37209,0.000254916817966383
37208,0.000254716279082606
37207,0.000254515977046059
37206,0.000254315911731524
37205,0.000254116083013704
37204,0.000253916490767216
37203,0.000253717134866593
37202,0.000253518015186288
37201,0.000253319131600661
37200,0.000253120483983999
37199,0.000252909242252984
37198,0.000252698269472848
37197,0.000252487565486456
37196,0.00025227713013657
37195,0.000252066963265869
37194,0.000251857064716936
37193,0.000251647434332261
37192,0.000251438071954251
37191,0.000251228977425215
37190,0.00025102015058738
37189,0.000250811591282878
37188,0.000250603299353751
37187,0.000250395274641961
37186,0.000250187516989371
37185,0.000249980026237767
37184,0.00024977280222884
37183,0.000249565844804193
37182,0.000249359153805352
37181,0.000249152729073744
37180,0.000248946570450723
37179,0.000248711286239455
37178,0.000248476349154165
37177,0.000248241758957621
37176,0.000248007515412452
37175,0.00024777361828114
37174,0.000247540067326027
37173,0.000247306862309317
37172,0.000247074002993064
37171,0.000246841489139194
37170,0.000246609320509482
37169,0.000246377496865573
37168,0.000246146017968973
37167,0.000245914883581046
37166,0.000245684093463028
37165,0.000245453647376009
37164,0.000245223545080954
37163,0.000244993786338691
37162,0.000244764370909909
37161,0.000244535298555174
37160,0.000244306569034911
37159,0.000244066113077632
37158,0.000243826041653218
37157,0.000243586354468121
37156,0.000243347051228654
37155,0.000243108131640981
37154,0.00024286959541112
37153,0.000242631442244951
37152,0.000242393671848205
37151,0.000242156283926481
37150,0.000241919278185231
37149,0.00024168265432977
37148,0.000241446412065274
37147,0.000241210551096781
37146,0.000240975071129197
37145,0.000240739971867287
37144,0.000240505253015684
37143,0.000240270914278887
37142,0.000240036955361261
37141,0.000239803375967043
37140,0.000239570175800336
37139,0.000239321355217126
37138,0.00023907296138222
37137,0.000238824993950365
37136,0.000238577452576116
37135,0.000238330336913856
37134,0.000238083646617784
37133,0.00023783738134192
37132,0.000237591540740109
37131,0.000237346124466011
37130,0.000237101132173121
37129,0.000236856563514755
37128,0.000236612418144055
37127,0.000236368695713997
37126,0.000236125395877377
37125,0.00023588251828683
37124,0.000235640062594821
37123,0.000235398028453647
37122,0.000235156415515441
37121,0.000234915223432169
37120,0.000234674451855636
37119,0.000234407420644922
37118,0.000234140907670168
37117,0.000233874912453039
37116,0.000233609434514965
37115,0.000233344473377131
37114,0.00023308002856049
37113,0.000232816099585758
37112,0.000232552685973419
37111,0.000232289787243723
37110,0.000232027402916696
37109,0.000231765532512133
37108,0.000231504175549606
37107,0.000231243331548465
37106,0.000230983000027837
37105,0.000230723180506631
37104,0.000230463872503538
37103,0.000230205075537037
37102,0.000229946789125389
37101,0.00022968901278665
37100,0.000229431746038661
37099,0.000229162163872519
37098,0.000228893142439734
37097,0.000228624681181416
37096,0.000228356779538437
37095,0.00022808943695142
37094,0.000227822652860755
37093,0.000227556426706592
37092,0.000227290757928845
37091,0.000227025645967198
37090,0.000226761090261101
37089,0.000226497090249783
37088,0.000226233645372244
37087,0.000225970755067261
37086,0.000225708418773394
37085,0.000225446635928979
37084,0.000225185405972144
37083,0.000224924728340801
37082,0.00022466460247265
37081,0.000224405027805185
37080,0.000224146003775691
37079,0.000223865010799725
37078,0.000223584673519959
37077,0.000223304991189528
37076,0.000223025963061326
37075,0.000222747588388013
37074,0.000222469866422018
37073,0.000222192796415542
37072,0.000221916377620562
37071,0.000221640609288828
37070,0.000221365490671879
37069,0.000221091021021039
37068,0.000220817199587418
37067,0.000220544025621925
37066,0.000220271498375258
37065,0.000219999617097921
37064,0.000219728381040219
37063,0.000219457789452265
37062,0.000219187841583984
37061,0.00021891853668511
37060,0.000218649874005199
37059,0.000218358398889315
37058,0.00021806768091483
37057,0.000217777719118328
37056,0.000207424581923711
37055,0.000207177596033048
37054,0.000206931213742725
37053,0.000206685434528928
37052,0.000206440257866774
37051,0.000206195683230318
37050,0.000205951710092555
37049,0.00020570833792543
37048,0.000205465566199834
37047,0.000205223394385617
37046,0.000204981821951589
37045,0.000204740848365524
37044,0.000204500473094166
37043,0.000204260695603234
37042,0.000204021515357427
37041,0.000203782931820427
37040,0.000203544944454904
37039,0.000203288457116191
37038,0.000203032663936035
37037,0.000202777564234848
37036,0.000202523157331689
37035,0.000202269442544273
37034,0.000202016419188975
37033,0.000201764086580836
37032,0.000201512444033576
37031,0.00020126149085959
37030,0.000201011226369968
37029,0.000200761649874491
37028,0.00020051276068164
37027,0.000200264558098611
37026,0.000189576917841034
37025,0.000189371046361173
37024,0.000189165719354901
37023,0.000188960936510318
37022,0.000188756697513606
37021,0.000188553002049021
37020,0.000188349849798912
37019,0.000188145958226634
37018,0.000187942609949855
37017,0.000187739804660081
37016,0.000187537542046883
37015,0.000187335821797913
37014,0.000187134643598903
37013,0.000186934007133674
37012,0.000186733912084141
37011,0.000186534358130321
37010,0.000186335344950336
37009,0.000186136872220421
37008,0.00018593893961493
37007,0.000185741546806343
37006,0.000185544693465269
37005,0.000185348379260458
37004,0.000185152603858797
37003,0.000184957366925328
37002,0.000184762668123246
37001,0.000184568507113906
37000,0.000184374883556835
36999,0.000184184331449659
36998,0.00018399431574467
36997,0.000183804836064864
36996,0.000183615892031485
36995,0.000183427483264036
36994,0.000183239609380276
36993,0.000183052269996238
36992,0.000182865464726226
36991,0.000182679193182826
36990,0.000182493454976913
36989,0.000182308249717653
36988,0.000182123577012515
36987,0.000181939436467272
36986,0.000181755827686012
36985,0.000181572750271141
36984,0.000181390203823392
36983,0.000181208187941828
36982,0.000181026702223851
36981,0.00018084574626521
36980,0.000180665319660002
36979,0.000180479954251781
36978,0.00018029515883586
36977,0.000180110932934343
36976,0.000179927276067452
36975,0.000179744187753534
36974,0.000179561667509067
36973,0.000179379714848673
36972,0.000179198329285119
36971,0.000179017510329333
36970,0.000178837257490405
36969,0.000178657570275597
36968,0.000178478448190355
36967,0.000178299890738312
36966,0.000178121897421296
36965,0.000177944467739341
36964,0.000177767601190694
36963,0.000177591297271822
36962,0.00017741555547742
36961,0.00017724037530042
36960,0.000177065756231996
36959,0.00017690308879811
36958,0.000176740903241627
36957,0.000176579199165646
36956,0.000176417976171989
36955,0.000176257233861195
36954,0.000176096971832535
36953,0.000175937189684011
36952,0.000175777887012362
36951,0.000175619063413072
36950,0.000175460718480375
36949,0.000175302851807253
36948,0.000175145462985453
36947,0.000174988551605482
36946,0.000174832117256618
36945,0.000174676159526911
36944,0.000174520678003193
36943,0.000174365672271079
36942,0.000174211141914973
36941,0.000174057086518076
36940,0.000173903505662387
36939,0.000173761052125601
36938,0.000173619002270047
36937,0.00017347735577541
36936,0.000173336112320498
36935,0.000173195271583257
36934,0.000173054833240764
36933,0.000172914796969236
36932,0.000172775162444035
36931,0.000172635929339663
36930,0.000172497097329775
36929,0.000172358666087175
36928,0.000172220635283826
36927,0.000172083004590845
36926,0.000171945773678515
36925,0.00017180894221628
36924,0.000171672509872756
36923,0.00017153647631573
36922,0.000171400841212163
36921,0.000171265604228193
36920,0.000171130765029144
36919,0.000170999369471236
36918,0.000170868342700481
36917,0.000170737684434899
36916,0.00017060739439176
36915,0.000170477472287578
36914,0.000170347917838123
36913,0.000170218730758417
36912,0.00017008991076274
36911,0.000169961457564631
36910,0.000169833370876893
36909,0.000169705650411593
36908,0.000169578295880067
36907,0.000169451306992921
36906,0.000169324683460033
36905,0.00016919842499056
36904,0.000169072531292934
36903,0.000168947002074873
36902,0.000168821837043373
36901,0.000168697035904724
36900,0.000168572598364499
36899,0.000168460454981129
36898,0.000168348611910684
36897,0.000168237068923475
36896,0.000168125825789359
36895,0.000168014882277737
36894,0.000167904238157557
36893,0.000167793893197315
36892,0.000167683847165061
36891,0.000167574099828395
36890,0.000167464650954471
36889,0.000167355500309998
36888,0.000167246647661242
36887,0.00016713809277403
36886,0.000167029835413747
36885,0.000166921875345342
36884,0.000166814212333324
36883,0.000166706846141773
36882,0.00016659977653433
36881,0.000166493003274208
36880,0.000166386526124191
36879,0.000166291691929037
36878,0.0001661970985992
36877,0.000166102745952294
36876,0.000166008633805661
36875,0.000165914761976379
36874,0.000165821130281258
36873,0.000165727738536845
36872,0.000165634586559419
36871,0.000165541674164999
36870,0.000165449001169339
36869,0.000165356567387934
36868,0.000165264372636015
36867,0.000165172416728559
36866,0.000165080699480279
36865,0.000164989220705633
36864,0.000164897980218824
36863,0.000164806977833796
36862,0.000164716213364241
36861,0.000164625686623597
36860,0.000164535397425048
36859,0.000164450144620573
36858,0.000164365104656975
36857,0.000164280277374453
36856,0.000164195662613004
36855,0.000164111260212427
36854,0.000164027070012322
36853,0.000163943091852092
36852,0.000163859325570942
36851,0.000163775771007882
36850,0.000163692428001726
36849,0.000163609296391093
36848,0.000163526376014409
36847,0.000163443666709904
36846,0.000163361168315619
36845,0.000163278880669402
36844,0.000163196803608908
36843,0.000163114936971605
36842,0.000163033280594768
36841,0.000162951834315486
36840,0.000162870597970659
36839,0.000162795373442861
36838,0.00016272033603038
36837,0.000162645485587888
36836,0.000162570821969917
36835,0.000162496345030854
36834,0.000162422054624949
36833,0.000162347950606308
36832,0.000162274032828903
36831,0.000162200301146561
36830,0.000162126755412975
36829,0.000162053395481699
36828,0.000161980221206149
36827,0.000161907232439606
36826,0.000161834429035214
36825,0.000161761810845982
36824,0.000161689377724784
36823,0.000161617129524359
36822,0.000161545066097315
36821,0.000161473187296124
36820,0.000161401492973127
36819,0.000161338679369684
36818,0.000161276009355098
36817,0.000161213482826054
36816,0.000161151099679163
36815,0.000161088859810952
36814,0.000161026763117876
36813,0.000160964809496307
36812,0.000160902998842545
36811,0.000160841331052808
36810,0.00016077980602324
36809,0.00016071842364991
36808,0.000160657183828807
36807,0.000160596086455848
36806,0.000160535131426873
36805,0.000160474318637647
36804,0.00016041364798386
36803,0.000160353119361127
36802,0.000160292732664992
36801,0.00016023248779092
36800,0.000160172384634308
36799,0.000160116984439124
36798,0.000160061693269072
36797,0.00016000651106263
36796,0.000159951437758223
36795,0.000159896473294217
36794,0.000159841617608926
36793,0.000159786870640608
36792,0.000159732232327463
36791,0.000159677702607641
36790,0.000159623281419233
36789,0.000159568968700278
36788,0.00015951476438876
36787,0.000159460668422607
36786,0.000159406680739697
36785,0.000159352801277849
36784,0.000159299029974831
36783,0.000159245366768357
36782,0.000159191811596088
36781,0.00015913836439563
36780,0.000159085025104538
36779,0.000159041013263718
36778,0.000158997077109976
36777,0.000158953216605091
36776,0.00015890943171082
36775,0.000158865722388899
36774,0.000158822088601037
36773,0.000158778530308924
36772,0.000158735047474227
36771,0.000158691640058589
36770,0.000158648308023631
36769,0.000158605051330952
36768,0.000158561869942129
36767,0.000158518763818714
36766,0.000158475732922241
36765,0.000158432777214219
36764,0.000158389896656135
36763,0.000158347091209454
36762,0.00015830436083562
36761,0.000158261705496054
36760,0.000158219125152155
36759,0.000158173973158843
36758,0.000158128909566558
36757,0.000158083934322839
36756,0.000158039047375197
36755,0.000157994248671116
36754,0.000157949538158053
36753,0.000157904915783439
36752,0.000157860381494679
36751,0.000157815935239148
36750,0.000157771576964198
36749,0.000157727306617153
36748,0.000157683124145311
36747,0.000157639029495945
36746,0.000157595022616299
36745,0.000157551103453594
36744,0.000157507271955023
36743,0.000157463528067754
36742,0.000157419871738929
36741,0.000157376302915665
36740,0.000157332821545052
36739,0.000157295643622641
36738,0.000157258526912483
36737,0.000157221471385197
36736,0.00015718447701139
36735,0.000157147543761655
36734,0.000157110671606569
36733,0.000157073860516698
36732,0.000157037110462592
36731,0.000157000421414788
36730,0.00015696379334381
36729,0.000156927226220167
36728,0.000156890720014355
36727,0.000156854274696856
36726,0.000156817890238139
36725,0.000156781566608658
36724,0.000156745303778856
36723,0.000156709101719161
36722,0.000156672960399986
36721,0.000156636879791734
36720,0.000156600859864791
36719,0.000156566101206552
36718,0.000156531402596566
36717,0.000156496764003536
36716,0.000156462185396156
36715,0.000156427666743105
36714,0.000156393208013056
36713,0.000156358809174665
36712,0.000156324470196583
36711,0.000156290191047444
36710,0.000156255971695875
36709,0.000156221812110492
36708,0.000156187712259898
36707,0.000156153672112686
36706,0.000156119691637438
36705,0.000156085770802725
36704,0.000156051909577109
36703,0.000156018107929139
36702,0.000155984365827354
36701,0.000155950683240282
36700,0.000155917060136442
36699,0.000155878822620224
36698,0.000155840657726416
36697,0.000155802565415222
36696,0.000155764545646829
36695,0.000155726598381405
36694,0.0001556887235791
36693,0.000155650921200046
36692,0.000155613191204355
36691,0.000155575533552123
36690,0.000155537948203429
36689,0.00015550043511833
36688,0.000155462994256868
36687,0.000155425625579067
36686,0.000155388329044933
36685,0.000155351104614453
36684,0.000155313952247597
36683,0.000155276871904319
36682,0.000155239863544553
36681,0.000155202927128216
36680,0.000155166062615208
36679,0.000155133799296332
36678,0.00015510159472007
36677,0.000155069448854676
36676,0.000155037361668396
36675,0.000155005333129465
36674,0.00015497336320611
36673,0.000154941451866546
36672,0.000154909599078979
36671,0.000154877804811608
36670,0.00015484606903262
36669,0.000154814391710192
36668,0.000154782772812494
36667,0.000154751212307684
36666,0.000154719710163912
36665,0.000154688266349318
36664,0.000154656880832034
36663,0.000154625553580181
36662,0.000154594284561872
36661,0.00015456307374521
36660,0.00015453192109829
36659,0.000154492003911212
36658,0.000154452173371983
36657,0.000154412429428029
36656,0.000154372772026749
36655,0.000154333201115514
36654,0.000154293716641664
36653,0.000154254318552512
36652,0.000154215006795342
36651,0.000154175781317409
36650,0.000154136642065941
36649,0.000154097588988137
36648,0.000154058622031167
36647,0.000154019741142174
36646,0.000153980946268274
36645,0.000153942237356552
36644,0.000153903614354069
36643,0.000153865077207855
36642,0.000153826625864914
36641,0.000153788260272224
36640,0.000153749980376732
36639,0.000153712946173694
36638,0.000153675995514871
36637,0.00015363912834729
36636,0.000153602344617958
36635,0.000153565644273859
36634,0.000153529027261956
36633,0.000153492493529192
36632,0.000153456043022487
36631,0.000153419675688743
36630,0.000153383391474838
36629,0.00015334719032763
36628,0.000153311072193959
36627,0.00015327503702064
36626,0.000153239084754471
36625,0.000153203215342229
36624,0.000153167428730668
36623,0.000153131724866524
36622,0.000153096103696513
36621,0.00015306056516733
36620,0.00015302510922565
36619,0.000152982703112025
36618,0.000152940411550109
36617,0.000152898234455002
36616,0.000152856171741757
36615,0.000152814223325383
36614,0.000152772389120846
36613,0.000152730669043065
36612,0.000152689063006915
36611,0.00015264757092723
36610,0.000152606192718796
36609,0.000152564928296358
36608,0.000152523777574617
36607,0.000152482740468231
36606,0.000152441816891813
36605,0.000152401006759936
36604,0.00015236030998713
36603,0.000152319726487879
36602,0.000152279256176629
36601,0.000152238898967782
36600,0.000152198654775697
36599,0.000152162423189375
36598,0.000152126286936223
36597,0.000152090245947779
36596,0.000152054300155556
36595,0.000152018449491041
36594,0.000151982693885697
36593,0.000151947033270965
36592,0.00015191146757826
36591,0.000151875996738973
36590,0.000151840620684471
36589,0.0001518053393461
36588,0.000151770152655178
36587,0.000151735060543004
36586,0.000151700062940849
36585,0.000151665159779966
36584,0.000151630350991579
36583,0.000151595636506895
36582,0.000151561016257094
36581,0.000151526490173334
36580,0.00015149205818675
36579,0.000151451345381707
36578,0.000151410760072179
36577,0.000151370302151949
36576,0.000151329971514754
36575,0.000151289768054281
36574,0.000151249691664167
36573,0.000151209742238004
36572,0.000151169919669334
36571,0.000151130223851651
36570,0.000151090654678403
36569,0.000151051212042991
36568,0.000151011895838767
36567,0.000150972705959039
36566,0.000150933642297067
36565,0.000150894704746066
36564,0.000150855893199205
36563,0.000150817207549607
36562,0.000150778647690349
36561,0.000150740213514465
36560,0.000150701904914942
36559,0.000150663721784724
36558,0.000150625664016711
36557,0.000150587731503757
36556,0.000150549924138674
36555,0.00015051224181423
36554,0.00015047468442315
36553,0.000150437251858115
36552,0.000150399944011764
36551,0.000150362760776695
36550,0.00015032570204546
36549,0.000150288767710573
36548,0.000150251957664504
36547,0.000150215271799682
36546,0.000150178710008495
36545,0.00015014227218329
36544,0.000150105958216372
36543,0.000150069768000009
36542,0.000150033701426424
36541,0.000149997758387804
36540,0.000149961938776295
36539,0.00014992393652482
36538,0.000149886074247013
36537,0.000149848351811974
36536,0.000149810769088755
36535,0.000149773325946359
36534,0.000149736022253741
36533,0.000149698857879806
36532,0.000149661832693414
36531,0.000149624946563374
36530,0.00014958819935845
36529,0.000149551590947358
36528,0.000149515121198769
36527,0.000149478789981305
36526,0.000149442597163546
36525,0.000149406542614022
36524,0.000149370626201222
36523,0.000149334847793587
36522,0.000149299207259514
36521,0.000149263704467358
36520,0.000149228339285427
36519,0.000149188844122082
36518,0.00014914952235171
36517,0.000149110373786936
36516,0.000149071398240323
36515,0.000149032595524364
36514,0.000148993965451491
36513,0.00014895550783407
36512,0.000148917222484404
36511,0.000148879109214731
36510,0.000148841167837229
36509,0.000148803398164013
36508,0.000148765800007136
36507,0.00014872837317859
36506,0.00014869111749031
36505,0.000148654032754167
36504,0.000148617118781975
36503,0.000148580375385491
36502,0.000148543802376411
36501,0.000148507399566376
36500,0.00014847116676697
36499,0.000148437061498942
36498,0.000148403121463494
36497,0.000148369346470594
36496,0.000148335736330184
36495,0.000148302290852173
36494,0.000148269009846446
36493,0.000148235893122856
36492,0.000148202940491231
36491,0.000148170151761372
36490,0.000148137526743052
36489,0.000148105065246021
36488,0.00014807276708
36487,0.000148040632054689
36486,0.000138028767961524
36485,0.000138020822480879
36484,0.000138012989872482
36483,0.000138005270028969
36482,0.000137997662842872
36481,0.000137990168206615
36480,0.000137982786012514
36479,0.000137975749167968
36478,0.000137968837111932
36477,0.000137962049712408
36476,0.00013795538683727
36475,0.000137948848354272
36474,0.000137942434131043
36473,0.00013793614403509
36472,0.000137929977933801
36471,0.00013792393569444
36470,0.000137918017184151
36469,0.000137912222269961
36468,0.000137906550818774
36467,0.000137901002697377
36466,0.000137895577772442
36465,0.000137890275910518
36464,0.000137885096978042
36463,0.000137880040841333
36462,0.000137875107366594
36461,0.000137870296419913
36460,0.000137865607867266
36459,0.000137861098082069
36458,0.000137856737662279
36457,0.000137852526419798
36456,0.000137848464166361
36455,0.000137844550713543
36454,0.000137840785872758
36453,0.000137837169455259
36452,0.000137833701272139
36451,0.000137830381134334
36450,0.000137827208852621
36449,0.000137824184237624
36448,0.000137821307099809
36447,0.000137818577249489
36446,0.000137815994496824
36445,0.000137813558651821
36444,0.000137811269524337
36443,0.000137809126924079
36442,0.000137807130660604
36441,0.000137805280543322
36440,0.000137803576381495
36439,0.000137801342081379
36438,0.000137799253297617
36437,0.000137797309847152
36436,0.00013779551154678
36435,0.000137793858213147
36434,0.000137792349662755
36433,0.000137790985711957
36432,0.000137789766176962
36431,0.000137788690873833
36430,0.00013778775961849
36429,0.000137786972226712
36428,0.000137786328514134
36427,0.000137785828296252
36426,0.000137785471388421
36425,0.000137785257605858
36424,0.000137785186763642
36423,0.000137785258676714
36422,0.000137785473159879
36421,0.000137785830027807
36420,0.000137786329095033
36419,0.000137786238197071
36418,0.000137786318339363
36417,0.000137786569285632
36416,0.000137786990799395
36415,0.000137787582643966
36414,0.000137788344582458
36413,0.000137789276377782
36412,0.000137790377792651
36411,0.00013779164858958
36410,0.000137793088530889
36409,0.000137794697378702
36408,0.000137796474894948
36407,0.000137798420841368
36406,0.000137800534979507
36405,0.000137802817070724
36404,0.000137805266876189
36403,0.000137807884156884
36402,0.000137810668673608
36401,0.000137813620186974
36400,0.000137816738457412
36399,0.000137820801438983
36398,0.000137825044515327
36397,0.00013782946740729
36396,0.000137834069835526
36395,0.000137838851520494
36394,0.000137843812182463
36393,0.000137848951541515
36392,0.000137854269317541
36391,0.000137859765230251
36390,0.000137865438999167
36389,0.000137871290343632
36388,0.000137877318982804
36387,0.000137883524635667
36386,0.000137889907021024
36385,0.000137896465857503
36384,0.00013790320086356
36383,0.000137910111757476
36382,0.000137917198257361
36381,0.000137924460081159
36380,0.000137931896946642
36379,0.000137940041914793
36378,0.000137948391774678
36377,0.00013795694616828
36376,0.000137965704737358
36375,0.000137974667123449
36374,0.000137983832967868
36373,0.000137993201911713
36372,0.000138002773595866
36371,0.000138012547660998
36370,0.000138022523747568
36369,0.000138032701495824
36368,0.000138043080545812
36367,0.000138053660537371
36366,0.000138064441110142
36365,0.000138075421903563
36364,0.000138086602556879
36363,0.000138097982709138
36362,0.000138109561999196
36361,0.00013812134006572
36360,0.000138133316547191
36359,0.000138146336884091
36358,0.000138159586648461
36357,0.000138173065389481
36356,0.000138186772656091
36355,0.000138200707996989
36354,0.000138214870960638
36353,0.000138229261095264
36352,0.000138243877948866
36351,0.000138258721069212
36350,0.000138273790003848
36349,0.000138289084300099
36348,0.000138304603505073
36347,0.000138320347165661
36346,0.000138336314828546
36345,0.000138352506040201
36344,0.000138368920346894
36343,0.000138385557294692
36342,0.000138402416429464
36341,0.000138419497296883
36340,0.000138436799442429
36339,0.000138455537198367
36338,0.000138474510260363
36337,0.000138493718112786
36336,0.000138513160239826
36335,0.000138532836125501
36334,0.000138552745253656
36333,0.00013857288710797
36332,0.000138593261171956
36331,0.000138613866928971
36330,0.000138634703862215
36329,0.000138655771454733
36328,0.000138677069189425
36327,0.000138698596549045
36326,0.000138720353016205
36325,0.00013874233807338
36324,0.000138764551202911
36323,0.000138786991887011
36322,0.000138809659607762
36321,0.000138832553847127
36320,0.000138855674086947
36319,0.000138881750927238
36318,0.000138908083651387
36317,0.000138934671595686
36316,0.000138961514096356
36315,0.000138988610489551
36314,0.000139015960111367
36313,0.000139043562297843
36312,0.000139071416384969
36311,0.000139099521708689
36310,0.000139127877604909
36309,0.000139156483409502
36308,0.000139185338458309
36307,0.00013921444208715
36306,0.000139243793631825
36305,0.00013927339242812
36304,0.000139303237811814
36303,0.000139333329118681
36302,0.000139363665684498
36301,0.000139394246845047
36300,0.000139425071936123
36299,0.000139457335836147
36298,0.000139489875641625
36297,0.000139522690577437
36296,0.000139555779868442
36295,0.000139589142739481
36294,0.000139622778415388
36293,0.00013965668612099
36292,0.000139690865081119
36291,0.000139725314520614
36290,0.000139760033664329
36289,0.000139795021737142
36288,0.000139830277963954
36287,0.000139865801569704
36286,0.000139901591779366
36285,0.000139937647817963
36284,0.000139973968910569
36283,0.000140010554282316
36282,0.000140047403158398
36281,0.000140084514764081
36280,0.000140121888324706
36279,0.000140158312819591
36278,0.000140195001405307
36277,0.000140231953332315
36276,0.000140269167851076
36275,0.000140306644212052
36274,0.000140344381665718
36273,0.000140382379462562
36272,0.000140420636853094
36271,0.00014045915308785
36270,0.000140497927417399
36269,0.000140536959092347
36268,0.000140576247363344
36267,0.000140615791481087
36266,0.000140655590696329
36265,0.000140695644259883
36264,0.000140735951422626
36263,0.000140776511435507
36262,0.000140817323549549
36261,0.000140858387015859
36260,0.000140899701085629
36259,0.00014094495029831
36258,0.00014099049637926
36257,0.00014103633835833
36256,0.000141082475265515
36255,0.000141128906130958
36254,0.000141175629984963
36253,0.000141222645857999
36252,0.000141269952780712
36251,0.000141317549783929
36250,0.00014136543589867
36249,0.000141413610156151
36248,0.000141462071587797
36247,0.000141510819225247
36246,0.00014155985210036
36245,0.000141609169245229
36244,0.00014165876969218
36243,0.000141708652473789
36242,0.000141758816622881
36241,0.000141809261172544
36240,0.000141859985156133
36239,0.000141910720236367
36238,0.000141961759432153
36237,0.000142013101698731
36236,0.000142064745991468
36235,0.000142116691265873
36234,0.0001421689364776
36233,0.000142221480582462
36232,0.000142274322536439
36231,0.000142327461295685
36230,0.000142380895816542
36229,0.000142434625055543
36228,0.000142488647969427
36227,0.000142542963515146
36226,0.000142597570649871
36225,0.000142652468331007
36224,0.000142707655516195
36223,0.000142763131163329
36222,0.000142818894230557
36221,0.000142874943676295
36220,0.000142931278459233
36219,0.000142988935871182
36218,0.000143046896408563
36217,0.000143105158935596
36216,0.000143163722316783
36215,0.000143222585416922
36214,0.000143281747101114
36213,0.000143341206234777
36212,0.000143400961683656
36211,0.00014346101231383
36210,0.000143521356991725
36209,0.000143581994584122
36208,0.000143642923958172
36207,0.000143704143981397
36206,0.00014376565352171
36205,0.000143827451447417
36204,0.000143889536627234
36203,0.000143951907930288
36202,0.000144014564226135
36201,0.000144077504384767
36200,0.000144140727276617
36199,0.000144204695097297
36198,0.000144268939034716
36197,0.000144333457970451
36196,0.000144398250786616
36195,0.000144463316365869
36194,0.000144528653591423
36193,0.000144594261347049
36192,0.000144660138517094
36191,0.00014472628398648
36190,0.00014479269664072
36189,0.000144859375365919
36188,0.000144926319048792
36187,0.000144993526576664
36186,0.000145060996837483
36185,0.000145128728719825
36184,0.000145196721112907
36183,0.00014526497290659
36182,0.000145333482991391
36181,0.000145402250258489
36180,0.000145471273599734
36179,0.000145538714424965
36178,0.000145606396056735
36177,0.000145674317473765
36176,0.000145742477655409
36175,0.000145810875581655
36174,0.000145879510233136
36173,0.000145948380591138
36172,0.0001460174856376
36171,0.000146086824355128
36170,0.000146156395726997
36169,0.000146226198737161
36168,0.000146296232370257
36167,0.000146366495611611
36166,0.00014643698744725
36165,0.000146507706863899
36164,0.000146578652848997
36163,0.000146649824390699
36162,0.00014672122047788
36161,0.000146792840100147
36160,0.00014686468224784
36159,0.000146936362895785
36158,0.000147008268069431
36157,0.000147080396750697
36156,0.000147152747922233
36155,0.00014722532056742
36154,0.00014729811367038
36153,0.000147371126215983
36152,0.00014744435718985
36151,0.000147517805578366
36150,0.000147591470368679
36149,0.00014766535054871
36148,0.00014773944510716
36147,0.000147813753033514
36146,0.000147888273318047
36145,0.000147963004951835
36144,0.000148037946926754
36143,0.00014811309823549
36142,0.000148188457871547
36141,0.000148264024829248
36140,0.000148339798103744
36139,0.000148414386397753
36138,0.000148489161101979
36137,0.000148564121309664
36136,0.00014863926611486
36135,0.000148714594612438
36134,0.00014879010589809
36133,0.000148865799068333
36132,0.000148941673220514
36131,0.000149017727452816
36130,0.000149093960864256
36129,0.000149170372554699
36128,0.000149246961624852
36127,0.000149323727176274
36126,0.00014940066831138
36125,0.000149477784133442
36124,0.000149555073746595
36123,0.000149632536255842
36122,0.000149710170767056
36121,0.000149787976386983
36120,0.00014986595222325
36119,0.000149937578842076
36118,0.000150009347054776
36117,0.000140096115972916
36116,0.000140211539951104
36115,0.00014032694162557
36114,0.000140442320784782
36113,0.000140557677217091
36112,0.00014067301071073
36111,0.000140788321053819
36110,0.000140903608034358
36109,0.000141018871440236
36108,0.000141134111059225
36107,0.000141249326678984
36106,0.000141364518087059
36105,0.000141479685070883
36104,0.000141594827417777
36103,0.000141709944914952
36102,0.000141825037349508
36101,0.000141940104508432
36100,0.000142055146178605
36099,0.000142166733805505
36098,0.000142278297949989
36097,0.000142389838417537
36096,0.000142501355013528
36095,0.000142612847543244
36094,0.000142724315811865
36093,0.000142835759624474
36092,0.000142947178786055
36091,0.000143058573101496
36090,0.000143169942375587
36089,0.000143281286413022
36088,0.000143392605018398
36087,0.00014350389799622
36086,0.000143615165150894
36085,0.000143726406286734
36084,0.000143837621207961
36083,0.000143948809718702
36082,0.000144059971622991
36081,0.00014417110672477
36080,0.00014428221482789
36079,0.000144386488178262
36078,0.000144490738985176
36077,0.000144594967083542
36076,0.000144699172308188
36075,0.000144803354493861
36074,0.000144907513475226
36073,0.000145011649086869
36072,0.000145115761163298
36071,0.000145219849538938
36070,0.000145323914048138
36069,0.000145427954525168
36068,0.00014553197080422
36067,0.000145635962719406
36066,0.000145739930104765
36065,0.000145843872794257
36064,0.000145947790621765
36063,0.000146051683421097
36062,0.000146155551025987
36061,0.00014625939327009
36060,0.000146363209986991
36059,0.000146453192338216
36058,0.000146543155499877
36057,0.000146633099362603
36056,0.00014672302381698
36055,0.000146812928753549
36054,0.000146902814062813
36053,0.00014699267963523
36052,0.000147082525361215
36051,0.000147172351131143
36050,0.000147262156835346
36049,0.000147351942364115
36048,0.000147441707607701
36047,0.000147531452456311
36046,0.000147621176800114
36045,0.000147710880529237
36044,0.000147800563533767
36043,0.000147890225703751
36042,0.000147979866929196
36041,0.000148069487100069
36040,0.000148159086106297
36039,0.000148245227789958
36038,0.000148331349760829
36037,0.000148417451920679
36036,0.000148503534171245
36035,0.000148589596414229
36034,0.000148675638551301
36033,0.000148761660484098
36032,0.000148847662114224
36031,0.000148933643343251
36030,0.000149019604072717
36029,0.00014910554420413
36028,0.000149191463638965
36027,0.000149277362278664
36026,0.00014936324002464
36025,0.000149449096778272
36024,0.000149534932440909
36023,0.000149620746913869
36022,0.00014970654009844
36021,0.000149792311895876
36020,0.000149878062207403
36019,0.000149950114794045
36018,0.000150022152260181
36017,0.000150094174546288
36016,0.000150166181592828
36015,0.000150238173340246
36014,0.000150310149728973
36013,0.000150382110699422
36012,0.000150454056191992
36011,0.000150525986147065
36010,0.00015059790050501
36009,0.000150669799206177
36008,0.000150741682190903
36007,0.000150813549399511
36006,0.000150885400772305
36005,0.000150957236249578
36004,0.000151029055771605
36003,0.000151100859278647
36002,0.000151172646710952
36001,0.00015124441800875
36000,0.000151316173112258
35999,0.000151384423815791
35998,0.00015145265944693
35997,0.000151520879955403
35996,0.00015158908529093
35995,0.00015165727540322
35994,0.000151725450241971
35993,0.000151793609756872
35992,0.000151861753897602
35991,0.000151929882613829
35990,0.000151997995855213
35989,0.000152066093571402
35988,0.000152134175712037
35987,0.000152202242226748
35986,0.000152270293065154
35985,0.000152338328176867
35984,0.000152406347511488
35983,0.000152474351018609
35982,0.000152542338647814
35981,0.000152610310348674
35980,0.000152678266070755
35979,0.000152735954267855
35978,0.000152793630629098
35977,0.00015285129512403
35976,0.000152908947722192
35975,0.000152966588393125
35974,0.000153024217106361
35973,0.000153081833831433
35972,0.000153139438537866
35971,0.000153197031195183
35970,0.000153254611772904
35969,0.000153312180240542
35968,0.000153369736567611
35967,0.000153427280723616
35966,0.000153484812678062
35965,0.000153542332400448
35964,0.000153599839860271
35963,0.000153657335027024
35962,0.000153714817870195
35961,0.00015377228835927
35960,0.00015382974646373
35959,0.000153880353812355
35958,0.000153930951173023
35957,0.000153981538524937
35956,0.000154032115847296
35955,0.000154082683119299
35954,0.000154133240320144
35953,0.000154183787429024
35952,0.000154234324425134
35951,0.000154284851287667
35950,0.000154335367995812
35949,0.000154385874528759
35948,0.000154436370865695
35947,0.000154486856985806
35946,0.000154537332868278
35945,0.000154587798492292
35944,0.000154638253837031
35943,0.000154688698881674
35942,0.0001547391336054
35941,0.000154789557987387
35940,0.00015483997200681
35939,0.000154883655758717
35938,0.000154927331697988
35937,0.000154970999811063
35936,0.000155014660084384
35935,0.000155058312504392
35934,0.000155101957057525
35933,0.000155145593730222
35932,0.000155189222508921
35931,0.000155232843380059
35930,0.000155276456330073
35929,0.000155320061345398
35928,0.000155363658412469
35927,0.000155407247517721
35926,0.000155450828647588
35925,0.000155494401788501
35924,0.000155537966926894
35923,0.000155581524049197
35922,0.000155625073141842
35921,0.000155668614191259
35920,0.000155712147183877
35919,0.00015574582551411
35918,0.000155779499379703
35917,0.000155813168773776
35916,0.000155846833689447
35915,0.000155880494119834
35914,0.000155914150058055
35913,0.000155947801497225
35912,0.000155981448430462
35911,0.000156015090850879
35910,0.000156048728751593
35909,0.000156082362125717
35908,0.000156115990966365
35907,0.000156149615266649
35906,0.000156183235019684
35905,0.000156216850218579
35904,0.000156250460856447
35903,0.000156284066926398
35902,0.000156317668421543
35901,0.00015635126533499
35900,0.000156384857659849
35899,0.000156411866731129
35898,0.000156438872820627
35897,0.000156465875923882
35896,0.000156492876036433
35895,0.000156519873153819
35894,0.000156546867271579
35893,0.000156573858385249
35892,0.000156600846490368
35891,0.000156627831582471
35890,0.000156654813657097
35889,0.000156681792709779
35888,0.000156708768736055
35887,0.000156735741731458
35886,0.000156762711691524
35885,0.000156789678611786
35884,0.000156816642487779
35883,0.000156843603315035
35882,0.000156870561089088
35881,0.000156897515805469
35880,0.00015692446745971
35879,0.000156951416047344
35878,0.0001569783615639
35877,0.000157005304004911
35876,0.000157032243365904
35875,0.000157059179642412
35874,0.000157086112829962
35873,0.000157113042924084
35872,0.000157139969920305
35871,0.000157166893814155
35870,0.000157193814601161
35869,0.000157220732276849
35868,0.000157247646836747
35867,0.00015727455827638
35866,0.000157301466591275
35865,0.000157328371776958
35864,0.000157355273828953
35863,0.000157382172742784
35862,0.000157409068513977
35861,0.000157435961138054
35860,0.00015746285061054
35859,0.000157486412599291
35858,0.000157509972122576
35857,0.000157533529177124
35856,0.000157557083759668
35855,0.000157580635866937
35854,0.000157604185495661
35853,0.00015762773264257
35852,0.000157651277304394
35851,0.000157674819477861
35850,0.0001576983591597
35849,0.000157721896346641
35848,0.000157745431035411
35847,0.000157768963222739
35846,0.000157792492905352
35845,0.000157816020079977
35844,0.000157839544743342
35843,0.000157863066892174
35842,0.0001578865865232
35841,0.000157910103633145
35840,0.000157933618218736
35839,0.000157953621740876
35838,0.000157973623480627
35837,0.000157993623436544
35836,0.00015801362160718
35835,0.000158033617991087
35834,0.00015805361258682
35833,0.000158073605392931
35832,0.000158093596407973
35831,0.000158113585630499
35830,0.000158133573059062
35829,0.000158153558692216
35828,0.000158173542528512
35827,0.000158193524566505
35826,0.000158213504804746
35825,0.000158233483241788
35824,0.000158253459876185
35823,0.000158273434706488
35822,0.00015829340773125
35821,0.000158313378949025
35820,0.000158333348358363
35819,0.000158356627764032
35818,0.00015837990469667
35817,0.000158403179154025
35816,0.000158426451133843
35815,0.000158449720633872
35814,0.000158472987651859
35813,0.000158496252185551
35812,0.000158519514232696
35811,0.00015854277379104
35810,0.000158566030858329
35809,0.000158589285432312
35808,0.000158612537510734
35807,0.000158635787091342
35806,0.000158659034171883
35805,0.000158682278750104
35804,0.00015870552082375
35803,0.000158728760390569
35802,0.000158751997448306
35801,0.000158775231994708
35800,0.000158798464027521
35799,0.000158825094297922
35798,0.000158851721287596
35797,0.000158878344992783
35796,0.000158904965409725
35795,0.000158931582534659
35794,0.000158958196363828
35793,0.000158984806893468
35792,0.000159011414119821
35791,0.000159038018039125
35790,0.00015906461864762
35789,0.000159091215941544
35788,0.000159117809917134
35787,0.000159144400570632
35786,0.000159170987898273
35785,0.000159197571896296
35784,0.00015922415256094
35783,0.000159250729888441
35782,0.000159277303875038
35781,0.000159303874516967
35780,0.000159330441810466
35779,0.000159360206243889
35778,0.000159389966405585
35777,0.000159419722290867
35776,0.00015944947389505
35775,0.000159479221213447
35774,0.000159508964241373
35773,0.00015953870297414
35772,0.000159568437407062
35771,0.000159598167535452
35770,0.000159627893354625
35769,0.000159657614859892
35768,0.000159687332046567
35767,0.000159717044909962
35766,0.000159746753445392
35765,0.000159776457648167
35764,0.000159806157513602
35763,0.000159835853037008
35762,0.000159865544213698
35761,0.000159895231038984
35760,0.000159924913508178
35759,0.000159957878169798
35758,0.000159990837430397
35757,0.00016002379128359
35756,0.000160056739722988
35755,0.000160089682742203
35754,0.000160122620334849
35753,0.000160155552494535
35752,0.000160188479214876
35751,0.000160221400489481
35750,0.000160254316311964
35749,0.000160287226675935
35748,0.000160320131575006
35747,0.000160353031002788
35746,0.000160385924952893
35745,0.000160418813418932
35744,0.000160451696394515
35743,0.000160484573873253
35742,0.000160517445848758
35741,0.000160550312314641
35740,0.000160583173264511
35739,0.000160619108564871
35738,0.000160655036693703
35737,0.00016069095764255
35736,0.000160726871402958
35735,0.000160762777966472
35734,0.000160798677324636
35733,0.000160834569468998
35732,0.000160870454391104
35731,0.000160906332082498
35730,0.000160942202534729
35729,0.000160978065739342
35728,0.000161013921687886
35727,0.000161049770371907
35726,0.000161085611782953
35725,0.000161121445912572
35724,0.000161157272752312
35723,0.000161193092293723
35722,0.000161228904528353
35721,0.000161264709447751
35720,0.000161300507043467
35719,0.000161342720858456
35718,0.000161384924037301
35717,0.000161427116565438
35716,0.000161469298428305
35715,0.000161511469611341
35714,0.000161553630099984
35713,0.000161595779879676
35712,0.000161637918935858
35711,0.000161680047253972
35710,0.000161722164819462
35709,0.000161764271617772
35708,0.000161806367634348
35707,0.000161848452854636
35706,0.000161890527264083
35705,0.000161932590848139
35704,0.000161974643592253
35703,0.000162016685481875
35702,0.000162058716502457
35701,0.000162100736639453
35700,0.000162142745878316
35699,0.000162184850819145
35698,0.000162226945299381
35697,0.000162269029305185
35696,0.000162311102822718
35695,0.000162353165838145
35694,0.000162395218337627
35693,0.00016243726030733
35692,0.000162479291733419
35691,0.00016252131260206
35690,0.000162563322899419
35689,0.000162605322611663
35688,0.000162647311724962
35687,0.000162689290225483
35686,0.000162731258099398
35685,0.000162773215332876
35684,0.00016281516191209
35683,0.000162857097823211
35682,0.000162899023052413
35681,0.000162940937585869
35680,0.000162982841409755
35679,0.000163031195681941
35678,0.000163079535728022
35677,0.000163127861526853
35676,0.000163176173057289
35675,0.000163224470298189
35674,0.000163272753228409
35673,0.000163321021826811
35672,0.000163369276072257
35671,0.000163417515943609
35670,0.000163465741419732
35669,0.000163513952479493
35668,0.000163562149101761
35667,0.000163610331265404
35666,0.000163658498949295
35665,0.000163706652132306
35664,0.000163754790793312
35663,0.00016380291491119
35662,0.000163851024464817
35661,0.000163899119433075
35660,0.000163947199794844
35659,0.000163995150186231
35658,0.000164043085401014
35657,0.000164091005417286
35656,0.000164138910213144
35655,0.000164186799766685
35654,0.000164234674056009
35653,0.000164282533059221
35652,0.000164330376754426
35651,0.000164378205119732
35650,0.000164426018133249
35649,0.000164473815773091
35648,0.000164521598017374
35647,0.000164569364844217
35646,0.000164617116231741
35645,0.000164664852158069
35644,0.000164712572601327
35643,0.000164760277539646
35642,0.000164807966951156
35641,0.000164855640813993
35640,0.000164903299106293
35639,0.000164950698966226
35638,0.000164998081739944
35637,0.000165045447402384
35636,0.000165092795928489
35635,0.000165140127293207
35634,0.000165187441471488
35633,0.000165234738438291
35632,0.000165282018168575
35631,0.000165329280637308
35630,0.000165376525819461
35629,0.00016542375369001
35628,0.000165470964223935
35627,0.000165518157396223
35626,0.000165565333181865
35625,0.000165612491555857
35624,0.000165659632493199
35623,0.000165706755968898
35622,0.000165753861957964
35621,0.000165800950435414
35620,0.00016584802137627
35619,0.000165895205007754
35618,0.000165942371880665
35617,0.0001659895219719
35616,0.000166036655258361
35615,0.000166083771716952
35614,0.000166130871324582
35613,0.000166177954058164
35612,0.000166225019894616
35611,0.000166272068810859
35610,0.000166319100783819
35609,0.000166366115790427
35608,0.000166413113807616
35607,0.000166460094812325
35606,0.000166507058781497
35605,0.00016655400569208
35604,0.000166600935521024
35603,0.000166647848245286
35602,0.000166694743841826
35601,0.00016674162228761
35600,0.000166788483559605
35599,0.000166841627397501
35598,0.000166894749457101
35597,0.000166947849705657
35596,0.00016700092811043
35595,0.000167053984638687
35594,0.000167107019257702
35593,0.000167160031934757
35592,0.00016721302263714
35591,0.000167265991332147
35590,0.000167318937987078
35589,0.000167371862569244
35588,0.000167424765045962
35587,0.000167477645384555
35586,0.000167530503552355
35585,0.000167583339516699
35584,0.000167636153244933
35583,0.000167688944704411
35582,0.000167741713862493
35581,0.000167794460686546
35580,0.000167847185143946
35579,0.000167899887202075
35578,0.000167952566828324
35577,0.00016800522399009
35576,0.00016805785865478
35575,0.000168110470789805
35574,0.000168163060362588
35573,0.000168215627340557
35572,0.000168268171691147
35571,0.000168320693381803
35570,0.000168373192379977
35569,0.000168425668653128
35568,0.000168478122168725
35567,0.000168530552894243
35566,0.000168582960797166
35565,0.000168635345844985
35564,0.0001686877080052
35563,0.000168740047245319
35562,0.000168792363532858
35561,0.000168844656835341
35560,0.0001688969271203
35559,0.000168952274366473
35558,0.000169007595894433
35557,0.000169062891666003
35556,0.000169118161643014
35555,0.000169173405787308
35554,0.000169228624060736
35553,0.000169283816425159
35552,0.000169338982842452
35551,0.000169394123274496
35550,0.000169449237683185
35549,0.000169504326030423
35548,0.000169559388278124
35547,0.000169614424388213
35546,0.000169669434322626
35545,0.00016972441804331
35544,0.00016977937551222
35543,0.000169834306691326
35542,0.000169889211542606
35541,0.00016994409002805
35540,0.000169998942109659
35539,0.000170056675956686
35538,0.000170114379428916
35537,0.000170172052479799
35536,0.000170229695062803
35535,0.000170287307131411
35534,0.000170344888639121
35533,0.000170402439539449
35532,0.000170459959785928
35531,0.000170517449332104
35530,0.000170574908131544
35529,0.000170632336137828
35528,0.000170689733304554
35527,0.000170747099585336
35526,0.000170804434933806
35525,0.000170861739303611
35524,0.000170919012648417
35523,0.000170976254921904
35522,0.000171033466077773
35521,0.00017109064606974
35520,0.000171147794851536
35519,0.000171210821271562
35518,0.00017127380869122
35517,0.000171336757046213
35516,0.000171399666272274
35515,0.000171462536305163
35514,0.00017152536708067
35513,0.000171588158534614
35512,0.000171650910602842
35511,0.000171713623221232
35510,0.00017177629632569
35509,0.000171838929852152
35508,0.000171901523736583
35507,0.000171964077914979
35506,0.000172026592323366
35505,0.000172089066897797
35504,0.00017215150157436
35503,0.000172213896289169
35502,0.000172276250978371
35501,0.000172338565578142
35500,0.000172400840024691
35499,0.000172463263532422
35498,0.000172525648074502
35497,0.000172587993590292
35496,0.000172650300019181
35495,0.000172712567300586
35494,0.000172774795373949
35493,0.000172836984178742
35492,0.00017289913365446
35491,0.000172961243740629
35490,0.0001730233143768
35489,0.000173085345502554
35488,0.000173147337057497
35487,0.000173209288981265
35486,0.00017327120121352
35485,0.000173333073693952
35484,0.000173394906362282
35483,0.000173456699158255
35482,0.000173518452021647
35481,0.000173580164892261
35480,0.000173641837709931
35479,0.000173709616728174
35478,0.000173777349315397
35477,0.000173845035396281
35476,0.000173912674895539
35475,0.000173980267737921
35474,0.000174047813848209
35473,0.000174115313151222
35472,0.000174182765571816
35471,0.000174250171034879
35470,0.000174317529465338
35469,0.000174384840788154
35468,0.000174452104928323
35467,0.000174519321810879
35466,0.000174586491360892
35465,0.000174653613503467
35464,0.000174720688163748
35463,0.000174787715266912
35462,0.000174854694738176
35461,0.000174921626502793
35460,0.000174988510486053
35459,0.000175064357885148
35458,0.000175140145732462
35457,0.000175215873922927
35456,0.00017529154235153
35455,0.000175367150913311
35454,0.000175442699503364
35453,0.000175518188016837
35452,0.000175593616348932
35451,0.000175668984394906
35450,0.000175744292050069
35449,0.00017581953920979
35448,0.00017589472576949
35447,0.000175969851624647
35446,0.000176044916670794
35445,0.00017611992080352
35444,0.000176194863918471
35443,0.000176269745911349
35442,0.000176344566677915
35441,0.000176419326113983
35440,0.000176494024115427
35439,0.000176571996390242
35438,0.000176649904238579
35437,0.00017672774754478
35436,0.000176805526193245
35435,0.000176883240068431
35434,0.000176960889054852
35433,0.000177038473037083
35432,0.000177115991899755
35431,0.000177193445527559
35430,0.000177270833805244
35429,0.000177348156617621
35428,0.000177425413849558
35427,0.000177502605385983
35426,0.000177579731111886
35425,0.000177656790912317
35424,0.000177733784672385
35423,0.000177810712277264
35422,0.000177887573612184
35421,0.000177964368562442
35420,0.000178041097013393
35419,0.000178120364340021
35418,0.000178199558981114
35417,0.000178278680809257
35416,0.000178357729697115
35415,0.000178436705517431
35414,0.000178515608143027
35413,0.000178594437446803
35412,0.00017867319330174
35411,0.000178751875580895
35410,0.00017883048415741
35409,0.000178909018904504
35408,0.000178987479695477
35407,0.000179065866403712
35406,0.000179144178902671
35405,0.000179222417065899
35404,0.000179300580767022
35403,0.00017937866987975
35402,0.000179456684277875
35401,0.000179534623835272
35400,0.000179612488425899
35399,0.000179698391263489
35398,0.000179784200808652
35397,0.000179869916890115
35396,0.000179955539336738
35395,0.000180041067977518
35394,0.000180126502641587
35393,0.000180211843158214
35392,0.000180297089356807
35391,0.000180382241066909
35390,0.000180467298118204
35389,0.000180552260340514
35388,0.000180637127563801
35387,0.000180721899618167
35386,0.000180806576333855
35385,0.000180891157541251
35384,0.000180975643070879
35383,0.00018106003275341
35382,0.000181144326419656
35381,0.000181228523900572
35380,0.000181312625027259
35379,0.000181399098486029
35378,0.000181485467565037
35377,0.000181571732077563
35376,0.000181657891837067
35375,0.000181743946657185
35374,0.000181829896351731
35373,0.000181915740734701
35372,0.000182001479620268
35371,0.000182087112822788
35370,0.000182172640156796
35369,0.000182258061437013
35368,0.000182343376478338
35367,0.000182428585095857
35366,0.000182513687104839
35365,0.000182598682320737
35364,0.000182683570559191
35363,0.000182768351636026
35362,0.000182853025367255
35361,0.000182937591569078
35360,0.000183022050057884
35359,0.000183109602762892
35358,0.000183197043432209
35357,0.000183284371866852
35356,0.000183371587868027
35355,0.000183458691237133
35354,0.000183545681775761
35353,0.000183632559285698
35352,0.000183719323568924
35351,0.000183805974427614
35350,0.000183892511664141
35349,0.000183978935081073
35348,0.000184065244481175
35347,0.000184151439667414
35346,0.000184237520442951
35345,0.00018432348661115
35344,0.000184409337975576
35343,0.000184495074339994
35342,0.000184580695508371
35341,0.000184666201284876
35340,0.000184751591473885
35339,0.000184847511491075
35338,0.000184943287024372
35337,0.000185038917797639
35336,0.000185134403535048
35335,0.000185229743961089
35334,0.000185324938800566
35333,0.000185419987778603
35332,0.000185514890620639
35331,0.000185609647052436
35330,0.000185704256800076
35329,0.000185798719589964
35328,0.000185893035148828
35327,0.000185987203203724
35326,0.000186081223482031
35325,0.000186175095711458
35324,0.000186268819620042
35323,0.000186362394936153
35322,0.000186455821388489
35321,0.000186549098706085
35320,0.000186642226618307
35319,0.000186732987370086
35318,0.000186823607097336
35317,0.000186914085549249
35316,0.000187004422475315
35315,0.00018709461762532
35314,0.000187184670749351
35313,0.000187274581597792
35312,0.000187364349921329
35311,0.00018745397547095
35310,0.000187543457997947
35309,0.000187632797253915
35308,0.000187721992990756
35307,0.000187811044960676
35306,0.000187899952916193
35305,0.00018798871661013
35304,0.000188077335795622
35303,0.000188165810226114
35302,0.000188254139655366
35301,0.000188342323837448
35300,0.000188430362526747
35299,0.00018852341869479
35298,0.000188616312860144
35297,0.000188709044731305
35296,0.000188801614017157
35295,0.000188894020426977
35294,0.000188986263670436
35293,0.000189078343457602
35292,0.000189170259498939
35291,0.000189262011505308
35290,0.000189353599187972
35289,0.000189445022258595
35288,0.000189536280429244
35287,0.000189627373412391
35286,0.000189718300920912
35285,0.000189809062668095
35284,0.000189899658367632
35283,0.000189990087733629
35282,0.000190080350480604
35281,0.000190170446323486
35280,0.000190260374977623
35279,0.000190348099197482
35278,0.000190435664803837
35277,0.000190523071529836
35276,0.000190610319109002
35275,0.000190697407275237
35274,0.000190784335762823
35273,0.000190871104306422
35272,0.000190957712641078
35271,0.000191044160502221
35270,0.000191130447625663
35269,0.000191216573747604
35268,0.000191302538604633
35267,0.000191388341933726
35266,0.00019147398347225
35265,0.000191559462957965
35264,0.000191644780129023
35263,0.00019172993472397
35262,0.000191814926481751
35261,0.000191899755141705
35260,0.000191984420443571
35259,0.000192068612808253
35258,0.000192152640970036
35257,0.000192236504674866
35256,0.000192320203669094
35255,0.000192403737699476
35254,0.000192487106513175
35253,0.000192570309857763
35252,0.000192653347481222
35251,0.000192736219131944
35250,0.000192818924558734
35249,0.000192901463510809
35248,0.000192983835737803
35247,0.000193066040989763
35246,0.000193148079017157
35245,0.000193229949570868
35244,0.000193311652402201
35243,0.000193393187262882
35242,0.000193474553905058
35241,0.000193555752081301
35240,0.000193636781544607
35239,0.000193713309429441
35238,0.000193789685956637
35237,0.000193865910917736
35236,0.000193941984104623
35235,0.000194017905309526
35234,0.000194093674325022
35233,0.000194169290944033
35232,0.000194244754959828
35231,0.000194320066166027
35230,0.000194395224356598
35229,0.00019447022932586
35228,0.000194545080868484
35227,0.000194619778779493
35226,0.000194694322854265
35225,0.000194768712888529
35224,0.000194842948678373
35223,0.00019491703002024
35222,0.000194990956710929
35221,0.000195064728547598
35220,0.000195138345327766
35219,0.000195205570514639
35218,0.000195272665804504
35217,0.000195339631042796
35216,0.000195406466075205
35215,0.000195473170747673
35214,0.000195539744906401
35213,0.000195606188397839
35212,0.000195672501068699
35211,0.000195738682765946
35210,0.000195804733336802
35209,0.000195870652628747
35208,0.00019593644048952
35207,0.000196002096767119
35206,0.000196067621309799
35205,0.000196133013966078
35204,0.000196198274584733
35203,0.000196263403014801
35202,0.000196328399105583
35201,0.000196393262706641
35200,0.000196457993667801
35199,0.000196516601129152
35198,0.000196575099444344
35197,0.0001966334885016
35196,0.000196691768189318
35195,0.000196749938396079
35194,0.000196807999010642
35193,0.000196865949921945
35192,0.000196923791019109
35191,0.000196981522191434
35190,0.000197039143328401
35189,0.000197096654319674
35188,0.000197154055055097
35187,0.000197211345424698
35186,0.000197268525318686
35185,0.000197325594627455
35184,0.000197382553241579
35183,0.00019743940105182
35182,0.00019749613794912
35181,0.000197552763824607
35180,0.000197609278569595
35179,0.000197660556854364
35178,0.000197711745129428
35177,0.000197762843309741
35176,0.000197813851310385
35175,0.000197864769046568
35174,0.000197915596433629
35173,0.000197966333387033
35172,0.000198016979822376
35171,0.000198067535655378
35170,0.000198118000801893
35169,0.000198168375177902
35168,0.000198218658699515
35167,0.000198268851282972
35166,0.000198318952844645
35165,0.000198368963301032
35164,0.000198418882568766
35163,0.000198468710564607
35162,0.00019851844720545
35161,0.000198568092408316
35160,0.000198617646090362
35159,0.000198655364147801
35158,0.000198693028286773
35157,0.000198730638471911
35156,0.000198768194667888
35155,0.000198805696839425
35154,0.000198843144951285
35153,0.000198880538968276
35152,0.00019891787885525
35151,0.000198955164577103
35150,0.000198992396098777
35149,0.000199029573385257
35148,0.000199066696401573
35147,0.0001991037651128
35146,0.000199140779484058
35145,0.000199177739480511
35144,0.000199214645067367
35143,0.000199251496209881
35142,0.000199288292873351
35141,0.000199325035023122
35140,0.000199361722624581
35139,0.000199392645651154
35138,0.000199423529259783
35137,0.000199454373430063
35136,0.00019948517814161
35135,0.000199515943374064
35134,0.000199546669107089
35133,0.000199577355320371
35132,0.00019960800199362
35131,0.000199638609106569
35130,0.000199669176638974
35129,0.000199699704570616
35128,0.000199730192881297
35127,0.000199760641550844
35126,0.000199791050559108
35125,0.00019982141988596
35124,0.000199851749511299
35123,0.000199882039415045
35122,0.000199912289577142
35121,0.000199942499977557
35120,0.000199972670596281
35119,0.000199993722889316
35118,0.000200014755262029
35117,0.000200035767707667
35116,0.000200056760219487
35115,0.000200077732790748
35114,0.00020009868541472
35113,0.000200119618084673
35112,0.000200140530793888
35111,0.000200161423535649
35110,0.000200182296303247
35109,0.000200203149089978
35108,0.000200223981889145
35107,0.000200244794694057
35106,0.000200265587498028
35105,0.000200286360294379
35104,0.000200307113076435
35103,0.00020032784583753
35102,0.000200348558571002
35101,0.000200369251270194
35100,0.000200389923928457
35099,0.000200405415266298
35098,0.000200420895324579
35097,0.000200436364100501
35096,0.000200451821591266
35095,0.000200467267794081
35094,0.000200482702706151
35093,0.000200498126324686
35092,0.000200513538646896
35091,0.000200528939669995
35090,0.000200544329391196
35089,0.000200559707807715
35088,0.000200575074916772
35087,0.000200590430715587
35086,0.00020060577520138
35085,0.000200621108371378
35084,0.000200636430222804
35083,0.000200651740752888
35082,0.000200667039958858
35081,0.000200682327837947
35080,0.000200697604387388
35079,0.000200704074035724
35078,0.000200710541238342
35077,0.000200717005994988
35076,0.000200723468305407
35075,0.000200729928169348
35074,0.000200736385586556
35073,0.000200742840556778
35072,0.000200749293079762
35071,0.000200755743155254
35070,0.000200762190783002
35069,0.000200768635962753
35068,0.000200775078694254
35067,0.000200781518977252
35066,0.000200787956811497
35065,0.000200794392196734
35064,0.000200800825132713
35063,0.00020080725561918
35062,0.000200813683655885
35061,0.000200820109242575
35060,0.000200826532378998
35059,0.000200829263274076
35058,0.000200831992984856
35057,0.000200834721511251
35056,0.000200837448853174
35055,0.000200840175010538
35054,0.000200842899983257
35053,0.000200845623771244
35052,0.000200848346374411
35051,0.000200851067792674
35050,0.000200853788025945
35049,0.000200856507074137
35048,0.000200859224937165
35047,0.000200861941614941
35046,0.00020086465710738
35045,0.000200867371414396
35044,0.000200870084535902
35043,0.000200872796471811
35042,0.000200875507222039
35041,0.000200878216786499
35040,0.000200880925165104
35039,0.000200880599555619
35038,0.00020088027380739
35037,0.000200879947920417
35036,0.000200879621894703
35035,0.000200879295730251
35034,0.000200878969427062
35033,0.000200878642985138
35032,0.000200878316404482
35031,0.000200877989685094
35030,0.000200877662826978
35029,0.000200877335830136
35028,0.000200877008694568
35027,0.000200876681420278
35026,0.000200876354007268
35025,0.000200876026455539
35024,0.000200875698765094
35023,0.000200875370935934
35022,0.000200875042968061
35021,0.000200874714861478
35020,0.000200874386616187
35019,0.000200872378912813
35018,0.000200870370948012
35017,0.000200868362721803
35016,0.000200866354234205
35015,0.000200864345485237
35014,0.000200862336474918
35013,0.000200860327203267
35012,0.000200858317670302
35011,0.000200856307876043
35010,0.000200854297820508
35009,0.000200852287503717
35008,0.000200850276925688
35007,0.00020084826608644
35006,0.000200846254985991
35005,0.000200844243624362
35004,0.000200842232001571
35003,0.000200840220117636
35002,0.000200838207972577
35001,0.000200836195566413
35000,0.000200834182899161
34999,0.000200832500942358
34998,0.000200830818845342
34997,0.000200829136608117
34996,0.000200827454230687
34995,0.000200825771713055
34994,0.000200824089055225
34993,0.000200822406257202
34992,0.000200820723318988
34991,0.000200819040240587
34990,0.000200817357022004
34989,0.000200815673663242
34988,0.000200813990164305
34987,0.000200812306525196
34986,0.000200810622745919
34985,0.000200808938826479
34984,0.000200807254766879
34983,0.000200805570567122
34982,0.000200803886227212
34981,0.000200802201747154
34980,0.000200800517126951
34979,0.000200798832366606
34978,0.000200797147466123
34977,0.000200795462425507
34976,0.000200793777244761
34975,0.000200792091923889
34974,0.000200790406462894
34973,0.00020078872086178
34972,0.000200787035120551
34971,0.000200785349239211
34970,0.000200783663217764
34969,0.000200781977056213
34968,0.000200780290754562
34967,0.000200778604312815
34966,0.000200776917730975
34965,0.000200775231009047
34964,0.000200773544147035
34963,0.000200771857144941
34962,0.000200770170002769
34961,0.000200768482720525
34960,0.00020076679529821
34959,0.00020076679529821
34958,0.00020076679529821
34957,0.00020076679529821
34956,0.00020076679529821
34955,0.00020076679529821
34954,0.00020076679529821
34953,0.00020076679529821
34952,0.00020076679529821
34951,0.00020076679529821
34950,0.00020076679529821
34949,0.00020076679529821
34948,0.00020076679529821
34947,0.00020076679529821
34946,0.00020076679529821
34945,0.00020076679529821
34944,0.00020076679529821
34943,0.00020076679529821
34942,0.00020076679529821
34941,0.00020076679529821
34940,0.00020076679529821
34939,0.000200770170002769
34938,0.000200773544147035
34937,0.000200776917730975
34936,0.000200780290754562
34935,0.000200783663217764
34934,0.000200787035120551
34933,0.000200790406462894
34932,0.000200793777244761
34931,0.000200797147466123
34930,0.000200800517126951
34929,0.000200803886227212
34928,0.000200807254766879
34927,0.000200810622745919
34926,0.000200813990164305
34925,0.000200817357022004
34924,0.000200820723318988
34923,0.000200824089055225
34922,0.000200827454230687
34921,0.000200830818845342
34920,0.000200834182899161
34919,0.000200841570940092
34918,0.000200848956324618
34917,0.000200856339052237
34916,0.000200863719122453
34915,0.000200871096534764
34914,0.000200878471288673
34913,0.00020088584338368
34912,0.000200893212819288
34911,0.000200900579594996
34910,0.000200907943710308
34909,0.000200915305164725
34908,0.000200922663957748
34907,0.000200930020088881
34906,0.000200937373557626
34905,0.000200944724363484
34904,0.00020095207250596
34903,0.000200959417984555
34902,0.000200966760798773
34901,0.000200974100948117
34900,0.000200981438432091
34899,0.000200993784004168
34898,0.000201006122374656
34897,0.000201018453541751
34896,0.00020103077750365
34895,0.000201043094258552
34894,0.000201055403804655
34893,0.00020106770614016
34892,0.000201080001263267
34891,0.000201092289172178
34890,0.000201104569865097
34889,0.000201116843340226
34888,0.000201129109595771
34887,0.000201141368629937
34886,0.000201153620440931
34885,0.00020116586502696
34884,0.000201178102386234
34883,0.000201190332516961
34882,0.000201202555417351
34881,0.000201214771085618
34880,0.000201226979519971
34879,0.00020124413207435
34878,0.000201261270293974
34877,0.000201278394174299
34876,0.000201295503710781
34875,0.000201312598898882
34874,0.000201329679734065
34873,0.000201346746211797
34872,0.000201363798327549
34871,0.000201380836076796
34870,0.000201397859455015
34869,0.000201414868457687
34868,0.000201431863080296
34867,0.00020144884331833
34866,0.000201465809167281
34865,0.000201482760622642
34864,0.000201499697679912
34863,0.000201516620334592
34862,0.000201533528582187
34861,0.000201550422418205
34860,0.000201567301838158
34859,0.000201587093457751
34858,0.00020160686469929
34857,0.000201626615556078
34856,0.000201646346021425
34855,0.000201666056088645
34854,0.000201685745751061
34853,0.000201705415002001
34852,0.000201725063834798
34851,0.000201744692242794
34850,0.000201764300219334
34849,0.000201783887757773
34848,0.000201803454851469
34847,0.000201823001493787
34846,0.000201842527678099
34845,0.000201862033397784
34844,0.000201881518646224
34843,0.000201900983416812
34842,0.000201920427702944
34841,0.000201939851498022
34840,0.000201959254795457
34839,0.000201981496357649
34838,0.00020200370993507
34837,0.000202025895517948
34836,0.000202048053096523
34835,0.000202070182661047
34834,0.000202092284201782
34833,0.000202114357709004
34832,0.000202136403172999
34831,0.000202158420584065
34830,0.000202180409932512
34829,0.000202202371208661
34828,0.000202224304402845
34827,0.000202246209505408
34826,0.000202268086506707
34825,0.00020228993539711
34824,0.000202311756166996
34823,0.000202333548806756
34822,0.000202355313306793
34821,0.000202377049657522
34820,0.00020239875784937
34819,0.000202424760673161
34818,0.000202450721541108
34817,0.000202476640436556
34816,0.000202502517342875
34815,0.000202528352243462
34814,0.000202554145121743
34813,0.000202579895961167
34812,0.000202605604745211
34811,0.000202631271457381
34810,0.000202656896081206
34809,0.000202682478600244
34808,0.000202708018998079
34807,0.000202733517258322
34806,0.00020275897336461
34805,0.000202784387300608
34804,0.000202809759050008
34803,0.000202835088596527
34802,0.00020286037592391
34801,0.000202885621015929
34800,0.000202910823856383
34799,0.000202942299586311
34798,0.000202973711397702
34797,0.000203005059259365
34796,0.00020303634314017
34795,0.000203067563009047
34794,0.000203098718834988
34793,0.000203129810587043
34792,0.000203160838234323
34791,0.000203191801746001
34790,0.000203222701091309
34789,0.00020325353623954
34788,0.000203284307160048
34787,0.000203315013822247
34786,0.000203345656195612
34785,0.000203376234249679
34784,0.000203406747954044
34783,0.000203437197278366
34782,0.000203467582192362
34781,0.000203497902665811
34780,0.000203528158668555
34779,0.000203560894323929
34778,0.000203593552089807
34777,0.000203626131927722
34776,0.000203658633799296
34775,0.000203691057666242
34774,0.000203723403490364
34773,0.000203755671233556
34772,0.000203787860857804
34771,0.000203819972325183
34770,0.00020385200559786
34769,0.000203883960638092
34768,0.000203915837408229
34767,0.000203947635870711
34766,0.000203979355988067
34765,0.000204010997722921
34764,0.000204042561037987
34763,0.000204074045896068
34762,0.000204105452260062
34761,0.000204136780092957
34760,0.000204168029357832
34759,0.000204202603830934
34758,0.000204237086142101
34757,0.000204271476241491
34756,0.000204305774079389
34755,0.000204339979606201
34754,0.000204374092772462
34753,0.000204408113528828
34752,0.000204442041826084
34751,0.000204475877615139
34750,0.000204509620847024
34749,0.000204543271472901
34748,0.000204576829444054
34747,0.000204610294711894
34746,0.000204643667227956
34745,0.000204676946943905
34744,0.000204710133811528
34743,0.00020474322778274
34742,0.000204776228809583
34741,0.000204809136844223
34740,0.000204841951838956
34739,0.000204878554000845
34738,0.000204915039320705
34737,0.000204951407732348
34736,0.000204987659169784
34735,0.000205023793567226
34734,0.000205059810859084
34733,0.000205095710979969
34732,0.000205131493864694
34731,0.000205167159448271
34730,0.000205202707665915
34729,0.000205238138453041
34728,0.000205273451745264
34727,0.000205308647478404
34726,0.000205343725588479
34725,0.000205378686011712
34724,0.000205413528684526
34723,0.000205448253543548
34722,0.000205482860525605
34721,0.00020551734956773
34720,0.000205551720607158
34719,0.000205586512672429
34718,0.000205621177311585
34717,0.000205655714459389
34716,0.000205690124050847
34715,0.0002057244060212
34714,0.000205758560305932
34713,0.000205792586840765
34712,0.00020582648556166
34711,0.000205860256404817
34710,0.00020589389930668
34709,0.000205927414203929
34708,0.000205960801033486
34707,0.000205994059732514
34706,0.000206027190238418
34705,0.00020606019248884
34704,0.000206093066421669
34703,0.00020612581197503
34702,0.000206158429087293
34701,0.000206190917697068
34700,0.00020622327774321
34699,0.00020625887144873
34698,0.000206294308530362
34697,0.000206329588906788
34696,0.000206364712497051
34695,0.000206399679220554
34694,0.000206434488997059
34693,0.000206469141746688
34692,0.000206503637389925
34691,0.000206537975847613
34690,0.000206572157040957
34689,0.000206606180891524
34688,0.000206640047321242
34687,0.0002066737562524
34686,0.000206707307607652
34685,0.000206740701310012
34684,0.000206773937282858
34683,0.000206807015449931
34682,0.000206839935735336
34681,0.000206872698063542
34680,0.000206905302359381
34679,0.000206937748548049
34678,0.00020697003655511
34677,0.000207002166306488
34676,0.000207034137728475
34675,0.00020706595074773
34674,0.000207097605291275
34673,0.000207129101286499
34672,0.000207160438661157
34671,0.000207191617343373
34670,0.000207222637261633
34669,0.000207253498344796
34668,0.000207284200522085
34667,0.00020731474372309
34666,0.000207345127877771
34665,0.000207375352916457
34664,0.000207405418769842
34663,0.000207435325368993
34662,0.000207465072645342
34661,0.000207494660530694
34660,0.000207524088957221
34659,0.000207553926463077
34658,0.000207583593484749
34657,0.000207613089951027
34656,0.000207642415791134
34655,0.000207671570934715
34654,0.00020770055531185
34653,0.000207729368853045
34652,0.000207758011489236
34651,0.000207786483151788
34650,0.000207814783772498
34649,0.000207842913283592
34648,0.000207870871617727
34647,0.000207898658707991
34646,0.000207926274487902
34645,0.000207953718891411
34644,0.0002079809918529
34643,0.000208008093307183
34642,0.000208035023189506
34641,0.000208061781435547
34640,0.000208088367981417
34639,0.000208114782763662
34638,0.000208141025719258
34637,0.000208167096785617
34636,0.000208192995900583
34635,0.000208218723002436
34634,0.000208244278029887
34633,0.000208269660922085
34632,0.000208294871618612
34631,0.000208319910059485
34630,0.000208344776185156
34629,0.000208369469936514
34628,0.000208393991254881
34627,0.000208418340082018
34626,0.00020844251636012
34625,0.000208466520031819
34624,0.000208490351040184
34623,0.00020851400932872
34622,0.00020853749484137
34621,0.000208560807522514
34620,0.000208583947316969
34619,0.000208608002712159
34618,0.000208631875250916
34617,0.000208655564871739
34616,0.000208679071513612
34615,0.000208702395116002
34614,0.00020872553561886
34613,0.000208748492962623
34612,0.000208771267088212
34611,0.00020879385793703
34610,0.00020881626545097
34609,0.000208838489572407
34608,0.000208860530244203
34607,0.000208882387409705
34606,0.000208904061012747
34605,0.000208925550997648
34604,0.000208946857309216
34603,0.000208967979892744
34602,0.000208988918694013
34601,0.00020900967365929
34600,0.000209030244735331
34599,0.000209050631869379
34598,0.000209070835009165
34597,0.000209090854102909
34596,0.000209110689099318
34595,0.00020913033994759
34594,0.000209149806597409
34593,0.000209169088998951
34592,0.000209188187102878
34591,0.000209207100860345
34590,0.000209225830222994
34589,0.000209244375142958
34588,0.000209262735572862
34587,0.000209280911465817
34586,0.000209298902775429
34585,0.000209316709455793
34584,0.000209334331461493
34583,0.000209351768747607
34582,0.000209369021269703
34581,0.000209386088983841
34580,0.000209402971846572
34579,0.0002094200531313
34578,0.000209436949823304
34577,0.000209453661877682
34576,0.000209470189250018
34575,0.000209486531896383
34574,0.000209502689773339
34573,0.000209518662837937
34572,0.000209534451047715
34571,0.000209550054360702
34570,0.000209565472735416
34569,0.000209580706130865
34568,0.000209595754506546
34567,0.000209610617822447
34566,0.000209625296039045
34565,0.000209639789117308
34564,0.000209654097018694
34563,0.000209668219705153
34562,0.000209682157139125
34561,0.000209695909283541
34560,0.000209709476101824
34559,0.000209722851459479
34558,0.000209736052148911
34557,0.00020974907813503
34556,0.000209761929383185
34555,0.000209774605859162
34554,0.000209787107529186
34553,0.00020979943435992
34552,0.000209811586318463
34551,0.000209823563372356
34550,0.000209835365489576
34549,0.000209846992638539
34548,0.0002098584447881
34547,0.000209869721907555
34546,0.000209880823966635
34545,0.000209891750935515
34544,0.000209902502784805
34543,0.000209913079485556
34542,0.000209923481009261
34541,0.00020993370732785
34540,0.000209943758413693
34539,0.000209952868312318
34538,0.000209961802719982
34537,0.000209970561616138
34536,0.000209979144980679
34535,0.000209987552793939
34534,0.000209995785036695
34533,0.000210003841690168
34532,0.000210011722736018
34531,0.000210019428156351
34530,0.000210026957933713
34529,0.000210034312051094
34528,0.000210041490491924
34527,0.00021004849324008
34526,0.000210055320279878
34525,0.000210061971596079
34524,0.000210068447173885
34523,0.000210074746998942
34522,0.000210080871057339
34521,0.000210086819335608
34520,0.000210092591820724
34519,0.000210097979858747
34518,0.000210103180729765
34517,0.00021010819442391
34516,0.000210113020931824
34515,0.000210117660244653
34514,0.000210122112354052
34513,0.000210126377252184
34512,0.000210130454931718
34511,0.000210134345385832
34510,0.000210138048608212
34509,0.000210141564593048
34508,0.000210144893335042
34507,0.000210148034829401
34506,0.000210150989071841
34505,0.000210153756058583
34504,0.000210156335786358
34503,0.000210158728252405
34502,0.000210160933454468
34501,0.000210162951390801
34500,0.000210164782060163
34499,0.000210165962396597
34498,0.000210166965459988
34497,0.000210167791253697
34496,0.000210168439781551
34495,0.000210168911047838
34494,0.000210169205057308
34493,0.000210169321815178
34492,0.000210169261327122
34491,0.000210169023599282
34490,0.000210168608638261
34489,0.000210168016451123
34488,0.000210167247045396
34487,0.000210166300429073
34486,0.000210165176610604
34485,0.000210163875598907
34484,0.00021016239740336
34483,0.000210160742033802
34482,0.000210158909500536
34481,0.000210156899814328
34480,0.000210154712986404
34479,0.000210151907364708
34478,0.000210148912717771
34477,0.000210145729062509
34476,0.000210142356416373
34475,0.000210138794797352
34474,0.000210135044223969
34473,0.000210131104715287
34472,0.0002101269762909
34471,0.000210122658970943
34470,0.000210118152776084
34469,0.000210113457727526
34468,0.00021010857384701
34467,0.000210103501156811
34466,0.000210098239679739
34465,0.00021009278943914
34464,0.000210087150458894
34463,0.000210081322763416
34462,0.000210075306377656
34461,0.000210069101327098
34460,0.000210062707637762
34459,0.000210056125336198
34458,0.000210049354449495
34457,0.000210042395005273
34456,0.000210035247031685
34455,0.000210027910557419
34454,0.000210020385611696
34453,0.000210012672224269
34452,0.000210004770425425
34451,0.000209996680245984
34450,0.000209988401717297
34449,0.000209979934871248
34448,0.000209971279740254
34447,0.000209962436357263
34446,0.000209953404755754
34445,0.00020994418496974
34444,0.000209934777033763
34443,0.000209925180982896
34442,0.000209915396852745
34441,0.000209905424679444
34440,0.00020989526449966
34439,0.000209885087693808
34438,0.000209874712873435
34437,0.000209864140075638
34436,0.000209853369338085
34435,0.000209842400699022
34434,0.00020983123419727
34433,0.00020981986987222
34432,0.00020980830776384
34431,0.000209796547912671
34430,0.000209784590359828
34429,0.000209772435146997
34428,0.000209760082316439
34427,0.000209747531910987
34426,0.000209734783974047
34425,0.000219752708470344
34424,0.000219803418226944
34423,0.000219854281468244
34422,0.000219905299763703
34421,0.000219956474687204
34420,0.000220007807817039
34419,0.000220059613220343
34418,0.000220111587507159
34417,0.000220163732323594
34416,0.000220216049320198
34415,0.000220268540151958
34414,0.00022032120647828
34413,0.000220374049962977
34412,0.000220427072274257
34411,0.000220480275084711
34410,0.000220533660071298
34409,0.000220587228915331
34408,0.000220640983302464
34407,0.00022069492492268
34406,0.000220749055470275
34405,0.000220803376643842
34404,0.000220857890146261
34403,0.000220912597684681
34402,0.000220967500970505
34401,0.000221022601719377
34400,0.000221077901651167
34399,0.000221132225005503
34398,0.000221186727179543
34397,0.000221241409762369
34396,0.00022129627434721
34395,0.000221351322531433
34394,0.000221406555916532
34393,0.000221461976108117
34392,0.000221517584715909
34391,0.000221573383353724
34390,0.000221629373639466
34389,0.000221685557195114
34388,0.000221741935646717
34387,0.000221798510624375
34386,0.000221855283762236
34385,0.00022191225669848
34384,0.000221969431075308
34383,0.000222026808538934
34382,0.000222084390739572
34381,0.00022214217933142
34380,0.000222200175972657
34379,0.00022225838232542
34378,0.000222316800055804
34377,0.000222375430833839
34376,0.000222434276333485
34375,0.000222493338232614
34374,0.000222552618213001
34373,0.00022261211796031
34372,0.000222671839164081
34371,0.000222731783517716
34370,0.000222791952718465
34369,0.000222852348467415
34368,0.000222912972469476
34367,0.000222973826433362
34366,0.000223034912071585
34365,0.000223096231100434
34364,0.000223157785239965
34363,0.000223219576213984
34362,0.000223281605750032
34361,0.000223343875579374
34360,0.000223406387436979
34359,0.000223470923948148
34358,0.000223535720004441
34357,0.000223600777504968
34356,0.000223666098352919
34355,0.00022373168445555
34354,0.00022379753772416
34353,0.000223863660074074
34352,0.000223930053424624
34351,0.000223996719699132
34350,0.000224063660824887
34349,0.000224130878733129
34348,0.000224198375359027
34347,0.000224266152641661
34346,0.000224334212524002
34345,0.00022440255695289
34344,0.000224471187879014
34343,0.000224540107256892
34342,0.000224609317044853
34341,0.000224678819205008
34340,0.000224748615703238
34339,0.000224816136477019
34338,0.000224883930784206
34337,0.000224952000414197
34336,0.000225020347159824
34335,0.000225088972817338
34334,0.000225157879186388
34333,0.000225227068070005
34332,0.000225296541274586
34331,0.000225366300609872
34330,0.000225436347888934
34329,0.000225506684928152
34328,0.000225577313547199
34327,0.000225648235569018
34326,0.000225719452819809
34325,0.000225790967129006
34324,0.000225862780329259
34323,0.000225934894256413
34322,0.000226007310749494
34321,0.000226080031650681
34320,0.000226153058805294
34319,0.000226227117842365
34318,0.000226301495765351
34317,0.000226376194454497
34316,0.000226451215792922
34315,0.00022652656166659
34314,0.000226602233964293
34313,0.000226678234577624
34312,0.000226754565400953
34311,0.000226831228331408
34310,0.000226908225268844
34309,0.000226985558115824
34308,0.000227063228777593
34307,0.000227141239162054
34306,0.000227219591179744
34305,0.000227298286743806
34304,0.000227377327769967
34303,0.000227456716176513
34302,0.000227536453884262
34301,0.000227616542816537
34300,0.000227696984899145
34299,0.000227774674458012
34298,0.00022785269210422
34297,0.00022793103958901
34296,0.000228009718665942
34295,0.000228088731090869
34294,0.000228168078621918
34293,0.000228247763019467
34292,0.000228327786046126
34291,0.000228408149466715
34290,0.000228488855048239
34289,0.000228569904559869
34288,0.00022865129977292
34287,0.000228733042460825
34286,0.000228815134399118
34285,0.000228897577365408
34284,0.000228980373139356
34283,0.000229063523502654
34282,0.000229147030238999
34281,0.000229230895134075
34280,0.000229315119975522
34279,0.000229398119237683
34278,0.000229481469909668
34277,0.000229565173648388
34276,0.000229649232112191
34275,0.000229733646960842
34274,0.0002298184198555
34273,0.00022990355245869
34272,0.000229989046434289
34271,0.000230074903447493
34270,0.000230161125164801
34269,0.000230247713253988
34268,0.00023033466938408
34267,0.000230421995225333
34266,0.000230509692449207
34265,0.000230597762728344
34264,0.000230686207736541
34263,0.000230775029148726
34262,0.000230864228640936
34261,0.000230953807890291
34260,0.000231043768574966
34259,0.00023113311209022
34258,0.000231222831163056
34257,0.000231312927460926
34256,0.000231403402652489
34255,0.000231494258407587
34254,0.000231585496397224
34253,0.000231677118293537
34252,0.00023176912576978
34251,0.000231861520500292
34250,0.000231954304160478
34249,0.000232047478426782
34248,0.000232141044976664
34247,0.000232235005488574
34246,0.00023232936164193
34245,0.000232424115117091
34244,0.00023251926759533
34243,0.000232614820758814
34242,0.000232710776290576
34241,0.000232807135874487
34240,0.000232903901195236
34239,0.000232995173052236
34238,0.00023308680584136
34237,0.000233178800961025
34236,0.000233271159810199
34235,0.000233363883788393
34234,0.000233456974295633
34233,0.000233550432732445
34232,0.000233644260499836
34231,0.000233738458999269
34230,0.000233833029632651
34229,0.000233927973802308
34228,0.000234023292910968
34227,0.000234118988361739
34226,0.00023421506155809
34225,0.000234311513903832
34224,0.000234408346803095
34223,0.000234505561660312
34222,0.000234603159880193
34221,0.00023470114286771
34220,0.000234799512028073
34219,0.000234890712285021
34218,0.000234982245345705
34217,0.000235074112363314
34216,0.000235166314491363
34215,0.000235258852883679
34214,0.000235351728694386
34213,0.000235444943077892
34212,0.000235538497188873
34211,0.000235632392182263
34210,0.000235726629213232
34209,0.000235821209437178
34208,0.00023591613400971
34207,0.000236011404086632
34206,0.000236107020823933
34205,0.000236202985377766
34204,0.000236299298904437
34203,0.000236395962560391
34202,0.000236492977502192
34201,0.000236590344886514
34200,0.000236688065870122
34199,0.000236783654632035
34198,0.000236879586993336
34197,0.00023697586414322
34196,0.000237072487271329
34195,0.000237169457567745
34194,0.000237266776222969
34193,0.000237364444427909
34192,0.000237462463373865
34191,0.000237560834252513
34190,0.000237659558255891
34189,0.000237758636576385
34188,0.000237858070406711
34187,0.0002379578609399
34186,0.000238058009369286
34185,0.000238158516888489
34184,0.000238259384691396
34183,0.00023836061397215
34182,0.000238462205925134
34181,0.000238564161744954
34180,0.00023866648262642
34179,0.000238762901105449
34178,0.000238859654033118
34177,0.000238956742552467
34176,0.000239054167807057
34175,0.000239151930940966
34174,0.000239250033098763
34173,0.000239348475425502
34172,0.000239447259066705
34171,0.000239546385168348
34170,0.000239645854876844
34169,0.00023974566933903
34168,0.000239845829702154
34167,0.000239946337113858
34166,0.000240047192722163
34165,0.000240148397675455
34164,0.000240249953122469
34163,0.000240351860212273
34162,0.000240454120094259
34161,0.000240556733918116
34160,0.000240659702833828
34159,0.000240749914618258
34158,0.000240840409145183
34157,0.000240931187292702
34156,0.00024102224993927
34155,0.000241113597963682
34154,0.000241205232245064
34153,0.000241297153662868
34152,0.000241389363096855
34151,0.000241481861427088
34150,0.000241574649533923
34149,0.000241667728297996
34148,0.000241761098600215
34147,0.000241854761321748
34146,0.000241948717344013
34145,0.000242042967548668
34144,0.000242137512817599
34143,0.000242232354032912
34142,0.000242327492076919
34141,0.000242422927832131
34140,0.000242518662181245
34139,0.000242609209927234
34138,0.000242700035195788
34137,0.000242791138824947
34136,0.000242882521653017
34135,0.000242974184518557
34134,0.000243066128260369
34133,0.000243158353717488
34132,0.000243250861729171
34131,0.000243343653134888
34130,0.00024343672877431
34129,0.000243530089487299
34128,0.000243623736113898
34127,0.000243717669494317
34126,0.000243811890468931
34125,0.000243906399878256
34124,0.00024400119856295
34123,0.000244096287363796
34122,0.000244191667121692
34121,0.000244287338677642
34120,0.000244383302872743
34119,0.00024447646922064
34118,0.000244569904820443
34117,0.000244663610380813
34116,0.000244757586610392
34115,0.000244851834217794
34114,0.000244946353911597
34113,0.000245041146400336
34112,0.000245136212392492
34111,0.000245231552596485
34110,0.000245327167720666
34109,0.000245423058473305
34108,0.000245519225562587
34107,0.000245615669696601
34106,0.000245712391583329
34105,0.000245809391930643
34104,0.000245906671446289
34103,0.000246004230837884
34102,0.000246102070812906
34101,0.000246200192078681
34100,0.000246298595342379
34099,0.000246384674295149
34098,0.000246470967193052
34097,0.000246557474493657
34096,0.00024664419665441
34095,0.000246731134132635
34094,0.000246818287385526
34093,0.000246905656870147
34092,0.000246993243043422
34091,0.000247081046362136
34090,0.000247169067282926
34089,0.000247257306262279
34088,0.000247345763756529
34087,0.000247434440221846
34086,0.000247523336114241
34085,0.000247612451889553
34084,0.000247701788003448
34083,0.000247791344911415
34082,0.000247881123068761
34081,0.000247971122930606
34080,0.000248061344951876
34079,0.000248157917120947
34078,0.000248254733988322
34077,0.000248351796039243
34076,0.00024844910375864
34075,0.00024854665763113
34074,0.000248644458141011
34073,0.000248742505772254
34072,0.000248840801008502
34071,0.000248939344333059
34070,0.000249038136228892
34069,0.00024913717717862
34068,0.000249236467664511
34067,0.000249336008168476
34066,0.000249435799172065
34065,0.000249535841156461
34064,0.000249636134602473
34063,0.000249736679990534
34062,0.000249837477800694
34061,0.00024993852851261
34060,0.000250039832605551
34059,0.000250140133076267
34058,0.000250240666905601
34057,0.000250341434450201
34056,0.000250442436066247
34055,0.000250543672109449
34054,0.000250645142935044
34053,0.000250746848897791
34052,0.000250848790351968
34051,0.000250950967651369
34050,0.0002510533811493
34049,0.000251156031198576
34048,0.000251258918151515
34047,0.000251362042359937
34046,0.000251465404175163
34045,0.000251569003948002
34044,0.000251672842028759
34043,0.000251776918767223
34042,0.000251881234512666
34041,0.000251985789613841
34040,0.000252090584418978
34039,0.000252180955091313
34038,0.000252271501574528
34037,0.000252362224074234
34036,0.000252453122795724
34035,0.000252544197943973
34034,0.000252635449723637
34033,0.00025272687833905
34032,0.00025281848399422
34031,0.000252910266892835
34030,0.000253002227238253
34029,0.000253094365233504
34028,0.000253186681081289
34027,0.000253279174983978
34026,0.000253371847143607
34025,0.000253464697761876
34024,0.000253557727040152
34023,0.000253650935179461
34022,0.000253744322380489
34021,0.000253837888843584
34020,0.000253931634768747
34019,0.000254026892500467
34018,0.000254122333644258
34017,0.000254217958393073
34016,0.000254313766939461
34015,0.000254409759475559
34014,0.000254505936193093
34013,0.000254602297283378
34012,0.000254698842937314
34011,0.000254795573345385
34010,0.000254892488697657
34009,0.000254989589183776
34008,0.000255086874992968
34007,0.000255184346314034
34006,0.000255282003335352
34005,0.00025537984624487
34004,0.00025547787523011
34003,0.000255576090478165
34002,0.000255674492175692
34001,0.000255773080508917
34000,0.000255871855663628
33999,0.000255963698822694
33998,0.000256055704709111
33997,0.000256147873482478
33996,0.000256240205302094
33995,0.00025633270032696
33994,0.000256425358715768
33993,0.000256518180626911
33992,0.000256611166218472
33991,0.000256704315648228
33990,0.000256797629073651
33989,0.000256891106651899
33988,0.000256984748539823
33987,0.00025707855489396
33986,0.000257172525870534
33985,0.000257266661625455
33984,0.000257360962314318
33983,0.000257455428092399
33982,0.000257550059114658
33981,0.000257644855535733
33980,0.000257739817509945
33979,0.000257836344954459
33978,0.000257933041473319
33977,0.000258029907213118
33976,0.000258126942320068
33975,0.000258224146940003
33974,0.000258321521218381
33973,0.000258419065300274
33972,0.000258516779330376
33971,0.000258614663452995
33970,0.000258712717812054
33969,0.00025881094255109
33968,0.000258909337813252
33967,0.000259007903741302
33966,0.000259106640477609
33965,0.00025920554816415
33964,0.000259304626942511
33963,0.000259403876953883
33962,0.00025950329833906
33961,0.000259602891238439
33960,0.000259702655792021
33959,0.000259798280646808
33958,0.000259894071860941
33957,0.000259990029604759
33956,0.000260086154048303
33955,0.000260182445361322
33954,0.000260278903713265
33953,0.000260375529273282
33952,0.000260472322210224
33951,0.000260569282692638
33950,0.000260666410888769
33949,0.000260763706966557
33948,0.000260861171093636
33947,0.000260958803437333
33946,0.000261056604164664
33945,0.000261154573442337
33944,0.000261252711436748
33943,0.000261351018313978
33942,0.000261449494239796
33941,0.000261548139379651
33940,0.000261646953898679
33939,0.000261730329025012
33938,0.000261813837827446
33937,0.000261897480449858
33936,0.000261981257035933
33935,0.000262065167729163
33934,0.00026214921267284
33933,0.000262233392010063
33932,0.000262317705883732
33931,0.000262402154436547
33930,0.000262486737811009
33929,0.000262571456149416
33928,0.000262656309593865
33927,0.000262741298286248
33926,0.000262826422368253
33925,0.000262911681981363
33924,0.000262997077266852
33923,0.000263082608365786
33922,0.000263168275419022
33921,0.000263254078567206
33920,0.000263340017950774
33919,0.000263432647459262
33918,0.00026352543271516
33917,0.0002636183738845
33916,0.000263711471133031
33915,0.000263804724626221
33914,0.000263898134529254
33913,0.000263991701007028
33912,0.000264085424224158
33911,0.000264179304344966
33910,0.000264273341533487
33909,0.000264367535953465
33908,0.000264461887768349
33907,0.000264556397141295
33906,0.000264651064235163
33905,0.000264745889212516
33904,0.000264840872235615
33903,0.000264936013466424
33902,0.000265031313066601
33901,0.000265126771197504
33900,0.000265222388020183
33899,0.00026531140906737
33898,0.00026540056954222
33897,0.000265489869579659
33896,0.00026557930931437
33895,0.000265668888880794
33894,0.000265758608413128
33893,0.000265848468045326
33892,0.000265938467911091
33891,0.000266028608143883
33890,0.000266118888876913
33889,0.000266209310243139
33888,0.000266299872375271
33887,0.000266390575405764
33886,0.000266481419466824
33885,0.000266572404690397
33884,0.000266663531208177
33883,0.000266754799151598
33882,0.000266846208651838
33881,0.000266937759839814
33880,0.000267029452846182
33879,0.000267139171720655
33878,0.000267249069061465
33877,0.000267359144999711
33876,0.000267469399666074
33875,0.000267579833190816
33874,0.00026769044570378
33873,0.000267801237334386
33872,0.000267912208211634
33871,0.000268023358464095
33870,0.000268134688219919
33869,0.000268246197606827
33868,0.000268357886752113
33867,0.000268469755782641
33866,0.000268581804824841
33865,0.000268694034004715
33864,0.000268806443447829
33863,0.000268919033279314
33862,0.000269031803623866
33861,0.000269144754605741
33860,0.000269257886348756
33859,0.000269365363976622
33858,0.000269473001516253
33857,0.000269580799059106
33856,0.000269688756696276
33855,0.000269796874518489
33854,0.000269905152616106
33853,0.000270013591079118
33852,0.000270122189997147
33851,0.000270230949459448
33850,0.000270339869554901
33849,0.000270448950372016
33848,0.00027055819199893
33847,0.000270667594523406
33846,0.000270777158032832
33845,0.00027088688261422
33844,0.000270996768354205
33843,0.000271106815339047
33842,0.000271217023654622
33841,0.000271327393386432
33840,0.000271437924619594
33839,0.000271570775400458
33838,0.000271703859010969
33837,0.000271837175596031
33836,0.000271970725299749
33835,0.000272104508265427
33834,0.000272238524635568
33833,0.000272372774551867
33832,0.000272507258155216
33831,0.00027264197558569
33830,0.00027277692698256
33829,0.000272912112484276
33828,0.000273047532228474
33827,0.000273183186351969
33826,0.000273319074990755
33825,0.000273455198280002
33824,0.000273591556354053
33823,0.000273728149346421
33822,0.000273864977389789
33821,0.000274002040616006
33820,0.000274139339156086
33819,0.00027426922618433
33818,0.000274399323331821
33817,0.00027452963070686
33816,0.000274660148417077
33815,0.000274790876569425
33814,0.000274921815270186
33813,0.000275052964624958
33812,0.000275184324738664
33811,0.000275315895715543
33810,0.000275447677659151
33809,0.000275579670672359
33808,0.000275711874857353
33807,0.000275844290315625
33806,0.000275976917147984
33805,0.00027610975545454
33804,0.000276242805334714
33803,0.000276376066887229
33802,0.000276509540210109
33801,0.000276643225400681
33800,0.000276777122555571
33799,0.000276928403808212
33798,0.000277079952162791
33797,0.000277231767734587
33796,0.000277383850637691
33795,0.000277536200984999
33794,0.000277688818888215
33793,0.000277841704457844
33792,0.000277994857803187
33791,0.000278148279032345
33790,0.000278301968252209
33789,0.000278455925568459
33788,0.000278610151085562
33787,0.000278764644906766
33786,0.000278919407134104
33785,0.000279074437868381
33784,0.000279229737209177
33783,0.000279385305254845
33782,0.000279541142102501
33781,0.000279697247848031
33780,0.000279853622586079
33779,0.000280011674444816
33778,0.00028016999875215
33777,0.000280328595582113
33776,0.000280487465007362
33775,0.000280646607099173
33774,0.000280806021927439
33773,0.000280965709560667
33772,0.000281125670065974
33771,0.000281285903509088
33770,0.000281446409954337
33769,0.000281607189464651
33768,0.00028176824210156
33767,0.000281929567925185
33766,0.000282091166994242
33765,0.000282253039366034
33764,0.000282415185096448
33763,0.000282577604239954
33762,0.000282740296849599
33761,0.000282903262977009
33760,0.000283066502672381
33759,0.000283245492369827
33758,0.000283424812415535
33757,0.000283604462899159
33756,0.000283784443908411
33755,0.000283964755529051
33754,0.000284145397844889
33753,0.000284326370937774
33752,0.000284507674887593
33751,0.000284689309772262
33750,0.000284871275667725
33749,0.000285053572647949
33748,0.000285236200784916
33747,0.000285419160148623
33746,0.000285602450807069
33745,0.00028578607282626
33744,0.000285970026270197
33743,0.000286154311200875
33742,0.000286338927678276
33741,0.000286523875760365
33740,0.000286709155503086
33739,0.000286894766960356
33738,0.000287080710184059
33737,0.000287266985224045
33736,0.000287453592128122
33735,0.000287640530942053
33734,0.000287827801709549
33733,0.000288015404472267
33732,0.000288203339269804
33731,0.000288391606139691
33730,0.000288580205117391
33729,0.000288769136236292
33728,0.000288958399527704
33727,0.000289147995020853
33726,0.000289337922742875
33725,0.000289528182718814
33724,0.000289718774971619
33723,0.000289909699522134
33722,0.000290100956389096
33721,0.000290292545589131
33720,0.000290484467136749
33719,0.000290672259150528
33718,0.000290860384710271
33717,0.00029104884390625
33716,0.000291237636826777
33715,0.000291426763558203
33714,0.000291616224184905
33713,0.000291806018789289
33712,0.000291996147451779
33711,0.000292186610250815
33710,0.000292377407262843
33709,0.000292568538562315
33708,0.000292760004221682
33707,0.000292951804311386
33706,0.000293143938899856
33705,0.000293336408053506
33704,0.000293529211836724
33703,0.000293722350311871
33702,0.000293915823539275
33701,0.000294109631577221
33700,0.000294303774481953
33699,0.000294498252307664
33698,0.000294693065106492
33697,0.000294888212928515
33696,0.000295083695821743
33695,0.000295279513832118
33694,0.000295475667003502
33693,0.00029567215537768
33692,0.000295868978994346
33691,0.000296066137891103
33690,0.000296263632103457
33689,0.000296461461664811
33688,0.000296659626606459
33687,0.000296858126957584
33686,0.000297056962745248
33685,0.000297256133994391
33684,0.000297455640727824
33683,0.000297655482966222
33682,0.000297855660728123
33681,0.000298056174029919
33680,0.000298257022885853
33679,0.000298440189260386
33678,0.000298623628418977
33677,0.000298807340349586
33676,0.00029899132503873
33675,0.000299175582471473
33674,0.000299360112631429
33673,0.000299544915500757
33672,0.000299729991060155
33671,0.000299915339288867
33670,0.000300100960164665
33669,0.000300286853663862
33668,0.000300473019761298
33667,0.00030065945843034
33666,0.000300846169642885
33665,0.000301033153369348
33664,0.000301220409578667
33663,0.000301407938238293
33662,0.000301595739314193
33661,0.000301783812770849
33660,0.000301972158571245
33659,0.000302150768408524
33658,0.000302329622713838
33657,0.000302508721453068
33656,0.000302688064590878
33655,0.000302867652090725
33654,0.000303047483914851
33653,0.000303227560024278
33652,0.000303407880378816
33651,0.00030358844493705
33650,0.000303769253656345
33649,0.00030395030649284
33648,0.000304131603401447
33647,0.000304313144335852
33646,0.000304494929248507
33645,0.000304676958090635
33644,0.00030485923081222
33643,0.000305041747362012
33642,0.000305224507687522
33641,0.000305407511735017
33640,0.000305590759449525
33639,0.000305756474427584
33638,0.000305922380462735
33637,0.000306088477480948
33636,0.00030625476540735
33635,0.00030642124416623
33634,0.000306587913681033
33633,0.00030675477387436
33632,0.00030692182466797
33631,0.000307089065982772
33630,0.000307256497738833
33629,0.000307424119855371
33628,0.000307591932250757
33627,0.000307759934842511
33626,0.000307928127547305
33625,0.000308096510280958
33624,0.00030826508295844
33623,0.000308433845493865
33622,0.000308602797800498
33621,0.000308771939790743
33620,0.000308941271376154
33619,0.000309079254283013
33618,0.000309217362321233
33617,0.0003093555954396
33616,0.000309493953586515
33615,0.000309632436710001
33614,0.000309771044757695
33613,0.000309909777676855
33612,0.000310048635414355
33611,0.000310187617916687
33610,0.00031032672512996
33609,0.000310465956999898
33608,0.000310605313471842
33607,0.000310744794490751
33606,0.000310884400001197
33605,0.000311024129947369
33604,0.00031116398427307
33603,0.000311303962921716
33602,0.000311444065836344
33601,0.000311584292959597
33600,0.000311724644233738
33599,0.000311831615306405
33598,0.000311938659978663
33597,0.000312045778229755
33596,0.000312152970038794
33595,0.000312260235384771
33594,0.000312367574246548
33593,0.000312474986602861
33592,0.000312582472432321
33591,0.000312690031713409
33590,0.000312797664424484
33589,0.000312905370543775
33588,0.000313013150049385
33587,0.000313121002919291
33586,0.000313228929131342
33585,0.00031333692866326
33584,0.00031344500149264
33583,0.000313553147596951
33582,0.000313661366953532
33581,0.000313769659539597
33580,0.000313878025332231
33579,0.000313963380867127
33578,0.000314048784619893
33577,0.000314134236582719
33576,0.000314219736747743
33575,0.000314305285107048
33574,0.000314390881652663
33573,0.000314476526376563
33572,0.000314562219270671
33571,0.000314647960326854
33570,0.000314733749536928
33569,0.000314819586892652
33568,0.000314905472385731
33567,0.00031499140600782
33566,0.000315077387750515
33565,0.000315163417605362
33564,0.000315249495563851
33563,0.000315335621617416
33562,0.00031542179575744
33561,0.000315508017975251
33560,0.000315594288262123
33559,0.000315647718328481
33558,0.000315701167759979
33557,0.000315754636554933
33556,0.00031580812471165
33555,0.00031586163222843
33554,0.00031591515910356
33553,0.000315968705335322
33552,0.000316022270921985
33551,0.000316075855861812
33550,0.000316129460153055
33549,0.000316183083793957
33548,0.000316236726782754
33547,0.000316290389117671
33546,0.000316344070796922
33545,0.000316397771818716
33544,0.00031645149218125
33543,0.000316505231882713
33542,0.000316558990921284
33541,0.000316612769295134
33540,0.000316666567002423
33539,0.000316710699551041
33538,0.000316754843719895
33537,0.000316798999507291
33536,0.000316843166911531
33535,0.000316887345930916
33534,0.000316931536563739
33533,0.000316975738808295
33532,0.000317019952662872
33531,0.000317064178125756
33530,0.000317108415195231
33529,0.000317152663869574
33528,0.000317196924147062
33527,0.000317241196025967
33526,0.00031728547950456
33525,0.000317329774581105
33524,0.000317374081253865
33523,0.000317418399521099
33522,0.000317462729381063
33521,0.000317507070832011
33520,0.00031755142387219
33519,0.000317597135679323
33518,0.000317642859341404
33517,0.000317688594855069
33516,0.000317734342216954
33515,0.000317780101423685
33514,0.000317825872471886
33513,0.000317871655358174
33512,0.000317917450079162
33511,0.000317963256631459
33510,0.000318009075011668
33509,0.000318054905216385
33508,0.000318100747242205
33507,0.000318146601085714
33506,0.000318192466743497
33505,0.000318238344212131
33504,0.000318284233488188
33503,0.000318330134568237
33502,0.00031837604744884
33501,0.000318421972126555
33500,0.000318467908597936
33499,0.000318502707896894
33498,0.00031853751404104
33497,0.000318572327028583
33496,0.00031860714685773
33495,0.000318641973526684
33494,0.000318676807033649
33493,0.000318711647376824
33492,0.000318746494554409
33491,0.000318781348564599
33490,0.00031881620940559
33489,0.000318851077075573
33488,0.00031888595157274
33487,0.000318920832895279
33486,0.000318955721041377
33485,0.000318990616009219
33484,0.000319025517796987
33483,0.000319060426402861
33482,0.000319095341825022
33481,0.000319130264061644
33480,0.000319165193110905
33479,0.00031922114520568
33478,0.00031927711527826
33477,0.000319333103324968
33476,0.000319389109342116
33475,0.000319445133326011
33474,0.00031950117527295
33473,0.000319557235179222
33472,0.000319613313041107
33471,0.000319669408854878
33470,0.000319725522616799
33469,0.000319781654323126
33468,0.000319837803970108
33467,0.000319893971553983
33466,0.000319950157070983
33465,0.000320006360517331
33464,0.000320062581889242
33463,0.000320118821182923
33462,0.000320175078394572
33461,0.000320231353520378
33460,0.000320287646556524
33459,0.000320342597229762
33458,0.000320397567057919
33457,0.000320452556038609
33456,0.000320507564169437
33455,0.000320562591447997
33454,0.000320617637871877
33453,0.000320672703438651
33452,0.000320727788145888
33451,0.000320782891991144
33450,0.000320838014971968
33449,0.000320893157085899
33448,0.000320948318330465
33447,0.000321003498703187
33446,0.000321058698201574
33445,0.000321113916823128
33444,0.00032116915456534
33443,0.000321224411425691
33442,0.000321279687401655
33441,0.000321334982490695
33440,0.000321390296690263
33439,0.000321466964625411
33438,0.000321543671870616
33437,0.000321620418419903
33436,0.000321697204267254
33435,0.000321774029406609
33434,0.000321850893831865
33433,0.000321927797536877
33432,0.000322004740515454
33431,0.000322081722761366
33430,0.000322158744268335
33429,0.000322235805030045
33428,0.000322312905040135
33427,0.000322390044292198
33426,0.000322467222779789
33425,0.000322544440496415
33424,0.000322621697435542
33423,0.000322698993590594
33422,0.000322776328954948
33421,0.000322853703521942
33420,0.000322931117284866
33419,0.000323017402947919
33418,0.000323103748654696
33417,0.00032319015439748
33416,0.000323276620168427
33415,0.000323363145959572
33414,0.000323449731762821
33413,0.000323536377569955
33412,0.000323623083372632
33411,0.00032370984916238
33410,0.000323796674930605
33409,0.000323883560668584
33408,0.000323970506367469
33407,0.000324057512018288
33406,0.000324144577611936
33405,0.000324231703139188
33404,0.000324318888590689
33403,0.000324406133956955
33402,0.00032449343922838
33401,0.000324580804395224
33400,0.000324668229447626
33399,0.000324780074921135
33398,0.000324892000774747
33397,0.000325004006985501
33396,0.00032511609353024
33395,0.00032522826038562
33394,0.000325340507528102
33393,0.000325452834933957
33392,0.000325565242579264
33391,0.00032567773043991
33390,0.00032579029849159
33389,0.000325902946709805
33388,0.000326015675069863
33387,0.000326128483546883
33386,0.000326241372115786
33385,0.000326354340751302
33384,0.000326467389427968
33383,0.000326580518120125
33382,0.000326693726801922
33381,0.000326807015447314
33380,0.00032692038403006
33379,0.000327058432644563
33378,0.000327196587846251
33377,0.000327334849583031
33376,0.000327473217802499
33375,0.000327611692451933
33374,0.000327750273478298
33373,0.000327888960828243
33372,0.000328027754448099
33371,0.000328166654283884
33370,0.000328305660281296
33369,0.000328444772385718
33368,0.000328583990542219
33367,0.000328723314695546
33366,0.00032886274479013
33365,0.000329002280770085
33364,0.000329141922579207
33363,0.000329281670160972
33362,0.000329421523458539
33361,0.000329561482414748
33360,0.000329701546972119
33359,0.000329854739982679
33358,0.00033000805226168
33357,0.000330161483726841
33356,0.000330315034295476
33355,0.000330468703884501
33354,0.000330622492410428
33353,0.000330776399789365
33352,0.000330930425937021
33351,0.000331084570768701
33350,0.000331238834199305
33349,0.000331393216143333
33348,0.000331547716514878
33347,0.000331702335227632
33346,0.00033185707219488
33345,0.000332011927329506
33344,0.000332166900543987
33343,0.000332321991750394
33342,0.000332477200860397
33341,0.000332632527785256
33340,0.000332787972435829
33339,0.00033296876442643
33338,0.000333149709448776
33337,0.000333330807348729
33336,0.000333512057971446
33335,0.00033369346116137
33334,0.000333875016762237
33333,0.000334056724617069
33332,0.000334238584568179
33331,0.000334420596457167
33330,0.000334602760124921
33329,0.000334785075411618
33328,0.000334967542156721
33327,0.000335150160198981
33326,0.000335332929376434
33325,0.000335515849526405
33324,0.000335698920485501
33323,0.000335882142089618
33322,0.000336065514173936
33321,0.000336249036572919
33320,0.000336432709120318
33319,0.00033664214476941
33318,0.000336851770658457
33317,0.000337061586519286
33316,0.000337271592082507
33315,0.000337481787077507
33314,0.000337692171232453
33313,0.000337902744274294
33312,0.000338113505928752
33311,0.000338324455920333
33310,0.000338535593972317
33309,0.000338746919806762
33308,0.000338958433144505
33307,0.000339170133705158
33306,0.00033938202120711
33305,0.000339594095367523
33304,0.00033980635590234
33303,0.000340018802526275
33302,0.000340231434952818
33301,0.000340444252894234
33300,0.000340657256061561
33299,0.000340869368994553
33298,0.000341081669057728
33297,0.000341294155981926
33296,0.000341506829496794
33295,0.000341719689330784
33294,0.000341932735211158
33293,0.000342145966863982
33292,0.000342359384014127
33291,0.00034257298638527
33290,0.000342786773699893
33289,0.00034300074567928
33288,0.000343214902043523
33287,0.000343429242511513
33286,0.000343643766800947
33285,0.000343858474628321
33284,0.000344073365708938
33283,0.0003442884397569
33282,0.00034450369648511
33281,0.000344719135605273
33280,0.000344934756827893
33279,0.000345189704240134
33278,0.000345444899439729
33277,0.000345700341916545
33276,0.000345956031158102
33275,0.000346211966649572
33274,0.000346468147873782
33273,0.000346724574311212
33272,0.000346981245439994
33271,0.000347238160735912
33270,0.000347495319672403
33269,0.000347752721720553
33268,0.000348010366349102
33267,0.00034826825302444
33266,0.000348526381210609
33265,0.0003487847503693
33264,0.000349043359959854
33263,0.000349302209439266
33262,0.000349561298262177
33261,0.000349820625880879
33260,0.000350080191745317
33259,0.000350339995303082
33258,0.000350600035999416
33257,0.000350860313277211
33256,0.00035112082657701
33255,0.000351381575337002
33254,0.00035164255899303
33253,0.000351903776978584
33252,0.000352165228724803
33251,0.00035242691366048
33250,0.000352688831212053
33249,0.000352950980803613
33248,0.0003532133618569
33247,0.000353475973791305
33246,0.000353738816023869
33245,0.000354001887969284
33244,0.000354265189039892
33243,0.000354528718645687
33242,0.000354792476194314
33241,0.000355056461091071
33240,0.000355320672738904
33239,0.000355597312405754
33238,0.000355874205469399
33237,0.000356151351269538
33236,0.000356428749143057
33235,0.000356706398424033
33234,0.000356984298443728
33233,0.000357262448530592
33232,0.000357540848010266
33231,0.000357819496205572
33230,0.000358098392436526
33229,0.000358377536020331
33228,0.000358656926271376
33227,0.000358936562501241
33226,0.000359216444018692
33225,0.000359496570129686
33224,0.000359776940137367
33223,0.000360057553342072
33222,0.000360338409041324
33221,0.000360619506529837
33220,0.000360900845099515
33219,0.000361196762510421
33218,0.00036149293761763
33217,0.000361789369556251
33216,0.000362086057457982
33215,0.000362383000451107
33214,0.000362680197660502
33213,0.000362977648207635
33212,0.000363275351210563
33211,0.00036357330578394
33210,0.000363871511039014
33209,0.00036416996608363
33208,0.000364468670022234
33207,0.000364767621955866
33206,0.000365066820982174
33205,0.000365366266195405
33204,0.000365665956686413
33203,0.000365965891542658
33202,0.000366266069848208
33201,0.000366566490683741
33200,0.000366867153126547
33199,0.000367167183129948
33198,0.000367467458759714
33197,0.000367767979124386
33196,0.000368068743329148
33195,0.000368369750475819
33194,0.000368670999662867
33193,0.0003689724899854
33192,0.00036927422053517
33191,0.000369576190400579
33190,0.000369878398666672
33189,0.000370180844415148
33188,0.000370483526724357
33187,0.000370786444669297
33186,0.000371089597321627
33185,0.000371392983749656
33184,0.000371696603018355
33183,0.000372000454189355
33182,0.000372304536320943
33181,0.000372608848468075
33180,0.000372913389682369
33179,0.000373202686940816
33178,0.000373492205913757
33177,0.000373781945810575
33176,0.000374071905837698
33175,0.000374362085198599
33174,0.000374652483093797
33173,0.000374943098720861
33172,0.000375233931274404
33171,0.000375524979946087
33170,0.000375816243924624
33169,0.000376107722395776
33168,0.000376399414542355
33167,0.000376691319544229
33166,0.000376983436578311
33165,0.000377275764818576
33164,0.000377568303436047
33163,0.000377861051598807
33162,0.000378154008471995
33161,0.000378447173217805
33160,0.000378740544995494
33159,0.000379062955174258
33158,0.000379385601270242
33157,0.000379708482146457
33156,0.000380031596661893
33155,0.000380354943671539
33154,0.000380678522026372
33153,0.000381002330573369
33152,0.000381326368155507
33151,0.000381650633611763
33150,0.000381975125777122
33149,0.000382299843482576
33148,0.000382624785555128
33147,0.000382949950817799
33146,0.000383275338089623
33145,0.000383600946185661
33144,0.000383926773916994
33143,0.000384252820090731
33142,0.000384579083510015
33141,0.000384905562974021
33140,0.000385232257277964
33139,0.000385546201782978
33138,0.000385860326082672
33137,0.000386174629046916
33136,0.000386489109542376
33135,0.000386803766432504
33134,0.000387118598577551
33133,0.000387433604834569
33132,0.000387748784057411
33131,0.000388064135096747
33130,0.000388379656800051
33129,0.000388695348011625
33128,0.000389011207572588
33127,0.000389327234320886
33126,0.000389643427091303
33125,0.000389959784715453
33124,0.000390276306021795
33123,0.000390592989835636
33122,0.00039090983497913
33121,0.00039122684027129
33120,0.000391544004527986
33119,0.00039184692537129
33118,0.000392149988618175
33117,0.000392453193228818
33116,0.000392756538160803
33115,0.000393060022369129
33114,0.000393363644806213
33113,0.000393667404421893
33112,0.000393971300163433
33111,0.000394275330975525
33110,0.000394579495800298
33109,0.000394883793577317
33108,0.00039518822324359
33107,0.000395492783733575
33106,0.000395797473979176
33105,0.000396102292909755
33104,0.000396407239452135
33103,0.0003967123125306
33102,0.000397017511066908
33101,0.000397322833980284
33100,0.000397628280187435
33099,0.000397934346260789
33098,0.000398240526074234
33097,0.000398546818486119
33096,0.000398853222352252
33095,0.000399159736525916
33094,0.000399466359857867
33093,0.000399773091196341
33092,0.000400079929387066
33091,0.000400386873273255
33090,0.000400693921695624
33089,0.000401001073492392
33088,0.000401308327499287
33087,0.000401615682549553
33086,0.000401923137473953
33085,0.00040223069110078
33084,0.000402538342255858
33083,0.000402846089762552
33082,0.000403153932441769
33081,0.000403461869111968
33080,0.000403769898589165
33079,0.000404077174519982
33078,0.000404384557501799
33077,0.00040469204643099
33076,0.000404999640201479
33075,0.000405307337704757
33074,0.000405615137829877
33073,0.000405923039463461
33072,0.000406231041489707
33071,0.000406539142790389
33070,0.000406847342244866
33069,0.000407155638730085
33068,0.000407464031120586
33067,0.000407772518288508
33066,0.000408081099103589
33065,0.000408389772433177
33064,0.000408698537142233
33063,0.000409007392093333
33062,0.000409316336146679
33061,0.000409625368160093
33060,0.000409934486989036
33059,0.000410214239779698
33058,0.000410494061847122
33057,0.000410773952338631
33056,0.000411053910399978
33055,0.000411333935175344
33054,0.00041161402580734
33053,0.000411894181437014
33052,0.000412174401203854
33051,0.000412454684245791
33050,0.000412735029699196
33049,0.000413015436698894
33048,0.000413295904378157
33047,0.000413576431868715
33046,0.000413857018300754
33045,0.000414137662802924
33044,0.000414418364502336
33043,0.000414699122524571
33042,0.00041497993599368
33041,0.000415260804032192
33040,0.000415541725761109
33039,0.000415837489879706
33038,0.0004161333114846
33037,0.000416429189545131
33036,0.000416725123028791
33035,0.000417021110901221
33034,0.000417317152126219
33033,0.000417613245665749
33032,0.000417909390479936
33031,0.000418205585527079
33030,0.000418501829763651
33029,0.000418798122144304
33028,0.000419094461621876
33027,0.000419390847147394
33026,0.000419687277670075
33025,0.000419983752137339
33024,0.000420280269494807
33023,0.000420576828686305
33022,0.000420873428653875
33021,0.000421170068337774
33020,0.000421466746676482
33019,0.000421748785085385
33018,0.000422030847744402
33017,0.000422312933710838
33016,0.00042259504204062
33015,0.000422877171788295
33014,0.000423159322007036
33013,0.000423441491748649
33012,0.000423723680063573
33011,0.000424005886000887
33010,0.000424288108608314
33009,0.000424570346932226
33008,0.000424852600017644
33007,0.000425134866908248
33006,0.00042541714664638
33005,0.000425699438273045
33004,0.00042598174082792
33003,0.000426264053349354
33002,0.000426546374874375
33001,0.000426828704438697
33000,0.000427111041076719
32999,0.00042739345365976
32998,0.000427675862201985
32997,0.000427958265691045
32996,0.000428240663113317
32995,0.000428523053453913
32994,0.000428805435696682
32993,0.000429087808824217
32992,0.000429370171817858
32991,0.000429652523657706
32990,0.000429934863322614
32989,0.000430217189790205
32988,0.00043049950203687
32987,0.000430781799037777
32986,0.000431064079766877
32985,0.000431346343196905
32984,0.00043162858829939
32983,0.000431910814044656
32982,0.000432193019401832
32981,0.000432475203338858
32980,0.000432757364822485
32979,0.000433009800034681
32978,0.000433262213844904
32977,0.000433514605501829
32976,0.000433766974253396
32975,0.000434019319346796
32974,0.000434271640028488
32973,0.000434523935544195
32972,0.000434776205138907
32971,0.000435028448056891
32970,0.000435280663541686
32969,0.000435532850836112
32968,0.000435785009182272
32967,0.000436037137821554
32966,0.000436289235994637
32965,0.00043654130294149
32964,0.000436793337901382
32963,0.000437045340112881
32962,0.000437297308813854
32961,0.00043754924324148
32960,0.000437801142632244
32959,0.00043806771823661
32958,0.000438334243925849
32957,0.000438600718742276
32956,0.000438867141727367
32955,0.000439133511921767
32954,0.000439399828365291
32953,0.000439666090096934
32952,0.000439932296154877
32951,0.000440198445576489
32950,0.000440464537398334
32949,0.000440730570656176
32948,0.000440996544384987
32947,0.000441262457618951
32946,0.000441528309391467
32945,0.00044179409873516
32944,0.000442059824681882
32943,0.000442325486262718
32942,0.000442591082507998
32941,0.00044285661244729
32940,0.00044312207510942
32939,0.000443372911388182
32938,0.00044362369449699
32937,0.000443874423656849
32936,0.000444125098088173
32935,0.000444375717010773
32934,0.000444626279643876
32933,0.000444876785206119
32932,0.000445127232915552
32931,0.000445377621989653
32930,0.000445627951645315
32929,0.000445878221098863
32928,0.000446128429566054
32927,0.000446378576262077
32926,0.000446628660401561
32925,0.000446878681198576
32924,0.000447128637866639
32923,0.000447378529618718
32922,0.00044762835566723
32921,0.000447878115224054
32920,0.000448127807500527
32919,0.000448377431707452
32918,0.0004486269870551
32917,0.000448876472753214
32916,0.000449125888011013
32915,0.000449375232037195
32914,0.000449624504039942
32913,0.000449873703226927
32912,0.000450122828805308
32911,0.000450371879981741
32910,0.000450620855962381
32909,0.000450869755952885
32908,0.000451118579158418
32907,0.000451367324783652
32906,0.000451615992032776
32905,0.000451864580109496
32904,0.000452113088217038
32903,0.000452361515558159
32902,0.000452609861335139
32901,0.000452858124749797
32900,0.000453106305003484
32899,0.000453369043677469
32898,0.000453631688670403
32897,0.000453894239037973
32896,0.000454156693835293
32895,0.000454419052116915
32894,0.000454681312936833
32893,0.000454943475348486
32892,0.000455205538404767
32891,0.000455467501158023
32890,0.000455729362660067
32889,0.000455991121962175
32888,0.000456252778115096
32887,0.00045651433016906
32886,0.000456775777173775
32885,0.000457037118178441
32884,0.000457298352231749
32883,0.000457559478381887
32882,0.00045782049567655
32881,0.000458081403162939
32880,0.000458342199887771
32879,0.000458574356992931
32878,0.000458806433565711
32877,0.000459038428958262
32876,0.000459270342522397
32875,0.000459502173609599
32874,0.00045973392157102
32873,0.000459965585757485
32872,0.000460197165519495
32871,0.000460428660207224
32870,0.00046066006917053
32869,0.000460891391758954
32868,0.000461122627321721
32867,0.000461353775207745
32866,0.00046158483476563
32865,0.000461815805343672
32864,0.000462046686289867
32863,0.000462277476951906
32862,0.000462508176677184
32861,0.000462738784812795
32860,0.000462969300705545
32859,0.000463198399155061
32858,0.000463427380887263
32857,0.000463656245174153
32856,0.00046388499128757
32855,0.000464113618499198
32854,0.00046434212608057
32853,0.000464570513303067
32852,0.00046479877943793
32851,0.000465026923756253
32850,0.000465254945528996
32849,0.000465482844026987
32848,0.000465710618520921
32847,0.000465938268281371
32846,0.000466165792578784
32845,0.000466393190683492
32844,0.000466620461865713
32843,0.000466847605395552
32842,0.00046707462054301
32841,0.000467301506577984
32840,0.000467528262770274
32839,0.000467740580308902
32838,0.0004679527801914
32837,0.000468164861807324
32836,0.000468376824546179
32835,0.000468588667797419
32834,0.000468800390950449
32833,0.000469011993394631
32832,0.000469223474519285
32831,0.000469434833713692
32830,0.000469646070367098
32829,0.000469857183868715
32828,0.000470068173607726
32827,0.000470279038973286
32826,0.000470489779354529
32825,0.000470700394140565
32824,0.000470910882720487
32823,0.000471121244483373
32822,0.000471331478818288
32821,0.000471541585114288
32820,0.000471751562760426
32819,0.000471931245098264
32818,0.000472110800519535
32817,0.000472290228509398
32816,0.000472469528553154
32815,0.000472648700136251
32814,0.000472827742744284
32813,0.000473006655862998
32812,0.000473185438978296
32811,0.000473364091576234
32810,0.000473542613143032
32809,0.000473721003165071
32808,0.000473899261128896
32807,0.000474077386521227
32806,0.00047425537882895
32805,0.00047443323753913
32804,0.000474610962139008
32803,0.000474788552116004
32802,0.000474966006957728
32801,0.000475143326151969
32800,0.000475320509186712
32799,0.000475470569040814
32798,0.00047562053346993
32797,0.000475770402174177
32796,0.000475920174853759
32795,0.000476069851208977
32794,0.000476219430940222
32793,0.000476368913747982
32792,0.000476518299332839
32791,0.00047666758739547
32790,0.000476816777636654
32789,0.000476965869757266
32788,0.000477114863458283
32787,0.000477263758440784
32786,0.000477412554405948
32785,0.000477561251055059
32784,0.000477709848089508
32783,0.000477858345210791
32782,0.000478006742120512
32781,0.000478155038520379
32780,0.000478303234112217
32779,0.000478439784022339
32778,0.000478576267073722
32777,0.000478712683086385
32776,0.000478849031880368
32775,0.000478985313275734
32774,0.000479121527092569
32773,0.000479257673150981
32772,0.000479393751271103
32771,0.000479529761273089
32770,0.000479665702977121
32769,0.000479801576203402
32768,0.000479937380772163
32767,0.000480073116503658
32766,0.000480208783218169
32765,0.000480344380736002
32764,0.000480479908877492
32763,0.000480615367463
32762,0.000480750756312912
32761,0.000480886075247646
32760,0.000481021324087646
32759,0.000481116462110009
32758,0.000481211568278455
32757,0.000481306642534658
32756,0.000481401684820297
32755,0.000481496695077053
32754,0.000481591673246612
32753,0.000481686619270663
32752,0.000481781533090896
32751,0.00048187641464901
32750,0.0004819712638867
32749,0.000482066080745672
32748,0.000482160865167633
32747,0.00048225561709429
32746,0.000482350336467361
32745,0.000482445023228561
32744,0.000482539677319614
32743,0.000482634298682246
32742,0.000482728887258185
32741,0.000482823442989168
32740,0.000482917965816931
32739,0.000483000097078552
32738,0.000483082208430065
32737,0.000483164299837102
32736,0.000483246371265288
32735,0.000483328422680251
32734,0.000483410454047613
32733,0.000483492465332997
32732,0.000483574456502022
32731,0.000483656427520303
32730,0.000483738378353456
32729,0.000483820308967093
32728,0.000483902219326824
32727,0.000483984109398259
32726,0.000484065979147001
32725,0.000484147828538656
32724,0.000484229657538826
32723,0.00048431146611311
32722,0.000484393254227107
32721,0.000484475021846412
32720,0.000484556768936618
32719,0.000484597634772557
32718,0.000484638495463318
32717,0.0004846793510046
32716,0.000484720201392101
32715,0.000484761046621521
32714,0.000484801886688557
32713,0.000484842721588907
32712,0.00048488355131827
32711,0.000484924375872342
32710,0.000484965195246824
32709,0.000485006009437412
32708,0.000485046818439802
32707,0.000485087622249695
32706,0.000485128420862785
32705,0.000485169214274772
32704,0.000485210002481352
32703,0.000485250785478221
32702,0.000485291563261078
32701,0.000485332335825618
32700,0.000485373103167539
32699,0.000485371709027148
32698,0.000485370314298196
32697,0.000485368918980676
32696,0.00048536752307458
32695,0.000485366126579901
32694,0.000485364729496631
32693,0.000485363331824763
32692,0.000485361933564289
32691,0.0004853605347152
32690,0.000485359135277491
32689,0.000485357735251152
32688,0.000485356334636177
32687,0.000485354933432558
32686,0.000485353531640287
32685,0.000485352129259356
32684,0.000485350726289759
32683,0.000485349322731486
32682,0.000485347918584532
32681,0.000485346513848888
32680,0.000485345108524546
32679,0.00048531794623592
32678,0.00048529078162523
32677,0.000485263614693753
32676,0.00048523644544276
32675,0.000485209273873528
32674,0.00048518209998733
32673,0.000485154923785437
32672,0.000485127745269128
32671,0.000485100564439673
32670,0.000485073381298349
32669,0.000485046195846427
32668,0.000485019008085182
32667,0.000484991818015889
32666,0.000484964625639819
32665,0.00048493743095825
32664,0.000484910233972452
32663,0.0004848830346837
32662,0.000484855833093269
32661,0.00048482862920243
32660,0.00048480142301246
32659,0.000484747003740215
32658,0.000484692575286724
32657,0.000484638137662175
32656,0.000484583690876755
32655,0.000484529234940653
32654,0.000484474769864057
32653,0.000484420295657154
32652,0.000484365812330131
32651,0.000484311319893174
32650,0.000484256818356469
32649,0.000484202307730201
32648,0.000484147788024556
32647,0.00048409325924972
32646,0.000484038721415875
32645,0.000483984174533207
32644,0.000483929618611898
32643,0.000483875053662133
32642,0.000483820479694094
32641,0.000483765896717962
32640,0.000483711304743921
32639,0.000483629399934051
32638,0.000483547474936153
32637,0.000483465529784585
32636,0.000483383564513706
32635,0.000483301579157869
32634,0.000483219573751426
32633,0.000483137548328728
32632,0.00048305550292412
32631,0.00048297343757195
32630,0.000482891352306561
32629,0.000482809247162292
32628,0.000482727122173484
32627,0.00048264497737447
32626,0.000482562812799586
32625,0.000482480628483162
32624,0.000482398424459528
32623,0.00048231620076301
32622,0.000482233957427931
32621,0.000482151694488615
32620,0.000482069411979378
32619,0.00048194857002479
32618,0.000481827668191928
32617,0.000481706706614596
32616,0.000481585685426622
32615,0.00048146460476186
32614,0.000481343464754189
32613,0.000481222265537515
32612,0.000481101007245767
32611,0.000480979690012895
32610,0.000480858313972879
32609,0.000480736879259718
32608,0.000480615386007439
32607,0.000480493834350089
32606,0.000480372224421737
32605,0.00048025055635648
32604,0.000480128830288432
32603,0.000480007046351733
32602,0.000479885204680545
32601,0.000479763305409048
32600,0.000479641348671446
32599,0.000479505503260509
32598,0.000479369589423018
32597,0.00047923360733865
32596,0.00047909755718711
32595,0.000478961439148123
32594,0.000478825253401442
32593,0.000478689000126841
32592,0.000478552679504118
32591,0.000478416291713094
32590,0.000478279836933613
32589,0.000478143315345539
32588,0.000478006727128759
32587,0.000477870072463182
32586,0.000477733351528736
32585,0.00047759656450537
32584,0.000477459711573054
32583,0.000477322792911777
32582,0.000477185808701547
32581,0.000477048759122392
32580,0.000476911644354355
32579,0.00047678841014568
32578,0.000476665121701532
32577,0.000476541779156556
32576,0.000476418382645407
32575,0.000476294932302759
32574,0.000476171428263297
32573,0.000476047870661723
32572,0.000475924259632753
32571,0.000475800595311114
32570,0.000475676877831549
32569,0.000475553107328815
32568,0.000475429283937679
32567,0.000475305407792925
32566,0.000475181479029344
32565,0.000475057497781745
32564,0.000474933464184944
32563,0.000474809378373773
32562,0.000474685240483075
32561,0.0004745610506477
32560,0.000474436809002513
32559,0.000474296395450674
32558,0.00047415593674547
32557,0.00047401543304492
32556,0.000473874884507007
32555,0.00047373429128968
32554,0.000473593653550854
32553,0.000473452971448407
32552,0.000473312245140182
32551,0.000473171474783988
32550,0.000473030660537596
32549,0.000472889802558741
32548,0.000472748901005122
32547,0.000472607956034401
32546,0.000472466967804203
32545,0.000472325936472116
32544,0.000472184862195691
32543,0.00047204374513244
32542,0.000471902585439837
32541,0.000471761383275321
32540,0.000471620138796288
32539,0.000471494914550537
32538,0.000471369641495975
32537,0.000471244319767475
32536,0.000471118949499909
32535,0.000470993530828159
32534,0.000470868063887109
32533,0.00047074254881165
32532,0.000470616985736677
32531,0.000470491374797086
32530,0.00047036571612778
32529,0.000470240009863666
32528,0.000470114256139652
32527,0.000469988455090651
32526,0.000469862606851578
32525,0.000469736711557351
32524,0.00046961076934289
32523,0.000469484780343117
32522,0.000469358744692959
32521,0.000469232662527339
32520,0.000469106533981185
32519,0.000469023012706193
32518,0.00046893946716654
32517,0.000468855897408857
32516,0.000468772303479778
32515,0.000468688685425939
32514,0.000468605043293982
32513,0.00046852137713055
32512,0.000468437686982289
32511,0.000468353972895853
32510,0.000468270234917896
32509,0.000468186473095074
32508,0.000468102687474048
32507,0.000468018878101482
32506,0.000467935045024045
32505,0.000467851188288405
32504,0.000467767307941236
32503,0.000467683404029214
32502,0.000467599476599017
32501,0.00046751552569733
32500,0.000467431551370836
32499,0.00046736265756693
32498,0.000467293740470548
32497,0.000467224800123912
32496,0.000467155836569253
32495,0.000467086849848808
32494,0.000467017840004822
32493,0.000466948807079548
32492,0.000466879751115246
32491,0.000466810672154183
32490,0.000466741570238634
32489,0.000466672445410879
32488,0.000466603297713209
32487,0.000466534127187918
32486,0.000466464933877311
32485,0.000466395717823696
32484,0.00046632647906939
32483,0.000466257217656718
32482,0.000466187933628009
32481,0.0004661186270256
32480,0.000466049297891836
32479,0.000465993510427461
32478,0.000465937710338266
32477,0.000465881897642493
32476,0.000465826072358383
32475,0.00046577023450418
32474,0.000465714384098129
32473,0.000465658521158478
32472,0.000465602645703476
32471,0.000465546757751371
32470,0.000465490857320416
32469,0.000465434944428864
32468,0.000465379019094968
32467,0.000465323081336986
32466,0.000465267131173174
32465,0.00046521116862179
32464,0.000465155193701095
32463,0.000465099206429351
32462,0.000465043206824822
32461,0.000464987194905769
32460,0.00046493117069046
32459,0.000464903153977418
32458,0.000464875134197161
32457,0.000464847111351975
32456,0.000464819085444142
32455,0.000464791056475946
32454,0.000464763024449672
32453,0.000464734989367601
32452,0.00046470695123202
32451,0.000464678910045211
32450,0.00046465086580946
32449,0.000464622818527051
32448,0.000464594768200266
32447,0.000464566714831392
32446,0.000464538658422712
32445,0.000464510598976512
32444,0.000464482536495075
32443,0.000464454470980686
32442,0.000464426402435631
32441,0.000464398330862194
32440,0.00046437025626266
32439,0.000464371675408104
32438,0.00046437309310952
32437,0.000464374509367151
32436,0.000464375924181245
32435,0.000464377337552045
32434,0.000464378749479797
32433,0.000464380159964746
32432,0.000464381569007136
32431,0.000464382976607212
32430,0.000464384382765217
32429,0.000464385787481397
32428,0.000464387190755995
32427,0.000464388592589255
32426,0.000464389992981421
32425,0.000464391391932737
32424,0.000464392789443445
32423,0.000464394185513789
32422,0.000464395580144012
32421,0.000464396973334357
32420,0.000464398365085067
32419,0.000464400450012346
32418,0.00046440253170181
32417,0.000464404610154276
32416,0.00046440668537056
32415,0.000464408757351478
32414,0.000464410826097845
32413,0.000464412891610475
32412,0.000464414953890181
32411,0.000464417012937776
32410,0.000464419068754071
32409,0.000464421121339877
32408,0.000464423170696004
32407,0.000464425216823262
32406,0.000464427259722458
32405,0.000464429299394401
32404,0.000464431335839896
32403,0.00046443336905975
32402,0.000464435399054767
32401,0.000464437425825753
32400,0.00046443944937351
32399,0.000464457241240748
32398,0.000464475026942204
32397,0.000464492806470531
32396,0.00046451057981837
32395,0.000464528346978347
32394,0.000464546107943076
32393,0.000464563862705156
32392,0.000464581611257173
32391,0.000464599353591695
32390,0.00046461708970128
32389,0.000464634819578472
32388,0.000464652543215798
32387,0.000464670260605775
32386,0.000464687971740902
32385,0.000464705676613666
32384,0.000464723375216541
32383,0.000464741067541985
32382,0.000464758753582443
32381,0.000464776433330346
32380,0.00046479410677811
32379,0.000464840029697052
32378,0.000464885950973042
32377,0.000464931870583311
32376,0.000464977788505066
32375,0.000465023704715501
32374,0.000465069619191787
32373,0.000465115531911077
32372,0.000465161442850506
32371,0.000465207351987189
32370,0.000465253259298224
32369,0.000465299164760688
32368,0.000465345068351641
32367,0.000465390970048125
32366,0.00046543686982716
32365,0.000465482767665752
32364,0.000465528663540883
32363,0.00046557455742952
32362,0.000465620449308612
32361,0.000465666339155086
32360,0.000465712226945854
32359,0.000465786382426725
32358,0.000465860534503529
32357,0.000465934683139116
32356,0.000466008828296312
32355,0.000466082969937922
32354,0.000466157108026725
32353,0.000466231242525478
32352,0.000466305373396917
32351,0.000466379500603752
32350,0.000466453624108671
32349,0.00046652774387434
32348,0.000466601859863401
32347,0.000466675972038473
32346,0.000466750080362153
32345,0.000466824184797013
32344,0.000466898285305606
32343,0.000466972381850459
32342,0.000467046474394076
32341,0.000467120562898942
32340,0.000467194647327514
32339,0.000467296310920904
32338,0.0004673979601958
32337,0.000467499595095946
32336,0.000467601215565076
32335,0.000467702821546897
32334,0.000467804412985102
32333,0.000467905989823363
32332,0.000468007552005332
32331,0.000468109099474646
32330,0.000468210632174916
32329,0.000468312150049741
32328,0.0004684136530427
32327,0.000468515141097349
32326,0.000468616614157231
32325,0.000468718072165866
32324,0.000468819515066756
32323,0.000468920942803387
32322,0.000469022355319224
32321,0.000469123752557714
32320,0.000469225134462286
32319,0.000469369650886668
32318,0.000469514133781168
32317,0.000469658582984341
32316,0.00046980299833468
32315,0.000469947379670608
32314,0.000470091726830488
32313,0.000470236039652615
32312,0.000470380317975221
32311,0.000470524561636474
32310,0.000470668770474477
32309,0.000470812944327271
32308,0.000470957083032832
32307,0.000471101186429073
32306,0.000471245254353845
32305,0.000471389286644936
32304,0.000471533283140072
32303,0.000471677243676914
32302,0.000471821168093065
32301,0.000471965056226065
32300,0.00047210890791339
32299,0.000472294203031593
32298,0.00047247941974077
32297,0.00047266455767929
32296,0.000472849616485437
32295,0.000473034595797419
32294,0.000473219495253358
32293,0.000473404314491301
32292,0.000473589053149217
32291,0.000473773710864998
32290,0.000473958287276463
32289,0.000474142782021351
32288,0.00047432719473733
32287,0.000474511525062
32286,0.000474695772632882
32285,0.000474879937087432
32284,0.000475064018063035
32283,0.000475248015197006
32282,0.000475431928126595
32281,0.000475615756488985
32280,0.000475799499921294
32279,0.00047602812158983
32278,0.000476256641188238
32277,0.000476485058036099
32276,0.000476713371452597
32275,0.000476941580756533
32274,0.000477169685266323
32273,0.000477397684299998
32272,0.000477625577175215
32271,0.000477853363209247
32270,0.000478081041719001
32269,0.000478308612021008
32268,0.000478536073431434
32267,0.00047876342526608
32266,0.000478990666840381
32265,0.000479217797469417
32264,0.00047944481646791
32263,0.000479671723150227
32262,0.000479898516830388
32261,0.00048012519682206
32260,0.000480351762438568
32259,0.00048060454935225
32258,0.000480857169975237
32257,0.000481109623360888
32256,0.000481361908562288
32255,0.000481614024632259
32254,0.000481865970623359
32253,0.000482117745587889
32252,0.000482369348577903
32251,0.0004826207786452
32250,0.000482872034841346
32249,0.000483123116217665
32248,0.000483374021825247
32247,0.000483624750714962
32246,0.00048387530193745
32245,0.00048412567454314
32244,0.000484375867582247
32243,0.000484625880104775
32242,0.000484875711160533
32241,0.000485125359799126
32240,0.000485374825069971
32239,0.000485650819551091
32238,0.000485926573500416
32237,0.00048620208560054
32236,0.000486477354533939
32235,0.000486752378982979
32234,0.000487027157629927
32233,0.000487301689156959
32232,0.000487575972246168
32231,0.000487850005579574
32230,0.000488123787839133
32229,0.000488397317706746
32228,0.000488670593864267
32227,0.000488943614993512
32226,0.000489216379776271
32225,0.000489488886894312
32224,0.000489761135029395
32223,0.000490033122863277
32222,0.000490304849077724
32221,0.000490576312354517
32220,0.000490847511375465
32219,0.000491130941626134
32218,0.00049141406446658
32217,0.000491696878341431
32216,0.000491979381695559
32215,0.000492261572974099
32214,0.000492543450622459
32213,0.000492825013086333
32212,0.000493106258811715
32211,0.000493387186244907
32210,0.000493667793832535
32209,0.000493948080021564
32208,0.000494228043259306
32207,0.000494507681993435
32206,0.000494786994671995
32205,0.000495065979743421
32204,0.000495344635656548
32203,0.000495622960860617
32202,0.0004959009538053
32201,0.0004961786129407
32200,0.000496455936717374
32199,0.000496731678746796
32198,0.00049700706669664
32197,0.000497282098971687
32196,0.000497556773977432
32195,0.000497831090120106
32194,0.000498105045806682
32193,0.000498378639444893
32192,0.000498651869443248
32191,0.000498924734211041
32190,0.000499197232158368
32189,0.000499469361696143
32188,0.00049974112123611
32187,0.000500012509190857
32186,0.000500283523973829
32185,0.000500554163999346
32184,0.000500824427682613
32183,0.000501094313439738
32182,0.000501363819687744
32181,0.00050163294484458
32180,0.000501901687329142
32179,0.000502183016688118
32178,0.000502463925051555
32177,0.000502744410613124
32176,0.000503024471567664
32175,0.000503304106111192
32174,0.00050358331244093
32173,0.000503862088755313
32172,0.00050414043325401
32171,0.000504418344137945
32170,0.000504695819609309
32169,0.000504972857871581
32168,0.000505249457129546
32167,0.00050552561558931
32166,0.000505801331458319
32165,0.000506076602945376
32164,0.000506351428260659
32163,0.00050662580561574
32162,0.000506899733223598
32161,0.000507173209298644
32160,0.000507446232056728
32159,0.000507709385691038
32158,0.000507972152874118
32157,0.00050823453211201
32156,0.000508496521911554
32155,0.000508758120780399
32154,0.000509019327227016
32153,0.000509280139760707
32152,0.00050954055689162
32151,0.000509800577130758
32150,0.000510060198989993
32149,0.000510319420982078
32148,0.000510578241620657
32147,0.000510836659420279
32146,0.000511094672896406
32145,0.000511352280565432
32144,0.000511609480944687
32143,0.000511866272552455
32142,0.000512122653907983
32141,0.00051237862353149
32140,0.000512634179944187
32139,0.000512877098875725
32138,0.000513119639735531
32137,0.000513361801248355
32136,0.00051360358213981
32135,0.000513844981136372
32134,0.000514085996965401
32133,0.000514326628355141
32132,0.000514566874034735
32131,0.00051480673273423
32130,0.000515046203184592
32129,0.000515285284117708
32128,0.000515523974266403
32127,0.000515762272364444
32126,0.000516000177146549
32125,0.000516237687348402
32124,0.000516474801706656
32123,0.000516711518958945
32122,0.000516947837843894
32121,0.000517183757101128
32120,0.000517419275471278
32119,0.000517646298458083
32118,0.000517872979743089
32117,0.000518099318226547
32116,0.000518325312809267
32115,0.000518550962392623
32114,0.000518776265878562
32113,0.000519001222169612
32112,0.000519225830168887
32111,0.000519450088780096
32110,0.00051967399690755
32109,0.000519897553456168
32108,0.000520120757331486
32107,0.000520343607439662
32106,0.000520566102687486
32105,0.000520788241982386
32104,0.000521010024232433
32103,0.000521231448346352
32102,0.000521452513233526
32101,0.000521673217804007
32100,0.000521893560968519
32099,0.000522115507394906
32098,0.000522337098402529
32097,0.000522558332865892
32096,0.000522779209660096
32095,0.000522999727660831
32094,0.000523219885744394
32093,0.000523439682787693
32092,0.000523659117668258
32091,0.000523878189264244
32090,0.000524096896454443
32089,0.000524315238118291
32088,0.000524533213135872
32087,0.000524750820387931
32086,0.000524968058755881
32085,0.000525184927121808
32084,0.00052540142436848
32083,0.000525617549379358
32082,0.000525833301038597
32081,0.000526048678231063
32080,0.000526263679842332
32079,0.000526480337941558
32078,0.000526696623671248
32077,0.000526912535862486
32076,0.000527128073347019
32075,0.000527343234957264
32074,0.000527558019526313
32073,0.000527772425887948
32072,0.000527986452876645
32071,0.000528200099327586
32070,0.000528413364076667
32069,0.000528626245960506
32068,0.000528838743816453
32067,0.000529050856482596
32066,0.000529262582797778
32065,0.000529473921601594
32064,0.00052968487173441
32063,0.000529895432037366
32062,0.000530105601352389
32061,0.0005303153785222
32060,0.000530524762390321
32059,0.000530731679099901
32058,0.00053093819557802
32057,0.000531144310728446
32056,0.000531350023455852
32055,0.000531555332665823
32054,0.00053176023726487
32053,0.00053196473616043
32052,0.000532168828260879
32051,0.00053237251247554
32050,0.000532575787714687
32049,0.000532778652889557
32048,0.000532981106912354
32047,0.000533183148696261
32046,0.000533384777155447
32045,0.00053358599120507
32044,0.000533786789761292
32043,0.000533987171741282
32042,0.000534187136063225
32041,0.000534386681646333
32040,0.000534585807410846
32039,0.000534772160629524
32038,0.000534958129912626
32037,0.000535143714379061
32036,0.000535328913148649
32035,0.000535513725342138
32034,0.000535698150081198
32033,0.000535882186488436
32032,0.000536065833687397
32031,0.000536249090802568
32030,0.00053643195695939
32029,0.000536614431284254
32028,0.000536796512904515
32027,0.000536978200948493
32026,0.00053715949454548
32025,0.000537340392825745
32024,0.00053752089492054
32023,0.000537700999962103
32022,0.000537880707083668
32021,0.000538060015419467
32020,0.000538238924104736
32019,0.000538427215627967
32018,0.000538615059498968
32017,0.000538802454706376
32016,0.000538989400240115
32015,0.000539175895091389
32014,0.0005393619382527
32013,0.000539547528717848
32012,0.000539732665481943
32011,0.000539917347541412
32010,0.000540101573894001
32009,0.000540285343538787
32008,0.000540468655476183
32007,0.000540651508707945
32006,0.000540833902237183
32005,0.00054101583506836
32004,0.000541197306207308
32003,0.000541378314661227
32002,0.000541558859438698
32001,0.000541738939549689
32000,0.000541918554005559
31999,0.00054209317129159
31998,0.000542267302747004
31997,0.000542440947431084
31996,0.00054261410440479
31995,0.000542786772730763
31994,0.000542958951473335
31993,0.000543130639698536
31992,0.000543301836474098
31991,0.000543472540869464
31990,0.000543642751955792
31989,0.000543812468805966
31988,0.000543981690494596
31987,0.00054415041609803
31986,0.000544318644694361
31985,0.000544486375363429
31984,0.000544653607186829
31983,0.000544820339247921
31982,0.000544986570631832
31981,0.000545152300425466
31980,0.000545317527717508
31979,0.00054548463374427
31978,0.000545651245682364
31977,0.000545817362609054
31976,0.000545982983603261
31975,0.000546148107745566
31974,0.000546312734118217
31973,0.000546476861805141
31972,0.000546640489891941
31971,0.000546803617465912
31970,0.00054696624361604
31969,0.000547128367433013
31968,0.000547289988009226
31967,0.000547451104438786
31966,0.000547611715817522
31965,0.000547771821242986
31964,0.000547931419814466
31963,0.000548090510632987
31962,0.000548249092801317
31961,0.000548407165423982
31960,0.00054856472760726
31959,0.000548727560317785
31958,0.000548889815021976
31957,0.000549051490705171
31956,0.000549212586355074
31955,0.000549373100961761
31954,0.000549533033517687
31953,0.000549692383017698
31952,0.000549851148459034
31951,0.000550009328841342
31950,0.00055016692316668
31949,0.000550323930439525
31948,0.000550480349666785
31947,0.000550636179857801
31946,0.00055079142002436
31945,0.000550946069180702
31944,0.000551100126343523
31943,0.00055125359053199
31942,0.000551406460767743
31941,0.000551558736074906
31940,0.000551710415480094
31939,0.000551864084608197
31938,0.000552017166035626
31937,0.000552169658772373
31936,0.00055232156183078
31935,0.000552472874225546
31934,0.000552623594973732
31933,0.000552773723094777
31932,0.000552923257610495
31931,0.00055307219754509
31930,0.000553220541925164
31929,0.00055336828977972
31928,0.000553515440140172
31927,0.000553661992040356
31926,0.000553807944516532
31925,0.000553953296607396
31924,0.000554098047354086
31923,0.000554242195800189
31922,0.00055438574099175
31921,0.00055452868197728
31920,0.000554671017807762
31919,0.000554812747536658
31918,0.00055495387021992
31917,0.000555094384915994
31916,0.00055523429068583
31915,0.000555373586592887
31914,0.000555512271703143
31913,0.000555650345085103
31912,0.000555787805809801
31911,0.000555924652950816
31910,0.000556060885584271
31909,0.000556196502788846
31908,0.000556331503645785
31907,0.000556465887238899
31906,0.000556599652654579
31905,0.000556732798981799
31904,0.000556865325312128
31903,0.000556997230739729
31902,0.000557128514361379
31901,0.000557259175276462
31900,0.000557389212586988
31899,0.00055753428366127
31898,0.000557678604997642
31897,0.000557822175362646
31896,0.000557964993526583
31895,0.000558107058263524
31894,0.000558248368351327
31893,0.000558388922571645
31892,0.000558528719709935
31891,0.000558667758555482
31890,0.000558806037901398
31889,0.000558943556544642
31888,0.000559080313286031
31887,0.000559216306930249
31886,0.000559351536285863
31885,0.000559486000165333
31884,0.000559619697385023
31883,0.000559752626765217
31882,0.000559884787130127
31881,0.000560016177307905
31880,0.000560146796130657
31879,0.000560276642434455
31878,0.000560405715059347
31877,0.000560534012849368
31876,0.000560661534652557
31875,0.000560788279320961
31874,0.000560914245710654
31873,0.000561039432681743
31872,0.000561163839098383
31871,0.000561287463828788
31870,0.000561410305745242
31869,0.000561532363724109
31868,0.00056165363664585
31867,0.000561774123395025
31866,0.000561893822860316
31865,0.000562012733934527
31864,0.000562130855514605
31863,0.000562248186501644
31862,0.000562364725800901
31861,0.000562480472321805
31860,0.000562595424977969
31859,0.000562711112090507
31858,0.00056282582276706
31857,0.000562939555766685
31856,0.000563052309855186
31855,0.000563164083805131
31854,0.000563274876395865
31853,0.000563384686413521
31852,0.000563493512651041
31851,0.000563601353908186
31850,0.000563708208991551
31849,0.000563814076714577
31848,0.000563918955897571
31847,0.000564022845367712
31846,0.000564125743959073
31845,0.000564227650512627
31844,0.000564328563876268
31843,0.000564428482904817
31842,0.000564527406460044
31841,0.000564625333410673
31840,0.000564722262632402
31839,0.000564818193007912
31838,0.000564913123426882
31837,0.000565007052786004
31836,0.000565099979988991
31835,0.000565191903946594
31834,0.000565282823576615
31833,0.000565372737803916
31832,0.000565461645560435
31831,0.000565549545785198
31830,0.000565636437424332
31829,0.000565722319431076
31828,0.000565807190765792
31827,0.000565891050395981
31826,0.000565973897296294
31825,0.000566055730448542
31824,0.000566136548841709
31823,0.000566216351471966
31822,0.000566295137342678
31821,0.000566372905464423
31820,0.000566449654854994
31819,0.000566529039603119
31818,0.000566607213158229
31817,0.0005666841743395
31816,0.000566759921976638
31815,0.000566834454909893
31814,0.000566907771990072
31813,0.000566979872078562
31812,0.000567050754047337
31811,0.00056712041677898
31810,0.000567188859166698
31809,0.000567256080114332
31808,0.000567322078536379
31807,0.000567386853358
31806,0.000567450403515042
31805,0.000567512727954047
31804,0.000567573825632266
31803,0.00056763369551768
31802,0.000567692336589006
31801,0.000567749747835716
31800,0.000567805928258047
31799,0.000567862511602847
31798,0.000567917650338324
31797,0.000567971343303273
31796,0.000568023589351762
31795,0.000568074387353154
31794,0.000568123736192119
31793,0.000568171634768657
31792,0.00056821808199811
31791,0.000568263076811183
31790,0.000568306618153958
31789,0.00056834870498791
31788,0.000568389336289924
31787,0.000568428511052311
31786,0.00056846622828282
31785,0.000568502487004658
31784,0.000568537286256499
31783,0.000568570625092504
31782,0.00056860250258233
31781,0.000568632917811148
31780,0.000568661869879654
31779,0.00056869081332597
31778,0.00056871818819741
31777,0.000568743993536607
31776,0.000568768228403964
31775,0.000568790891877664
31774,0.000568811983053692
31773,0.000568831501045844
31772,0.000568849444985739
31771,0.000568865814022837
31770,0.000568880607324448
31769,0.000568893824075745
31768,0.000568905463479779
31767,0.000568915524757486
31766,0.0005689240071477
31765,0.000568930909907165
31764,0.000568936232310547
31763,0.00056893997365044
31762,0.000568942133237378
31761,0.000568942710399845
31760,0.000568941704484285
31759,0.000568942813041827
31758,0.000568942354279087
31757,0.000568940327501528
31756,0.000568936732031682
31755,0.000568931567209159
31754,0.000568924832390659
31753,0.000568916526949974
31752,0.000568906650278006
31751,0.000568895201782772
31750,0.000568882180889408
31749,0.000568867587040185
31748,0.00056885141969451
31747,0.000568833678328936
31746,0.00056881436243717
31745,0.000568793471530078
31744,0.000568771005135692
31743,0.000568746962799215
31742,0.000568721344083029
31741,0.000568694148566698
31740,0.000568665375846976
31739,0.000568637512485071
31738,0.000568607861365518
31737,0.000568576421909369
31736,0.000568543193559195
31735,0.000568508175779096
31734,0.00056847136805471
31733,0.000568432769893224
31732,0.000568392380823379
31731,0.000568350200395478
31730,0.000568306228181399
31729,0.000568260463774593
31728,0.000568212906790099
31727,0.000568163556864544
31726,0.000568112413656153
31725,0.000568059476844752
31724,0.000568004746131773
31723,0.000567948221240259
31722,0.000567889901914867
31721,0.000567829787921872
31720,0.000567767879049172
31719,0.000567704175106286
31718,0.000567638675924362
31717,0.000567571381356173
31716,0.000567502291276122
31715,0.000567431405580243
31714,0.000567358724186199
31713,0.000567284247033284
31712,0.000567207974082421
31711,0.000567129905316162
31710,0.000567050040738688
31709,0.000566968380375805
31708,0.000566884924274943
31707,0.000566799672505151
31706,0.0005667126251571
31705,0.000566623782343071
31704,0.000566533144196959
31703,0.000566440710874263
31702,0.000566346482552083
31701,0.000566250459429118
31700,0.000566152641725654
31699,0.000566057049014266
31698,0.000565959667488899
31697,0.000565860497291222
31696,0.000565759538584098
31695,0.000565656791551575
31694,0.000565552256398887
31693,0.000565445933352448
31692,0.000565337822659849
31691,0.000565227924589853
31690,0.000565116239432389
31689,0.000565002767498546
31688,0.000564887509120569
31687,0.000564770464651849
31686,0.000564651634466923
31685,0.000564531018961459
31684,0.000564408618552251
31683,0.000564284433677214
31682,0.000564158464795372
31681,0.000564030712386849
31680,0.000563901176952863
31679,0.000563769947088842
31678,0.000563637044911918
31677,0.000563502471075701
31676,0.00056336622625255
31675,0.000563228311133555
31674,0.000563088726428523
31673,0.000562947472865966
31672,0.00056280455119308
31671,0.000562659962175734
31670,0.000562513706598454
31669,0.000562365785264405
31668,0.000562216198995371
31667,0.000562064948631748
31666,0.000561912035032515
31665,0.000561757459075225
31664,0.000561601221655981
31663,0.000561443323689424
31662,0.000561283766108706
31661,0.000561122549865478
31660,0.000560959675929869
31659,0.000560799233038255
31658,0.000560637135954641
31657,0.0005604733855617
31656,0.000560307982760294
31655,0.000560140928469463
31654,0.000559972223626402
31653,0.000559801869186449
31652,0.000559629866123066
31651,0.00055945621542782
31650,0.000559280918110365
31649,0.000559103975198425
31648,0.000558925387737773
31647,0.000558745156792216
31646,0.000558563283443569
31645,0.000558379768791641
31644,0.000558194613954212
31643,0.000558007820067015
31642,0.000557819388283711
31641,0.000557629319775872
31640,0.000557437615732959
31639,0.00055726102078837
31638,0.000557082999856347
31637,0.00055690355383459
31636,0.000556722683634373
31635,0.000556540390180522
31634,0.000556356674411409
31633,0.000556171537278935
31632,0.000555984979748515
31631,0.000555797002799066
31630,0.000555607607422991
31629,0.000555416794626167
31628,0.000555224565427929
31627,0.000555030920861051
31626,0.000554835861971738
31625,0.000554639389819605
31624,0.000554441505477665
31623,0.000554242210032311
31622,0.000554041504583299
31621,0.000553839390243736
31620,0.000553635868140059
31619,0.000553438282503414
31618,0.000553239389954997
31617,0.000553039191539949
31616,0.000552837688314881
31615,0.000552634881347857
31614,0.000552430771718383
31613,0.000552225360517387
31612,0.000552018648847212
31611,0.000551810637821592
31610,0.000551601328565643
31609,0.000551390722215842
31608,0.000551178819920018
31607,0.000550965622837329
31606,0.000550751132138251
31605,0.000550535349004562
31604,0.00055031827462932
31603,0.000550099910216852
31602,0.000549880256982738
31601,0.000549659316153786
31600,0.000549437088968026
31599,0.000549250715279519
31598,0.000549063401532021
31597,0.000548875148439352
31596,0.000548685956721404
31595,0.000548495827104128
31594,0.000548304760319531
31593,0.000548112757105667
31592,0.000547919818206629
31591,0.000547725944372546
31590,0.000547531136359572
31589,0.000547335394929879
31588,0.000547138720851655
31587,0.000546941114899088
31586,0.000546742577852366
31585,0.000546543110497666
31584,0.000546342713627146
31583,0.000546141388038942
31582,0.000545939134537154
31581,0.000545735953931842
31580,0.00054553184703902
31579,0.000545343592675112
31578,0.000545154464360799
31577,0.000544964462723819
31576,0.000544773588397596
31575,0.000544581842021239
31574,0.000544389224239534
31573,0.000544195735702942
31572,0.00054400137706759
31571,0.000543806148995267
31570,0.000543610052153422
31569,0.00054341308721515
31568,0.000543215254859196
31567,0.000543016555769943
31566,0.000542816990637407
31565,0.000542616560157237
31564,0.0005424152650307
31563,0.00054221310596468
31562,0.000542010083671675
31561,0.000541806198869783
31560,0.000541601452282706
31559,0.000541432759093183
31558,0.000541263378392702
31557,0.000541093310612003
31556,0.000540922556185978
31555,0.00054075111555367
31554,0.000540578989158266
31553,0.0005404061774471
31552,0.000540232680871643
31551,0.000540058499887505
31550,0.000539883634954429
31549,0.000539708086536293
31548,0.0005395318551011
31547,0.000539354941120978
31546,0.000539177345072178
31545,0.000538999067435069
31544,0.000538820108694134
31543,0.000538640469337969
31542,0.000538460149859279
31541,0.000538279150754871
31540,0.000538097472525654
31539,0.000537953528130815
31538,0.000537809036500562
31537,0.000537663997950775
31536,0.000537518412800683
31535,0.000537372281372862
31534,0.000537225603993232
31533,0.000537078380991055
31532,0.000536930612698936
31531,0.000536782299452819
31530,0.000536633441591981
31529,0.000536484039459036
31528,0.00053633409339993
31527,0.000536183603763936
31526,0.000536032570903659
31525,0.000535880995175025
31524,0.000535728876937283
31523,0.000535576216553003
31522,0.000535423014388071
31521,0.000535269270811693
31520,0.00053511498619638
31519,0.000535015495656103
31518,0.000534915699996452
31517,0.000534815599365523
31516,0.000534715193912716
31515,0.000534614483788732
31514,0.000534513469145579
31513,0.000534412150136562
31512,0.000534310526916293
31511,0.000534208599640681
31510,0.000534106368466937
31509,0.00053400383355357
31508,0.000533900995060387
31507,0.000533797853148494
31506,0.000533694407980293
31505,0.000533590659719482
31504,0.000533486608531055
31503,0.000533382254581299
31502,0.000533277598037794
31501,0.000533172639069416
31500,0.00053306737784633
31499,0.000532981818820982
31498,0.000532896051759408
31497,0.000532810076760131
31496,0.000532723893922298
31495,0.000532637503345689
31494,0.000532550905130707
31493,0.000532464099378386
31492,0.000532377086190385
31491,0.000532289865668986
31490,0.000532202437917102
31489,0.000532114803038268
31488,0.000532026961136646
31487,0.000531938912317022
31486,0.000531850656684805
31485,0.000531762194346028
31484,0.00053167352540735
31483,0.00053158464997605
31482,0.000531495568160032
31481,0.000531406280067818
31480,0.000531316785808556
31479,0.000531257008485979
31478,0.000531197139615053
31477,0.000531137179228575
31476,0.000531077127359469
31475,0.00053101698404078
31474,0.000530956749305674
31473,0.000530896423187439
31472,0.000530836005719487
31471,0.000530775496935352
31470,0.00053071489686869
31469,0.000530654205553277
31468,0.000530593423023014
31467,0.00053053254931192
31466,0.000530471584454143
31465,0.000530410528483945
31464,0.000530349381435713
31463,0.000530288143343957
31462,0.000530226814243306
31461,0.000530165394168513
31460,0.00053010388315445
31459,0.000530054240865755
31458,0.00053000452671278
31457,0.000529954740719758
31456,0.000529904882911006
31455,0.000529854953310924
31454,0.000529804951943996
31453,0.00052975487883479
31452,0.000529704734007957
31451,0.000529654517488233
31450,0.000529604229300435
31449,0.000529553869469467
31448,0.000529503438020313
31447,0.000529452934978042
31446,0.000529402360367807
31445,0.000529351714214844
31444,0.000529300996544471
31443,0.00052925020738209
31442,0.000529199346753188
31441,0.000529148414683333
31440,0.000529097411198176
31439,0.000529041557939831
31438,0.000528985655271633
31437,0.000528929703208969
31436,0.000528873701767253
31435,0.000528817650961927
31434,0.000528761550808459
31433,0.000528705401322343
31432,0.000528649202519102
31431,0.000528592954414284
31430,0.000528536657023464
31429,0.000528480310362244
31428,0.000528423914446252
31427,0.000528367469291144
31426,0.000528310974912603
31425,0.000528254431326335
31424,0.000528197838548078
31423,0.000528141196593593
31422,0.000528084505478669
31421,0.000528027765219121
31420,0.000527970975830791
31419,0.000527899526090642
31418,0.000527828015758872
31417,0.000527756444858679
31416,0.000527684813413293
31415,0.000527613121445972
31414,0.000527541368980001
31413,0.000527469556038698
31412,0.000527397682645408
31411,0.000527325748823509
31410,0.000527253754596403
31409,0.000527181699987525
31408,0.000527109585020339
31407,0.000527037409718336
31406,0.00052696517410504
31405,0.000526892878204002
31404,0.000526820522038803
31403,0.000526748105633051
31402,0.000526675629010385
31401,0.000526603092194476
31400,0.00052653049520902
31399,0.000526418092266934
31398,0.000526305561958868
31397,0.000526192904367871
31396,0.000526080119577102
31395,0.000525967207669838
31394,0.000525854168729469
31393,0.000525741002839495
31392,0.000525627710083536
31391,0.000525514290545317
31390,0.000525400744308682
31389,0.000525287071457586
31388,0.000525173272076098
31387,0.000525059346248398
31386,0.000524945294058779
31385,0.000524831115591647
31384,0.000524716810931521
31383,0.00052460238016303
31382,0.000524487823370918
31381,0.000524373140640038
31380,0.000524258332055355
31379,0.000524130619458435
31378,0.000524002751708355
31377,0.00052387472892215
31376,0.000523746551217025
31375,0.000523618218710356
31374,0.000523489731519686
31373,0.000523361089762729
31372,0.000523232293557365
31371,0.000523103343021644
31370,0.000522974238273784
31369,0.000522844979432171
31368,0.000522715566615359
31367,0.000522585999942069
31366,0.000522456279531189
31365,0.000522326405501774
31364,0.000522196377973048
31363,0.000522066197064398
31362,0.00052193586289538
31361,0.000521805375585716
31360,0.000521674735255292
31359,0.000521491581946435
31358,0.00052130812928219
31357,0.00052112437759316
31356,0.000520940327210583
31355,0.000520755978466327
31354,0.000520571331692893
31353,0.000520386387223409
31352,0.000520201145391634
31351,0.000520015606531951
31350,0.000519829770979369
31349,0.000519643639069523
31348,0.00051945721113867
31347,0.000519270487523691
31346,0.000519083468562081
31345,0.000518896154591963
31344,0.000518708545952072
31343,0.000518520642981763
31342,0.000518332446021005
31341,0.000518143955410381
31340,0.000517955171491087
31339,0.000517739059725493
31338,0.000517522565820522
31337,0.00051730569028841
31336,0.000517088433642431
31335,0.000516870796396891
31334,0.000516652779067126
31333,0.000516434382169503
31332,0.000516215606221415
31331,0.000515996451741279
31330,0.000515776919248533
31329,0.000515557009263632
31328,0.000515336722308051
31327,0.000515116058904273
31326,0.0005148950195758
31325,0.000514673604847135
31324,0.000514451815243792
31323,0.000514229651292286
31322,0.000514007113520132
31321,0.000513784202455848
31320,0.000513560918628942
31319,0.000513279199677891
31318,0.000512996906230654
31317,0.000512714039361496
31316,0.000512430600147004
31315,0.00051214658966608
31314,0.000511862008999932
31313,0.000511576859232063
31312,0.000511291141448268
31311,0.000511004856736621
31310,0.000510718006187469
31309,0.000510430590893423
31308,0.000510142611949347
31307,0.000509854070452354
31306,0.000509564967501795
31305,0.000509275304199247
31304,0.000508985081648514
31303,0.000508694300955608
31302,0.000508402963228746
31301,0.000508111069578341
31300,0.000507818621116994
31299,0.000507438222891977
31298,0.000507056889217247
31297,0.000506674622534078
31296,0.000506291425289922
31295,0.000505907299938371
31294,0.00050552224893913
31293,0.000505136274757983
31292,0.000504749379866763
31291,0.000504361566743321
31290,0.000503972837871487
31289,0.000503583195741049
31288,0.00050319264284771
31287,0.000502801181693064
31286,0.000502408814784562
31285,0.000502015544635475
31284,0.000501621373764867
31283,0.00050122630469756
31282,0.000500830339964104
31281,0.000500433482100741
31280,0.000500035733649377
31279,0.000499570104582533
31278,0.000499103314364255
31277,0.000498635367255295
31276,0.000498166267525852
31275,0.000497696019455494
31274,0.000497224627333077
31273,0.00049675209545666
31272,0.000496278428133427
31271,0.000495803629679607
31270,0.000495327704420389
31269,0.000494850656689844
31268,0.000494372490830842
31267,0.000493893211194968
31266,0.000493412822142446
31265,0.000492931328042053
31264,0.000492448733271038
31263,0.000491965042215041
31262,0.000491480259268011
31261,0.000490994388832122
31260,0.000490507435317694
31259,0.000489901382605036
31258,0.000489293703677212
31257,0.000488684407406617
31256,0.00048807350268358
31255,0.000487460998416096
31254,0.00048684690352954
31253,0.000486231226966398
31252,0.000485613977685992
31251,0.000484995164664199
31250,0.000484374796893177
31249,0.000483752883381089
31248,0.000483129433151825
31247,0.000482504455244731
31246,0.000481877958714324
31245,0.000481249952630024
31244,0.000480620446075873
31243,0.000479989448150259
31242,0.000479356967965644
31241,0.000478723014648283
31240,0.000478087597337951
31239,0.000477364447170528
31238,0.000476639436082497
31237,0.000475912577523696
31236,0.000475183884964427
31235,0.000474453371894944
31234,0.000473721051824924
31233,0.000472986938282949
31232,0.000472251044815995
31231,0.000471513384988898
31230,0.000470773972383846
31229,0.000470032820599856
31228,0.000469289943252254
31227,0.000468545353972167
31226,0.000467799066405992
31225,0.000467051094214894
31224,0.000466301451074278
31223,0.000465550150673282
31222,0.000464797206714263
31221,0.000464042632912277
31220,0.000463286442994574
31219,0.000462365536153801
31218,0.000461442294737046
31217,0.000460516743548753
31216,0.000459588907414443
31215,0.000458658811179338
31214,0.000457726479707008
31213,0.000456791937878011
31212,0.000455855210588538
31211,0.00045491632274907
31210,0.000453975299283021
31209,0.000453032165125403
31208,0.000452086945221481
31207,0.00045113966452544
31206,0.000450190347999058
31205,0.00044923902061037
31204,0.00044828570733235
31203,0.000447330433141592
31202,0.000446373223016993
31201,0.000445414101938448
31200,0.000444453094885537
31199,0.00044337879795013
31198,0.000442302184673893
31197,0.00044122328917157
31196,0.000440142145553732
31195,0.000439058787924678
31194,0.000437973250380315
31193,0.000436885567006067
31192,0.000435795771874791
31191,0.00043470389904469
31190,0.00043360998255725
31189,0.000432514056435175
31188,0.000431416154680341
31187,0.000430316311271755
31186,0.000429214560163524
31185,0.000428110935282836
31184,0.000427005470527951
31183,0.000425898199766198
31182,0.000424789156831999
31181,0.000423678375524874
31180,0.000422565889607493
31179,0.000421301390408979
31178,0.000420034600268417
31177,0.000418765566603609
31176,0.000417494336789238
31175,0.000416220958153606
31174,0.000414945477975388
31173,0.000413667943480412
31172,0.000412388401838451
31171,0.000411106900160032
31170,0.000409823485493268
31169,0.000408538204820708
31168,0.000407251105056205
31167,0.000405962233041804
31166,0.00040467163554465
31165,0.000403379359253917
31164,0.000402085450777756
31163,0.000400789956640263
31162,0.000399492923278469
31161,0.000398194397039351
31160,0.000396894424176866
31159,0.000395515263475959
31158,0.000394134459266147
31157,0.000392752065836903
31156,0.000391368137366492
31155,0.000389982727918219
31154,0.000388595891436672
31153,0.000387207681744011
31152,0.000385818152536281
31151,0.000384427357379751
31150,0.000383035349707285
31149,0.000381642182814744
31148,0.000380247909857409
31147,0.000378852583846447
31146,0.000377456257645388
31145,0.000376058983966656
31144,0.000374660815368111
31143,0.000373261804249632
31142,0.000371862002849728
31141,0.000370461463242174
31140,0.0003690602373327
31139,0.000367639874100867
31138,0.000366218691895973
31137,0.000364796744559134
31136,0.00036337408577381
31135,0.000361950769062249
31134,0.000360526847781972
31133,0.00035910237512228
31132,0.000357677404100792
31131,0.000356251987560022
31130,0.000354826178163978
31129,0.000353400028394796
31128,0.000351973590549412
31127,0.000350546916736252
31126,0.000349120058871971
31125,0.000347693068678209
31124,0.000346265997678394
31123,0.000344838897194567
31122,0.000343411818344246
31121,0.000341984812037323
31120,0.000340557928972993
31119,0.000339130776617635
31118,0.000337703589261293
31117,0.000336276419050035
31116,0.000334849317934949
31115,0.00033342233766872
31114,0.00033199552980223
31113,0.000330568945681204
31112,0.000329142636442875
31111,0.000327716653012695
31110,0.000326291046101075
31109,0.000324865866200157
31108,0.00032344116358063
31107,0.000322016988288568
31106,0.000320593390142315
31105,0.000319170418729397
31104,0.000317748123403478
31103,0.000316326553281343
31102,0.000314905757239922
31101,0.000313485783913353
31100,0.000312066681690075
31099,0.000310747331816691
31098,0.000309428641299177
31097,0.00030811065104081
31096,0.000306793401758636
31095,0.00030547693398107
31094,0.000304161288045526
31093,0.000302846504096074
31092,0.000301532622081119
31091,0.000300219681751114
31090,0.000298907722656298
31089,0.000297596784144458
31088,0.000296286905358729
31087,0.000294978125235411
31086,0.00029367048250182
31085,0.000292364015674169
31084,0.000291058763055472
31083,0.000289754762733485
31082,0.000288452052578664
31081,0.000287150670242168
31080,0.000285850653153873
31079,0.000284670267090453
31078,0.000283491018907569
31077,0.000282312937238097
31076,0.000281136050556573
31075,0.000279960387177904
31074,0.000278785975256093
31073,0.000277612842782981
31072,0.000276441017587013
31071,0.000275270527332013
31070,0.000274101399515996
31069,0.000272933661469973
31068,0.000271767340356799
31067,0.000270602463170024
31066,0.000269439056732767
31065,0.000268277147696614
31064,0.000267116762540527
31063,0.000265957927569779
31062,0.000264800668914902
31061,0.000263645012530656
31060,0.000262490984195022
31059,0.00026145245593024
31058,0.000260415241090274
31057,0.00025937935965239
31056,0.000258344831466882
31055,0.000257311676256347
31054,0.00025627991361499
31053,0.00025524956300793
31052,0.000254220643770525
31051,0.000253193175107709
31050,0.000252167176093337
31049,0.000251142665669553
31048,0.000250119662646162
31047,0.00024909818570001
31046,0.000248078253374399
31045,0.000247059884078483
31044,0.000246043096086711
31043,0.000245027907538254
31042,0.000244014336436458
31041,0.000243002400648318
31040,0.00024199211790394
31039,0.000241171186549757
31038,0.00024035135955387
31037,0.000239532647006007
31036,0.000238715058929786
31035,0.000237898605282491
31034,0.000237083295954868
31033,0.000236269140770916
31032,0.000235456149487687
31031,0.000234644331795094
31030,0.00023383369731571
31029,0.000233024255604594
31028,0.000232216016149099
31027,0.000231408988368697
31026,0.00023060318161481
31025,0.000229798605170636
31024,0.000228995268250991
31023,0.000228193180002148
31022,0.000227392349501677
31021,0.000226592785758309
31020,0.000225794497711774
31019,0.000225145621127626
31018,0.000224497600509359
31017,0.000223850440587733
31016,0.000223204146062919
31015,0.000222558721604457
31014,0.000221914171851208
31013,0.000221270501411318
31012,0.000220627714862171
31011,0.000219985816750355
31010,0.000219344811591621
31009,0.000218704703870847
31008,0.000218065498042002
31007,0.000217427198528113
31006,0.000216789809721232
31005,0.000216153335982406
31004,0.000215517781641642
31003,0.000214883150997884
31002,0.000214249448318983
31001,0.00021361667784167
31000,0.000212984843771534
30999,0.000212445968350962
30998,0.000211907779040303
30997,0.000211370278179634
30996,0.000210833468094145
30995,0.000210297351094135
30994,0.000209761929475007
30993,0.000209227205517268
30992,0.000208693181486519
30991,0.000208159859633459
30990,0.000207627242193876
30989,0.00020709533138865
30988,0.000206564129423749
30987,0.000206033638490228
30986,0.000205503860764228
30985,0.000204974798406972
30984,0.000204446453564773
30983,0.000203918828369024
30982,0.000203391924936206
30981,0.000202865745367885
30980,0.000202340291750714
30979,0.000201887904595002
30978,0.000201436060223141
30977,0.000200984759791851
30976,0.000200534004450605
30975,0.00020008379534162
30974,0.000199634133599863
30973,0.00019918502035306
30972,0.00019873645672169
30971,0.000198288443818996
30970,0.000197840982750984
30969,0.000197394074616427
30968,0.000196947720506868
30967,0.000196501921506625
30966,0.000196056678692797
30965,0.000195611993135262
30964,0.000195167865896685
30963,0.00019472429803252
30962,0.000194281290591016
30961,0.000193838844613224
30960,0.000193396961132991
30959,0.000193040927124541
30958,0.000192685260886717
30957,0.000192329962937414
30956,0.000191975033791555
30955,0.000191620473961089
30954,0.000191266283954994
30953,0.000190912464279277
30952,0.000190559015436977
30951,0.000190205937928173
30950,0.000189853232249972
30949,0.000189500898896522
30948,0.000189148938359013
30947,0.000188797351125671
30946,0.000188446137681773
30945,0.000188095298509635
30944,0.000187744834088623
30943,0.000187394744895154
30942,0.000187045031402693
30941,0.000186695694081764
30940,0.00018634673339994
30939,0.000186001395325021
30938,0.00018565643916533
30937,0.000185311865300677
30936,0.000184967674108137
30935,0.000184623865962046
30934,0.000184280441234015
30933,0.000183937400292923
30932,0.000183594743504926
30931,0.000183252471233461
30930,0.000182910583839243
30929,0.000182569081680271
30928,0.000182227965111834
30927,0.000181887234486508
30926,0.000181546890154169
30925,0.000181206932461981
30924,0.000180867361754415
30923,0.00018052817837324
30922,0.000180189382657533
30921,0.000179850974943681
30920,0.000179512955565382
30919,0.000179159203488678
30918,0.000178805878169495
30917,0.000178452979983021
30916,0.00017810050930122
30915,0.000177748466492848
30914,0.000177396851923443
30913,0.000177045665955338
30912,0.000176694908947665
30911,0.000176344581256353
30910,0.000175994683234142
30909,0.000175645215230578
30908,0.00017529617759202
30907,0.000174947570661648
30906,0.000174599394779464
30905,0.000174251650282296
30904,0.000173904337503805
30903,0.000173557456774483
30902,0.000173211008421669
30901,0.000172864992769539
30900,0.000172519410139126
30899,0.000172127070629193
30898,0.000171735290630328
30897,0.000171344070602611
30896,0.000170953411000906
30895,0.000170563312274868
30894,0.000170173774868953
30893,0.000169784799222422
30892,0.000169396385769355
30891,0.000169008534938659
30890,0.000168621247154072
30889,0.000168234522834179
30888,0.000167848362392413
30887,0.000167462766237071
30886,0.000167077734771318
30885,0.000166693268393199
30884,0.000166309367495645
30883,0.000165926032466485
30882,0.000165543263688455
30881,0.000165161061539203
30880,0.000164779426391303
30879,0.000164398358612262
30878,0.00016401785856453
30877,0.000163637926605508
30876,0.000163258563087558
30875,0.000162879768358013
30874,0.000162501542759187
30873,0.000162123886628382
30872,0.000161746800297898
30871,0.000161370284095046
30870,0.000160994338342153
30869,0.000160618963356573
30868,0.0001602441594507
30867,0.000159869926931971
30866,0.000159496266102883
30865,0.000159123177260997
30864,0.000158750660698952
30863,0.000158378716704471
30862,0.000158007345560374
30861,0.000157636547544586
30860,0.000157266322930148
30859,0.0001568682538806
30858,0.000156470858048408
30857,0.000156074135728915
30856,0.000155678087210818
30855,0.000155282712776192
30854,0.000154888012700499
30853,0.000154493987252607
30852,0.000154100636694808
30851,0.000153707961282828
30850,0.000153315961265854
30849,0.000152924636886537
30848,0.000152533988381016
30847,0.000152144015978937
30846,0.00015175471990346
30845,0.000151366100371285
30844,0.000150978157592662
30843,0.000150590891771409
30842,0.000150204303104935
30841,0.000149818391784242
30840,0.00014943315799396
30839,0.000149018679910077
30838,0.000148604979524996
30837,0.000148192057086954
30836,0.00014777991283583
30835,0.000147368547003177
30834,0.000146957959812233
30833,0.000146548151477953
30832,0.000146139122207027
30831,0.000145730872197902
30830,0.000145323401640808
30829,0.00014491671071778
30828,0.00014451079960268
30827,0.000144105668461221
30826,0.000143701317450987
30825,0.000143297746721463
30824,0.000142894956414052
30823,0.000142492946662102
30822,0.000142091717590926
30821,0.000141691269317827
30820,0.000141291601952125
30819,0.000140876333833952
30818,0.000140461900683711
30817,0.000140048302682513
30816,0.000139635540002092
30815,0.000139223612804832
30814,0.00013881252124379
30813,0.000138402265462728
30812,0.00013799284559614
30811,0.000137584261769274
30810,0.000137176514098166
30809,0.000136769602689664
30808,0.000136363527641454
30807,0.000135958289042091
30806,0.000135553886971027
30805,0.000135150321498635
30804,0.000134747592686239
30803,0.000134345700586144
30802,0.000133944645241662
30801,0.000133544426687136
30800,0.000133145044947979
30799,0.0001327729582865
30798,0.000132401600729801
30797,0.000132030972279906
30796,0.000131661072932127
30795,0.00013129190267508
30794,0.000130923461490709
30793,0.000130555749354304
30792,0.000130188766234521
30791,0.000129822512093406
30790,0.000129456986886408
30789,0.000129092190562409
30788,0.00012872812306374
30787,0.000128364784326196
30786,0.000128002174279067
30785,0.000127640292845152
30784,0.000127279139940781
30783,0.000126918715475838
30782,0.000126559019353776
30781,0.000126200051471646
30780,0.000125841811720111
30779,0.000125519918371192
30778,0.000125198613789322
30777,0.000124877897935058
30776,0.00012455777076441
30775,0.000124238232228862
30774,0.000123919282275379
30773,0.000123600920846423
30772,0.000123283147879966
30771,0.0001229659633095
30770,0.000122649367064055
30769,0.00012233335906821
30768,0.000122017939242105
30767,0.000121703107501457
30766,0.000121388863757569
30765,0.000121075207917349
30764,0.00012076213988332
30763,0.000120449659553633
30762,0.000120137766822081
30761,0.000119826461578114
30760,0.000119515743706851
30759,0.000119253423800043
30758,0.000118991527912135
30757,0.000118730055987236
30756,0.000118469007966977
30755,0.000118208383790511
30754,0.000117948183394525
30753,0.000117688406713243
30752,0.000117429053678435
30751,0.000117170124219423
30750,0.000116911618263087
30749,0.000116653535733875
30748,0.000116395876553803
30747,0.000116138640642468
30746,0.000115881827917057
30745,0.000115625438292344
30744,0.000115369471680705
30743,0.000115113927992121
30742,0.000114858807134188
30741,0.000114604109012123
30740,0.000114349833528767
30739,0.000114144566856594
30738,0.000113939575531655
30737,0.000113734859497653
30736,0.000113530418697312
30735,0.000113326253072384
30734,0.00011312236256365
30733,0.00011291874711092
30732,0.000112715406653041
30731,0.000112512341127893
30730,0.000112309550472398
30729,0.000112107034622514
30728,0.000111904793513244
30727,0.000111702827078638
30726,0.000111501135251791
30725,0.000111299717964849
30724,0.00011109857514901
30723,0.000110897706734525
30722,0.000110697112650707
30721,0.000110496792825923
30720,0.000110296747187604
30719,0.00011015688499363
30718,0.000110017155627151
30717,0.000109877559059032
30716,0.000109738095259941
30715,0.000109598764200358
30714,0.000109459565850568
30713,0.000109320500180665
30712,0.000109181567160558
30711,0.000109042766759958
30710,0.000108904098948391
30709,0.000108765563695193
30708,0.000108627160969506
30707,0.000108488890740291
30706,0.000108350752976312
30705,0.000108212747646152
30704,0.0001080748747182
30703,0.000107937134160661
30702,0.000107799525941552
30701,0.000107662050028702
30700,0.000107524706389755
30699,0.000107445254011408
30698,0.00010736584612544
30697,0.000107286482724681
30696,0.000107207163801941
30695,0.000107127889350011
30694,0.000107048659361661
30693,0.000106969473829642
30692,0.000106890332746688
30691,0.00010681123610551
30690,0.000106732183898803
30689,0.000106653176119241
30688,0.000106574212759476
30687,0.000106495293812148
30686,0.00010641641926987
30685,0.00010633758912524
30684,0.000106258803370837
30683,0.000106180061999218
30682,0.000106101365002924
30681,0.000106022712374473
30680,0.000105944104106369
30679,0.000105922685027453
30678,0.0001059012703635
30677,0.000105879860114076
30676,0.000105858454278748
30675,0.000105837052857081
30674,0.000105815655848642
30673,0.000105794263252994
30672,0.000105772875069705
30671,0.000105751491298338
30670,0.000105730111938459
30669,0.000105708736989633
30668,0.000105687366451421
30667,0.000105666000323391
30666,0.000105644638605103
30665,0.000105623281296123
30664,0.000105601928396014
30663,0.000105580579904336
30662,0.000105559235820656
30661,0.000105537896144532
30660,0.00010551656087553
30659,0.000105528801456422
30658,0.000105541043886486
30657,0.000105553288165751
30656,0.000105565534294244
30655,0.000105577782271995
30654,0.000105590032099031
30653,0.000105602283775381
30652,0.000105614537301074
30651,0.000105626792676137
30650,0.000105639049900597
30649,0.000105651308974483
30648,0.000105663569897823
30647,0.000105675832670644
30646,0.000105688097292973
30645,0.000105700363764839
30644,0.000105712632086267
30643,0.000105724902257286
30642,0.000105737174277924
30641,0.000105749448148205
30640,0.000105761723868157
30639,0.000105807636828134
30638,0.000105853565360337
30637,0.000105899509465938
30636,0.000105945469146107
30635,0.000105991444402009
30634,0.000106037435234807
30633,0.00010608344164566
30632,0.000106129463635722
30631,0.000106175501206148
30630,0.000106221554358087
30629,0.000106267623092684
30628,0.000106313707411082
30627,0.00010635980731442
30626,0.000106405922803835
30625,0.00010645205388046
30624,0.000106498200545423
30623,0.000106544362799852
30622,0.000106590540644867
30621,0.000106636734081591
30620,0.000106682943111139
30619,0.000106751741719259
30618,0.000106820574145791
30617,0.000106889440394614
30616,0.000106958340469594
30615,0.000107027274374583
30614,0.00010709624211342
30613,0.000107165243689929
30612,0.000107234279107922
30611,0.000107303348371196
30610,0.000107372451483535
30609,0.000107441588448709
30608,0.000107510759270475
30607,0.000107579963952576
30606,0.000107649202498738
30605,0.00010771847491268
30604,0.0001077877811981
30603,0.000107857121358689
30602,0.000107926495398118
30601,0.000107995903320048
30600,0.000108065345128126
30599,0.000108146218544353
30598,0.000108227137712639
30597,0.000108308102638825
30596,0.00010838911332873
30595,0.000108470169788148
30594,0.000108551272022847
30593,0.000108632420038574
30592,0.000108713613841046
30591,0.000108794853435963
30590,0.000108876138828992
30589,0.000108957470025781
30588,0.000109038847031954
30587,0.000109120269853106
30586,0.000109201738494812
30585,0.000109283252962618
30584,0.000109364813262048
30583,0.000109446419398602
30582,0.000109528071377752
30581,0.00010960976920495
30580,0.000109691512885617
30579,0.000109771043373666
30578,0.000109850619063004
30577,0.000109930239962096
30576,0.000110009906079388
30575,0.000110089617423304
30574,0.000110169374002249
30573,0.00011024917582461
30572,0.000110329022898748
30571,0.000110408915233008
30570,0.000110488852835713
30569,0.000110568835715166
30568,0.00011064886387965
30567,0.000110728937337425
30566,0.000110809056096733
30565,0.000110889220165795
30564,0.00011096942955281
30563,0.00011104968426596
30562,0.0001111299843134
30561,0.000111210329703272
30560,0.00011129072044369
30559,0.000111360618027136
30558,0.000111430548503605
30557,0.000111500511876976
30556,0.000111570508151114
30555,0.000111640537329878
30554,0.000111710599417111
30553,0.000111780694416649
30552,0.000111850822332315
30551,0.000111920983167918
30550,0.000111991176927261
30549,0.000112061403614134
30548,0.000112131663232313
30547,0.000112201955785569
30546,0.000112272281277654
30545,0.000112342639712314
30544,0.000112413031093284
30543,0.000112483455424285
30542,0.000112553912709029
30541,0.000112624402951216
30540,0.000112694926154533
30539,0.000112740843164738
30538,0.000112786775564621
30537,0.000112832723355986
30536,0.000112878686540639
30535,0.00011292466512038
30534,0.000112970659097006
30533,0.000113016668472314
30532,0.000113062693248094
30531,0.00011310873342614
30530,0.000113154789008237
30529,0.000113200859996171
30528,0.000113246946391723
30527,0.000113293048196674
30526,0.000113339165412801
30525,0.000113385298041878
30524,0.000113431446085677
30523,0.000113477609545967
30522,0.000113523788424513
30521,0.000113569982723082
30520,0.000113616192443433
30519,0.000113616192443433
30518,0.000113616192443433
30517,0.000113616192443433
30516,0.000113616192443433
30515,0.000113616192443433
30514,0.000113616192443433
30513,0.000113616192443433
30512,0.000113616192443433
30511,0.000113616192443433
30510,0.000113616192443433
30509,0.000113616192443433
30508,0.000113616192443433
30507,0.000113616192443433
30506,0.000113616192443433
30505,0.000113616192443433
30504,0.000113616192443433
30503,0.000113616192443433
30502,0.000113616192443433
30501,0.000113616192443433
30500,0.000113616192443433
30499,0.000113580707986484
30498,0.000113545231784201
30497,0.000113509763836138
30496,0.000113474304141856
30495,0.000113438852700909
30494,0.000113403409512854
30493,0.000113367974577247
30492,0.000113332547893641
30491,0.000113297129461591
30490,0.000113261719280649
30489,0.000113226317350367
30488,0.000113190923670298
30487,0.000113155538239992
30486,0.000113120161058999
30485,0.000113084792126869
30484,0.000113049431443151
30483,0.000113014079007393
30482,0.000112978734819141
30481,0.000112943398877944
30480,0.000112908071183346
30479,0.000112813904311
30478,0.000112719796069258
30477,0.000112625746449433
30476,0.000112531755442808
30475,0.000112437823040626
30474,0.000112343949234098
30473,0.000112250134014399
30472,0.000112156377372665
30471,0.000112062679300002
30470,0.000111969039787475
30469,0.000111875458826119
30468,0.00011178193640693
30467,0.000111688472520869
30466,0.000111595067158865
30465,0.000111501720311807
30464,0.000111408431970554
30463,0.000111315202125926
30462,0.00011122203076871
30461,0.000111128917889657
30460,0.000111035863479482
30459,0.000110862640257756
30458,0.000110689622733225
30457,0.000110516810836055
30456,0.000110344204495993
30455,0.000110171803642366
30454,0.000109999608204084
30453,0.000109827618109642
30452,0.000109655833287118
30451,0.000109484253664176
30450,0.000109312879168069
30449,0.000109141709725634
30448,0.0001089707452633
30447,0.000108799985707085
30446,0.000108629430982596
30445,0.000108459081015034
30444,0.000108288935729193
30443,0.000108118995049458
30442,0.000107949258899813
30441,0.000107779727203835
30440,0.000107610399884698
30439,0.000107385686575775
30438,0.000107161337587463
30437,0.000106937352723718
30436,0.000106713731787229
30435,0.00010649047457942
30434,0.000106267580900463
30433,0.000106045050549272
30432,0.000105822883323517
30431,0.000105601079019621
30430,0.000105379637432769
30429,0.000105158558356913
30428,0.000104937841584771
30427,0.00010471748690784
30426,0.000104497494116392
30425,0.000104277862999484
30424,0.000104058593344962
30423,0.000103839684939462
30422,0.00010362113756842
30421,0.00010340295101607
30420,0.000103185125065456
30419,0.000102923756482676
30418,0.000102662905498551
30417,0.000102402571740991
30416,0.000102142754835476
30415,0.000101883454405074
30414,0.000101624670070443
30413,0.000101366401449851
30412,0.000101108648159181
30411,0.000100851409811941
30410,0.000100594686019279
30409,0.000100338476389994
30408,0.000100082780530543
30407,9.98275980450542e-05
30406,9.95729285353362e-05
30405,9.93187716008925e-05
30404,9.9065126838929e-05
30403,9.88119938443658e-05
30402,9.85593722098492e-05
30401,9.83072615257588e-05
30400,9.80556613802235e-05
30399,9.77623885881843e-05
30398,9.74698088796949e-05
30397,9.7177921599504e-05
30396,9.68867260882714e-05
30395,9.65962216825857e-05
30394,9.63064077149917e-05
30393,9.60172835140114e-05
30392,9.57288484041645e-05
30391,9.54411017059968e-05
30390,9.51540427360969e-05
30389,9.4867670807124e-05
30388,9.45819852278291e-05
30387,9.42969853030749e-05
30386,9.40126703338643e-05
30385,9.37290396173568e-05
30384,9.3446092446897e-05
30383,9.31638281120343e-05
30382,9.28822458985442e-05
30381,9.26013450884554e-05
30380,9.23211249600673e-05
30379,9.20326957458044e-05
30378,9.1744996891379e-05
30377,9.14580275505912e-05
30376,9.11717868730716e-05
30375,9.08862740043132e-05
30374,9.06014880856968e-05
30373,9.03174282545199e-05
30372,9.00340936440253e-05
30371,8.97514833834262e-05
30370,8.94695965979384e-05
30369,8.91884324088057e-05
30368,8.89079899333277e-05
30367,8.86282682848893e-05
30366,8.83492665729847e-05
30365,8.80709839032501e-05
30364,8.77934193774883e-05
30363,8.7516572093697e-05
30362,8.7240441146097e-05
30361,8.69650256251575e-05
30360,8.66903246176271e-05
30359,8.64127699447822e-05
30358,8.61359288185817e-05
30357,8.58598003988266e-05
30356,8.5584383841433e-05
30355,8.53096782984607e-05
30354,8.50356829181366e-05
30353,8.476239684488e-05
30352,8.44898192193295e-05
30351,8.42179491783645e-05
30350,8.39467858551355e-05
30349,8.36763283790858e-05
30348,8.34065758759782e-05
30347,8.31375274679198e-05
30346,8.28691822733855e-05
30345,8.26015394072464e-05
30344,8.23345979807925e-05
30343,8.20683571017583e-05
30342,8.18028158743485e-05
30341,8.15379733992603e-05
30340,8.12738287737122e-05
30339,8.10182955819548e-05
30338,8.07634150293101e-05
30337,8.05091863069028e-05
30336,8.02556086027489e-05
30335,8.00026811017709e-05
30334,7.97504029858246e-05
30333,7.94987734337175e-05
30332,7.92477916212288e-05
30331,7.89974567211345e-05
30330,7.87477679032239e-05
30329,7.8498724334325e-05
30328,7.82503251783236e-05
30327,7.80025695961826e-05
30326,7.77554567459676e-05
30325,7.75089857828626e-05
30324,7.72631558591956e-05
30323,7.70179661244575e-05
30322,7.67734157253213e-05
30321,7.65295038056673e-05
30320,7.62862295065993e-05
30319,7.6060822705934e-05
30318,7.583596456993e-05
30317,7.56116544049946e-05
30316,7.53878915155235e-05
30315,7.5164675203911e-05
30314,7.49420047705674e-05
30313,7.47198795139324e-05
30312,7.44982987304888e-05
30311,7.42772617147793e-05
30310,7.40567677594166e-05
30309,7.3836816155101e-05
30308,7.3617406190633e-05
30307,7.33985371529277e-05
30306,7.31802083270305e-05
30305,7.29624189961286e-05
30304,7.27451684415667e-05
30303,7.25284559428608e-05
30302,7.23122807777119e-05
30301,7.2096642222022e-05
30300,7.18815395499048e-05
30299,7.16894468955857e-05
30298,7.14977844558595e-05
30297,7.13065517185732e-05
30296,7.11157481702493e-05
30295,7.09253732960895e-05
30294,7.07354265799879e-05
30293,7.05459075045386e-05
30292,7.03568155510425e-05
30291,7.01681501995208e-05
30290,6.9979910928719e-05
30289,6.97920972161201e-05
30288,6.96047085379514e-05
30287,6.94177443691928e-05
30286,6.92312041835883e-05
30285,6.90450874536512e-05
30284,6.88593936506771e-05
30283,6.86741222447506e-05
30282,6.84892727047527e-05
30281,6.83048444983736e-05
30280,6.81208370921171e-05
30279,6.79627717876096e-05
30278,6.78050158625828e-05
30277,6.76475689709064e-05
30276,6.74904307659149e-05
30275,6.73336009004115e-05
30274,6.71770790266713e-05
30273,6.70208647964457e-05
30272,6.68649578609654e-05
30271,6.67093578709443e-05
30270,6.65540644765832e-05
30269,6.63990773275737e-05
30268,6.62443960731013e-05
30267,6.60900203618495e-05
30266,6.5935949842003e-05
30265,6.5782184161252e-05
30264,6.56287229667952e-05
30263,6.54755659053437e-05
30262,6.53227126231243e-05
30261,6.51701627658839e-05
30260,6.50179159788921e-05
30259,6.48886006332962e-05
30258,6.47595042786985e-05
30257,6.46306266962752e-05
30256,6.45019676669532e-05
30255,6.43735269714155e-05
30254,6.42453043900996e-05
30253,6.41172997032002e-05
30252,6.39895126906727e-05
30251,6.3861943132231e-05
30250,6.37345908073534e-05
30249,6.36074554952804e-05
30248,6.34805369750179e-05
30247,6.33538350253403e-05
30246,6.32273494247887e-05
30245,6.31010799516764e-05
30244,6.29750263840867e-05
30243,6.28491884998765e-05
30242,6.27235660766792e-05
30241,6.25981588919023e-05
30240,6.24729667227338e-05
30239,6.23489127962406e-05
30238,6.22250707606126e-05
30237,6.21014403921843e-05
30236,6.19780214671019e-05
30235,6.18548137613296e-05
30234,6.17318170506471e-05
30233,6.16090311106525e-05
30232,6.14864557167656e-05
30231,6.13640906442256e-05
30230,6.12419356680967e-05
30229,6.11199905632658e-05
30228,6.09982551044458e-05
30227,6.0876729066178e-05
30226,6.07554122228308e-05
30225,6.06343043486046e-05
30224,6.05134052175296e-05
30223,6.03927146034693e-05
30222,6.0272232280123e-05
30221,6.01519580210239e-05
30220,6.00318915995443e-05
30219,5.99252191330048e-05
30218,5.98187106057641e-05
30217,5.97123658614275e-05
30216,5.96061847434852e-05
30215,5.95001670953128e-05
30214,5.93943127601724e-05
30213,5.92886215812132e-05
30212,5.91830934014722e-05
30211,5.90777280638757e-05
30210,5.8972525411239e-05
30209,5.88674852862684e-05
30208,5.87626075315609e-05
30207,5.86578919896062e-05
30206,5.85533385027863e-05
30205,5.84489469133771e-05
30204,5.83447170635491e-05
30203,5.8240648795368e-05
30202,5.81367419507957e-05
30201,5.80329963716908e-05
30200,5.79294118998099e-05
30199,5.78140721139584e-05
30198,5.76989344215254e-05
30197,5.75839985886986e-05
30196,5.74692643815523e-05
30195,5.73547315660527e-05
30194,5.72403999080555e-05
30193,5.71262691733092e-05
30192,5.70123391274575e-05
30191,5.68986095360374e-05
30190,5.67850801644847e-05
30189,5.66717507781313e-05
30188,5.65586211422087e-05
30187,5.64456910218502e-05
30186,5.63329601820894e-05
30185,5.6220428387865e-05
30184,5.61080954040188e-05
30183,5.59959609952987e-05
30182,5.58840249263613e-05
30181,5.57722869617697e-05
30180,5.5660746865999e-05
30179,5.55313585420325e-05
30178,5.54022442399499e-05
30177,5.52734035512503e-05
30176,5.51448360673204e-05
30175,5.50165413794378e-05
30174,5.48885190787742e-05
30173,5.47607687563986e-05
30172,5.46332900032809e-05
30171,5.45060824102946e-05
30170,5.43791455682204e-05
30169,5.42524790677495e-05
30168,5.41260824994865e-05
30167,5.39999554539527e-05
30166,5.38740975215894e-05
30165,5.37485082927611e-05
30164,5.36231873577585e-05
30163,5.34981343068018e-05
30162,5.33733487300436e-05
30161,5.32488302175725e-05
30160,5.3124578359416e-05
30159,5.29626530391386e-05
30158,5.28011755876246e-05
30157,5.26401451283558e-05
30156,5.24795607846236e-05
30155,5.23194216795369e-05
30154,5.21597269360346e-05
30153,5.20004756768957e-05
30152,5.184166702475e-05
30151,5.16833001020901e-05
30150,5.15253740312795e-05
30149,5.13678879345648e-05
30148,5.12108409340862e-05
30147,5.10542321518868e-05
30146,5.08980607099256e-05
30145,5.07423257300846e-05
30144,5.05870263341812e-05
30143,5.0432161643978e-05
30142,5.02777307811928e-05
30141,5.01237328675104e-05
30140,4.99701670245898e-05
30139,4.97897904885461e-05
30138,4.96100303486774e-05
30137,4.94308850115036e-05
30136,4.92523528838983e-05
30135,4.9074432373114e-05
30134,4.88971218868113e-05
30133,4.87204198330853e-05
30132,4.85443246204924e-05
30131,4.8368834658079e-05
30130,4.81939483554053e-05
30129,4.80196641225736e-05
30128,4.78459803702546e-05
30127,4.76728955097127e-05
30126,4.75004079528339e-05
30125,4.73285161121493e-05
30124,4.71572184008621e-05
30123,4.69865132328735e-05
30122,4.68163990228064e-05
30121,4.66468741860338e-05
30120,4.64779371386999e-05
30119,4.62694784941758e-05
30118,4.60618928995267e-05
30117,4.58551775953058e-05
30116,4.56493298233894e-05
30115,4.54443468270337e-05
30114,4.52402258509379e-05
30113,4.50369641413022e-05
30112,4.48345589458851e-05
30111,4.46330075140652e-05
30110,4.44323070968957e-05
30109,4.42324549471654e-05
30108,4.4033448319454e-05
30107,4.38352844701879e-05
30106,4.36379606576998e-05
30105,4.34414741422808e-05
30104,4.32458221862389e-05
30103,4.30510020539533e-05
30102,4.28570110119272e-05
30101,4.26638463288452e-05
30100,4.24715052756238e-05
30099,4.2255162759635e-05
30098,4.20398674880016e-05
30097,4.18256154954804e-05
30096,4.16124028210084e-05
30095,4.14002255077958e-05
30094,4.1189079603425e-05
30093,4.09789611599434e-05
30092,4.07698662339565e-05
30091,4.05617908867231e-05
30090,4.03547311842448e-05
30089,4.0148683197359e-05
30088,3.99436430018284e-05
30087,3.97396066784293e-05
30086,3.95365703130424e-05
30085,3.93345299967374e-05
30084,3.91334818258622e-05
30083,3.89334219021279e-05
30082,3.87343463326924e-05
30081,3.85362512302466e-05
30080,3.83391327130956e-05
30079,3.81205787893314e-05
30078,3.79031955040218e-05
30077,3.76869780023009e-05
30076,3.74719214353943e-05
30075,3.72580209607455e-05
30074,3.70452717421355e-05
30073,3.68336689498047e-05
30072,3.66232077605729e-05
30071,3.64138833579563e-05
30070,3.62056909322867e-05
30069,3.59986256808256e-05
30068,3.579268280788e-05
30067,3.55878575249169e-05
30066,3.53841450506737e-05
30065,3.51815406112723e-05
30064,3.49800394403268e-05
30063,3.47796367790533e-05
30062,3.45803278763794e-05
30061,3.43821079890477e-05
30060,3.41849723817248e-05
30059,3.39838522439544e-05
30058,3.3783859507438e-05
30057,3.35849891546618e-05
30056,3.33872361767458e-05
30055,3.31905955735558e-05
30054,3.29950623538188e-05
30053,3.28006315352335e-05
30052,3.26072981445803e-05
30051,3.24150572178327e-05
30050,3.22239038002623e-05
30049,3.20338329465486e-05
30048,3.18448397208826e-05
30047,3.16569191970706e-05
30046,3.14700664586394e-05
30045,3.12842765989354e-05
30044,3.10995447212271e-05
30043,3.09158659388036e-05
30042,3.07332353750717e-05
30041,3.05516481636548e-05
30040,3.03710994484859e-05
30039,3.01870383512615e-05
30038,3.00040566047998e-05
30037,2.98221490579455e-05
30036,2.96413105708057e-05
30035,2.9461536014856e-05
30034,2.92828202730415e-05
30033,2.9105158239878e-05
30032,2.89285448215527e-05
30031,2.87529749360211e-05
30030,2.85784435131054e-05
30029,2.84049454945901e-05
30028,2.82324758343157e-05
30027,2.80610294982723e-05
30026,2.78906014646906e-05
30025,2.77211867241336e-05
30024,2.75527802795845e-05
30023,2.73853771465351e-05
30022,2.72189723530721e-05
30021,2.70535609399615e-05
30020,2.68891379607342e-05
30019,2.67316248735969e-05
30018,2.65750196885288e-05
30017,2.64193180413688e-05
30016,2.62645155788497e-05
30015,2.61106079586677e-05
30014,2.59575908495465e-05
30013,2.58054599313039e-05
30012,2.56542108949162e-05
30011,2.55038394425803e-05
30010,2.53543412877774e-05
30009,2.52057121553331e-05
30008,2.50579477814779e-05
30007,2.49110439139078e-05
30006,2.47649963118404e-05
30005,2.46198007460745e-05
30004,2.44754529990451e-05
30003,2.4331948864879e-05
30002,2.41892841494501e-05
30001,2.40474546704319e-05
30000,2.3906456257351e-05
29999,2.3767946041589e-05
29998,2.36302399615836e-05
29997,2.34933340410918e-05
29996,2.33572243148882e-05
29995,2.32219068288145e-05
29994,2.30873776398318e-05
29993,2.29536328160698e-05
29992,2.28206684368757e-05
29991,2.26884805928631e-05
29990,2.25570653859577e-05
29989,2.24264189294447e-05
29988,2.22965373480138e-05
29987,2.21674167778037e-05
29986,2.20390533664464e-05
29985,2.19114432731091e-05
29984,2.1784582668537e-05
29983,2.16584677350936e-05
29982,2.15330946668018e-05
29981,2.14084596693833e-05
29980,2.12845589602963e-05
29979,1.11699008388402e-05
29978,1.10848798013906e-05
29977,1.10004189725898e-05
29976,1.09165154215707e-05
29975,1.08331662265088e-05
29974,1.07503684746478e-05
29973,1.06681192623228e-05
29972,1.05864156949827e-05
29971,1.05052548872138e-05
29970,1.0424633962761e-05
29969,1.034455005455e-05
29968,1.0265000304708e-05
29967,1.01859818645837e-05
29966,1.01074918947681e-05
29965,1.00295275651128e-05
29964,0
29963,0
29962,0
29961,0
29960,0
29959,0
29958,0
29957,0
29956,0
29955,0
29954,0
29953,0
29952,0
29951,0
29950,0
29949,0
29948,0
29947,0
29946,0
29945,0
29944,0
29943,0
29942,0
29941,0
29940,0
29939,0
29938,0
29937,0
29936,0
29935,0
29934,0
29933,0
29932,0
29931,0
29930,0
29929,0
29928,0
29927,0
29926,0
29925,0
29924,0
29923,0
29922,0
29921,0
29920,0
29919,0
29918,0
29917,0
29916,0
29915,0
29914,0
29913,0
29912,0
29911,0
29910,0
29909,0
29908,0
29907,0
29906,0
29905,0
29904,0
29903,0
29902,0
29901,0
29900,0
29899,0
29898,0
29897,0
29896,0
29895,0
29894,0
29893,0
29892,0
29891,0
29890,0
29889,0
29888,0
29887,0
29886,0
29885,0
29884,0
29883,0
29882,0
29881,0
29880,0
29879,0
29878,0
29877,0
29876,0
29875,0
29874,0
29873,0
29872,0
29871,0
29870,0
29869,0
29868,0
29867,0
29866,0
29865,0
29864,0
29863,0
29862,0
29861,0
29860,0
29859,0
29858,0
29857,0
29856,0
29855,0
29854,0
29853,0
29852,0
29851,0
29850,0
29849,0
29848,0
29847,0
29846,0
29845,0
29844,0
29843,0
29842,0
29841,0
29840,0
29839,0
29838,0
29837,0
29836,0
29835,0
29834,0
29833,0
29832,0
29831,0
29830,0
29829,0
29828,0
29827,0
29826,0
29825,0
29824,0
29823,0
29822,0
29821,0
29820,0
29819,0
29818,0
29817,0
29816,0
29815,0
29814,0
29813,0
29812,0
29811,0
29810,0
29809,0
29808,0
29807,0
29806,0
29805,0
29804,0
29803,0
29802,0
29801,0
29800,0
29799,0
29798,0
29797,0
29796,0
29795,0
29794,0
29793,0
29792,0
29791,0
29790,0
29789,0
29788,0
29787,0
29786,0
29785,0
29784,0
29783,0
29782,0
29781,0
29780,0
29779,0
29778,0
29777,0
29776,0
29775,0
29774,0
29773,0
29772,0
29771,0
29770,0
29769,0
29768,0
29767,0
29766,0
29765,0
29764,0
29763,0
29762,0
29761,0
29760,0
29759,0
29758,0
29757,0
29756,0
29755,0
29754,0
29753,0
29752,0
29751,0
29750,0
29749,0
29748,0
29747,0
29746,0
29745,0
29744,0
29743,0
29742,0
29741,0
29740,0
29739,0
29738,0
29737,0
29736,0
29735,0
29734,0
29733,0
29732,0
29731,0
29730,0
29729,0
29728,0
29727,0
29726,0
29725,0
29724,0
29723,0
29722,0
29721,0
29720,0
29719,0
29718,0
29717,0
29716,0
29715,0
29714,0
29713,0
29712,0
29711,0
29710,0
29709,0
29708,0
29707,0
29706,0
29705,0
29704,0
29703,0
29702,0
29701,0
29700,0
29699,0
29698,0
29697,0
29696,0
29695,0
29694,0
29693,0
29692,0
29691,0
29690,0
29689,0
29688,0
29687,0
29686,0
29685,0
29684,0
29683,0
29682,0
29681,0
29680,0
29679,0
29678,0
29677,0
29676,0
29675,0
29674,0
29673,0
29672,0
29671,0
29670,0
29669,0
29668,0
29667,0
29666,0
29665,0
29664,0
29663,0
29662,0
29661,0
29660,0
29659,0
29658,0
29657,0
29656,0
29655,0
29654,0
29653,0
29652,0
29651,0
29650,0
29649,0
29648,0
29647,0
29646,0
29645,0
29644,0
29643,0
29642,0
29641,0
29640,0
29639,0
29638,0
29637,0
29636,0
29635,0
29634,0
29633,0
29632,0
29631,0
29630,0
29629,0
29628,0
29627,0
29626,0
29625,0
29624,0
29623,0
29622,0
29621,0
29620,0
29619,0
29618,0
29617,0
29616,0
29615,0
29614,0
29613,0
29612,0
29611,0
29610,0
29609,0
29608,0
29607,0
29606,0
29605,0
29604,0
29603,0
29602,0
29601,0
29600,0
29599,0
29598,0
29597,0
29596,0
29595,0
29594,0
29593,0
29592,0
29591,0
29590,0
29589,0
29588,0
29587,0
29586,0
29585,0
29584,0
29583,0
29582,0
29581,0
29580,0
29579,0
29578,0
29577,0
29576,0
29575,0
29574,0
29573,0
29572,0
29571,0
29570,0
29569,0
29568,0
29567,0
29566,0
29565,0
29564,0
29563,0
29562,0
29561,0
29560,0
29559,0
29558,0
29557,0
29556,0
29555,0
29554,0
29553,0
29552,0
29551,0
29550,0
29549,0
29548,0
29547,0
29546,0
29545,0
29544,0
29543,0
29542,0
29541,0
29540,0
29539,0
29538,0
29537,0
29536,0
29535,0
29534,0
29533,0
29532,0
29531,0
29530,0
29529,0
29528,0
29527,0
29526,0
29525,0
29524,0
29523,0
29522,0
29521,0
29520,0
29519,0
29518,0
29517,0
29516,0
29515,0
29514,0
29513,0
29512,0
29511,0
29510,0
29509,0
29508,0
29507,0
29506,0
29505,0
29504,0
29503,0
29502,0
29501,0
29500,0
29499,0
29498,0
29497,0
29496,0
29495,0
29494,0
29493,0
29492,0
29491,0
29490,0
29489,0
29488,0
29487,0
29486,0
29485,0
29484,0
29483,0
29482,0
29481,0
29480,0
29479,0
29478,0
29477,0
29476,0
29475,0
29474,0
29473,0
29472,0
29471,0
29470,0
29469,0
29468,0
29467,0
29466,0
29465,0
29464,0
29463,0
29462,0
29461,0
29460,0
29459,0
29458,0
29457,0
29456,0
29455,0
29454,0
29453,0
29452,0
29451,0
29450,0
29449,0
29448,0
29447,0
29446,0
29445,0
29444,0
29443,0
29442,0
29441,0
29440,0
29439,0
29438,0
29437,0
29436,0
29435,0
29434,0
29433,0
29432,0
29431,0
29430,0
29429,0
29428,0
29427,0
29426,0
29425,0
29424,0
29423,0
29422,0
29421,0
29420,0
29419,0
29418,0
29417,0
29416,0
29415,0
29414,0
29413,0
29412,0
29411,0
29410,0
29409,0
29408,0
29407,0
29406,0
29405,0
29404,0
29403,0
29402,0
29401,0
29400,0
29399,0
29398,0
29397,0
29396,0
29395,0
29394,0
29393,0
29392,0
29391,0
29390,0
29389,0
29388,0
29387,0
29386,0
29385,0
29384,0
29383,0
29382,0
29381,0
29380,0
29379,0
29378,0
29377,0
29376,0
29375,0
29374,0
29373,0
29372,0
29371,0
29370,0
29369,0
29368,0
29367,0
29366,0
29365,0
29364,0
29363,0
29362,0
29361,0
29360,0
29359,0
29358,0
29357,0
29356,0
29355,0
29354,0
29353,0
29352,0
29351,0
29350,0
29349,0
29348,0
29347,0
29346,0
29345,0
29344,0
29343,0
29342,0
29341,0
29340,0
29339,0
29338,0
29337,0
29336,0
29335,0
29334,0
29333,0
29332,0
29331,0
29330,0
29329,0
29328,0
29327,0
29326,0
29325,0
29324,0
29323,0
29322,0
29321,0
29320,0
29319,0
29318,0
29317,0
29316,0
29315,0
29314,0
29313,0
29312,0
29311,0
29310,0
29309,0
29308,0
29307,0
29306,0
29305,0
29304,0
29303,0
29302,0
29301,0
29300,0
29299,0
29298,0
29297,0
29296,0
29295,0
29294,0
29293,0
29292,0
29291,0
29290,0
29289,0
29288,0
29287,0
29286,0
29285,0
29284,0
29283,0
29282,0
29281,0
29280,0
29279,0
29278,0
29277,0
29276,0
29275,0
29274,0
29273,0
29272,0
29271,0
29270,0
29269,0
29268,0
29267,0
29266,0
29265,0
29264,0
29263,0
29262,0
29261,0
29260,0
29259,0
29258,0
29257,0
29256,0
29255,0
29254,0
29253,0
29252,0
29251,0
29250,0
29249,0
29248,0
29247,0
29246,0
29245,0
29244,0
29243,0
29242,0
29241,0
29240,0
29239,0
29238,0
29237,0
29236,0
29235,0
29234,0
29233,0
29232,0
29231,0
29230,0
29229,0
29228,0
29227,0
29226,0
29225,0
29224,0
29223,0
29222,0
29221,0
29220,0
29219,0
29218,0
29217,0
29216,0
29215,0
29214,0
29213,0
29212,0
29211,0
29210,0
29209,0
29208,0
29207,0
29206,0
29205,0
29204,0
29203,0
29202,0
29201,0
29200,0
29199,0
29198,0
29197,0
29196,0
29195,0
29194,0
29193,0
29192,0
29191,0
29190,0
29189,0
29188,0
29187,0
29186,0
29185,0
29184,0
29183,0
29182,0
29181,0
29180,0
29179,0
29178,0
29177,0
29176,0
29175,0
29174,0
29173,0
29172,0
29171,0
29170,0
29169,0
29168,0
29167,0
29166,0
29165,0
29164,0
29163,0
29162,0
29161,0
29160,0
29159,0
29158,0
29157,0
29156,0
29155,0
29154,0
29153,0
29152,0
29151,0
29150,0
29149,0
29148,0
29147,0
29146,0
29145,0
29144,0
29143,0
29142,0
29141,0
29140,0
29139,0
29138,0
29137,0
29136,0
29135,0
29134,0
29133,0
29132,0
29131,0
29130,0
29129,0
29128,0
29127,0
29126,0
29125,0
29124,0
29123,0
29122,0
29121,0
29120,0
29119,0
29118,0
29117,0
29116,0
29115,0
29114,0
29113,0
29112,0
29111,0
29110,0
29109,0
29108,0
29107,0
29106,0
29105,0
29104,0
29103,0
29102,0
29101,0
29100,0
29099,0
29098,0
29097,0
29096,0
29095,0
29094,0
29093,0
29092,0
29091,0
29090,0
29089,0
29088,0
29087,0
29086,0
29085,0
29084,0
29083,0
29082,0
29081,0
29080,0
29079,0
29078,0
29077,0
29076,0
29075,0
29074,0
29073,0
29072,0
29071,0
29070,0
29069,0
29068,0
29067,0
29066,0
29065,0
29064,0
29063,0
29062,0
29061,0
29060,0
29059,0
29058,0
29057,0
29056,0
29055,0
29054,0
29053,0
29052,0
29051,0
29050,0
29049,0
29048,0
29047,0
29046,0
29045,0
29044,0
29043,0
29042,0
29041,0
29040,0
29039,0
29038,0
29037,0
29036,0
29035,0
29034,0
29033,0
29032,0
29031,0
29030,0
29029,0
29028,0
29027,0
29026,0
29025,0
29024,0
29023,0
29022,0
29021,0
29020,0
29019,0
29018,0
29017,0
29016,0
29015,0
29014,0
29013,0
29012,0
29011,0
29010,0
29009,0
29008,0
29007,0
29006,0
29005,0
29004,0
29003,0
29002,0
29001,0
29000,0
28999,0
28998,0
28997,0
28996,0
28995,0
28994,0
28993,0
28992,0
28991,0
28990,0
28989,0
28988,0
28987,0
28986,0
28985,0
28984,0
28983,0
28982,0
28981,0
28980,0
28979,0
28978,0
28977,0
28976,0
28975,0
28974,0
28973,0
28972,0
28971,0
28970,0
28969,0
28968,0
28967,0
28966,0
28965,0
28964,0
28963,0
28962,0
28961,0
28960,0
28959,0
28958,0
28957,0
28956,0
28955,0
28954,0
28953,0
28952,0
28951,0
28950,0
28949,0
28948,0
28947,0
28946,0
28945,0
28944,0
28943,0
28942,0
28941,0
28940,0
28939,0
28938,0
28937,0
28936,0
28935,0
28934,0
28933,0
28932,0
28931,0
28930,0
28929,0
28928,0
28927,0
28926,0
28925,0
28924,0
28923,0
28922,0
28921,0
28920,0
28919,0
28918,0
28917,0
28916,0
28915,0
28914,0
28913,0
28912,0
28911,0
28910,0
28909,0
28908,0
28907,0
28906,0
28905,0
28904,0
28903,0
28902,0
28901,0
28900,0
28899,0
28898,0
28897,0
28896,0
28895,0
28894,0
28893,0
28892,0
28891,0
28890,0
28889,0
28888,0
28887,0
28886,0
28885,0
28884,0
28883,0
28882,0
28881,0
28880,0
28879,0
28878,0
28877,0
28876,0
28875,0
28874,0
28873,0
28872,0
28871,0
28870,0
28869,0
28868,0
28867,0
28866,0
28865,0
28864,0
28863,0
28862,0
28861,0
28860,0
28859,0
28858,0
28857,0
28856,0
28855,0
28854,0
28853,0
28852,0
28851,0
28850,0
28849,0
28848,0
28847,0
28846,0
28845,0
28844,0
28843,0
28842,0
28841,0
28840,0
28839,0
28838,0
28837,0
28836,0
28835,0
28834,0
28833,0
28832,0
28831,0
28830,0
28829,0
28828,0
28827,0
28826,0
28825,0
28824,0
28823,0
28822,0
28821,0
28820,0
28819,0
28818,0
28817,0
28816,0
28815,0
28814,0
28813,0
28812,0
28811,0
28810,0
28809,0
28808,0
28807,0
28806,0
28805,0
28804,0
28803,0
28802,0
28801,0
28800,0
28799,0
28798,0
28797,0
28796,0
28795,0
28794,0
28793,0
28792,0
28791,0
28790,0
28789,0
28788,0
28787,0
28786,0
28785,0
28784,0
28783,0
28782,0
28781,0
28780,0
28779,0
28778,0
28777,0
28776,0
28775,0
28774,0
28773,0
28772,0
28771,0
28770,0
28769,0
28768,0
28767,0
28766,0
28765,0
28764,0
28763,0
28762,0
28761,0
28760,0
28759,0
28758,0
28757,0
28756,0
28755,0
28754,0
28753,0
28752,0
28751,0
28750,0
28749,0
28748,0
28747,0
28746,0
28745,0
28744,0
28743,0
28742,0
28741,0
28740,0
28739,0
28738,0
28737,0
28736,0
28735,0
28734,0
28733,0
28732,0
28731,0
28730,0
28729,0
28728,0
28727,0
28726,0
28725,0
28724,0
28723,0
28722,0
28721,0
28720,0
28719,0
28718,0
28717,0
28716,0
28715,0
28714,0
28713,0
28712,0
28711,0
28710,0
28709,0
28708,0
28707,0
28706,0
28705,0
28704,0
28703,0
28702,0
28701,0
28700,0
28699,0
28698,0
28697,0
28696,0
28695,0
28694,0
28693,0
28692,0
28691,0
28690,0
28689,0
28688,0
28687,0
28686,0
28685,0
28684,0
28683,0
28682,0
28681,0
28680,0
28679,0
28678,0
28677,0
28676,0
28675,0
28674,0
28673,0
28672,0
28671,0
28670,0
28669,0
28668,0
28667,0
28666,0
28665,0
28664,0
28663,0
28662,0
28661,0
28660,0
28659,0
28658,0
28657,0
28656,0
28655,0
28654,0
28653,0
28652,0
28651,0
28650,0
28649,0
28648,0
28647,0
28646,0
28645,0
28644,0
28643,0
28642,0
28641,0
28640,0
28639,0
28638,0
28637,0
28636,0
28635,0
28634,0
28633,0
28632,0
28631,0
28630,0
28629,0
28628,0
28627,0
28626,0
28625,0
28624,0
28623,0
28622,0
28621,0
28620,0
28619,0
28618,0
28617,0
28616,0
28615,0
28614,0
28613,0
28612,0
28611,0
28610,0
28609,0
28608,0
28607,0
28606,0
28605,0
28604,0
28603,0
28602,0
28601,0
28600,0
28599,0
28598,0
28597,0
28596,0
28595,0
28594,0
28593,0
28592,0
28591,0
28590,0
28589,0
28588,0
28587,0
28586,0
28585,0
28584,0
28583,0
28582,0
28581,0
28580,0
28579,0
28578,0
28577,0
28576,0
28575,0
28574,0
28573,0
28572,0
28571,0
28570,0
28569,0
28568,0
28567,0
28566,0
28565,0
28564,0
28563,0
28562,0
28561,0
28560,0
28559,0
28558,0
28557,0
28556,0
28555,0
28554,0
28553,0
28552,0
28551,0
28550,0
28549,0
28548,0
28547,0
28546,0
28545,0
28544,0
28543,0
28542,0
28541,0
28540,0
28539,0
28538,0
28537,0
28536,0
28535,0
28534,0
28533,0
28532,0
28531,0
28530,0
28529,0
28528,0
28527,0
28526,0
28525,0
28524,0
28523,0
28522,0
28521,0
28520,0
28519,0
28518,0
28517,0
28516,0
28515,0
28514,0
28513,0
28512,0
28511,0
28510,0
28509,0
28508,0
28507,0
28506,0
28505,0
28504,0
28503,0
28502,0
28501,0
28500,0
28499,0
28498,0
28497,0
28496,0
28495,0
28494,0
28493,0
28492,0
28491,0
28490,0
28489,0
28488,0
28487,0
28486,0
28485,0
28484,0
28483,0
28482,0
28481,0
28480,0
28479,0
28478,0
28477,0
28476,0
28475,0
28474,0
28473,0
28472,0
28471,0
28470,0
28469,0
28468,0
28467,0
28466,0
28465,0
28464,0
28463,0
28462,0
28461,0
28460,0
28459,0
28458,0
28457,0
28456,0
28455,0
28454,0
28453,0
28452,0
28451,0
28450,0
28449,0
28448,0
28447,0
28446,0
28445,0
28444,0
28443,0
28442,0
28441,0
28440,0
28439,0
28438,0
28437,0
28436,0
28435,0
28434,0
28433,0
28432,0
28431,0
28430,0
28429,0
28428,0
28427,0
28426,0
28425,0
28424,0
28423,0
28422,0
28421,0
28420,0
28419,0
28418,0
28417,0
28416,0
28415,0
28414,0
28413,0
28412,0
28411,0
28410,0
28409,0
28408,0
28407,0
28406,0
28405,0
28404,0
28403,0
28402,0
28401,0
28400,0
28399,0
28398,0
28397,0
28396,0
28395,0
28394,0
28393,0
28392,0
28391,0
28390,0
28389,0
28388,0
28387,0
28386,0
28385,0
28384,0
28383,0
28382,0
28381,0
28380,0
28379,0
28378,0
28377,0
28376,0
28375,0
28374,0
28373,0
28372,0
28371,0
28370,0
28369,0
28368,0
28367,0
28366,0
28365,0
28364,0
28363,0
28362,0
28361,0
28360,0
28359,0
28358,0
28357,0
28356,0
28355,0
28354,0
28353,0
28352,0
28351,0
28350,0
28349,0
28348,0
28347,0
28346,0
28345,0
28344,0
28343,0
28342,0
28341,0
28340,0
28339,0
28338,0
28337,0
28336,0
28335,0
28334,0
28333,0
28332,0
28331,0
28330,0
28329,0
28328,0
28327,0
28326,0
28325,0
28324,0
28323,0
28322,0
28321,0
28320,0
28319,0
28318,0
28317,0
28316,0
28315,0
28314,0
28313,0
28312,0
28311,0
28310,0
28309,0
28308,0
28307,0
28306,0
28305,0
28304,0
28303,0
28302,0
28301,0
28300,0
28299,0
28298,0
28297,0
28296,0
28295,0
28294,0
28293,0
28292,0
28291,0
28290,0
28289,0
28288,0
28287,0
28286,0
28285,0
28284,0
28283,0
28282,0
28281,0
28280,0
28279,0
28278,0
28277,0
28276,0
28275,0
28274,0
28273,0
28272,0
28271,0
28270,0
28269,0
28268,0
28267,0
28266,0
28265,0
28264,0
28263,0
28262,0
28261,0
28260,0
28259,0
28258,0
28257,0
28256,0
28255,0
28254,0
28253,0
28252,0
28251,0
28250,0
28249,0
28248,0
28247,0
28246,0
28245,0
28244,0
28243,0
28242,0
28241,0
28240,0
28239,0
28238,0
28237,0
28236,0
28235,0
28234,0
28233,0
28232,0
28231,0
28230,0
28229,0
28228,0
28227,0
28226,0
28225,0
28224,0
28223,0
28222,0
28221,0
28220,0
28219,0
28218,0
28217,0
28216,0
28215,0
28214,0
28213,0
28212,0
28211,0
28210,0
28209,0
28208,0
28207,0
28206,0
28205,0
28204,0
28203,0
28202,0
28201,0
28200,0
28199,0
28198,0
28197,0
28196,0
28195,0
28194,0
28193,0
28192,0
28191,0
28190,0
28189,0
28188,0
28187,0
28186,0
28185,0
28184,0
28183,0
28182,0
28181,0
28180,0
28179,0
28178,0
28177,0
28176,0
28175,0
28174,0
28173,0
28172,0
28171,0
28170,0
28169,0
28168,0
28167,0
28166,0
28165,0
28164,0
28163,0
28162,0
28161,0
28160,0
28159,0
28158,0
28157,0
28156,0
28155,0
28154,0
28153,0
28152,0
28151,0
28150,0
28149,0
28148,0
28147,0
28146,0
28145,0
28144,0
28143,0
28142,0
28141,0
28140,0
28139,0
28138,0
28137,0
28136,0
28135,0
28134,0
28133,0
28132,0
28131,0
28130,0
28129,0
28128,0
28127,0
28126,0
28125,0
28124,0
28123,0
28122,0
28121,0
28120,0
28119,0
28118,0
28117,0
28116,0
28115,0
28114,0
28113,0
28112,0
28111,0
28110,0
28109,0
28108,0
28107,0
28106,0
28105,0
28104,0
28103,0
28102,0
28101,0
28100,0
28099,0
28098,0
28097,0
28096,0
28095,0
28094,0
28093,0
28092,0
28091,0
28090,0
28089,0
28088,0
28087,0
28086,0
28085,0
28084,0
28083,0
28082,0
28081,0
28080,0
28079,0
28078,0
28077,0
28076,0
28075,0
28074,0
28073,0
28072,0
28071,0
28070,0
28069,0
28068,0
28067,0
28066,0
28065,0
28064,0
28063,0
28062,0
28061,0
28060,0
28059,0
28058,0
28057,0
28056,0
28055,0
28054,0
28053,0
28052,0
28051,0
28050,0
28049,0
28048,0
28047,0
28046,0
28045,0
28044,0
28043,0
28042,0
28041,0
28040,0
28039,0
28038,0
28037,0
28036,0
28035,0
28034,0
28033,0
28032,0
28031,0
28030,0
28029,0
28028,0
28027,0
28026,0
28025,0
28024,0
28023,0
28022,0
28021,0
28020,0
28019,0
28018,0
28017,0
28016,0
28015,0
28014,0
28013,0
28012,0
28011,0
28010,0
28009,0
28008,0
28007,0
28006,0
28005,0
28004,0
28003,0
28002,0
28001,0
28000,0
27999,0
27998,0
27997,0
27996,0
27995,0
27994,0
27993,0
27992,0
27991,0
27990,0
27989,0
27988,0
27987,0
27986,0
27985,0
27984,0
27983,0
27982,0
27981,0
27980,0
27979,0
27978,0
27977,0
27976,0
27975,0
27974,0
27973,0
27972,0
27971,0
27970,0
27969,0
27968,0
27967,0
27966,0
27965,0
27964,0
27963,0
27962,0
27961,0
27960,0
27959,0
27958,0
27957,0
27956,0
27955,0
27954,0
27953,0
27952,0
27951,0
27950,0
27949,0
27948,0
27947,0
27946,0
27945,0
27944,0
27943,0
27942,0
27941,0
27940,0
27939,0
27938,0
27937,0
27936,0
27935,0
27934,0
27933,0
27932,0
27931,0
27930,0
27929,0
27928,0
27927,0
27926,0
27925,0
27924,0
27923,0
27922,0
27921,0
27920,0
27919,0
27918,0
27917,0
27916,0
27915,0
27914,0
27913,0
27912,0
27911,0
27910,0
27909,0
27908,0
27907,0
27906,0
27905,0
27904,0
27903,0
27902,0
27901,0
27900,0
27899,0
27898,0
27897,0
27896,0
27895,0
27894,0
27893,0
27892,0
27891,0
27890,0
27889,0
27888,0
27887,0
27886,0
27885,0
27884,0
27883,0
27882,0
27881,0
27880,0
27879,0
27878,0
27877,0
27876,0
27875,0
27874,0
27873,0
27872,0
27871,0
27870,0
27869,0
27868,0
27867,0
27866,0
27865,0
27864,0
27863,0
27862,0
27861,0
27860,0
27859,0
27858,0
27857,0
27856,0
27855,0
27854,0
27853,0
27852,0
27851,0
27850,0
27849,0
27848,0
27847,0
27846,0
27845,0
27844,0
27843,0
27842,0
27841,0
27840,0
27839,0
27838,0
27837,0
27836,0
27835,0
27834,0
27833,0
27832,0
27831,0
27830,0
27829,0
27828,0
27827,0
27826,0
27825,0
27824,0
27823,0
27822,0
27821,0
27820,0
27819,0
27818,0
27817,0
27816,0
27815,0
27814,0
27813,0
27812,0
27811,0
27810,0
27809,0
27808,0
27807,0
27806,0
27805,0
27804,0
27803,0
27802,0
27801,0
27800,0
27799,0
27798,0
27797,0
27796,0
27795,0
27794,0
27793,0
27792,0
27791,0
27790,0
27789,0
27788,0
27787,0
27786,0
27785,0
27784,0
27783,0
27782,0
27781,0
27780,0
27779,0
27778,0
27777,0
27776,0
27775,0
27774,0
27773,0
27772,0
27771,0
27770,0
27769,0
27768,0
27767,0
27766,0
27765,0
27764,0
27763,0
27762,0
27761,0
27760,0
27759,0
27758,0
27757,0
27756,0
27755,0
27754,0
27753,0
27752,0
27751,0
27750,0
27749,0
27748,0
27747,0
27746,0
27745,0
27744,0
27743,0
27742,0
27741,0
27740,0
27739,0
27738,0
27737,0
27736,0
27735,0
27734,0
27733,0
27732,0
27731,0
27730,0
27729,0
27728,0
27727,0
27726,0
27725,0
27724,0
27723,0
27722,0
27721,0
27720,0
27719,0
27718,0
27717,0
27716,0
27715,0
27714,0
27713,0
27712,0
27711,0
27710,0
27709,0
27708,0
27707,0
27706,0
27705,0
27704,0
27703,0
27702,0
27701,0
27700,0
27699,0
27698,0
27697,0
27696,0
27695,0
27694,0
27693,0
27692,0
27691,0
27690,0
27689,0
27688,0
27687,0
27686,0
27685,0
27684,0
27683,0
27682,0
27681,0
27680,0
27679,0
27678,0
27677,0
27676,0
27675,0
27674,0
27673,0
27672,0
27671,0
27670,0
27669,0
27668,0
27667,0
27666,0
27665,0
27664,0
27663,0
27662,0
27661,0
27660,0
27659,0
27658,0
27657,0
27656,0
27655,0
27654,0
27653,0
27652,0
27651,0
27650,0
27649,0
27648,0
27647,0
27646,0
27645,0
27644,0
27643,0
27642,0
27641,0
27640,0
27639,0
27638,0
27637,0
27636,0
27635,0
27634,0
27633,0
27632,0
27631,0
27630,0
27629,0
27628,0
27627,0
27626,0
27625,0
27624,0
27623,0
27622,0
27621,0
27620,0
27619,0
27618,0
27617,0
27616,0
27615,0
27614,0
27613,0
27612,0
27611,0
27610,0
27609,0
27608,0
27607,0
27606,0
27605,0
27604,0
27603,0
27602,0
27601,0
27600,0
27599,0
27598,0
27597,0
27596,0
27595,0
27594,0
27593,0
27592,0
27591,0
27590,0
27589,0
27588,0
27587,0
27586,0
27585,0
27584,0
27583,0
27582,0
27581,0
27580,0
27579,0
27578,0
27577,0
27576,0
27575,0
27574,0
27573,0
27572,0
27571,0
27570,0
27569,0
27568,0
27567,0
27566,0
27565,0
27564,0
27563,0
27562,0
27561,0
27560,0
27559,0
27558,0
27557,0
27556,0
27555,0
27554,0
27553,0
27552,0
27551,0
27550,0
27549,0
27548,0
27547,0
27546,0
27545,0
27544,0
27543,0
27542,0
27541,0
27540,0
27539,0
27538,0
27537,0
27536,0
27535,0
27534,0
27533,0
27532,0
27531,0
27530,0
27529,0
27528,0
27527,0
27526,0
27525,0
27524,0
27523,0
27522,0
27521,0
27520,0
27519,0
27518,0
27517,0
27516,0
27515,0
27514,0
27513,0
27512,0
27511,0
27510,0
27509,0
27508,0
27507,0
27506,0
27505,0
27504,0
27503,0
27502,0
27501,0
27500,0
27499,0
27498,0
27497,0
27496,0
27495,0
27494,0
27493,0
27492,0
27491,0
27490,0
27489,0
27488,0
27487,0
27486,0
27485,0
27484,0
27483,0
27482,0
27481,0
27480,0
27479,0
27478,0
27477,0
27476,0
27475,0
27474,0
27473,0
27472,0
27471,0
27470,0
27469,0
27468,0
27467,0
27466,0
27465,0
27464,0
27463,0
27462,0
27461,0
27460,0
27459,0
27458,0
27457,0
27456,0
27455,0
27454,0
27453,0
27452,0
27451,0
27450,0
27449,0
27448,0
27447,0
27446,0
27445,0
27444,0
27443,0
27442,0
27441,0
27440,0
27439,0
27438,0
27437,0
27436,0
27435,0
27434,0
27433,0
27432,0
27431,0
27430,0
27429,0
27428,0
27427,0
27426,0
27425,0
27424,0
27423,0
27422,0
27421,0
27420,0
27419,0
27418,0
27417,0
27416,0
27415,0
27414,0
27413,0
27412,0
27411,0
27410,0
27409,0
27408,0
27407,0
27406,0
27405,0
27404,0
27403,0
27402,0
27401,0
27400,0
27399,0
27398,0
27397,0
27396,0
27395,0
27394,0
27393,0
27392,0
27391,0
27390,0
27389,0
27388,0
27387,0
27386,0
27385,0
27384,0
27383,0
27382,0
27381,0
27380,0
27379,0
27378,0
27377,0
27376,0
27375,0
27374,0
27373,0
27372,0
27371,0
27370,0
27369,0
27368,0
27367,0
27366,0
27365,0
27364,0
27363,0
27362,0
27361,0
27360,0
27359,0
27358,0
27357,0
27356,0
27355,0
27354,0
27353,0
27352,0
27351,0
27350,0
27349,0
27348,0
27347,0
27346,0
27345,0
27344,0
27343,0
27342,0
27341,0
27340,0
27339,0
27338,0
27337,0
27336,0
27335,0
27334,0
27333,0
27332,0
27331,0
27330,0
27329,0
27328,0
27327,0
27326,0
27325,0
27324,0
27323,0
27322,0
27321,0
27320,0
27319,0
27318,0
27317,0
27316,0
27315,0
27314,0
27313,0
27312,0
27311,0
27310,0
27309,0
27308,0
27307,0
27306,0
27305,0
27304,0
27303,0
27302,0
27301,0
27300,0
27299,0
27298,0
27297,0
27296,0
27295,0
27294,0
27293,0
27292,0
27291,0
27290,0
27289,0
27288,0
27287,0
27286,0
27285,0
27284,0
27283,0
27282,0
27281,0
27280,0
27279,0
27278,0
27277,0
27276,0
27275,0
27274,0
27273,0
27272,0
27271,0
27270,0
27269,0
27268,0
27267,0
27266,0
27265,0
27264,0
27263,0
27262,0
27261,0
27260,0
27259,0
27258,0
27257,0
27256,0
27255,0
27254,0
27253,0
27252,0
27251,0
27250,0
27249,0
27248,0
27247,0
27246,0
27245,0
27244,0
27243,0
27242,0
27241,0
27240,0
27239,0
27238,0
27237,0
27236,0
27235,0
27234,0
27233,0
27232,0
27231,0
27230,0
27229,0
27228,0
27227,0
27226,0
27225,0
27224,0
27223,0
27222,0
27221,0
27220,0
27219,0
27218,0
27217,0
27216,0
27215,0
27214,0
27213,0
27212,0
27211,0
27210,0
27209,0
27208,0
27207,0
27206,0
27205,0
27204,0
27203,0
27202,0
27201,0
27200,0
27199,0
27198,0
27197,0
27196,0
27195,0
27194,0
27193,0
27192,0
27191,0
27190,0
27189,0
27188,0
27187,0
27186,0
27185,0
27184,0
27183,0
27182,0
27181,0
27180,0
27179,0
27178,0
27177,0
27176,0
27175,0
27174,0
27173,0
27172,0
27171,0
27170,0
27169,0
27168,0
27167,0
27166,0
27165,0
27164,0
27163,0
27162,0
27161,0
27160,0
27159,0
27158,0
27157,0
27156,0
27155,0
27154,0
27153,0
27152,0
27151,0
27150,0
27149,0
27148,0
27147,0
27146,0
27145,0
27144,0
27143,0
27142,0
27141,0
27140,0
27139,0
27138,0
27137,0
27136,0
27135,0
27134,0
27133,0
27132,0
27131,0
27130,0
27129,0
27128,0
27127,0
27126,0
27125,0
27124,0
27123,0
27122,0
27121,0
27120,0
27119,0
27118,0
27117,0
27116,0
27115,0
27114,0
27113,0
27112,0
27111,0
27110,0
27109,0
27108,0
27107,0
27106,0
27105,0
27104,0
27103,0
27102,0
27101,0
27100,0
27099,0
27098,0
27097,0
27096,0
27095,0
27094,0
27093,0
27092,0
27091,0
27090,0
27089,0
27088,0
27087,0
27086,0
27085,0
27084,0
27083,0
27082,0
27081,0
27080,0
27079,0
27078,0
27077,0
27076,0
27075,0
27074,0
27073,0
27072,0
27071,0
27070,0
27069,0
27068,0
27067,0
27066,0
27065,0
27064,0
27063,0
27062,0
27061,0
27060,0
27059,0
27058,0
27057,0
27056,0
27055,0
27054,0
27053,0
27052,0
27051,0
27050,0
27049,0
27048,0
27047,0
27046,0
27045,0
27044,0
27043,0
27042,0
27041,0
27040,0
27039,0
27038,0
27037,0
27036,0
27035,0
27034,0
27033,0
27032,0
27031,0
27030,0
27029,0
27028,0
27027,0
27026,0
27025,0
27024,0
27023,0
27022,0
27021,0
27020,0
27019,0
27018,0
27017,0
27016,0
27015,0
27014,0
27013,0
27012,0
27011,0
27010,0
27009,0
27008,0
27007,0
27006,0
27005,0
27004,0
27003,0
27002,0
27001,0
27000,0
26999,0
26998,0
26997,0
26996,0
26995,0
26994,0
26993,0
26992,0
26991,0
26990,0
26989,0
26988,0
26987,0
26986,0
26985,0
26984,0
26983,0
26982,0
26981,0
26980,0
26979,0
26978,0
26977,0
26976,0
26975,0
26974,0
26973,0
26972,0
26971,0
26970,0
26969,0
26968,0
26967,0
26966,0
26965,0
26964,0
26963,0
26962,0
26961,0
26960,0
26959,0
26958,0
26957,0
26956,0
26955,0
26954,0
26953,0
26952,0
26951,0
26950,0
26949,0
26948,0
26947,0
26946,0
26945,0
26944,0
26943,0
26942,0
26941,0
26940,0
26939,0
26938,0
26937,0
26936,0
26935,0
26934,0
26933,0
26932,0
26931,0
26930,0
26929,0
26928,0
26927,0
26926,0
26925,0
26924,0
26923,0
26922,0
26921,0
26920,0
26919,0
26918,0
26917,0
26916,0
26915,0
26914,0
26913,0
26912,0
26911,0
26910,0
26909,0
26908,0
26907,0
26906,0
26905,0
26904,0
26903,0
26902,0
26901,0
26900,0
26899,0
26898,0
26897,0
26896,0
26895,0
26894,0
26893,0
26892,0
26891,0
26890,0
26889,0
26888,0
26887,0
26886,0
26885,0
26884,0
26883,0
26882,0
26881,0
26880,0
26879,0
26878,0
26877,0
26876,0
26875,0
26874,0
26873,0
26872,0
26871,0
26870,0
26869,0
26868,0
26867,0
26866,0
26865,0
26864,0
26863,0
26862,0
26861,0
26860,0
26859,0
26858,0
26857,0
26856,0
26855,0
26854,0
26853,0
26852,0
26851,0
26850,0
26849,0
26848,0
26847,0
26846,0
26845,0
26844,0
26843,0
26842,0
26841,0
26840,0
26839,0
26838,0
26837,0
26836,0
26835,0
26834,0
26833,0
26832,0
26831,0
26830,0
26829,0
26828,0
26827,0
26826,0
26825,0
26824,0
26823,0
26822,0
26821,0
26820,0
26819,0
26818,0
26817,0
26816,0
26815,0
26814,0
26813,0
26812,0
26811,0
26810,0
26809,0
26808,0
26807,0
26806,0
26805,0
26804,0
26803,0
26802,0
26801,0
26800,0
26799,0
26798,0
26797,0
26796,0
26795,0
26794,0
26793,0
26792,0
26791,0
26790,0
26789,0
26788,0
26787,0
26786,0
26785,0
26784,0
26783,0
26782,0
26781,0
26780,0
26779,0
26778,0
26777,0
26776,0
26775,0
26774,0
26773,0
26772,0
26771,0
26770,0
26769,0
26768,0
26767,0
26766,0
26765,0
26764,0
26763,0
26762,0
26761,0
26760,0
26759,0
26758,0
26757,0
26756,0
26755,0
26754,0
26753,0
26752,0
26751,0
26750,0
26749,0
26748,0
26747,0
26746,0
26745,0
26744,0
26743,0
26742,0
26741,0
26740,0
26739,0
26738,0
26737,0
26736,0
26735,0
26734,0
26733,0
26732,0
26731,0
26730,0
26729,0
26728,0
26727,0
26726,0
26725,0
26724,0
26723,0
26722,0
26721,0
26720,0
26719,0
26718,0
26717,0
26716,0
26715,0
26714,0
26713,0
26712,0
26711,0
26710,0
26709,0
26708,0
26707,0
26706,0
26705,0
26704,0
26703,0
26702,0
26701,0
26700,0
26699,0
26698,0
26697,0
26696,0
26695,0
26694,0
26693,0
26692,0
26691,0
26690,0
26689,0
26688,0
26687,0
26686,0
26685,0
26684,0
26683,0
26682,0
26681,0
26680,0
26679,0
26678,0
26677,0
26676,0
26675,0
26674,0
26673,0
26672,0
26671,0
26670,0
26669,0
26668,0
26667,0
26666,0
26665,0
26664,0
26663,0
26662,0
26661,0
26660,0
26659,0
26658,0
26657,0
26656,0
26655,0
26654,0
26653,0
26652,0
26651,0
26650,0
26649,0
26648,0
26647,0
26646,0
26645,0
26644,0
26643,0
26642,0
26641,0
26640,0
26639,0
26638,0
26637,0
26636,0
26635,0
26634,0
26633,0
26632,0
26631,0
26630,0
26629,0
26628,0
26627,0
26626,0
26625,0
26624,0
26623,0
26622,0
26621,0
26620,0
26619,0
26618,0
26617,0
26616,0
26615,0
26614,0
26613,0
26612,0
26611,0
26610,0
26609,0
26608,0
26607,0
26606,0
26605,0
26604,0
26603,0
26602,0
26601,0
26600,0
26599,0
26598,0
26597,0
26596,0
26595,0
26594,0
26593,0
26592,0
26591,0
26590,0
26589,0
26588,0
26587,0
26586,0
26585,0
26584,0
26583,0
26582,0
26581,0
26580,0
26579,0
26578,0
26577,0
26576,0
26575,0
26574,0
26573,0
26572,0
26571,0
26570,0
26569,0
26568,0
26567,0
26566,0
26565,0
26564,0
26563,0
26562,0
26561,0
26560,0
26559,0
26558,0
26557,0
26556,0
26555,0
26554,0
26553,0
26552,0
26551,0
26550,0
26549,0
26548,0
26547,0
26546,0
26545,0
26544,0
26543,0
26542,0
26541,0
26540,0
26539,0
26538,0
26537,0
26536,0
26535,0
26534,0
26533,0
26532,0
26531,0
26530,0
26529,0
26528,0
26527,0
26526,0
26525,0
26524,0
26523,0
26522,0
26521,0
26520,0
26519,0
26518,0
26517,0
26516,0
26515,0
26514,0
26513,0
26512,0
26511,0
26510,0
26509,0
26508,0
26507,0
26506,0
26505,0
26504,0
26503,0
26502,0
26501,0
26500,0
26499,0
26498,0
26497,0
26496,0
26495,0
26494,0
26493,0
26492,0
26491,0
26490,0
26489,0
26488,0
26487,0
26486,0
26485,0
26484,0
26483,0
26482,0
26481,0
26480,0
26479,0
26478,0
26477,0
26476,0
26475,0
26474,0
26473,0
26472,0
26471,0
26470,0
26469,0
26468,0
26467,0
26466,0
26465,0
26464,0
26463,0
26462,0
26461,0
26460,0
26459,0
26458,0
26457,0
26456,0
26455,0
26454,0
26453,0
26452,0
26451,0
26450,0
26449,0
26448,0
26447,0
26446,0
26445,0
26444,0
26443,0
26442,0
26441,0
26440,0
26439,0
26438,0
26437,0
26436,0
26435,0
26434,0
26433,0
26432,0
26431,0
26430,0
26429,0
26428,0
26427,0
26426,0
26425,0
26424,0
26423,0
26422,0
26421,0
26420,0
26419,0
26418,0
26417,0
26416,0
26415,0
26414,0
26413,0
26412,0
26411,0
26410,0
26409,0
26408,0
26407,0
26406,0
26405,0
26404,0
26403,0
26402,0
26401,0
26400,0
26399,0
26398,0
26397,0
26396,0
26395,0
26394,0
26393,0
26392,0
26391,0
26390,0
26389,0
26388,0
26387,0
26386,0
26385,0
26384,0
26383,0
26382,0
26381,0
26380,0
26379,0
26378,0
26377,0
26376,0
26375,0
26374,0
26373,0
26372,0
26371,0
26370,0
26369,0
26368,0
26367,0
26366,0
26365,0
26364,0
26363,0
26362,0
26361,0
26360,0
26359,0
26358,0
26357,0
26356,0
26355,0
26354,0
26353,0
26352,0
26351,0
26350,0
26349,0
26348,0
26347,0
26346,0
26345,0
26344,0
26343,0
26342,0
26341,0
26340,0
26339,0
26338,0
26337,0
26336,0
26335,0
26334,0
26333,0
26332,0
26331,0
26330,0
26329,0
26328,0
26327,0
26326,0
26325,0
26324,0
26323,0
26322,0
26321,0
26320,0
26319,0
26318,0
26317,0
26316,0
26315,0
26314,0
26313,0
26312,0
26311,0
26310,0
26309,0
26308,0
26307,0
26306,0
26305,0
26304,0
26303,0
26302,0
26301,0
26300,0
26299,0
26298,0
26297,0
26296,0
26295,0
26294,0
26293,0
26292,0
26291,0
26290,0
26289,0
26288,0
26287,0
26286,0
26285,0
26284,0
26283,0
26282,0
26281,0
26280,0
26279,0
26278,0
26277,0
26276,0
26275,0
26274,0
26273,0
26272,0
26271,0
26270,0
26269,0
26268,0
26267,0
26266,0
26265,0
26264,0
26263,0
26262,0
26261,0
26260,0
26259,0
26258,0
26257,0
26256,0
26255,0
26254,0
26253,0
26252,0
26251,0
26250,0
26249,0
26248,0
26247,0
26246,0
26245,0
26244,0
26243,0
26242,0
26241,0
26240,0
26239,0
26238,0
26237,0
26236,0
26235,0
26234,0
26233,0
26232,0
26231,0
26230,0
26229,0
26228,0
26227,0
26226,0
26225,0
26224,0
26223,0
26222,0
26221,0
26220,0
26219,0
26218,0
26217,0
26216,0
26215,0
26214,0
26213,0
26212,0
26211,0
26210,0
26209,0
26208,0
26207,0
26206,0
26205,0
26204,0
26203,0
26202,0
26201,0
26200,0
26199,0
26198,0
26197,0
26196,0
26195,0
26194,0
26193,0
26192,0
26191,0
26190,0
26189,0
26188,0
26187,0
26186,0
26185,0
26184,0
26183,0
26182,0
26181,0
26180,0
26179,0
26178,0
26177,0
26176,0
26175,0
26174,0
26173,0
26172,0
26171,0
26170,0
26169,0
26168,0
26167,0
26166,0
26165,0
26164,0
26163,0
26162,0
26161,0
26160,0
26159,0
26158,0
26157,0
26156,0
26155,0
26154,0
26153,0
26152,0
26151,0
26150,0
26149,0
26148,0
26147,0
26146,0
26145,0
26144,0
26143,0
26142,0
26141,0
26140,0
26139,0
26138,0
26137,0
26136,0
26135,0
26134,0
26133,0
26132,0
26131,0
26130,0
26129,0
26128,0
26127,0
26126,0
26125,0
26124,0
26123,0
26122,0
26121,0
26120,0
26119,0
26118,0
26117,0
26116,0
26115,0
26114,0
26113,0
26112,0
26111,0
26110,0
26109,0
26108,0
26107,0
26106,0
26105,0
26104,0
26103,0
26102,0
26101,0
26100,0
26099,0
26098,0
26097,0
26096,0
26095,0
26094,0
26093,0
26092,0
26091,0
26090,0
26089,0
26088,0
26087,0
26086,0
26085,0
26084,0
26083,0
26082,0
26081,0
26080,0
26079,0
26078,0
26077,0
26076,0
26075,0
26074,0
26073,0
26072,0
26071,0
26070,0
26069,0
26068,0
26067,0
26066,0
26065,0
26064,0
26063,0
26062,0
26061,0
26060,0
26059,0
26058,0
26057,0
26056,0
26055,0
26054,0
26053,0
26052,0
26051,0
26050,0
26049,0
26048,0
26047,0
26046,0
26045,0
26044,0
26043,0
26042,0
26041,0
26040,0
26039,0
26038,0
26037,0
26036,0
26035,0
26034,0
26033,0
26032,0
26031,0
26030,0
26029,0
26028,0
26027,0
26026,0
26025,0
26024,0
26023,0
26022,0
26021,0
26020,0
26019,0
26018,0
26017,0
26016,0
26015,0
26014,0
26013,0
26012,0
26011,0
26010,0
26009,0
26008,0
26007,0
26006,0
26005,0
26004,0
26003,0
26002,0
26001,0
26000,0
25999,0
25998,0
25997,0
25996,0
25995,0
25994,0
25993,0
25992,0
25991,0
25990,0
25989,0
25988,0
25987,0
25986,0
25985,0
25984,0
25983,0
25982,0
25981,0
25980,0
25979,0
25978,0
25977,0
25976,0
25975,0
25974,0
25973,0
25972,0
25971,0
25970,0
25969,0
25968,0
25967,0
25966,0
25965,0
25964,0
25963,0
25962,0
25961,0
25960,0
25959,0
25958,0
25957,0
25956,0
25955,0
25954,0
25953,0
25952,0
25951,0
25950,0
25949,0
25948,0
25947,0
25946,0
25945,0
25944,0
25943,0
25942,0
25941,0
25940,0
25939,0
25938,0
25937,0
25936,0
25935,0
25934,0
25933,0
25932,0
25931,0
25930,0
25929,0
25928,0
25927,0
25926,0
25925,0
25924,0
25923,0
25922,0
25921,0
25920,0
25919,0
25918,0
25917,0
25916,0
25915,0
25914,0
25913,0
25912,0
25911,0
25910,0
25909,0
25908,0
25907,0
25906,0
25905,0
25904,0
25903,0
25902,0
25901,0
25900,0
25899,0
25898,0
25897,0
25896,0
25895,0
25894,0
25893,0
25892,0
25891,0
25890,0
25889,0
25888,0
25887,0
25886,0
25885,0
25884,0
25883,0
25882,0
25881,0
25880,0
25879,0
25878,0
25877,0
25876,0
25875,0
25874,0
25873,0
25872,0
25871,0
25870,0
25869,0
25868,0
25867,0
25866,0
25865,0
25864,0
25863,0
25862,0
25861,0
25860,0
25859,0
25858,0
25857,0
25856,0
25855,0
25854,0
25853,0
25852,0
25851,0
25850,0
25849,0
25848,0
25847,0
25846,0
25845,0
25844,0
25843,0
25842,0
25841,0
25840,0
25839,0
25838,0
25837,0
25836,0
25835,0
25834,0
25833,0
25832,0
25831,0
25830,0
25829,0
25828,0
25827,0
25826,0
25825,0
25824,0
25823,0
25822,0
25821,0
25820,0
25819,0
25818,0
25817,0
25816,0
25815,0
25814,0
25813,0
25812,0
25811,0
25810,0
25809,0
25808,0
25807,0
25806,0
25805,0
25804,0
25803,0
25802,0
25801,0
25800,0
25799,0
25798,0
25797,0
25796,0
25795,0
25794,0
25793,0
25792,0
25791,0
25790,0
25789,0
25788,0
25787,0
25786,0
25785,0
25784,0
25783,0
25782,0
25781,0
25780,0
25779,0
25778,0
25777,0
25776,0
25775,0
25774,0
25773,0
25772,0
25771,0
25770,0
25769,0
25768,0
25767,0
25766,0
25765,0
25764,0
25763,0
25762,0
25761,0
25760,0
25759,0
25758,0
25757,0
25756,0
25755,0
25754,0
25753,0
25752,0
25751,0
25750,0
25749,0
25748,0
25747,0
25746,0
25745,0
25744,0
25743,0
25742,0
25741,0
25740,0
25739,0
25738,0
25737,0
25736,0
25735,0
25734,0
25733,0
25732,0
25731,0
25730,0
25729,0
25728,0
25727,0
25726,0
25725,0
25724,0
25723,0
25722,0
25721,0
25720,0
25719,0
25718,0
25717,0
25716,0
25715,0
25714,0
25713,0
25712,0
25711,0
25710,0
25709,0
25708,0
25707,0
25706,0
25705,0
25704,0
25703,0
25702,0
25701,0
25700,0
25699,0
25698,0
25697,0
25696,0
25695,0
25694,0
25693,0
25692,0
25691,0
25690,0
25689,0
25688,0
25687,0
25686,0
25685,0
25684,0
25683,0
25682,0
25681,0
25680,0
25679,0
25678,0
25677,0
25676,0
25675,0
25674,0
25673,0
25672,0
25671,0
25670,0
25669,0
25668,0
25667,0
25666,0
25665,0
25664,0
25663,0
25662,0
25661,0
25660,0
25659,0
25658,0
25657,0
25656,0
25655,0
25654,0
25653,0
25652,0
25651,0
25650,0
25649,0
25648,0
25647,0
25646,0
25645,0
25644,0
25643,0
25642,0
25641,0
25640,0
25639,0
25638,0
25637,0
25636,0
25635,0
25634,0
25633,0
25632,0
25631,0
25630,0
25629,0
25628,0
25627,0
25626,0
25625,0
25624,0
25623,0
25622,0
25621,0
25620,0
25619,0
25618,0
25617,0
25616,0
25615,0
25614,0
25613,0
25612,0
25611,0
25610,0
25609,0
25608,0
25607,0
25606,0
25605,0
25604,0
25603,0
25602,0
25601,0
25600,0
25599,0
25598,0
25597,0
25596,0
25595,0
25594,0
25593,0
25592,0
25591,0
25590,0
25589,0
25588,0
25587,0
25586,0
25585,0
25584,0
25583,0
25582,0
25581,0
25580,0
25579,0
25578,0
25577,0
25576,0
25575,0
25574,0
25573,0
25572,0
25571,0
25570,0
25569,0
25568,0
25567,0
25566,0
25565,0
25564,0
25563,0
25562,0
25561,0
25560,0
25559,0
25558,0
25557,0
25556,0
25555,0
25554,0
25553,0
25552,0
25551,0
25550,0
25549,0
25548,0
25547,0
25546,0
25545,0
25544,0
25543,0
25542,0
25541,0
25540,0
25539,0
25538,0
25537,0
25536,0
25535,0
25534,0
25533,0
25532,0
25531,0
25530,0
25529,0
25528,0
25527,0
25526,0
25525,0
25524,0
25523,0
25522,0
25521,0
25520,0
25519,0
25518,0
25517,0
25516,0
25515,0
25514,0
25513,0
25512,0
25511,0
25510,0
25509,0
25508,0
25507,0
25506,0
25505,0
25504,0
25503,0
25502,0
25501,0
25500,0
25499,0
25498,0
25497,0
25496,0
25495,0
25494,0
25493,0
25492,0
25491,0
25490,0
25489,0
25488,0
25487,0
25486,0
25485,0
25484,0
25483,0
25482,0
25481,0
25480,0
25479,0
25478,0
25477,0
25476,0
25475,0
25474,0
25473,0
25472,0
25471,0
25470,0
25469,0
25468,0
25467,0
25466,0
25465,0
25464,0
25463,0
25462,0
25461,0
25460,0
25459,0
25458,0
25457,0
25456,0
25455,0
25454,0
25453,0
25452,0
25451,0
25450,0
25449,0
25448,0
25447,0
25446,0
25445,0
25444,0
25443,0
25442,0
25441,0
25440,0
25439,0
25438,0
25437,0
25436,0
25435,0
25434,0
25433,0
25432,0
25431,0
25430,0
25429,0
25428,0
25427,0
25426,0
25425,0
25424,0
25423,0
25422,0
25421,0
25420,0
25419,0
25418,0
25417,0
25416,0
25415,0
25414,0
25413,0
25412,0
25411,0
25410,0
25409,0
25408,0
25407,0
25406,0
25405,0
25404,0
25403,0
25402,0
25401,0
25400,0
25399,0
25398,0
25397,0
25396,0
25395,0
25394,0
25393,0
25392,0
25391,0
25390,0
25389,0
25388,0
25387,0
25386,0
25385,0
25384,0
25383,0
25382,0
25381,0
25380,0
25379,0
25378,0
25377,0
25376,0
25375,0
25374,0
25373,0
25372,0
25371,0
25370,0
25369,0
25368,0
25367,0
25366,0
25365,0
25364,0
25363,0
25362,0
25361,0
25360,0
25359,0
25358,0
25357,0
25356,0
25355,0
25354,0
25353,0
25352,0
25351,0
25350,0
25349,0
25348,0
25347,0
25346,0
25345,0
25344,0
25343,0
25342,0
25341,0
25340,0
25339,0
25338,0
25337,0
25336,0
25335,0
25334,0
25333,0
25332,0
25331,0
25330,0
25329,0
25328,0
25327,0
25326,0
25325,0
25324,0
25323,0
25322,0
25321,0
25320,0
25319,0
25318,0
25317,0
25316,0
25315,0
25314,0
25313,0
25312,0
25311,0
25310,0
25309,0
25308,0
25307,0
25306,0
25305,0
25304,0
25303,0
25302,0
25301,0
25300,0
25299,0
25298,0
25297,0
25296,0
25295,0
25294,0
25293,0
25292,0
25291,0
25290,0
25289,0
25288,0
25287,0
25286,0
25285,0
25284,0
25283,0
25282,0
25281,0
25280,0
25279,0
25278,0
25277,0
25276,0
25275,0
25274,0
25273,0
25272,0
25271,0
25270,0
25269,0
25268,0
25267,0
25266,0
25265,0
25264,0
25263,0
25262,0
25261,0
25260,0
25259,0
25258,0
25257,0
25256,0
25255,0
25254,0
25253,0
25252,0
25251,0
25250,0
25249,0
25248,0
25247,0
25246,0
25245,0
25244,0
25243,0
25242,0
25241,0
25240,0
25239,0
25238,0
25237,0
25236,0
25235,0
25234,0
25233,0
25232,0
25231,0
25230,0
25229,0
25228,0
25227,0
25226,0
25225,0
25224,0
25223,0
25222,0
25221,0
25220,0
25219,0
25218,0
25217,0
25216,0
25215,0
25214,0
25213,0
25212,0
25211,0
25210,0
25209,0
25208,0
25207,0
25206,0
25205,0
25204,0
25203,0
25202,0
25201,0
25200,0
25199,0
25198,0
25197,0
25196,0
25195,0
25194,0
25193,0
25192,0
25191,0
25190,0
25189,0
25188,0
25187,0
25186,0
25185,0
25184,0
25183,0
25182,0
25181,0
25180,0
25179,0
25178,0
25177,0
25176,0
25175,0
25174,0
25173,0
25172,0
25171,0
25170,0
25169,0
25168,0
25167,0
25166,0
25165,0
25164,0
25163,0
25162,0
25161,0
25160,0
25159,0
25158,0
25157,0
25156,0
25155,0
25154,0
25153,0
25152,0
25151,0
25150,0
25149,0
25148,0
25147,0
25146,0
25145,0
25144,0
25143,0
25142,0
25141,0
25140,0
25139,0
25138,0
25137,0
25136,0
25135,0
25134,0
25133,0
25132,0
25131,0
25130,0
25129,0
25128,0
25127,0
25126,0
25125,0
25124,0
25123,0
25122,0
25121,0
25120,0
25119,0
25118,0
25117,0
25116,0
25115,0
25114,0
25113,0
25112,0
25111,0
25110,0
25109,0
25108,0
25107,0
25106,0
25105,0
25104,0
25103,0
25102,0
25101,0
25100,0
25099,0
25098,0
25097,0
25096,0
25095,0
25094,0
25093,0
25092,0
25091,0
25090,0
25089,0
25088,0
25087,0
25086,0
25085,0
25084,0
25083,0
25082,0
25081,0
25080,0
25079,0
25078,0
25077,0
25076,0
25075,0
25074,0
25073,0
25072,0
25071,0
25070,0
25069,0
25068,0
25067,0
25066,0
25065,0
25064,0
25063,0
25062,0
25061,0
25060,0
25059,0
25058,0
25057,0
25056,0
25055,0
25054,0
25053,0
25052,0
25051,0
25050,0
25049,0
25048,0
25047,0
25046,0
25045,0
25044,0
25043,0
25042,0
25041,0
25040,0
25039,0
25038,0
25037,0
25036,0
25035,0
25034,0
25033,0
25032,0
25031,0
25030,0
25029,0
25028,0
25027,0
25026,0
25025,0
25024,0
25023,0
25022,0
25021,0
25020,0
25019,0
25018,0
25017,0
25016,0
25015,0
25014,0
25013,0
25012,0
25011,0
25010,0
25009,0
25008,0
25007,0
25006,0
25005,0
25004,0
25003,0
25002,0
25001,0
25000,0
24999,0
24998,0
24997,0
24996,0
24995,0
24994,0
24993,0
24992,0
24991,0
24990,0
24989,0
24988,0
24987,0
24986,0
24985,0
24984,0
24983,0
24982,0
24981,0
24980,0
24979,0
24978,0
24977,0
24976,0
24975,0
24974,0
24973,0
24972,0
24971,0
24970,0
24969,0
24968,0
24967,0
24966,0
24965,0
24964,0
24963,0
24962,0
24961,0
24960,0
24959,0
24958,0
24957,0
24956,0
24955,0
24954,0
24953,0
24952,0
24951,0
24950,0
24949,0
24948,0
24947,0
24946,0
24945,0
24944,0
24943,0
24942,0
24941,0
24940,0
24939,0
24938,0
24937,0
24936,0
24935,0
24934,0
24933,0
24932,0
24931,0
24930,0
24929,0
24928,0
24927,0
24926,0
24925,0
24924,0
24923,0
24922,0
24921,0
24920,0
24919,0
24918,0
24917,0
24916,0
24915,0
24914,0
24913,0
24912,0
24911,0
24910,0
24909,0
24908,0
24907,0
24906,0
24905,0
24904,0
24903,0
24902,0
24901,0
24900,0
24899,0
24898,0
24897,0
24896,0
24895,0
24894,0
24893,0
24892,0
24891,0
24890,0
24889,0
24888,0
24887,0
24886,0
24885,0
24884,0
24883,0
24882,0
24881,0
24880,0
24879,0
24878,0
24877,0
24876,0
24875,0
24874,0
24873,0
24872,0
24871,0
24870,0
24869,0
24868,0
24867,0
24866,0
24865,0
24864,0
24863,0
24862,0
24861,0
24860,0
24859,0
24858,0
24857,0
24856,0
24855,0
24854,0
24853,0
24852,0
24851,0
24850,0
24849,0
24848,0
24847,0
24846,0
24845,0
24844,0
24843,0
24842,0
24841,0
24840,0
24839,0
24838,0
24837,0
24836,0
24835,0
24834,0
24833,0
24832,0
24831,0
24830,0
24829,0
24828,0
24827,0
24826,0
24825,0
24824,0
24823,0
24822,0
24821,0
24820,0
24819,0
24818,0
24817,0
24816,0
24815,0
24814,0
24813,0
24812,0
24811,0
24810,0
24809,0
24808,0
24807,0
24806,0
24805,0
24804,0
24803,0
24802,0
24801,0
24800,0
24799,0
24798,0
24797,0
24796,0
24795,0
24794,0
24793,0
24792,0
24791,0
24790,0
24789,0
24788,0
24787,0
24786,0
24785,0
24784,0
24783,0
24782,0
24781,0
24780,0
24779,0
24778,0
24777,0
24776,0
24775,0
24774,0
24773,0
24772,0
24771,0
24770,0
24769,0
24768,0
24767,0
24766,0
24765,0
24764,0
24763,0
24762,0
24761,0
24760,0
24759,0
24758,0
24757,0
24756,0
24755,0
24754,0
24753,0
24752,0
24751,0
24750,0
24749,0
24748,0
24747,0
24746,0
24745,0
24744,0
24743,0
24742,0
24741,0
24740,0
24739,0
24738,0
24737,0
24736,0
24735,0
24734,0
24733,0
24732,0
24731,0
24730,0
24729,0
24728,0
24727,0
24726,0
24725,0
24724,0
24723,0
24722,0
24721,0
24720,0
24719,0
24718,0
24717,0
24716,0
24715,0
24714,0
24713,0
24712,0
24711,0
24710,0
24709,0
24708,0
24707,0
24706,0
24705,0
24704,0
24703,0
24702,0
24701,0
24700,0
24699,0
24698,0
24697,0
24696,0
24695,0
24694,0
24693,0
24692,0
24691,0
24690,0
24689,0
24688,0
24687,0
24686,0
24685,0
24684,0
24683,0
24682,0
24681,0
24680,0
24679,0
24678,0
24677,0
24676,0
24675,0
24674,0
24673,0
24672,0
24671,0
24670,0
24669,0
24668,0
24667,0
24666,0
24665,0
24664,0
24663,0
24662,0
24661,0
24660,0
24659,0
24658,0
24657,0
24656,0
24655,0
24654,0
24653,0
24652,0
24651,0
24650,0
24649,0
24648,0
24647,0
24646,0
24645,0
24644,0
24643,0
24642,0
24641,0
24640,0
24639,0
24638,0
24637,0
24636,0
24635,0
24634,0
24633,0
24632,0
24631,0
24630,0
24629,0
24628,0
24627,0
24626,0
24625,0
24624,0
24623,0
24622,0
24621,0
24620,0
24619,0
24618,0
24617,0
24616,0
24615,0
24614,0
24613,0
24612,0
24611,0
24610,0
24609,0
24608,0
24607,0
24606,0
24605,0
24604,0
24603,0
24602,0
24601,0
24600,0
24599,0
24598,0
24597,0
24596,0
24595,0
24594,0
24593,0
24592,0
24591,0
24590,0
24589,0
24588,0
24587,0
24586,0
24585,0
24584,0
24583,0
24582,0
24581,0
24580,0
24579,0
24578,0
24577,0
24576,0
24575,0
24574,0
24573,0
24572,0
24571,0
24570,0
24569,0
24568,0
24567,0
24566,0
24565,0
24564,0
24563,0
24562,0
24561,0
24560,0
24559,0
24558,0
24557,0
24556,0
24555,0
24554,0
24553,0
24552,0
24551,0
24550,0
24549,0
24548,0
24547,0
24546,0
24545,0
24544,0
24543,0
24542,0
24541,0
24540,0
24539,0
24538,0
24537,0
24536,0
24535,0
24534,0
24533,0
24532,0
24531,0
24530,0
24529,0
24528,0
24527,0
24526,0
24525,0
24524,0
24523,0
24522,0
24521,0
24520,0
24519,0
24518,0
24517,0
24516,0
24515,0
24514,0
24513,0
24512,0
24511,0
24510,0
24509,0
24508,0
24507,0
24506,0
24505,0
24504,0
24503,0
24502,0
24501,0
24500,0
24499,0
24498,0
24497,0
24496,0
24495,0
24494,0
24493,0
24492,0
24491,0
24490,0
24489,0
24488,0
24487,0
24486,0
24485,0
24484,0
24483,0
24482,0
24481,0
24480,0
24479,0
24478,0
24477,0
24476,0
24475,0
24474,0
24473,0
24472,0
24471,0
24470,0
24469,0
24468,0
24467,0
24466,0
24465,0
24464,0
24463,0
24462,0
24461,0
24460,0
24459,0
24458,0
24457,0
24456,0
24455,0
24454,0
24453,0
24452,0
24451,0
24450,0
24449,0
24448,0
24447,0
24446,0
24445,0
24444,0
24443,0
24442,0
24441,0
24440,0
24439,0
24438,0
24437,0
24436,0
24435,0
24434,0
24433,0
24432,0
24431,0
24430,0
24429,0
24428,0
24427,0
24426,0
24425,0
24424,0
24423,0
24422,0
24421,0
24420,0
24419,0
24418,0
24417,0
24416,0
24415,0
24414,0
24413,0
24412,0
24411,0
24410,0
24409,0
24408,0
24407,0
24406,0
24405,0
24404,0
24403,0
24402,0
24401,0
24400,0
24399,0
24398,0
24397,0
24396,0
24395,0
24394,0
24393,0
24392,0
24391,0
24390,0
24389,0
24388,0
24387,0
24386,0
24385,0
24384,0
24383,0
24382,0
24381,0
24380,0
24379,0
24378,0
24377,0
24376,0
24375,0
24374,0
24373,0
24372,0
24371,0
24370,0
24369,0
24368,0
24367,0
24366,0
24365,0
24364,0
24363,0
24362,0
24361,0
24360,0
24359,0
24358,0
24357,0
24356,0
24355,0
24354,0
24353,0
24352,0
24351,0
24350,0
24349,0
24348,0
24347,0
24346,0
24345,0
24344,0
24343,0
24342,0
24341,0
24340,0
24339,0
24338,0
24337,0
24336,0
24335,0
24334,0
24333,0
24332,0
24331,0
24330,0
24329,0
24328,0
24327,0
24326,0
24325,0
24324,0
24323,0
24322,0
24321,0
24320,0
24319,0
24318,0
24317,0
24316,0
24315,0
24314,0
24313,0
24312,0
24311,0
24310,0
24309,0
24308,0
24307,0
24306,0
24305,0
24304,0
24303,0
24302,0
24301,0
24300,0
24299,0
24298,0
24297,0
24296,0
24295,0
24294,0
24293,0
24292,0
24291,0
24290,0
24289,0
24288,0
24287,0
24286,0
24285,0
24284,0
24283,0
24282,0
24281,0
24280,0
24279,0
24278,0
24277,0
24276,0
24275,0
24274,0
24273,0
24272,0
24271,0
24270,0
24269,0
24268,0
24267,0
24266,0
24265,0
24264,0
24263,0
24262,0
24261,0
24260,0
24259,0
24258,0
24257,0
24256,0
24255,0
24254,0
24253,0
24252,0
24251,0
24250,0
24249,0
24248,0
24247,0
24246,0
24245,0
24244,0
24243,0
24242,0
24241,0
24240,0
24239,0
24238,0
24237,0
24236,0
24235,0
24234,0
24233,0
24232,0
24231,0
24230,0
24229,0
24228,0
24227,0
24226,0
24225,0
24224,0
24223,0
24222,0
24221,0
24220,0
24219,0
24218,0
24217,0
24216,0
24215,0
24214,0
24213,0
24212,0
24211,0
24210,0
24209,0
24208,0
24207,0
24206,0
24205,0
24204,0
24203,0
24202,0
24201,0
24200,0
24199,0
24198,0
24197,0
24196,0
24195,0
24194,0
24193,0
24192,0
24191,0
24190,0
24189,0
24188,0
24187,0
24186,0
24185,0
24184,0
24183,0
24182,0
24181,0
24180,0
24179,0
24178,0
24177,0
24176,0
24175,0
24174,0
24173,0
24172,0
24171,0
24170,0
24169,0
24168,0
24167,0
24166,0
24165,0
24164,0
24163,0
24162,0
24161,0
24160,0
24159,0
24158,0
24157,0
24156,0
24155,0
24154,0
24153,0
24152,0
24151,0
24150,0
24149,0
24148,0
24147,0
24146,0
24145,0
24144,0
24143,0
24142,0
24141,0
24140,0
24139,0
24138,0
24137,0
24136,0
24135,0
24134,0
24133,0
24132,0
24131,0
24130,0
24129,0
24128,0
24127,0
24126,0
24125,0
24124,0
24123,0
24122,0
24121,0
24120,0
24119,0
24118,0
24117,0
24116,0
24115,0
24114,0
24113,0
24112,0
24111,0
24110,0
24109,0
24108,0
24107,0
24106,0
24105,0
24104,0
24103,0
24102,0
24101,0
24100,0
24099,0
24098,0
24097,0
24096,0
24095,0
24094,0
24093,0
24092,0
24091,0
24090,0
24089,0
24088,0
24087,0
24086,0
24085,0
24084,0
24083,0
24082,0
24081,0
24080,0
24079,0
24078,0
24077,0
24076,0
24075,0
24074,0
24073,0
24072,0
24071,0
24070,0
24069,0
24068,0
24067,0
24066,0
24065,0
24064,0
24063,0
24062,0
24061,0
24060,0
24059,0
24058,0
24057,0
24056,0
24055,0
24054,0
24053,0
24052,0
24051,0
24050,0
24049,0
24048,0
24047,0
24046,0
24045,0
24044,0
24043,0
24042,0
24041,0
24040,0
24039,0
24038,0
24037,0
24036,0
24035,0
24034,0
24033,0
24032,0
24031,0
24030,0
24029,0
24028,0
24027,0
24026,0
24025,0
24024,0
24023,0
24022,0
24021,0
24020,0
24019,0
24018,0
24017,0
24016,0
24015,0
24014,0
24013,0
24012,0
24011,0
24010,0
24009,0
24008,0
24007,0
24006,0
24005,0
24004,0
24003,0
24002,0
24001,0
24000,0
23999,0
23998,0
23997,0
23996,0
23995,0
23994,0
23993,0
23992,0
23991,0
23990,0
23989,0
23988,0
23987,0
23986,0
23985,0
23984,0
23983,0
23982,0
23981,0
23980,0
23979,0
23978,0
23977,0
23976,0
23975,0
23974,0
23973,0
23972,0
23971,0
23970,0
23969,0
23968,0
23967,0
23966,0
23965,0
23964,0
23963,0
23962,0
23961,0
23960,0
23959,0
23958,0
23957,0
23956,0
23955,0
23954,0
23953,0
23952,0
23951,0
23950,0
23949,0
23948,0
23947,0
23946,0
23945,0
23944,0
23943,0
23942,0
23941,0
23940,0
23939,0
23938,0
23937,0
23936,0
23935,0
23934,0
23933,0
23932,0
23931,0
23930,0
23929,0
23928,0
23927,0
23926,0
23925,0
23924,0
23923,0
23922,0
23921,0
23920,0
23919,0
23918,0
23917,0
23916,0
23915,0
23914,0
23913,0
23912,0
23911,0
23910,0
23909,0
23908,0
23907,0
23906,0
23905,0
23904,0
23903,0
23902,0
23901,0
23900,0
23899,0
23898,0
23897,0
23896,0
23895,0
23894,0
23893,0
23892,0
23891,0
23890,0
23889,0
23888,0
23887,0
23886,0
23885,0
23884,0
23883,0
23882,0
23881,0
23880,0
23879,0
23878,0
23877,0
23876,0
23875,0
23874,0
23873,0
23872,0
23871,0
23870,0
23869,0
23868,0
23867,0
23866,0
23865,0
23864,0
23863,0
23862,0
23861,0
23860,0
23859,0
23858,0
23857,0
23856,0
23855,0
23854,0
23853,0
23852,0
23851,0
23850,0
23849,0
23848,0
23847,0
23846,0
23845,0
23844,0
23843,0
23842,0
23841,0
23840,0
23839,0
23838,0
23837,0
23836,0
23835,0
23834,0
23833,0
23832,0
23831,0
23830,0
23829,0
23828,0
23827,0
23826,0
23825,0
23824,0
23823,0
23822,0
23821,0
23820,0
23819,0
23818,0
23817,0
23816,0
23815,0
23814,0
23813,0
23812,0
23811,0
23810,0
23809,0
23808,0
23807,0
23806,0
23805,0
23804,0
23803,0
23802,0
23801,0
23800,0
23799,0
23798,0
23797,0
23796,0
23795,0
23794,0
23793,0
23792,0
23791,0
23790,0
23789,0
23788,0
23787,0
23786,0
23785,0
23784,0
23783,0
23782,0
23781,0
23780,0
23779,0
23778,0
23777,0
23776,0
23775,0
23774,0
23773,0
23772,0
23771,0
23770,0
23769,0
23768,0
23767,0
23766,0
23765,0
23764,0
23763,0
23762,0
23761,0
23760,0
23759,0
23758,0
23757,0
23756,0
23755,0
23754,0
23753,0
23752,0
23751,0
23750,0
23749,0
23748,0
23747,0
23746,0
23745,0
23744,0
23743,0
23742,0
23741,0
23740,0
23739,0
23738,0
23737,0
23736,0
23735,0
23734,0
23733,0
23732,0
23731,0
23730,0
23729,0
23728,0
23727,0
23726,0
23725,0
23724,0
23723,0
23722,0
23721,0
23720,0
23719,0
23718,0
23717,0
23716,0
23715,0
23714,0
23713,0
23712,0
23711,0
23710,0
23709,0
23708,0
23707,0
23706,0
23705,0
23704,0
23703,0
23702,0
23701,0
23700,0
23699,0
23698,0
23697,0
23696,0
23695,0
23694,0
23693,0
23692,0
23691,0
23690,0
23689,0
23688,0
23687,0
23686,0
23685,0
23684,0
23683,0
23682,0
23681,0
23680,0
23679,0
23678,0
23677,0
23676,0
23675,0
23674,0
23673,0
23672,0
23671,0
23670,0
23669,0
23668,0
23667,0
23666,0
23665,0
23664,0
23663,0
23662,0
23661,0
23660,0
23659,0
23658,0
23657,0
23656,0
23655,0
23654,0
23653,0
23652,0
23651,0
23650,0
23649,0
23648,0
23647,0
23646,0
23645,0
23644,0
23643,0
23642,0
23641,0
23640,0
23639,0
23638,0
23637,0
23636,0
23635,0
23634,0
23633,0
23632,0
23631,0
23630,0
23629,0
23628,0
23627,0
23626,0
23625,0
23624,0
23623,0
23622,0
23621,0
23620,0
23619,0
23618,0
23617,0
23616,0
23615,0
23614,0
23613,0
23612,0
23611,0
23610,0
23609,0
23608,0
23607,0
23606,0
23605,0
23604,0
23603,0
23602,0
23601,0
23600,0
23599,0
23598,0
23597,0
23596,0
23595,0
23594,0
23593,0
23592,0
23591,0
23590,0
23589,0
23588,0
23587,0
23586,0
23585,0
23584,0
23583,0
23582,0
23581,0
23580,0
23579,0
23578,0
23577,0
23576,0
23575,0
23574,0
23573,0
23572,0
23571,0
23570,0
23569,0
23568,0
23567,0
23566,0
23565,0
23564,0
23563,0
23562,0
23561,0
23560,0
23559,0
23558,0
23557,0
23556,0
23555,0
23554,0
23553,0
23552,0
23551,0
23550,0
23549,0
23548,0
23547,0
23546,0
23545,0
23544,0
23543,0
23542,0
23541,0
23540,0
23539,0
23538,0
23537,0
23536,0
23535,0
23534,0
23533,0
23532,0
23531,0
23530,0
23529,0
23528,0
23527,0
23526,0
23525,0
23524,0
23523,0
23522,0
23521,0
23520,0
23519,0
23518,0
23517,0
23516,0
23515,0
23514,0
23513,0
23512,0
23511,0
23510,0
23509,0
23508,0
23507,0
23506,0
23505,0
23504,0
23503,0
23502,0
23501,0
23500,0
23499,0
23498,0
23497,0
23496,0
23495,0
23494,0
23493,0
23492,0
23491,0
23490,0
23489,0
23488,0
23487,0
23486,0
23485,0
23484,0
23483,0
23482,0
23481,0
23480,0
23479,0
23478,0
23477,0
23476,0
23475,0
23474,0
23473,0
23472,0
23471,0
23470,0
23469,0
23468,0
23467,0
23466,0
23465,0
23464,0
23463,0
23462,0
23461,0
23460,0
23459,0
23458,0
23457,0
23456,0
23455,0
23454,0
23453,0
23452,0
23451,0
23450,0
23449,0
23448,0
23447,0
23446,0
23445,0
23444,0
23443,0
23442,0
23441,0
23440,0
23439,0
23438,0
23437,0
23436,0
23435,0
23434,0
23433,0
23432,0
23431,0
23430,0
23429,0
23428,0
23427,0
23426,0
23425,0
23424,0
23423,0
23422,0
23421,0
23420,0
23419,0
23418,0
23417,0
23416,0
23415,0
23414,0
23413,0
23412,0
23411,0
23410,0
23409,0
23408,0
23407,0
23406,0
23405,0
23404,0
23403,0
23402,0
23401,0
23400,0
23399,0
23398,0
23397,0
23396,0
23395,0
23394,0
23393,0
23392,0
23391,0
23390,0
23389,0
23388,0
23387,0
23386,0
23385,0
23384,0
23383,0
23382,0
23381,0
23380,0
23379,0
23378,0
23377,0
23376,0
23375,0
23374,0
23373,0
23372,0
23371,0
23370,0
23369,0
23368,0
23367,0
23366,0
23365,0
23364,0
23363,0
23362,0
23361,0
23360,0
23359,0
23358,0
23357,0
23356,0
23355,0
23354,0
23353,0
23352,0
23351,0
23350,0
23349,0
23348,0
23347,0
23346,0
23345,0
23344,0
23343,0
23342,0
23341,0
23340,0
23339,0
23338,0
23337,0
23336,0
23335,0
23334,0
23333,0
23332,0
23331,0
23330,0
23329,0
23328,0
23327,0
23326,0
23325,0
23324,0
23323,0
23322,0
23321,0
23320,0
23319,0
23318,0
23317,0
23316,0
23315,0
23314,0
23313,0
23312,0
23311,0
23310,0
23309,0
23308,0
23307,0
23306,0
23305,0
23304,0
23303,0
23302,0
23301,0
23300,0
23299,0
23298,0
23297,0
23296,0
23295,0
23294,0
23293,0
23292,0
23291,0
23290,0
23289,0
23288,0
23287,0
23286,0
23285,0
23284,0
23283,0
23282,0
23281,0
23280,0
23279,0
23278,0
23277,0
23276,0
23275,0
23274,0
23273,0
23272,0
23271,0
23270,0
23269,0
23268,0
23267,0
23266,0
23265,0
23264,0
23263,0
23262,0
23261,0
23260,0
23259,0
23258,0
23257,0
23256,0
23255,0
23254,0
23253,0
23252,0
23251,0
23250,0
23249,0
23248,0
23247,0
23246,0
23245,0
23244,0
23243,0
23242,0
23241,0
23240,0
23239,0
23238,0
23237,0
23236,0
23235,0
23234,0
23233,0
23232,0
23231,0
23230,0
23229,0
23228,0
23227,0
23226,0
23225,0
23224,0
23223,0
23222,0
23221,0
23220,0
23219,0
23218,0
23217,0
23216,0
23215,0
23214,0
23213,0
23212,0
23211,0
23210,0
23209,0
23208,0
23207,0
23206,0
23205,0
23204,0
23203,0
23202,0
23201,0
23200,0
23199,0
23198,0
23197,0
23196,0
23195,0
23194,0
23193,0
23192,0
23191,0
23190,0
23189,0
23188,0
23187,0
23186,0
23185,0
23184,0
23183,0
23182,0
23181,0
23180,0
23179,0
23178,0
23177,0
23176,0
23175,0
23174,0
23173,0
23172,0
23171,0
23170,0
23169,0
23168,0
23167,0
23166,0
23165,0
23164,0
23163,0
23162,0
23161,0
23160,0
23159,0
23158,0
23157,0
23156,0
23155,0
23154,0
23153,0
23152,0
23151,0
23150,0
23149,0
23148,0
23147,0
23146,0
23145,0
23144,0
23143,0
23142,0
23141,0
23140,0
23139,0
23138,0
23137,0
23136,0
23135,0
23134,0
23133,0
23132,0
23131,0
23130,0
23129,0
23128,0
23127,0
23126,0
23125,0
23124,0
23123,0
23122,0
23121,0
23120,0
23119,0
23118,0
23117,0
23116,0
23115,0
23114,0
23113,0
23112,0
23111,0
23110,0
23109,0
23108,0
23107,0
23106,0
23105,0
23104,0
23103,0
23102,0
23101,0
23100,0
23099,0
23098,0
23097,0
23096,0
23095,0
23094,0
23093,0
23092,0
23091,0
23090,0
23089,0
23088,0
23087,0
23086,0
23085,0
23084,0
23083,0
23082,0
23081,0
23080,0
23079,0
23078,0
23077,0
23076,0
23075,0
23074,0
23073,0
23072,0
23071,0
23070,0
23069,0
23068,0
23067,0
23066,0
23065,0
23064,0
23063,0
23062,0
23061,0
23060,0
23059,0
23058,0
23057,0
23056,0
23055,0
23054,0
23053,0
23052,0
23051,0
23050,0
23049,0
23048,0
23047,0
23046,0
23045,0
23044,0
23043,0
23042,0
23041,0
23040,0
23039,0
23038,0
23037,0
23036,0
23035,0
23034,0
23033,0
23032,0
23031,0
23030,0
23029,0
23028,0
23027,0
23026,0
23025,0
23024,0
23023,0
23022,0
23021,0
23020,0
23019,0
23018,0
23017,0
23016,0
23015,0
23014,0
23013,0
23012,0
23011,0
23010,0
23009,0
23008,0
23007,0
23006,0
23005,0
23004,0
23003,0
23002,0
23001,0
23000,0
22999,0
22998,0
22997,0
22996,0
22995,0
22994,0
22993,0
22992,0
22991,0
22990,0
22989,0
22988,0
22987,0
22986,0
22985,0
22984,0
22983,0
22982,0
22981,0
22980,0
22979,0
22978,0
22977,0
22976,0
22975,0
22974,0
22973,0
22972,0
22971,0
22970,0
22969,0
22968,0
22967,0
22966,0
22965,0
22964,0
22963,0
22962,0
22961,0
22960,0
22959,0
22958,0
22957,0
22956,0
22955,0
22954,0
22953,0
22952,0
22951,0
22950,0
22949,0
22948,0
22947,0
22946,0
22945,0
22944,0
22943,0
22942,0
22941,0
22940,0
22939,0
22938,0
22937,0
22936,0
22935,0
22934,0
22933,0
22932,0
22931,0
22930,0
22929,0
22928,0
22927,0
22926,0
22925,0
22924,0
22923,0
22922,0
22921,0
22920,0
22919,0
22918,0
22917,0
22916,0
22915,0
22914,0
22913,0
22912,0
22911,0
22910,0
22909,0
22908,0
22907,0
22906,0
22905,0
22904,0
22903,0
22902,0
22901,0
22900,0
22899,0
22898,0
22897,0
22896,0
22895,0
22894,0
22893,0
22892,0
22891,0
22890,0
22889,0
22888,0
22887,0
22886,0
22885,0
22884,0
22883,0
22882,0
22881,0
22880,0
22879,0
22878,0
22877,0
22876,0
22875,0
22874,0
22873,0
22872,0
22871,0
22870,0
22869,0
22868,0
22867,0
22866,0
22865,0
22864,0
22863,0
22862,0
22861,0
22860,0
22859,0
22858,0
22857,0
22856,0
22855,0
22854,0
22853,0
22852,0
22851,0
22850,0
22849,0
22848,0
22847,0
22846,0
22845,0
22844,0
22843,0
22842,0
22841,0
22840,0
22839,0
22838,0
22837,0
22836,0
22835,0
22834,0
22833,0
22832,0
22831,0
22830,0
22829,0
22828,0
22827,0
22826,0
22825,0
22824,0
22823,0
22822,0
22821,0
22820,0
22819,0
22818,0
22817,0
22816,0
22815,0
22814,0
22813,0
22812,0
22811,0
22810,0
22809,0
22808,0
22807,0
22806,0
22805,0
22804,0
22803,0
22802,0
22801,0
22800,0
22799,0
22798,0
22797,0
22796,0
22795,0
22794,0
22793,0
22792,0
22791,0
22790,0
22789,0
22788,0
22787,0
22786,0
22785,0
22784,0
22783,0
22782,0
22781,0
22780,0
22779,0
22778,0
22777,0
22776,0
22775,0
22774,0
22773,0
22772,0
22771,0
22770,0
22769,0
22768,0
22767,0
22766,0
22765,0
22764,0
22763,0
22762,0
22761,0
22760,0
22759,0
22758,0
22757,0
22756,0
22755,0
22754,0
22753,0
22752,0
22751,0
22750,0
22749,0
22748,0
22747,0
22746,0
22745,0
22744,0
22743,0
22742,0
22741,0
22740,0
22739,0
22738,0
22737,0
22736,0
22735,0
22734,0
22733,0
22732,0
22731,0
22730,0
22729,0
22728,0
22727,0
22726,0
22725,0
22724,0
22723,0
22722,0
22721,0
22720,0
22719,0
22718,0
22717,0
22716,0
22715,0
22714,0
22713,0
22712,0
22711,0
22710,0
22709,0
22708,0
22707,0
22706,0
22705,0
22704,0
22703,0
22702,0
22701,0
22700,0
22699,0
22698,0
22697,0
22696,0
22695,0
22694,0
22693,0
22692,0
22691,0
22690,0
22689,0
22688,0
22687,0
22686,0
22685,0
22684,0
22683,0
22682,0
22681,0
22680,0
22679,0
22678,0
22677,0
22676,0
22675,0
22674,0
22673,0
22672,0
22671,0
22670,0
22669,0
22668,0
22667,0
22666,0
22665,0
22664,0
22663,0
22662,0
22661,0
22660,0
22659,0
22658,0
22657,0
22656,0
22655,0
22654,0
22653,0
22652,0
22651,0
22650,0
22649,0
22648,0
22647,0
22646,0
22645,0
22644,0
22643,0
22642,0
22641,0
22640,0
22639,0
22638,0
22637,0
22636,0
22635,0
22634,0
22633,0
22632,0
22631,0
22630,0
22629,0
22628,0
22627,0
22626,0
22625,0
22624,0
22623,0
22622,0
22621,0
22620,0
22619,0
22618,0
22617,0
22616,0
22615,0
22614,0
22613,0
22612,0
22611,0
22610,0
22609,0
22608,0
22607,0
22606,0
22605,0
22604,0
22603,0
22602,0
22601,0
22600,0
22599,0
22598,0
22597,0
22596,0
22595,0
22594,0
22593,0
22592,0
22591,0
22590,0
22589,0
22588,0
22587,0
22586,0
22585,0
22584,0
22583,0
22582,0
22581,0
22580,0
22579,0
22578,0
22577,0
22576,0
22575,0
22574,0
22573,0
22572,0
22571,0
22570,0
22569,0
22568,0
22567,0
22566,0
22565,0
22564,0
22563,0
22562,0
22561,0
22560,0
22559,0
22558,0
22557,0
22556,0
22555,0
22554,0
22553,0
22552,0
22551,0
22550,0
22549,0
22548,0
22547,0
22546,0
22545,0
22544,0
22543,0
22542,0
22541,0
22540,0
22539,0
22538,0
22537,0
22536,0
22535,0
22534,0
22533,0
22532,0
22531,0
22530,0
22529,0
22528,0
22527,0
22526,0
22525,0
22524,0
22523,0
22522,0
22521,0
22520,0
22519,0
22518,0
22517,0
22516,0
22515,0
22514,0
22513,0
22512,0
22511,0
22510,0
22509,0
22508,0
22507,0
22506,0
22505,0
22504,0
22503,0
22502,0
22501,0
22500,0
22499,0
22498,0
22497,0
22496,0
22495,0
22494,0
22493,0
22492,0
22491,0
22490,0
22489,0
22488,0
22487,0
22486,0
22485,0
22484,0
22483,0
22482,0
22481,0
22480,0
22479,0
22478,0
22477,0
22476,0
22475,0
22474,0
22473,0
22472,0
22471,0
22470,0
22469,0
22468,0
22467,0
22466,0
22465,0
22464,0
22463,0
22462,0
22461,0
22460,0
22459,0
22458,0
22457,0
22456,0
22455,0
22454,0
22453,0
22452,0
22451,0
22450,0
22449,0
22448,0
22447,0
22446,0
22445,0
22444,0
22443,0
22442,0
22441,0
22440,0
22439,0
22438,0
22437,0
22436,0
22435,0
22434,0
22433,0
22432,0
22431,0
22430,0
22429,0
22428,0
22427,0
22426,0
22425,0
22424,0
22423,0
22422,0
22421,0
22420,0
22419,0
22418,0
22417,0
22416,0
22415,0
22414,0
22413,0
22412,0
22411,0
22410,0
22409,0
22408,0
22407,0
22406,0
22405,0
22404,0
22403,0
22402,0
22401,0
22400,0
22399,0
22398,0
22397,0
22396,0
22395,0
22394,0
22393,0
22392,0
22391,0
22390,0
22389,0
22388,0
22387,0
22386,0
22385,0
22384,0
22383,0
22382,0
22381,0
22380,0
22379,0
22378,0
22377,0
22376,0
22375,0
22374,0
22373,0
22372,0
22371,0
22370,0
22369,0
22368,0
22367,0
22366,0
22365,0
22364,0
22363,0
22362,0
22361,0
22360,0
22359,0
22358,0
22357,0
22356,0
22355,0
22354,0
22353,0
22352,0
22351,0
22350,0
22349,0
22348,0
22347,0
22346,0
22345,0
22344,0
22343,0
22342,0
22341,0
22340,0
22339,0
22338,0
22337,0
22336,0
22335,0
22334,0
22333,0
22332,0
22331,0
22330,0
22329,0
22328,0
22327,0
22326,0
22325,0
22324,0
22323,0
22322,0
22321,0
22320,0
22319,0
22318,0
22317,0
22316,0
22315,0
22314,0
22313,0
22312,0
22311,0
22310,0
22309,0
22308,0
22307,0
22306,0
22305,0
22304,0
22303,0
22302,0
22301,0
22300,0
22299,0
22298,0
22297,0
22296,0
22295,0
22294,0
22293,0
22292,0
22291,0
22290,0
22289,0
22288,0
22287,0
22286,0
22285,0
22284,0
22283,0
22282,0
22281,0
22280,0
22279,0
22278,0
22277,0
22276,0
22275,0
22274,0
22273,0
22272,0
22271,0
22270,0
22269,0
22268,0
22267,0
22266,0
22265,0
22264,0
22263,0
22262,0
22261,0
22260,0
22259,0
22258,0
22257,0
22256,0
22255,0
22254,0
22253,0
22252,0
22251,0
22250,0
22249,0
22248,0
22247,0
22246,0
22245,0
22244,0
22243,0
22242,0
22241,0
22240,0
22239,0
22238,0
22237,0
22236,0
22235,0
22234,0
22233,0
22232,0
22231,0
22230,0
22229,0
22228,0
22227,0
22226,0
22225,0
22224,0
22223,0
22222,0
22221,0
22220,0
22219,0
22218,0
22217,0
22216,0
22215,0
22214,0
22213,0
22212,0
22211,0
22210,0
22209,0
22208,0
22207,0
22206,0
22205,0
22204,0
22203,0
22202,0
22201,0
22200,0
22199,0
22198,0
22197,0
22196,0
22195,0
22194,0
22193,0
22192,0
22191,0
22190,0
22189,0
22188,0
22187,0
22186,0
22185,0
22184,0
22183,0
22182,0
22181,0
22180,0
22179,0
22178,0
22177,0
22176,0
22175,0
22174,0
22173,0
22172,0
22171,0
22170,0
22169,0
22168,0
22167,0
22166,0
22165,0
22164,0
22163,0
22162,0
22161,0
22160,0
22159,0
22158,0
22157,0
22156,0
22155,0
22154,0
22153,0
22152,0
22151,0
22150,0
22149,0
22148,0
22147,0
22146,0
22145,0
22144,0
22143,0
22142,0
22141,0
22140,0
22139,0
22138,0
22137,0
22136,0
22135,0
22134,0
22133,0
22132,0
22131,0
22130,0
22129,0
22128,0
22127,0
22126,0
22125,0
22124,0
22123,0
22122,0
22121,0
22120,0
22119,0
22118,0
22117,0
22116,0
22115,0
22114,0
22113,0
22112,0
22111,0
22110,0
22109,0
22108,0
22107,0
22106,0
22105,0
22104,0
22103,0
22102,0
22101,0
22100,0
22099,0
22098,0
22097,0
22096,0
22095,0
22094,0
22093,0
22092,0
22091,0
22090,0
22089,0
22088,0
22087,0
22086,0
22085,0
22084,0
22083,0
22082,0
22081,0
22080,0
22079,0
22078,0
22077,0
22076,0
22075,0
22074,0
22073,0
22072,0
22071,0
22070,0
22069,0
22068,0
22067,0
22066,0
22065,0
22064,0
22063,0
22062,0
22061,0
22060,0
22059,0
22058,0
22057,0
22056,0
22055,0
22054,0
22053,0
22052,0
22051,0
22050,0
22049,0
22048,0
22047,0
22046,0
22045,0
22044,0
22043,0
22042,0
22041,0
22040,0
22039,0
22038,0
22037,0
22036,0
22035,0
22034,0
22033,0
22032,0
22031,0
22030,0
22029,0
22028,0
22027,0
22026,0
22025,0
22024,0
22023,0
22022,0
22021,0
22020,0
22019,0
22018,0
22017,0
22016,0
22015,0
22014,0
22013,0
22012,0
22011,0
22010,0
22009,0
22008,0
22007,0
22006,0
22005,0
22004,0
22003,0
22002,0
22001,0
22000,0
21999,0
21998,0
21997,0
21996,0
21995,0
21994,0
21993,0
21992,0
21991,0
21990,0
21989,0
21988,0
21987,0
21986,0
21985,0
21984,0
21983,0
21982,0
21981,0
21980,0
21979,0
21978,0
21977,0
21976,0
21975,0
21974,0
21973,0
21972,0
21971,0
21970,0
21969,0
21968,0
21967,0
21966,0
21965,0
21964,0
21963,0
21962,0
21961,0
21960,0
21959,0
21958,0
21957,0
21956,0
21955,0
21954,0
21953,0
21952,0
21951,0
21950,0
21949,0
21948,0
21947,0
21946,0
21945,0
21944,0
21943,0
21942,0
21941,0
21940,0
21939,0
21938,0
21937,0
21936,0
21935,0
21934,0
21933,0
21932,0
21931,0
21930,0
21929,0
21928,0
21927,0
21926,0
21925,0
21924,0
21923,0
21922,0
21921,0
21920,0
21919,0
21918,0
21917,0
21916,0
21915,0
21914,0
21913,0
21912,0
21911,0
21910,0
21909,0
21908,0
21907,0
21906,0
21905,0
21904,0
21903,0
21902,0
21901,0
21900,0
21899,0
21898,0
21897,0
21896,0
21895,0
21894,0
21893,0
21892,0
21891,0
21890,0
21889,0
21888,0
21887,0
21886,0
21885,0
21884,0
21883,0
21882,0
21881,0
21880,0
21879,0
21878,0
21877,0
21876,0
21875,0
21874,0
21873,0
21872,0
21871,0
21870,0
21869,0
21868,0
21867,0
21866,0
21865,0
21864,0
21863,0
21862,0
21861,0
21860,0
21859,0
21858,0
21857,0
21856,0
21855,0
21854,0
21853,0
21852,0
21851,0
21850,0
21849,0
21848,0
21847,0
21846,0
21845,0
21844,0
21843,0
21842,0
21841,0
21840,0
21839,0
21838,0
21837,0
21836,0
21835,0
21834,0
21833,0
21832,0
21831,0
21830,0
21829,0
21828,0
21827,0
21826,0
21825,0
21824,0
21823,0
21822,0
21821,0
21820,0
21819,0
21818,0
21817,0
21816,0
21815,0
21814,0
21813,0
21812,0
21811,0
21810,0
21809,0
21808,0
21807,0
21806,0
21805,0
21804,0
21803,0
21802,0
21801,0
21800,0
21799,0
21798,0
21797,0
21796,0
21795,0
21794,0
21793,0
21792,0
21791,0
21790,0
21789,0
21788,0
21787,0
21786,0
21785,0
21784,0
21783,0
21782,0
21781,0
21780,0
21779,0
21778,0
21777,0
21776,0
21775,0
21774,0
21773,0
21772,0
21771,0
21770,0
21769,0
21768,0
21767,0
21766,0
21765,0
21764,0
21763,0
21762,0
21761,0
21760,0
21759,0
21758,0
21757,0
21756,0
21755,0
21754,0
21753,0
21752,0
21751,0
21750,0
21749,0
21748,0
21747,0
21746,0
21745,0
21744,0
21743,0
21742,0
21741,0
21740,0
21739,0
21738,0
21737,0
21736,0
21735,0
21734,0
21733,0
21732,0
21731,0
21730,0
21729,0
21728,0
21727,0
21726,0
21725,0
21724,0
21723,0
21722,0
21721,0
21720,0
21719,0
21718,0
21717,0
21716,0
21715,0
21714,0
21713,0
21712,0
21711,0
21710,0
21709,0
21708,0
21707,0
21706,0
21705,0
21704,0
21703,0
21702,0
21701,0
21700,0
21699,0
21698,0
21697,0
21696,0
21695,0
21694,0
21693,0
21692,0
21691,0
21690,0
21689,0
21688,0
21687,0
21686,0
21685,0
21684,0
21683,0
21682,0
21681,0
21680,0
21679,0
21678,0
21677,0
21676,0
21675,0
21674,0
21673,0
21672,0
21671,0
21670,0
21669,0
21668,0
21667,0
21666,0
21665,0
21664,0
21663,0
21662,0
21661,0
21660,0
21659,0
21658,0
21657,0
21656,0
21655,0
21654,0
21653,0
21652,0
21651,0
21650,0
21649,0
21648,0
21647,0
21646,0
21645,0
21644,0
21643,0
21642,0
21641,0
21640,0
21639,0
21638,0
21637,0
21636,0
21635,0
21634,0
21633,0
21632,0
21631,0
21630,0
21629,0
21628,0
21627,0
21626,0
21625,0
21624,0
21623,0
21622,0
21621,0
21620,0
21619,0
21618,0
21617,0
21616,0
21615,0
21614,0
21613,0
21612,0
21611,0
21610,0
21609,0
21608,0
21607,0
21606,0
21605,0
21604,0
21603,0
21602,0
21601,0
21600,0
21599,0
21598,0
21597,0
21596,0
21595,0
21594,0
21593,0
21592,0
21591,0
21590,0
21589,0
21588,0
21587,0
21586,0
21585,0
21584,0
21583,0
21582,0
21581,0
21580,0
21579,0
21578,0
21577,0
21576,0
21575,0
21574,0
21573,0
21572,0
21571,0
21570,0
21569,0
21568,0
21567,0
21566,0
21565,0
21564,0
21563,0
21562,0
21561,0
21560,0
21559,0
21558,0
21557,0
21556,0
21555,0
21554,0
21553,0
21552,0
21551,0
21550,0
21549,0
21548,0
21547,0
21546,0
21545,0
21544,0
21543,0
21542,0
21541,0
21540,0
21539,0
21538,0
21537,0
21536,0
21535,0
21534,0
21533,0
21532,0
21531,0
21530,0
21529,0
21528,0
21527,0
21526,0
21525,0
21524,0
21523,0
21522,0
21521,0
21520,0
21519,0
21518,0
21517,0
21516,0
21515,0
21514,0
21513,0
21512,0
21511,0
21510,0
21509,0
21508,0
21507,0
21506,0
21505,0
21504,0
21503,0
21502,0
21501,0
21500,0
21499,0
21498,0
21497,0
21496,0
21495,0
21494,0
21493,0
21492,0
21491,0
21490,0
21489,0
21488,0
21487,0
21486,0
21485,0
21484,0
21483,0
21482,0
21481,0
21480,0
21479,0
21478,0
21477,0
21476,0
21475,0
21474,0
21473,0
21472,0
21471,0
21470,0
21469,0
21468,0
21467,0
21466,0
21465,0
21464,0
21463,0
21462,0
21461,0
21460,0
21459,0
21458,0
21457,0
21456,0
21455,0
21454,0
21453,0
21452,0
21451,0
21450,0
21449,0
21448,0
21447,0
21446,0
21445,0
21444,0
21443,0
21442,0
21441,0
21440,0
21439,0
21438,0
21437,0
21436,0
21435,0
21434,0
21433,0
21432,0
21431,0
21430,0
21429,0
21428,0
21427,0
21426,0
21425,0
21424,0
21423,0
21422,0
21421,0
21420,0
21419,0
21418,0
21417,0
21416,0
21415,0
21414,0
21413,0
21412,0
21411,0
21410,0
21409,0
21408,0
21407,0
21406,0
21405,0
21404,0
21403,0
21402,0
21401,0
21400,0
21399,0
21398,0
21397,0
21396,0
21395,0
21394,0
21393,0
21392,0
21391,0
21390,0
21389,0
21388,0
21387,0
21386,0
21385,0
21384,0
21383,0
21382,0
21381,0
21380,0
21379,0
21378,0
21377,0
21376,0
21375,0
21374,0
21373,0
21372,0
21371,0
21370,0
21369,0
21368,0
21367,0
21366,0
21365,0
21364,0
21363,0
21362,0
21361,0
21360,0
21359,0
21358,0
21357,0
21356,0
21355,0
21354,0
21353,0
21352,0
21351,0
21350,0
21349,0
21348,0
21347,0
21346,0
21345,0
21344,0
21343,0
21342,0
21341,0
21340,0
21339,0
21338,0
21337,0
21336,0
21335,0
21334,0
21333,0
21332,0
21331,0
21330,0
21329,0
21328,0
21327,0
21326,0
21325,0
21324,0
21323,0
21322,0
21321,0
21320,0
21319,0
21318,0
21317,0
21316,0
21315,0
21314,0
21313,0
21312,0
21311,0
21310,0
21309,0
21308,0
21307,0
21306,0
21305,0
21304,0
21303,0
21302,0
21301,0
21300,0
21299,0
21298,0
21297,0
21296,0
21295,0
21294,0
21293,0
21292,0
21291,0
21290,0
21289,0
21288,0
21287,0
21286,0
21285,0
21284,0
21283,0
21282,0
21281,0
21280,0
21279,0
21278,0
21277,0
21276,0
21275,0
21274,0
21273,0
21272,0
21271,0
21270,0
21269,0
21268,0
21267,0
21266,0
21265,0
21264,0
21263,0
21262,0
21261,0
21260,0
21259,0
21258,0
21257,0
21256,0
21255,0
21254,0
21253,0
21252,0
21251,0
21250,0
21249,0
21248,0
21247,0
21246,0
21245,0
21244,0
21243,0
21242,0
21241,0
21240,0
21239,0
21238,0
21237,0
21236,0
21235,0
21234,0
21233,0
21232,0
21231,0
21230,0
21229,0
21228,0
21227,0
21226,0
21225,0
21224,0
21223,0
21222,0
21221,0
21220,0
21219,0
21218,0
21217,0
21216,0
21215,0
21214,0
21213,0
21212,0
21211,0
21210,0
21209,0
21208,0
21207,0
21206,0
21205,0
21204,0
21203,0
21202,0
21201,0
21200,0
21199,0
21198,0
21197,0
21196,0
21195,0
21194,0
21193,0
21192,0
21191,0
21190,0
21189,0
21188,0
21187,0
21186,0
21185,0
21184,0
21183,0
21182,0
21181,0
21180,0
21179,0
21178,0
21177,0
21176,0
21175,0
21174,0
21173,0
21172,0
21171,0
21170,0
21169,0
21168,0
21167,0
21166,0
21165,0
21164,0
21163,0
21162,0
21161,0
21160,0
21159,0
21158,0
21157,0
21156,0
21155,0
21154,0
21153,0
21152,0
21151,0
21150,0
21149,0
21148,0
21147,0
21146,0
21145,0
21144,0
21143,0
21142,0
21141,0
21140,0
21139,0
21138,0
21137,0
21136,0
21135,0
21134,0
21133,0
21132,0
21131,0
21130,0
21129,0
21128,0
21127,0
21126,0
21125,0
21124,0
21123,0
21122,0
21121,0
21120,0
21119,0
21118,0
21117,0
21116,0
21115,0
21114,0
21113,0
21112,0
21111,0
21110,0
21109,0
21108,0
21107,0
21106,0
21105,0
21104,0
21103,0
21102,0
21101,0
21100,0
21099,0
21098,0
21097,0
21096,0
21095,0
21094,0
21093,0
21092,0
21091,0
21090,0
21089,0
21088,0
21087,0
21086,0
21085,0
21084,0
21083,0
21082,0
21081,0
21080,0
21079,0
21078,0
21077,0
21076,0
21075,0
21074,0
21073,0
21072,0
21071,0
21070,0
21069,0
21068,0
21067,0
21066,0
21065,0
21064,0
21063,0
21062,0
21061,0
21060,0
21059,0
21058,0
21057,0
21056,0
21055,0
21054,0
21053,0
21052,0
21051,0
21050,0
21049,0
21048,0
21047,0
21046,0
21045,0
21044,0
21043,0
21042,0
21041,0
21040,0
21039,0
21038,0
21037,0
21036,0
21035,0
21034,0
21033,0
21032,0
21031,0
21030,0
21029,0
21028,0
21027,0
21026,0
21025,0
21024,0
21023,0
21022,0
21021,0
21020,0
21019,0
21018,0
21017,0
21016,0
21015,0
21014,0
21013,0
21012,0
21011,0
21010,0
21009,0
21008,0
21007,0
21006,0
21005,0
21004,0
21003,0
21002,0
21001,0
21000,0
20999,0
20998,0
20997,0
20996,0
20995,0
20994,0
20993,0
20992,0
20991,0
20990,0
20989,0
20988,0
20987,0
20986,0
20985,0
20984,0
20983,0
20982,0
20981,0
20980,0
20979,0
20978,0
20977,0
20976,0
20975,0
20974,0
20973,0
20972,0
20971,0
20970,0
20969,0
20968,0
20967,0
20966,0
20965,0
20964,0
20963,0
20962,0
20961,0
20960,0
20959,0
20958,0
20957,0
20956,0
20955,0
20954,0
20953,0
20952,0
20951,0
20950,0
20949,0
20948,0
20947,0
20946,0
20945,0
20944,0
20943,0
20942,0
20941,0
20940,0
20939,0
20938,0
20937,0
20936,0
20935,0
20934,0
20933,0
20932,0
20931,0
20930,0
20929,0
20928,0
20927,0
20926,0
20925,0
20924,0
20923,0
20922,0
20921,0
20920,0
20919,0
20918,0
20917,0
20916,0
20915,0
20914,0
20913,0
20912,0
20911,0
20910,0
20909,0
20908,0
20907,0
20906,0
20905,0
20904,0
20903,0
20902,0
20901,0
20900,0
20899,0
20898,0
20897,0
20896,0
20895,0
20894,0
20893,0
20892,0
20891,0
20890,0
20889,0
20888,0
20887,0
20886,0
20885,0
20884,0
20883,0
20882,0
20881,0
20880,0
20879,0
20878,0
20877,0
20876,0
20875,0
20874,0
20873,0
20872,0
20871,0
20870,0
20869,0
20868,0
20867,0
20866,0
20865,0
20864,0
20863,0
20862,0
20861,0
20860,0
20859,0
20858,0
20857,0
20856,0
20855,0
20854,0
20853,0
20852,0
20851,0
20850,0
20849,0
20848,0
20847,0
20846,0
20845,0
20844,0
20843,0
20842,0
20841,0
20840,0
20839,0
20838,0
20837,0
20836,0
20835,0
20834,0
20833,0
20832,0
20831,0
20830,0
20829,0
20828,0
20827,0
20826,0
20825,0
20824,0
20823,0
20822,0
20821,0
20820,0
20819,0
20818,0
20817,0
20816,0
20815,0
20814,0
20813,0
20812,0
20811,0
20810,0
20809,0
20808,0
20807,0
20806,0
20805,0
20804,0
20803,0
20802,0
20801,0
20800,0
20799,0
20798,0
20797,0
20796,0
20795,0
20794,0
20793,0
20792,0
20791,0
20790,0
20789,0
20788,0
20787,0
20786,0
20785,0
20784,0
20783,0
20782,0
20781,0
20780,0
20779,0
20778,0
20777,0
20776,0
20775,0
20774,0
20773,0
20772,0
20771,0
20770,0
20769,0
20768,0
20767,0
20766,0
20765,0
20764,0
20763,0
20762,0
20761,0
20760,0
20759,0
20758,0
20757,0
20756,0
20755,0
20754,0
20753,0
20752,0
20751,0
20750,0
20749,0
20748,0
20747,0
20746,0
20745,0
20744,0
20743,0
20742,0
20741,0
20740,0
20739,0
20738,0
20737,0
20736,0
20735,0
20734,0
20733,0
20732,0
20731,0
20730,0
20729,0
20728,0
20727,0
20726,0
20725,0
20724,0
20723,0
20722,0
20721,0
20720,0
20719,0
20718,0
20717,0
20716,0
20715,0
20714,0
20713,0
20712,0
20711,0
20710,0
20709,0
20708,0
20707,0
20706,0
20705,0
20704,0
20703,0
20702,0
20701,0
20700,0
20699,0
20698,0
20697,0
20696,0
20695,0
20694,0
20693,0
20692,0
20691,0
20690,0
20689,0
20688,0
20687,0
20686,0
20685,0
20684,0
20683,0
20682,0
20681,0
20680,0
20679,0
20678,0
20677,0
20676,0
20675,0
20674,0
20673,0
20672,0
20671,0
20670,0
20669,0
20668,0
20667,0
20666,0
20665,0
20664,0
20663,0
20662,0
20661,0
20660,0
20659,0
20658,0
20657,0
20656,0
20655,0
20654,0
20653,0
20652,0
20651,0
20650,0
20649,0
20648,0
20647,0
20646,0
20645,0
20644,0
20643,0
20642,0
20641,0
20640,0
20639,0
20638,0
20637,0
20636,0
20635,0
20634,0
20633,0
20632,0
20631,0
20630,0
20629,0
20628,0
20627,0
20626,0
20625,0
20624,0
20623,0
20622,0
20621,0
20620,0
20619,0
20618,0
20617,0
20616,0
20615,0
20614,0
20613,0
20612,0
20611,0
20610,0
20609,0
20608,0
20607,0
20606,0
20605,0
20604,0
20603,0
20602,0
20601,0
20600,0
20599,0
20598,0
20597,0
20596,0
20595,0
20594,0
20593,0
20592,0
20591,0
20590,0
20589,0
20588,0
20587,0
20586,0
20585,0
20584,0
20583,0
20582,0
20581,0
20580,0
20579,0
20578,0
20577,0
20576,0
20575,0
20574,0
20573,0
20572,0
20571,0
20570,0
20569,0
20568,0
20567,0
20566,0
20565,0
20564,0
20563,0
20562,0
20561,0
20560,0
20559,0
20558,0
20557,0
20556,0
20555,0
20554,0
20553,0
20552,0
20551,0
20550,0
20549,0
20548,0
20547,0
20546,0
20545,0
20544,0
20543,0
20542,0
20541,0
20540,0
20539,0
20538,0
20537,0
20536,0
20535,0
20534,0
20533,0
20532,0
20531,0
20530,0
20529,0
20528,0
20527,0
20526,0
20525,0
20524,0
20523,0
20522,0
20521,0
20520,0
20519,0
20518,0
20517,0
20516,0
20515,0
20514,0
20513,0
20512,0
20511,0
20510,0
20509,0
20508,0
20507,0
20506,0
20505,0
20504,0
20503,0
20502,0
20501,0
20500,0
20499,0
20498,0
20497,0
20496,0
20495,0
20494,0
20493,0
20492,0
20491,0
20490,0
20489,0
20488,0
20487,0
20486,0
20485,0
20484,0
20483,0
20482,0
20481,0
20480,0
20479,0
20478,0
20477,0
20476,0
20475,0
20474,0
20473,0
20472,0
20471,0
20470,0
20469,0
20468,0
20467,0
20466,0
20465,0
20464,0
20463,0
20462,0
20461,0
20460,0
20459,0
20458,0
20457,0
20456,0
20455,0
20454,0
20453,0
20452,0
20451,0
20450,0
20449,0
20448,0
20447,0
20446,0
20445,0
20444,0
20443,0
20442,0
20441,0
20440,0
20439,0
20438,0
20437,0
20436,0
20435,0
20434,0
20433,0
20432,0
20431,0
20430,0
20429,0
20428,0
20427,0
20426,0
20425,0
20424,0
20423,0
20422,0
20421,0
20420,0
20419,0
20418,0
20417,0
20416,0
20415,0
20414,0
20413,0
20412,0
20411,0
20410,0
20409,0
20408,0
20407,0
20406,0
20405,0
20404,0
20403,0
20402,0
20401,0
20400,0
20399,0
20398,0
20397,0
20396,0
20395,0
20394,0
20393,0
20392,0
20391,0
20390,0
20389,0
20388,0
20387,0
20386,0
20385,0
20384,0
20383,0
20382,0
20381,0
20380,0
20379,0
20378,0
20377,0
20376,0
20375,0
20374,0
20373,0
20372,0
20371,0
20370,0
20369,0
20368,0
20367,0
20366,0
20365,0
20364,0
20363,0
20362,0
20361,0
20360,0
20359,0
20358,0
20357,0
20356,0
20355,0
20354,0
20353,0
20352,0
20351,0
20350,0
20349,0
20348,0
20347,0
20346,0
20345,0
20344,0
20343,0
20342,0
20341,0
20340,0
20339,0
20338,0
20337,0
20336,0
20335,0
20334,0
20333,0
20332,0
20331,0
20330,0
20329,0
20328,0
20327,0
20326,0
20325,0
20324,0
20323,0
20322,0
20321,0
20320,0
20319,0
20318,0
20317,0
20316,0
20315,0
20314,0
20313,0
20312,0
20311,0
20310,0
20309,0
20308,0
20307,0
20306,0
20305,0
20304,0
20303,0
20302,0
20301,0
20300,0
20299,0
20298,0
20297,0
20296,0
20295,0
20294,0
20293,0
20292,0
20291,0
20290,0
20289,0
20288,0
20287,0
20286,0
20285,0
20284,0
20283,0
20282,0
20281,0
20280,0
20279,0
20278,0
20277,0
20276,0
20275,0
20274,0
20273,0
20272,0
20271,0
20270,0
20269,0
20268,0
20267,0
20266,0
20265,0
20264,0
20263,0
20262,0
20261,0
20260,0
20259,0
20258,0
20257,0
20256,0
20255,0
20254,0
20253,0
20252,0
20251,0
20250,0
20249,0
20248,0
20247,0
20246,0
20245,0
20244,0
20243,0
20242,0
20241,0
20240,0
20239,0
20238,0
20237,0
20236,0
20235,0
20234,0
20233,0
20232,0
20231,0
20230,0
20229,0
20228,0
20227,0
20226,0
20225,0
20224,0
20223,0
20222,0
20221,0
20220,0
20219,0
20218,0
20217,0
20216,0
20215,0
20214,0
20213,0
20212,0
20211,0
20210,0
20209,0
20208,0
20207,0
20206,0
20205,0
20204,0
20203,0
20202,0
20201,0
20200,0
20199,0
20198,0
20197,0
20196,0
20195,0
20194,0
20193,0
20192,0
20191,0
20190,0
20189,0
20188,0
20187,0
20186,0
20185,0
20184,0
20183,0
20182,0
20181,0
20180,0
20179,0
20178,0
20177,0
20176,0
20175,0
20174,0
20173,0
20172,0
20171,0
20170,0
20169,0
20168,0
20167,0
20166,0
20165,0
20164,0
20163,0
20162,0
20161,0
20160,0
20159,0
20158,0
20157,0
20156,0
20155,0
20154,0
20153,0
20152,0
20151,0
20150,0
20149,0
20148,0
20147,0
20146,0
20145,0
20144,0
20143,0
20142,0
20141,0
20140,0
20139,0
20138,0
20137,0
20136,0
20135,0
20134,0
20133,0
20132,0
20131,0
20130,0
20129,0
20128,0
20127,0
20126,0
20125,0
20124,0
20123,0
20122,0
20121,0
20120,0
20119,0
20118,0
20117,0
20116,0
20115,0
20114,0
20113,0
20112,0
20111,0
20110,0
20109,0
20108,0
20107,0
20106,0
20105,0
20104,0
20103,0
20102,0
20101,0
20100,0
20099,0
20098,0
20097,0
20096,0
20095,0
20094,0
20093,0
20092,0
20091,0
20090,0
20089,0
20088,0
20087,0
20086,0
20085,0
20084,0
20083,0
20082,0
20081,0
20080,0
20079,0
20078,0
20077,0
20076,0
20075,0
20074,0
20073,0
20072,0
20071,0
20070,0
20069,0
20068,0
20067,0
20066,0
20065,0
20064,0
20063,0
20062,0
20061,0
20060,0
20059,0
20058,0
20057,0
20056,0
20055,0
20054,0
20053,0
20052,0
20051,0
20050,0
20049,0
20048,0
20047,0
20046,0
20045,0
20044,0
20043,0
20042,0
20041,0
20040,0
20039,0
20038,0
20037,0
20036,0
20035,0
20034,0
20033,0
20032,0
20031,0
20030,0
20029,0
20028,0
20027,0
20026,0
20025,0
20024,0
20023,0
20022,0
20021,0
20020,0
20019,0
20018,0
20017,0
20016,0
20015,0
20014,0
20013,0
20012,0
20011,0
20010,0
20009,0
20008,0
20007,0
20006,0
20005,0
20004,0
20003,0
20002,0
20001,0
20000,0
19999,0
19998,0
19997,0
19996,0
19995,0
19994,0
19993,0
19992,0
19991,0
19990,0
19989,0
19988,0
19987,0
19986,0
19985,0
19984,0
19983,0
19982,0
19981,0
19980,0
19979,0
19978,0
19977,0
19976,0
19975,0
19974,0
19973,0
19972,0
19971,0
19970,0
19969,0
19968,0
19967,0
19966,0
19965,0
19964,0
19963,0
19962,0
19961,0
19960,0
19959,0
19958,0
19957,0
19956,0
19955,0
19954,0
19953,0
19952,0
19951,0
19950,0
19949,0
19948,0
19947,0
19946,0
19945,0
19944,0
19943,0
19942,0
19941,0
19940,0
19939,0
19938,0
19937,0
19936,0
19935,0
19934,0
19933,0
19932,0
19931,0
19930,0
19929,0
19928,0
19927,0
19926,0
19925,0
19924,0
19923,0
19922,0
19921,0
19920,0
19919,0
19918,0
19917,0
19916,0
19915,0
19914,0
19913,0
19912,0
19911,0
19910,0
19909,0
19908,0
19907,0
19906,0
19905,0
19904,0
19903,0
19902,0
19901,0
19900,0
19899,0
19898,0
19897,0
19896,0
19895,0
19894,0
19893,0
19892,0
19891,0
19890,0
19889,0
19888,0
19887,0
19886,0
19885,0
19884,0
19883,0
19882,0
19881,0
19880,0
19879,0
19878,0
19877,0
19876,0
19875,0
19874,0
19873,0
19872,0
19871,0
19870,0
19869,0
19868,0
19867,0
19866,0
19865,0
19864,0
19863,0
19862,0
19861,0
19860,0
19859,0
19858,0
19857,0
19856,0
19855,0
19854,0
19853,0
19852,0
19851,0
19850,0
19849,0
19848,0
19847,0
19846,0
19845,0
19844,0
19843,0
19842,0
19841,0
19840,0
19839,0
19838,0
19837,0
19836,0
19835,0
19834,0
19833,0
19832,0
19831,0
19830,0
19829,0
19828,0
19827,0
19826,0
19825,0
19824,0
19823,0
19822,0
19821,0
19820,0
19819,0
19818,0
19817,0
19816,0
19815,0
19814,0
19813,0
19812,0
19811,0
19810,0
19809,0
19808,0
19807,0
19806,0
19805,0
19804,0
19803,0
19802,0
19801,0
19800,0
19799,0
19798,0
19797,0
19796,0
19795,0
19794,0
19793,0
19792,0
19791,0
19790,0
19789,0
19788,0
19787,0
19786,0
19785,0
19784,0
19783,0
19782,0
19781,0
19780,0
19779,0
19778,0
19777,0
19776,0
19775,0
19774,0
19773,0
19772,0
19771,0
19770,0
19769,0
19768,0
19767,0
19766,0
19765,0
19764,0
19763,0
19762,0
19761,0
19760,0
19759,0
19758,0
19757,0
19756,0
19755,0
19754,0
19753,0
19752,0
19751,0
19750,0
19749,0
19748,0
19747,0
19746,0
19745,0
19744,0
19743,0
19742,0
19741,0
19740,0
19739,0
19738,0
19737,0
19736,0
19735,0
19734,0
19733,0
19732,0
19731,0
19730,0
19729,0
19728,0
19727,0
19726,0
19725,0
19724,0
19723,0
19722,0
19721,0
19720,0
19719,0
19718,0
19717,0
19716,0
19715,0
19714,0
19713,0
19712,0
19711,0
19710,0
19709,0
19708,0
19707,0
19706,0
19705,0
19704,0
19703,0
19702,0
19701,0
19700,0
19699,0
19698,0
19697,0
19696,0
19695,0
19694,0
19693,0
19692,0
19691,0
19690,0
19689,0
19688,0
19687,0
19686,0
19685,0
19684,0
19683,0
19682,0
19681,0
19680,0
19679,0
19678,0
19677,0
19676,0
19675,0
19674,0
19673,0
19672,0
19671,0
19670,0
19669,0
19668,0
19667,0
19666,0
19665,0
19664,0
19663,0
19662,0
19661,0
19660,0
19659,0
19658,0
19657,0
19656,0
19655,0
19654,0
19653,0
19652,0
19651,0
19650,0
19649,0
19648,0
19647,0
19646,0
19645,0
19644,0
19643,0
19642,0
19641,0
19640,0
19639,0
19638,0
19637,0
19636,0
19635,0
19634,0
19633,0
19632,0
19631,0
19630,0
19629,0
19628,0
19627,0
19626,0
19625,0
19624,0
19623,0
19622,0
19621,0
19620,0
19619,0
19618,0
19617,0
19616,0
19615,0
19614,0
19613,0
19612,0
19611,0
19610,0
19609,0
19608,0
19607,0
19606,0
19605,0
19604,0
19603,0
19602,0
19601,0
19600,0
19599,0
19598,0
19597,0
19596,0
19595,0
19594,0
19593,0
19592,0
19591,0
19590,0
19589,0
19588,0
19587,0
19586,0
19585,0
19584,0
19583,0
19582,0
19581,0
19580,0
19579,0
19578,0
19577,0
19576,0
19575,0
19574,0
19573,0
19572,0
19571,0
19570,0
19569,0
19568,0
19567,0
19566,0
19565,0
19564,0
19563,0
19562,0
19561,0
19560,0
19559,0
19558,0
19557,0
19556,0
19555,0
19554,0
19553,0
19552,0
19551,0
19550,0
19549,0
19548,0
19547,0
19546,0
19545,0
19544,0
19543,0
19542,0
19541,0
19540,0
19539,0
19538,0
19537,0
19536,0
19535,0
19534,0
19533,0
19532,0
19531,0
19530,0
19529,0
19528,0
19527,0
19526,0
19525,0
19524,0
19523,0
19522,0
19521,0
19520,0
19519,0
19518,0
19517,0
19516,0
19515,0
19514,0
19513,0
19512,0
19511,0
19510,0
19509,0
19508,0
19507,0
19506,0
19505,0
19504,0
19503,0
19502,0
19501,0
19500,0
19499,0
19498,0
19497,0
19496,0
19495,0
19494,0
19493,0
19492,0
19491,0
19490,0
19489,0
19488,0
19487,0
19486,0
19485,0
19484,0
19483,0
19482,0
19481,0
19480,0
19479,0
19478,0
19477,0
19476,0
19475,0
19474,0
19473,0
19472,0
19471,0
19470,0
19469,0
19468,0
19467,0
19466,0
19465,0
19464,0
19463,0
19462,0
19461,0
19460,0
19459,0
19458,0
19457,0
19456,0
19455,0
19454,0
19453,0
19452,0
19451,0
19450,0
19449,0
19448,0
19447,0
19446,0
19445,0
19444,0
19443,0
19442,0
19441,0
19440,0
19439,0
19438,0
19437,0
19436,0
19435,0
19434,0
19433,0
19432,0
19431,0
19430,0
19429,0
19428,0
19427,0
19426,0
19425,0
19424,0
19423,0
19422,0
19421,0
19420,0
19419,0
19418,0
19417,0
19416,0
19415,0
19414,0
19413,0
19412,0
19411,0
19410,0
19409,0
19408,0
19407,0
19406,0
19405,0
19404,0
19403,0
19402,0
19401,0
19400,0
19399,0
19398,0
19397,0
19396,0
19395,0
19394,0
19393,0
19392,0
19391,0
19390,0
19389,0
19388,0
19387,0
19386,0
19385,0
19384,0
19383,0
19382,0
19381,0
19380,0
19379,0
19378,0
19377,0
19376,0
19375,0
19374,0
19373,0
19372,0
19371,0
19370,0
19369,0
19368,0
19367,0
19366,0
19365,0
19364,0
19363,0
19362,0
19361,0
19360,0
19359,0
19358,0
19357,0
19356,0
19355,0
19354,0
19353,0
19352,0
19351,0
19350,0
19349,0
19348,0
19347,0
19346,0
19345,0
19344,0
19343,0
19342,0
19341,0
19340,0
19339,0
19338,0
19337,0
19336,0
19335,0
19334,0
19333,0
19332,0
19331,0
19330,0
19329,0
19328,0
19327,0
19326,0
19325,0
19324,0
19323,0
19322,0
19321,0
19320,0
19319,0
19318,0
19317,0
19316,0
19315,0
19314,0
19313,0
19312,0
19311,0
19310,0
19309,0
19308,0
19307,0
19306,0
19305,0
19304,0
19303,0
19302,0
19301,0
19300,0
19299,0
19298,0
19297,0
19296,0
19295,0
19294,0
19293,0
19292,0
19291,0
19290,0
19289,0
19288,0
19287,0
19286,0
19285,0
19284,0
19283,0
19282,0
19281,0
19280,0
19279,0
19278,0
19277,0
19276,0
19275,0
19274,0
19273,0
19272,0
19271,0
19270,0
19269,0
19268,0
19267,0
19266,0
19265,0
19264,0
19263,0
19262,0
19261,0
19260,0
19259,0
19258,0
19257,0
19256,0
19255,0
19254,0
19253,0
19252,0
19251,0
19250,0
19249,0
19248,0
19247,0
19246,0
19245,0
19244,0
19243,0
19242,0
19241,0
19240,0
19239,0
19238,0
19237,0
19236,0
19235,0
19234,0
19233,0
19232,0
19231,0
19230,0
19229,0
19228,0
19227,0
19226,0
19225,0
19224,0
19223,0
19222,0
19221,0
19220,0
19219,0
19218,0
19217,0
19216,0
19215,0
19214,0
19213,0
19212,0
19211,0
19210,0
19209,0
19208,0
19207,0
19206,0
19205,0
19204,0
19203,0
19202,0
19201,0
19200,0
19199,0
19198,0
19197,0
19196,0
19195,0
19194,0
19193,0
19192,0
19191,0
19190,0
19189,0
19188,0
19187,0
19186,0
19185,0
19184,0
19183,0
19182,0
19181,0
19180,0
19179,0
19178,0
19177,0
19176,0
19175,0
19174,0
19173,0
19172,0
19171,0
19170,0
19169,0
19168,0
19167,0
19166,0
19165,0
19164,0
19163,0
19162,0
19161,0
19160,0
19159,0
19158,0
19157,0
19156,0
19155,0
19154,0
19153,0
19152,0
19151,0
19150,0
19149,0
19148,0
19147,0
19146,0
19145,0
19144,0
19143,0
19142,0
19141,0
19140,0
19139,0
19138,0
19137,0
19136,0
19135,0
19134,0
19133,0
19132,0
19131,0
19130,0
19129,0
19128,0
19127,0
19126,0
19125,0
19124,0
19123,0
19122,0
19121,0
19120,0
19119,0
19118,0
19117,0
19116,0
19115,0
19114,0
19113,0
19112,0
19111,0
19110,0
19109,0
19108,0
19107,0
19106,0
19105,0
19104,0
19103,0
19102,0
19101,0
19100,0
19099,0
19098,0
19097,0
19096,0
19095,0
19094,0
19093,0
19092,0
19091,0
19090,0
19089,0
19088,0
19087,0
19086,0
19085,0
19084,0
19083,0
19082,0
19081,0
19080,0
19079,0
19078,0
19077,0
19076,0
19075,0
19074,0
19073,0
19072,0
19071,0
19070,0
19069,0
19068,0
19067,0
19066,0
19065,0
19064,0
19063,0
19062,0
19061,0
19060,0
19059,0
19058,0
19057,0
19056,0
19055,0
19054,0
19053,0
19052,0
19051,0
19050,0
19049,0
19048,0
19047,0
19046,0
19045,0
19044,0
19043,0
19042,0
19041,0
19040,0
19039,0
19038,0
19037,0
19036,0
19035,0
19034,0
19033,0
19032,0
19031,0
19030,0
19029,0
19028,0
19027,0
19026,0
19025,0
19024,0
19023,0
19022,0
19021,0
19020,0
19019,0
19018,0
19017,0
19016,0
19015,0
19014,0
19013,0
19012,0
19011,0
19010,0
19009,0
19008,0
19007,0
19006,0
19005,0
19004,0
19003,0
19002,0
19001,0
19000,0
18999,0
18998,0
18997,0
18996,0
18995,0
18994,0
18993,0
18992,0
18991,0
18990,0
18989,0
18988,0
18987,0
18986,0
18985,0
18984,0
18983,0
18982,0
18981,0
18980,0
18979,0
18978,0
18977,0
18976,0
18975,0
18974,0
18973,0
18972,0
18971,0
18970,0
18969,0
18968,0
18967,0
18966,0
18965,0
18964,0
18963,0
18962,0
18961,0
18960,0
18959,0
18958,0
18957,0
18956,0
18955,0
18954,0
18953,0
18952,0
18951,0
18950,0
18949,0
18948,0
18947,0
18946,0
18945,0
18944,0
18943,0
18942,0
18941,0
18940,0
18939,0
18938,0
18937,0
18936,0
18935,0
18934,0
18933,0
18932,0
18931,0
18930,0
18929,0
18928,0
18927,0
18926,0
18925,0
18924,0
18923,0
18922,0
18921,0
18920,0
18919,0
18918,0
18917,0
18916,0
18915,0
18914,0
18913,0
18912,0
18911,0
18910,0
18909,0
18908,0
18907,0
18906,0
18905,0
18904,0
18903,0
18902,0
18901,0
18900,0
18899,0
18898,0
18897,0
18896,0
18895,0
18894,0
18893,0
18892,0
18891,0
18890,0
18889,0
18888,0
18887,0
18886,0
18885,0
18884,0
18883,0
18882,0
18881,0
18880,0
18879,0
18878,0
18877,0
18876,0
18875,0
18874,0
18873,0
18872,0
18871,0
18870,0
18869,0
18868,0
18867,0
18866,0
18865,0
18864,0
18863,0
18862,0
18861,0
18860,0
18859,0
18858,0
18857,0
18856,0
18855,0
18854,0
18853,0
18852,0
18851,0
18850,0
18849,0
18848,0
18847,0
18846,0
18845,0
18844,0
18843,0
18842,0
18841,0
18840,0
18839,0
18838,0
18837,0
18836,0
18835,0
18834,0
18833,0
18832,0
18831,0
18830,0
18829,0
18828,0
18827,0
18826,0
18825,0
18824,0
18823,0
18822,0
18821,0
18820,0
18819,0
18818,0
18817,0
18816,0
18815,0
18814,0
18813,0
18812,0
18811,0
18810,0
18809,0
18808,0
18807,0
18806,0
18805,0
18804,0
18803,0
18802,0
18801,0
18800,0
18799,0
18798,0
18797,0
18796,0
18795,0
18794,0
18793,0
18792,0
18791,0
18790,0
18789,0
18788,0
18787,0
18786,0
18785,0
18784,0
18783,0
18782,0
18781,0
18780,0
18779,0
18778,0
18777,0
18776,0
18775,0
18774,0
18773,0
18772,0
18771,0
18770,0
18769,0
18768,0
18767,0
18766,0
18765,0
18764,0
18763,0
18762,0
18761,0
18760,0
18759,0
18758,0
18757,0
18756,0
18755,0
18754,0
18753,0
18752,0
18751,0
18750,0
18749,0
18748,0
18747,0
18746,0
18745,0
18744,0
18743,0
18742,0
18741,0
18740,0
18739,0
18738,0
18737,0
18736,0
18735,0
18734,0
18733,0
18732,0
18731,0
18730,0
18729,0
18728,0
18727,0
18726,0
18725,0
18724,0
18723,0
18722,0
18721,0
18720,0
18719,0
18718,0
18717,0
18716,0
18715,0
18714,0
18713,0
18712,0
18711,0
18710,0
18709,0
18708,0
18707,0
18706,0
18705,0
18704,0
18703,0
18702,0
18701,0
18700,0
18699,0
18698,0
18697,0
18696,0
18695,0
18694,0
18693,0
18692,0
18691,0
18690,0
18689,0
18688,0
18687,0
18686,0
18685,0
18684,0
18683,0
18682,0
18681,0
18680,0
18679,0
18678,0
18677,0
18676,0
18675,0
18674,0
18673,0
18672,0
18671,0
18670,0
18669,0
18668,0
18667,0
18666,0
18665,0
18664,0
18663,0
18662,0
18661,0
18660,0
18659,0
18658,0
18657,0
18656,0
18655,0
18654,0
18653,0
18652,0
18651,0
18650,0
18649,0
18648,0
18647,0
18646,0
18645,0
18644,0
18643,0
18642,0
18641,0
18640,0
18639,0
18638,0
18637,0
18636,0
18635,0
18634,0
18633,0
18632,0
18631,0
18630,0
18629,0
18628,0
18627,0
18626,0
18625,0
18624,0
18623,0
18622,0
18621,0
18620,0
18619,0
18618,0
18617,0
18616,0
18615,0
18614,0
18613,0
18612,0
18611,0
18610,0
18609,0
18608,0
18607,0
18606,0
18605,0
18604,0
18603,0
18602,0
18601,0
18600,0
18599,0
18598,0
18597,0
18596,0
18595,0
18594,0
18593,0
18592,0
18591,0
18590,0
18589,0
18588,0
18587,0
18586,0
18585,0
18584,0
18583,0
18582,0
18581,0
18580,0
18579,0
18578,0
18577,0
18576,0
18575,0
18574,0
18573,0
18572,0
18571,0
18570,0
18569,0
18568,0
18567,0
18566,0
18565,0
18564,0
18563,0
18562,0
18561,0
18560,0
18559,0
18558,0
18557,0
18556,0
18555,0
18554,0
18553,0
18552,0
18551,0
18550,0
18549,0
18548,0
18547,0
18546,0
18545,0
18544,0
18543,0
18542,0
18541,0
18540,0
18539,0
18538,0
18537,0
18536,0
18535,0
18534,0
18533,0
18532,0
18531,0
18530,0
18529,0
18528,0
18527,0
18526,0
18525,0
18524,0
18523,0
18522,0
18521,0
18520,0
18519,0
18518,0
18517,0
18516,0
18515,0
18514,0
18513,0
18512,0
18511,0
18510,0
18509,0
18508,0
18507,0
18506,0
18505,0
18504,0
18503,0
18502,0
18501,0
18500,0
18499,0
18498,0
18497,0
18496,0
18495,0
18494,0
18493,0
18492,0
18491,0
18490,0
18489,0
18488,0
18487,0
18486,0
18485,0
18484,0
18483,0
18482,0
18481,0
18480,0
18479,0
18478,0
18477,0
18476,0
18475,0
18474,0
18473,0
18472,0
18471,0
18470,0
18469,0
18468,0
18467,0
18466,0
18465,0
18464,0
18463,0
18462,0
18461,0
18460,0
18459,0
18458,0
18457,0
18456,0
18455,0
18454,0
18453,0
18452,0
18451,0
18450,0
18449,0
18448,0
18447,0
18446,0
18445,0
18444,0
18443,0
18442,0
18441,0
18440,0
18439,0
18438,0
18437,0
18436,0
18435,0
18434,0
18433,0
18432,0
18431,0
18430,0
18429,0
18428,0
18427,0
18426,0
18425,0
18424,0
18423,0
18422,0
18421,0
18420,0
18419,0
18418,0
18417,0
18416,0
18415,0
18414,0
18413,0
18412,0
18411,0
18410,0
18409,0
18408,0
18407,0
18406,0
18405,0
18404,0
18403,0
18402,0
18401,0
18400,0
18399,0
18398,0
18397,0
18396,0
18395,0
18394,0
18393,0
18392,0
18391,0
18390,0
18389,0
18388,0
18387,0
18386,0
18385,0
18384,0
18383,0
18382,0
18381,0
18380,0
18379,0
18378,0
18377,0
18376,0
18375,0
18374,0
18373,0
18372,0
18371,0
18370,0
18369,0
18368,0
18367,0
18366,0
18365,0
18364,0
18363,0
18362,0
18361,0
18360,0
18359,0
18358,0
18357,0
18356,0
18355,0
18354,0
18353,0
18352,0
18351,0
18350,0
18349,0
18348,0
18347,0
18346,0
18345,0
18344,0
18343,0
18342,0
18341,0
18340,0
18339,0
18338,0
18337,0
18336,0
18335,0
18334,0
18333,0
18332,0
18331,0
18330,0
18329,0
18328,0
18327,0
18326,0
18325,0
18324,0
18323,0
18322,0
18321,0
18320,0
18319,0
18318,0
18317,0
18316,0
18315,0
18314,0
18313,0
18312,0
18311,0
18310,0
18309,0
18308,0
18307,0
18306,0
18305,0
18304,0
18303,0
18302,0
18301,0
18300,0
18299,0
18298,0
18297,0
18296,0
18295,0
18294,0
18293,0
18292,0
18291,0
18290,0
18289,0
18288,0
18287,0
18286,0
18285,0
18284,0
18283,0
18282,0
18281,0
18280,0
18279,0
18278,0
18277,0
18276,0
18275,0
18274,0
18273,0
18272,0
18271,0
18270,0
18269,0
18268,0
18267,0
18266,0
18265,0
18264,0
18263,0
18262,0
18261,0
18260,0
18259,0
18258,0
18257,0
18256,0
18255,0
18254,0
18253,0
18252,0
18251,0
18250,0
18249,0
18248,0
18247,0
18246,0
18245,0
18244,0
18243,0
18242,0
18241,0
18240,0
18239,0
18238,0
18237,0
18236,0
18235,0
18234,0
18233,0
18232,0
18231,0
18230,0
18229,0
18228,0
18227,0
18226,0
18225,0
18224,0
18223,0
18222,0
18221,0
18220,0
18219,0
18218,0
18217,0
18216,0
18215,0
18214,0
18213,0
18212,0
18211,0
18210,0
18209,0
18208,0
18207,0
18206,0
18205,0
18204,0
18203,0
18202,0
18201,0
18200,0
18199,0
18198,0
18197,0
18196,0
18195,0
18194,0
18193,0
18192,0
18191,0
18190,0
18189,0
18188,0
18187,0
18186,0
18185,0
18184,0
18183,0
18182,0
18181,0
18180,0
18179,0
18178,0
18177,0
18176,0
18175,0
18174,0
18173,0
18172,0
18171,0
18170,0
18169,0
18168,0
18167,0
18166,0
18165,0
18164,0
18163,0
18162,0
18161,0
18160,0
18159,0
18158,0
18157,0
18156,0
18155,0
18154,0
18153,0
18152,0
18151,0
18150,0
18149,0
18148,0
18147,0
18146,0
18145,0
18144,0
18143,0
18142,0
18141,0
18140,0
18139,0
18138,0
18137,0
18136,0
18135,0
18134,0
18133,0
18132,0
18131,0
18130,0
18129,0
18128,0
18127,0
18126,0
18125,0
18124,0
18123,0
18122,0
18121,0
18120,0
18119,0
18118,0
18117,0
18116,0
18115,0
18114,0
18113,0
18112,0
18111,0
18110,0
18109,0
18108,0
18107,0
18106,0
18105,0
18104,0
18103,0
18102,0
18101,0
18100,0
18099,0
18098,0
18097,0
18096,0
18095,0
18094,0
18093,0
18092,0
18091,0
18090,0
18089,0
18088,0
18087,0
18086,0
18085,0
18084,0
18083,0
18082,0
18081,0
18080,0
18079,0
18078,0
18077,0
18076,0
18075,0
18074,0
18073,0
18072,0
18071,0
18070,0
18069,0
18068,0
18067,0
18066,0
18065,0
18064,0
18063,0
18062,0
18061,0
18060,0
18059,0
18058,0
18057,0
18056,0
18055,0
18054,0
18053,0
18052,0
18051,0
18050,0
18049,0
18048,0
18047,0
18046,0
18045,0
18044,0
18043,0
18042,0
18041,0
18040,0
18039,0
18038,0
18037,0
18036,0
18035,0
18034,0
18033,0
18032,0
18031,0
18030,0
18029,0
18028,0
18027,0
18026,0
18025,0
18024,0
18023,0
18022,0
18021,0
18020,0
18019,0
18018,0
18017,0
18016,0
18015,0
18014,0
18013,0
18012,0
18011,0
18010,0
18009,0
18008,0
18007,0
18006,0
18005,0
18004,0
18003,0
18002,0
18001,0
18000,0
17999,0
17998,0
17997,0
17996,0
17995,0
17994,0
17993,0
17992,0
17991,0
17990,0
17989,0
17988,0
17987,0
17986,0
17985,0
17984,0
17983,0
17982,0
17981,0
17980,0
17979,0
17978,0
17977,0
17976,0
17975,0
17974,0
17973,0
17972,0
17971,0
17970,0
17969,0
17968,0
17967,0
17966,0
17965,0
17964,0
17963,0
17962,0
17961,0
17960,0
17959,0
17958,0
17957,0
17956,0
17955,0
17954,0
17953,0
17952,0
17951,0
17950,0
17949,0
17948,0
17947,0
17946,0
17945,0
17944,0
17943,0
17942,0
17941,0
17940,0
17939,0
17938,0
17937,0
17936,0
17935,0
17934,0
17933,0
17932,0
17931,0
17930,0
17929,0
17928,0
17927,0
17926,0
17925,0
17924,0
17923,0
17922,0
17921,0
17920,0
17919,0
17918,0
17917,0
17916,0
17915,0
17914,0
17913,0
17912,0
17911,0
17910,0
17909,0
17908,0
17907,0
17906,0
17905,0
17904,0
17903,0
17902,0
17901,0
17900,0
17899,0
17898,0
17897,0
17896,0
17895,0
17894,0
17893,0
17892,0
17891,0
17890,0
17889,0
17888,0
17887,0
17886,0
17885,0
17884,0
17883,0
17882,0
17881,0
17880,0
17879,0
17878,0
17877,0
17876,0
17875,0
17874,0
17873,0
17872,0
17871,0
17870,0
17869,0
17868,0
17867,0
17866,0
17865,0
17864,0
17863,0
17862,0
17861,0
17860,0
17859,0
17858,0
17857,0
17856,0
17855,0
17854,0
17853,0
17852,0
17851,0
17850,0
17849,0
17848,0
17847,0
17846,0
17845,0
17844,0
17843,0
17842,0
17841,0
17840,0
17839,0
17838,0
17837,0
17836,0
17835,0
17834,0
17833,0
17832,0
17831,0
17830,0
17829,0
17828,0
17827,0
17826,0
17825,0
17824,0
17823,0
17822,0
17821,0
17820,0
17819,0
17818,0
17817,0
17816,0
17815,0
17814,0
17813,0
17812,0
17811,0
17810,0
17809,0
17808,0
17807,0
17806,0
17805,0
17804,0
17803,0
17802,0
17801,0
17800,0
17799,0
17798,0
17797,0
17796,0
17795,0
17794,0
17793,0
17792,0
17791,0
17790,0
17789,0
17788,0
17787,0
17786,0
17785,0
17784,0
17783,0
17782,0
17781,0
17780,0
17779,0
17778,0
17777,0
17776,0
17775,0
17774,0
17773,0
17772,0
17771,0
17770,0
17769,0
17768,0
17767,0
17766,0
17765,0
17764,0
17763,0
17762,0
17761,0
17760,0
17759,0
17758,0
17757,0
17756,0
17755,0
17754,0
17753,0
17752,0
17751,0
17750,0
17749,0
17748,0
17747,0
17746,0
17745,0
17744,0
17743,0
17742,0
17741,0
17740,0
17739,0
17738,0
17737,0
17736,0
17735,0
17734,0
17733,0
17732,0
17731,0
17730,0
17729,0
17728,0
17727,0
17726,0
17725,0
17724,0
17723,0
17722,0
17721,0
17720,0
17719,0
17718,0
17717,0
17716,0
17715,0
17714,0
17713,0
17712,0
17711,0
17710,0
17709,0
17708,0
17707,0
17706,0
17705,0
17704,0
17703,0
17702,0
17701,0
17700,0
17699,0
17698,0
17697,0
17696,0
17695,0
17694,0
17693,0
17692,0
17691,0
17690,0
17689,0
17688,0
17687,0
17686,0
17685,0
17684,0
17683,0
17682,0
17681,0
17680,0
17679,0
17678,0
17677,0
17676,0
17675,0
17674,0
17673,0
17672,0
17671,0
17670,0
17669,0
17668,0
17667,0
17666,0
17665,0
17664,0
17663,0
17662,0
17661,0
17660,0
17659,0
17658,0
17657,0
17656,0
17655,0
17654,0
17653,0
17652,0
17651,0
17650,0
17649,0
17648,0
17647,0
17646,0
17645,0
17644,0
17643,0
17642,0
17641,0
17640,0
17639,0
17638,0
17637,0
17636,0
17635,0
17634,0
17633,0
17632,0
17631,0
17630,0
17629,0
17628,0
17627,0
17626,0
17625,0
17624,0
17623,0
17622,0
17621,0
17620,0
17619,0
17618,0
17617,0
17616,0
17615,0
17614,0
17613,0
17612,0
17611,0
17610,0
17609,0
17608,0
17607,0
17606,0
17605,0
17604,0
17603,0
17602,0
17601,0
17600,0
17599,0
17598,0
17597,0
17596,0
17595,0
17594,0
17593,0
17592,0
17591,0
17590,0
17589,0
17588,0
17587,0
17586,0
17585,0
17584,0
17583,0
17582,0
17581,0
17580,0
17579,0
17578,0
17577,0
17576,0
17575,0
17574,0
17573,0
17572,0
17571,0
17570,0
17569,0
17568,0
17567,0
17566,0
17565,0
17564,0
17563,0
17562,0
17561,0
17560,0
17559,0
17558,0
17557,0
17556,0
17555,0
17554,0
17553,0
17552,0
17551,0
17550,0
17549,0
17548,0
17547,0
17546,0
17545,0
17544,0
17543,0
17542,0
17541,0
17540,0
17539,0
17538,0
17537,0
17536,0
17535,0
17534,0
17533,0
17532,0
17531,0
17530,0
17529,0
17528,0
17527,0
17526,0
17525,0
17524,0
17523,0
17522,0
17521,0
17520,0
17519,0
17518,0
17517,0
17516,0
17515,0
17514,0
17513,0
17512,0
17511,0
17510,0
17509,0
17508,0
17507,0
17506,0
17505,0
17504,0
17503,0
17502,0
17501,0
17500,0
17499,0
17498,0
17497,0
17496,0
17495,0
17494,0
17493,0
17492,0
17491,0
17490,0
17489,0
17488,0
17487,0
17486,0
17485,0
17484,0
17483,0
17482,0
17481,0
17480,0
17479,0
17478,0
17477,0
17476,0
17475,0
17474,0
17473,0
17472,0
17471,0
17470,0
17469,0
17468,0
17467,0
17466,0
17465,0
17464,0
17463,0
17462,0
17461,0
17460,0
17459,0
17458,0
17457,0
17456,0
17455,0
17454,0
17453,0
17452,0
17451,0
17450,0
17449,0
17448,0
17447,0
17446,0
17445,0
17444,0
17443,0
17442,0
17441,0
17440,0
17439,0
17438,0
17437,0
17436,0
17435,0
17434,0
17433,0
17432,0
17431,0
17430,0
17429,0
17428,0
17427,0
17426,0
17425,0
17424,0
17423,0
17422,0
17421,0
17420,0
17419,0
17418,0
17417,0
17416,0
17415,0
17414,0
17413,0
17412,0
17411,0
17410,0
17409,0
17408,0
17407,0
17406,0
17405,0
17404,0
17403,0
17402,0
17401,0
17400,0
17399,0
17398,0
17397,0
17396,0
17395,0
17394,0
17393,0
17392,0
17391,0
17390,0
17389,0
17388,0
17387,0
17386,0
17385,0
17384,0
17383,0
17382,0
17381,0
17380,0
17379,0
17378,0
17377,0
17376,0
17375,0
17374,0
17373,0
17372,0
17371,0
17370,0
17369,0
17368,0
17367,0
17366,0
17365,0
17364,0
17363,0
17362,0
17361,0
17360,0
17359,0
17358,0
17357,0
17356,0
17355,0
17354,0
17353,0
17352,0
17351,0
17350,0
17349,0
17348,0
17347,0
17346,0
17345,0
17344,0
17343,0
17342,0
17341,0
17340,0
17339,0
17338,0
17337,0
17336,0
17335,0
17334,0
17333,0
17332,0
17331,0
17330,0
17329,0
17328,0
17327,0
17326,0
17325,0
17324,0
17323,0
17322,0
17321,0
17320,0
17319,0
17318,0
17317,0
17316,0
17315,0
17314,0
17313,0
17312,0
17311,0
17310,0
17309,0
17308,0
17307,0
17306,0
17305,0
17304,0
17303,0
17302,0
17301,0
17300,0
17299,0
17298,0
17297,0
17296,0
17295,0
17294,0
17293,0
17292,0
17291,0
17290,0
17289,0
17288,0
17287,0
17286,0
17285,0
17284,0
17283,0
17282,0
17281,0
17280,0
17279,0
17278,0
17277,0
17276,0
17275,0
17274,0
17273,0
17272,0
17271,0
17270,0
17269,0
17268,0
17267,0
17266,0
17265,0
17264,0
17263,0
17262,0
17261,0
17260,0
17259,0
17258,0
17257,0
17256,0
17255,0
17254,0
17253,0
17252,0
17251,0
17250,0
17249,0
17248,0
17247,0
17246,0
17245,0
17244,0
17243,0
17242,0
17241,0
17240,0
17239,0
17238,0
17237,0
17236,0
17235,0
17234,0
17233,0
17232,0
17231,0
17230,0
17229,0
17228,0
17227,0
17226,0
17225,0
17224,0
17223,0
17222,0
17221,0
17220,0
17219,0
17218,0
17217,0
17216,0
17215,0
17214,0
17213,0
17212,0
17211,0
17210,0
17209,0
17208,0
17207,0
17206,0
17205,0
17204,0
17203,0
17202,0
17201,0
17200,0
17199,0
17198,0
17197,0
17196,0
17195,0
17194,0
17193,0
17192,0
17191,0
17190,0
17189,0
17188,0
17187,0
17186,0
17185,0
17184,0
17183,0
17182,0
17181,0
17180,0
17179,0
17178,0
17177,0
17176,0
17175,0
17174,0
17173,0
17172,0
17171,0
17170,0
17169,0
17168,0
17167,0
17166,0
17165,0
17164,0
17163,0
17162,0
17161,0
17160,0
17159,0
17158,0
17157,0
17156,0
17155,0
17154,0
17153,0
17152,0
17151,0
17150,0
17149,0
17148,0
17147,0
17146,0
17145,0
17144,0
17143,0
17142,0
17141,0
17140,0
17139,0
17138,0
17137,0
17136,0
17135,0
17134,0
17133,0
17132,0
17131,0
17130,0
17129,0
17128,0
17127,0
17126,0
17125,0
17124,0
17123,0
17122,0
17121,0
17120,0
17119,0
17118,0
17117,0
17116,0
17115,0
17114,0
17113,0
17112,0
17111,0
17110,0
17109,0
17108,0
17107,0
17106,0
17105,0
17104,0
17103,0
17102,0
17101,0
17100,0
17099,0
17098,0
17097,0
17096,0
17095,0
17094,0
17093,0
17092,0
17091,0
17090,0
17089,0
17088,0
17087,0
17086,0
17085,0
17084,0
17083,0
17082,0
17081,0
17080,0
17079,0
17078,0
17077,0
17076,0
17075,0
17074,0
17073,0
17072,0
17071,0
17070,0
17069,0
17068,0
17067,0
17066,0
17065,0
17064,0
17063,0
17062,0
17061,0
17060,0
17059,0
17058,0
17057,0
17056,0
17055,0
17054,0
17053,0
17052,0
17051,0
17050,0
17049,0
17048,0
17047,0
17046,0
17045,0
17044,0
17043,0
17042,0
17041,0
17040,0
17039,0
17038,0
17037,0
17036,0
17035,0
17034,0
17033,0
17032,0
17031,0
17030,0
17029,0
17028,0
17027,0
17026,0
17025,0
17024,0
17023,0
17022,0
17021,0
17020,0
17019,0
17018,0
17017,0
17016,0
17015,0
17014,0
17013,0
17012,0
17011,0
17010,0
17009,0
17008,0
17007,0
17006,0
17005,0
17004,0
17003,0
17002,0
17001,0
17000,0
16999,0
16998,0
16997,0
16996,0
16995,0
16994,0
16993,0
16992,0
16991,0
16990,0
16989,0
16988,0
16987,0
16986,0
16985,0
16984,0
16983,0
16982,0
16981,0
16980,0
16979,0
16978,0
16977,0
16976,0
16975,0
16974,0
16973,0
16972,0
16971,0
16970,0
16969,0
16968,0
16967,0
16966,0
16965,0
16964,0
16963,0
16962,0
16961,0
16960,0
16959,0
16958,0
16957,0
16956,0
16955,0
16954,0
16953,0
16952,0
16951,0
16950,0
16949,0
16948,0
16947,0
16946,0
16945,0
16944,0
16943,0
16942,0
16941,0
16940,0
16939,0
16938,0
16937,0
16936,0
16935,0
16934,0
16933,0
16932,0
16931,0
16930,0
16929,0
16928,0
16927,0
16926,0
16925,0
16924,0
16923,0
16922,0
16921,0
16920,0
16919,0
16918,0
16917,0
16916,0
16915,0
16914,0
16913,0
16912,0
16911,0
16910,0
16909,0
16908,0
16907,0
16906,0
16905,0
16904,0
16903,0
16902,0
16901,0
16900,0
16899,0
16898,0
16897,0
16896,0
16895,0
16894,0
16893,0
16892,0
16891,0
16890,0
16889,0
16888,0
16887,0
16886,0
16885,0
16884,0
16883,0
16882,0
16881,0
16880,0
16879,0
16878,0
16877,0
16876,0
16875,0
16874,0
16873,0
16872,0
16871,0
16870,0
16869,0
16868,0
16867,0
16866,0
16865,0
16864,0
16863,0
16862,0
16861,0
16860,0
16859,0
16858,0
16857,0
16856,0
16855,0
16854,0
16853,0
16852,0
16851,0
16850,0
16849,0
16848,0
16847,0
16846,0
16845,0
16844,0
16843,0
16842,0
16841,0
16840,0
16839,0
16838,0
16837,0
16836,0
16835,0
16834,0
16833,0
16832,0
16831,0
16830,0
16829,0
16828,0
16827,0
16826,0
16825,0
16824,0
16823,0
16822,0
16821,0
16820,0
16819,0
16818,0
16817,0
16816,0
16815,0
16814,0
16813,0
16812,0
16811,0
16810,0
16809,0
16808,0
16807,0
16806,0
16805,0
16804,0
16803,0
16802,0
16801,0
16800,0
16799,0
16798,0
16797,0
16796,0
16795,0
16794,0
16793,0
16792,0
16791,0
16790,0
16789,0
16788,0
16787,0
16786,0
16785,0
16784,0
16783,0
16782,0
16781,0
16780,0
16779,0
16778,0
16777,0
16776,0
16775,0
16774,0
16773,0
16772,0
16771,0
16770,0
16769,0
16768,0
16767,0
16766,0
16765,0
16764,0
16763,0
16762,0
16761,0
16760,0
16759,0
16758,0
16757,0
16756,0
16755,0
16754,0
16753,0
16752,0
16751,0
16750,0
16749,0
16748,0
16747,0
16746,0
16745,0
16744,0
16743,0
16742,0
16741,0
16740,0
16739,0
16738,0
16737,0
16736,0
16735,0
16734,0
16733,0
16732,0
16731,0
16730,0
16729,0
16728,0
16727,0
16726,0
16725,0
16724,0
16723,0
16722,0
16721,0
16720,0
16719,0
16718,0
16717,0
16716,0
16715,0
16714,0
16713,0
16712,0
16711,0
16710,0
16709,0
16708,0
16707,0
16706,0
16705,0
16704,0
16703,0
16702,0
16701,0
16700,0
16699,0
16698,0
16697,0
16696,0
16695,0
16694,0
16693,0
16692,0
16691,0
16690,0
16689,0
16688,0
16687,0
16686,0
16685,0
16684,0
16683,1.00273667942076e-05
16682,1.01831497385416e-05
16681,1.03411237798113e-05
16680,1.05013158550007e-05
16679,1.06636653073635e-05
16678,1.08282446867345e-05
16677,1.09950796541494e-05
16676,1.11641960842962e-05
16675,1.13356200660348e-05
16674,1.15093779028968e-05
16673,1.16854961135652e-05
16672,1.18640014323352e-05
16671,1.20449208095532e-05
16670,1.22282814120368e-05
16669,1.24141368715376e-05
16668,1.26025393869136e-05
16667,1.27935192467747e-05
16666,1.29871070273856e-05
16665,1.31833335943059e-05
16664,1.33822301040289e-05
16663,1.3583828005609e-05
16662,1.3788159042283e-05
16661,1.3995255253084e-05
16660,1.42051489744427e-05
16659,1.44887271254281e-05
16658,1.47772876890374e-05
16657,1.50709031450057e-05
16656,1.53696467176664e-05
16655,1.56735923775929e-05
16654,1.59828148431071e-05
16653,1.6297389581668e-05
16652,1.66173928111322e-05
16651,1.69429015008769e-05
16650,1.72739933727996e-05
16649,1.75692309247086e-05
16648,1.78689814281214e-05
16647,1.81733038420276e-05
16646,1.84822577177711e-05
16645,1.87959032019783e-05
16644,1.91143010394346e-05
16643,1.94375125759273e-05
16642,1.97655997610472e-05
16641,2.00986251509375e-05
16640,2.04366519110116e-05
16639,2.0874272778979e-05
16638,2.1320052978905e-05
16637,2.1774112770434e-05
16636,2.22365734229331e-05
16635,2.27075572066129e-05
16634,2.31871873831738e-05
16633,2.36755881959962e-05
16632,2.41728848598626e-05
16631,2.46792035501964e-05
16630,2.5194671391841e-05
16629,2.56053615484459e-05
16628,2.60219785181812e-05
16627,2.64445939526536e-05
16626,2.68732801330083e-05
16625,2.7308109971563e-05
16624,2.77491570133584e-05
16623,2.81964954376502e-05
16622,2.86502000593316e-05
16621,2.91103463302729e-05
16620,2.95770103406046e-05
16619,3.01826189668241e-05
16618,3.07988693030594e-05
16617,3.14259082698808e-05
16616,3.20638839726697e-05
16615,3.27129456940038e-05
16614,3.33732438856367e-05
16613,3.40449301600393e-05
16612,3.47281572815074e-05
16611,3.54230791568478e-05
16610,3.61298508256026e-05
16609,3.66982361462756e-05
16608,3.72749544416056e-05
16607,3.7860114528643e-05
16606,3.84538263655415e-05
16605,3.90562010577393e-05
16604,3.96673508640665e-05
16603,4.028738920274e-05
16602,4.09164306572551e-05
16601,4.15545909821879e-05
16600,4.22019871088636e-05
16599,4.28483526378091e-05
16598,4.35033344419138e-05
16597,4.41670252884921e-05
16596,4.48395185848353e-05
16595,4.55209083768821e-05
16594,4.62112893477487e-05
16593,4.69107568161581e-05
16592,4.76194067347526e-05
16591,4.83373356882671e-05
16590,4.90646408916098e-05
16589,4.98156265867866e-05
16588,5.05772150809313e-05
16587,5.134953710186e-05
16586,5.21327246022871e-05
16585,5.29269107634401e-05
16584,5.37322299985336e-05
16583,5.45488179560486e-05
16582,5.53768115228323e-05
16581,5.62163488270346e-05
16580,5.70675692408248e-05
16579,5.80309286980886e-05
16578,5.90082640246931e-05
16577,5.99997342166029e-05
16576,6.10054992874481e-05
16575,6.20257202605959e-05
16574,6.30605591609258e-05
16573,6.4110179006248e-05
16572,6.51747437983854e-05
16571,6.62544185139372e-05
16570,6.73493690946639e-05
16569,6.83477078412512e-05
16568,6.9359527164616e-05
16567,7.03849819604661e-05
16566,7.1424228366604e-05
16565,7.24774237621067e-05
16564,7.35447267662762e-05
16563,7.46262972372925e-05
16562,7.57222962705887e-05
16561,7.68328861969708e-05
16560,7.7958230580407e-05
16559,7.92198385931164e-05
16558,8.04987266762168e-05
16557,8.1795073324856e-05
16556,8.31090578549936e-05
16555,8.4440860388423e-05
16554,8.57906618374402e-05
16553,8.71586438890804e-05
16552,8.85449889889506e-05
16551,8.99498803246851e-05
16550,9.13735018089465e-05
16549,9.29505009346438e-05
16548,9.4549551211191e-05
16547,9.61708583399165e-05
16546,9.7814628041517e-05
16545,9.94810660168166e-05
16544,0.000101170377907034
16543,0.000102882769253476
16542,0.000104618445456695
16541,0.000106377611735163
16540,0.000108160473083353
16539,0.000109758979037171
16538,0.000111376301712186
16537,0.000113012579793423
16536,0.000114667951655737
16535,0.00011634255533905
16534,0.00011803652852329
16533,0.00011975000850317
16532,0.000121483132162732
16531,0.000123236035949663
16530,0.000125008855849448
16529,0.000126634957690042
16528,0.000128278427153752
16527,0.000129939392038399
16526,0.000131617980239986
16525,0.000133314319738809
16524,0.000135028538585321
16523,0.00013676076488584
16522,0.000138511126788064
16521,0.000140279752466354
16520,0.000142066770106889
16519,0.000143613235178906
16518,0.000145173387599863
16517,0.000146747308064005
16516,0.000148335077241227
16515,0.000149936775769746
16514,0.000151552484248751
16513,0.000153182283230951
16512,0.000154826253215047
16511,0.000156484474638156
16510,0.000158157027868106
16509,0.000159843993195713
16508,0.000161545450826951
16507,0.000163261480875055
16506,0.000164992163352567
16505,0.000166737578163264
16504,0.000168497805094065
16503,0.000170272923806829
16502,0.000172063013830091
16501,0.000173868154550748
16500,0.000175688425205614
16499,0.000177324509761178
16498,0.000178974222836951
16497,0.000180637652818601
16496,0.000182314888293776
16495,0.00018400601804654
16494,0.000185711131051768
16493,0.000187430316469407
16492,0.00018916366363863
16491,0.000190911262071908
16490,0.000192673201448924
16489,0.000193787489555973
16488,0.000194908001747782
16487,0.000196034767173144
16486,0.000197167815045327
16485,0.000198307174641359
16484,0.000199452875301238
16483,0.000200604946427161
16482,0.000201763417482743
16481,0.000202928317992187
16480,0.000204099677539508
16479,0.000205624887695729
16478,0.000207160462293534
16477,0.000208706456159616
16476,0.000210262924203999
16475,0.000211829921417186
16474,0.00021340750286728
16473,0.000214995723697046
16472,0.000216594639120939
16471,0.000218204304422083
16470,0.000219824774949208
16469,0.000221456106113536
16468,0.000223098353385629
16467,0.000224751572292189
16466,0.000226415818412812
16465,0.000228091147376692
16464,0.000229777614859289
16463,0.000231475276578941
16462,0.000233184188293432
16461,0.000234904405796516
16460,0.000236635984914393
16459,0.000238378981502133
16458,0.00024013345144006
16457,0.000241899450630082
16456,0.00024367703499198
16455,0.000245466260459639
16454,0.00024726718297724
16453,0.000249079858495401
16452,0.000250904342967265
16451,0.000252740692344546
16450,0.000254588962573521
16449,0.000256250036761526
16448,0.00025791939564546
16447,0.000259597060040647
16446,0.000261283050650454
16445,0.000262977388064778
16444,0.000264680092758466
16443,0.000266391185089759
16442,0.000268110685298741
16441,0.000269838613505736
16440,0.000271574989709784
16439,0.000273757370228944
16438,0.000275953020337556
16437,0.000278161978273604
16436,0.000280384281961517
16435,0.000282619969007308
16434,0.000284869076693684
16433,0.000287131641975164
16432,0.000289407701473165
16431,0.000291697291471081
16430,0.000294000447909356
16429,0.000296317206380532
16428,0.000298647602124295
16427,0.000300991670022507
16426,0.000303349444594221
16425,0.000305720959990694
16424,0.000308106249990383
16423,0.000310505347993931
16422,0.000312918287019148
16421,0.000315345099695977
16420,0.000317785818261455
16419,0.000320475378730807
16418,0.000323180393259527
16417,0.000325900870495519
16416,0.000328636818185443
16415,0.00033138824316833
16414,0.000334155151369276
16413,0.000336937547793197
16412,0.000339735436518658
16411,0.000342548820691773
16410,0.000345377702520177
16409,0.000348499681300965
16408,0.000351642089849325
16407,0.000354804972512038
16406,0.000357988372668362
16405,0.000361192332717412
16404,0.000364416894065633
16403,0.000367662097114213
16402,0.00037092798124651
16401,0.000374214584815518
16400,0.000377521945131241
16399,0.000380850098448174
16398,0.000384199079952733
16397,0.000387568923750698
16396,0.000390959662854719
16395,0.000394371329171723
16394,0.000397803953490447
16393,0.000401257565468926
16392,0.000404732193622001
16391,0.000408227865308901
16390,0.000411744606720737
16389,0.000416126638450877
16388,0.000420538452519219
16387,0.000424980019383563
16386,0.000429451306019599
16385,0.000433952275897809
16384,0.000438482888960713
16383,0.000443043101600725
16382,0.000447632866638545
16381,0.000452252133301959
16380,0.000456900847205344
16379,0.000461695813833775
16378,0.000466528572129856
16377,0.00047139921868961
16376,0.000476307846871403
16375,0.000481254546734427
16374,0.000486239404977127
16373,0.000491262504875292
16372,0.000496323926219942
16371,0.000501423745255141
16370,0.000506562034615451
16369,0.000511738863263403
16368,0.000516954296426696
16367,0.000522208395535255
16366,0.000527501218158292
16365,0.000532832817941073
16364,0.00053820324454178
16363,0.000543612543568161
16362,0.000549060756514132
16361,0.000554547920696446
16360,0.000560074069191146
16359,0.000566368473959231
16358,0.000572712051354508
16357,0.000579104814309889
16356,0.000585546768440194
16355,0.000592037911933048
16354,0.000598578235439921
16353,0.000605167721967559
16352,0.000611806346769773
16351,0.000618494077239565
16350,0.000625230872801834
16349,0.000633035765997171
16348,0.000640898233758577
16347,0.000648818007276942
16346,0.000656794803656586
16345,0.000664828325811993
16344,0.000672918262367703
16343,0.000681064287561455
16342,0.000689266061150638
16341,0.000697523228322147
16340,0.000705835419605703
16339,0.000713363120132509
16338,0.000720934788819214
16337,0.000728550125547233
16336,0.00073620882038678
16335,0.000743910553556104
16334,0.000751654995382625
16333,0.000759441806266245
16332,0.000767270636644796
16331,0.000775141126961561
16330,0.000783052907635161
16329,0.000792096748358273
16328,0.0008011862714214
16327,0.000810320715962407
16326,0.000819499304713388
16325,0.000828721244074534
16324,0.000837985724194403
16323,0.000847291919056589
16322,0.000856638986572808
16321,0.000866026068682395
16320,0.000875452291458223
16319,0.000883805273725828
16318,0.000892193244447062
16317,0.000900615691055121
16316,0.000909072090924291
16315,0.000917561911380351
16314,0.000926084609713417
16313,0.000934639633193526
16312,0.000943226419088889
16311,0.000951844394686735
16310,0.000960492977317044
16309,0.000969171574378823
16308,0.000977879583369207
16307,0.000986616391915322
16306,0.000995381377808822
16305,0.0010041739090434
16304,0.00101299334385491
16303,0.00102183903076438
16302,0.0010307103086239
16301,0.00103960650666517
16300,0.00104852694455115
16299,0.00105735245829882
16298,0.00106620818905326
16297,0.00107509355330972
16296,0.00108400795658796
16295,0.00109295079342886
16294,0.00110192144739361
16293,0.0011109192910662
16292,0.00111994368605869
16291,0.00112899398301954
16290,0.00113806952164523
16289,0.00114716963069474
16288,0.0011562936280073
16287,0.00116544082052335
16286,0.00117461050430865
16285,0.00118380196458172
16284,0.00119301447574454
16283,0.00120224730141655
16282,0.00121149969447207
16281,0.00122077089708093
16280,0.00123006014075279
16279,0.00123836636459221
16278,0.00124667880969752
16277,0.00125499685061436
16276,0.00126331985702902
16275,0.00127164719383708
16274,0.00127997822121369
16273,0.00128831229468514
16272,0.00129664876520179
16271,0.00130498697921256
16270,0.00131332627874057
16269,0.00132062444944909
16268,0.00132792964763052
16267,0.00133524146530269
16266,0.00134255949055988
16265,0.00134988330759436
16264,0.00135721249671858
16263,0.00136454663438845
16262,0.00137188529322745
16261,0.00137922804205155
16260,0.00138657444589522
16259,0.00139493239368221
16258,0.0014032843102016
16257,0.00141162948587685
16256,0.00141996720771276
16255,0.00142829675938995
16254,0.00143661742136086
16253,0.00144492847094682
16252,0.00145322918243625
16251,0.00146151882718432
16250,0.00146979667371341
16249,0.00147909423422144
16248,0.00148837488394976
16247,0.00149763756952395
16246,0.00150688123373742
16245,0.00151610481574355
16244,0.00152530725124964
16243,0.00153448747271309
16242,0.0015436444095396
16241,0.00155277698828325
16240,0.00156188413284867
16239,0.00156881730058857
16238,0.00157572541691203
16237,0.00158260793601051
16236,0.00158946431343902
16235,0.00159629400619791
16234,0.00160309647281429
16233,0.00160987117342334
16232,0.0016166175698495
16231,0.00162333512568717
16230,0.00163002330638144
16229,0.00163685873663119
16228,0.00164367249271282
16227,0.00165046406619845
16226,0.00165723294859376
16225,0.00166397863140024
16224,0.00167070060617749
16223,0.00167739836460591
16222,0.00168407139854964
16221,0.00169071920011952
16220,0.0016973412617366
16219,0.00170465791614239
16218,0.00171192956092885
16217,0.00171915543909044
16216,0.00172633479805319
16215,0.00173346688981844
16214,0.00174055097110595
16213,0.00174758630349582
16212,0.0017545721535694
16211,0.00176150779304928
16210,0.00176839249893787
16209,0.00177488238610937
16208,0.00178134750644799
16207,0.0017877873193083
16206,0.00179420128327356
16205,0.00180058885622475
16204,0.00180694949541005
16203,0.00181328265751506
16202,0.00181958779873369
16201,0.00182586437483945
16200,0.00183211184125767
16199,0.00183802477029829
16198,0.00184390031232164
16197,0.0018497379873675
16196,0.0018555373174332
16195,0.0018612978265386
16194,0.00186701904079068
16193,0.00187270048844825
16192,0.00187834169998649
16191,0.00188394220816113
16190,0.00188950154807284
16189,0.00189457629917908
16188,0.00189962588522273
16187,0.00190464995702486
16186,0.00190964816558705
16185,0.00191462016212921
16184,0.00191956559812791
16183,0.0019244841253547
16182,0.00192937539591478
16181,0.00193423906228581
16180,0.00193907477735687
16179,0.0019442524219317
16178,0.00194938389462258
16177,0.00195446875729369
16176,0.00195950657496862
16175,0.00196449691589244
16174,0.00196943935159301
16173,0.00197433345694228
16172,0.00197917881021713
16171,0.00198397499315967
16170,0.00198872159103747
16169,0.00199341819270308
16168,0.00199806439065334
16167,0.00200265978108826
16166,0.00200720396396929
16165,0.00201169654307743
16164,0.0020161371260706
16163,0.00202052532454073
16162,0.00202486075407033
16161,0.00202914303428847
16160,0.00203337178892647
16159,0.00203695355158594
16158,0.00204049548400089
16157,0.00204399735659767
16156,0.00204745894212584
16155,0.00205088001568268
16154,0.00205426035473754
16153,0.00205759973915593
16152,0.00206089795122343
16151,0.00206415477566933
16150,0.00206736999968998
16149,0.00207054341297202
16148,0.00207367480771525
16147,0.00207676397865528
16146,0.00207981072308603
16145,0.0020828148408818
16144,0.0020857761345192
16143,0.0020886944090988
16142,0.00209156947236646
16141,0.00209440113473451
16140,0.0020971892093025
16139,0.00209993351187778
16138,0.00210263386099579
16137,0.00210529007794003
16136,0.0021079019867618
16135,0.00211046941429959
16134,0.0021129921901982
16133,0.00211547014692763
16132,0.00211790311980156
16131,0.00212029094699563
16130,0.00212263346956533
16129,0.00212455085133988
16128,0.00212643657439276
16127,0.00212829055137705
16126,0.0021301126963651
16125,0.00213190292485518
16124,0.00213366115377803
16123,0.00213538730150325
16122,0.00213708128784563
16121,0.00213874303407136
16120,0.00214037246290413
16119,0.00214196949853112
16118,0.00214353406660886
16117,0.00214506609426902
16116,0.00214656551012406
16115,0.00214803224427277
16114,0.0021494662283057
16113,0.00215086739531047
16112,0.00215223567987702
16111,0.00215357101810261
16110,0.00215487334759689
16109,0.0021561426074867
16108,0.00215737873842081
16107,0.00215858168257458
16106,0.00215975138365445
16105,0.00216088778690233
16104,0.00216199083909987
16103,0.00216306048857261
16102,0.00216409668519403
16101,0.00216509938038946
16100,0.00216606852713985
16099,0.00216681965905833
16098,0.0021675492682924
16097,0.00216825733292797
16096,0.00216894383169335
16095,0.00216960874396028
16094,0.00217025204974497
16093,0.00217087372970914
16092,0.00217147376516093
16091,0.00217205213805587
16090,0.00217260883099779
16089,0.00217274435309056
16088,0.00217284404724504
16087,0.00217290795906988
16086,0.00217293613611567
16085,0.00217292862786587
16084,0.00217288548572753
16083,0.00217280676302184
16082,0.00217269251497453
16081,0.00217254279870609
16080,0.00217235767322177
16079,0.00217219758257776
16078,0.00217198721574798
16077,0.00217172666181843
16076,0.00217141601354496
16075,0.00217105536733228
16074,0.00217064482321261
16073,0.00217018448482388
16072,0.00216967445938744
16071,0.00216911485768546
16070,0.00216850579403784
16069,0.00216784738627873
16068,0.00216713975573266
16067,0.00216638302719029
16066,0.00216557732888371
16065,0.00216472279246144
16064,0.00216381955296299
16063,0.00216286774879307
16062,0.00216186752169547
16061,0.00216081901672648
16060,0.00215972238222811
16059,0.00215847566548003
16058,0.00215716401845069
16057,0.00215578766582056
16056,0.00215434683809169
16055,0.00215284177153432
16054,0.00215127270813282
16053,0.00214963989553069
16052,0.00214794358697499
16051,0.00214618404125983
16050,0.00214436152266928
16049,0.00214340076832597
16048,0.00214235335635425
16047,0.00214121928209807
16046,0.00213999855205022
16045,0.00213869118387913
16044,0.00213729720645327
16043,0.00213581665986306
16042,0.00213424959544028
16041,0.00213259607577497
16040,0.00213085617472989
16039,0.00212849513885629
16038,0.00212605253813217
16037,0.0021235286594697
16036,0.00212092379909461
16035,0.00211823826248836
16034,0.00211547236432834
16033,0.00211262642842646
16032,0.002109700787666
16031,0.00210669578393666
16030,0.00210361176806806
16029,0.00210044909976139
16028,0.00209720814751959
16027,0.00209388928857573
16026,0.00209049290881987
16025,0.00208701940272434
16024,0.00208346917326729
16023,0.00207984263185489
16022,0.00207614019824185
16021,0.00207236230045047
16020,0.00206850937468821
16019,0.00206408570486308
16018,0.00205956828505263
16017,0.00205495777267764
16016,0.00205025483768279
16015,0.00204546016237438
16014,0.00204057444125553
16013,0.00203559838085857
16012,0.00203053269957484
16011,0.00202537812748205
16010,0.00202013540616892
16009,0.00201540181605248
16008,0.0020105997081228
16007,0.00200572962544794
16006,0.00200079211785554
16005,0.0019957877418296
16004,0.00199071706040596
16003,0.00198558064306687
16002,0.00198037906563465
16001,0.00197511291016408
16000,0.00196978276483418
15999,0.00196371060353074
15998,0.0019575590622056
15997,0.00195132900506857
15996,0.00194502130538532
15995,0.00193863684527374
15994,0.00193217651549886
15993,0.00192564121526616
15992,0.00191903185201353
15991,0.00191234934120193
15990,0.00190559460610452
15989,0.00189876857759483
15988,0.00189187219393365
15987,0.00188490640055479
15986,0.00187787214984996
15985,0.0018707704009525
15984,0.00186360211952044
15983,0.00185636827751853
15982,0.00184906985299973
15981,0.00184170782988588
15980,0.00183428319774777
15979,0.00182763176832647
15978,0.00182093235842909
15977,0.00181418567346621
15976,0.00180739242185367
15975,0.00180055331488956
15974,0.00179366906663085
15973,0.00178674039377021
15972,0.00177976801551258
15971,0.00177275265345178
15970,0.0017656950314472
15969,0.00175832780772728
15968,0.00175092881520453
15967,0.00174349883763514
15966,0.00173603865740416
15965,0.00172854905540188
15964,0.0017210308109014
15963,0.00171348470143764
15962,0.00170591150268784
15961,0.00169831198835326
15960,0.00169068693004253
15959,0.00168419171420805
15958,0.00167767085933812
15957,0.00167112485721659
15956,0.00166455419998645
15955,0.00165795938008903
15954,0.00165134089020371
15953,0.00164469922318757
15952,0.00163803487201532
15951,0.00163134832971961
15950,0.00162464008933129
15949,0.00161887327277068
15948,0.001613091187312
15947,0.00160729414323705
15946,0.00160148245070833
15945,0.00159565641974221
15944,0.00158981636018192
15943,0.00158396258167081
15942,0.00157809539362569
15941,0.00157221510521026
15940,0.00156632202530876
15939,0.00156140157675068
15938,0.0015564726379132
15937,0.00155153538702636
15936,0.00154659000213925
15935,0.00154163666110967
15934,0.00153667554159376
15933,0.00153170682103578
15932,0.00152673067665787
15931,0.00152174728544988
15930,0.00151675682415924
15929,0.00151175946928091
15928,0.00150675539704735
15927,0.00150174478341858
15926,0.00149672780407222
15925,0.00149170463439369
15924,0.0014866754494664
15923,0.00148164042406198
15922,0.00147659973263062
15921,0.00147155354929141
15920,0.00146650204782281
15919,0.00146237087323927
15918,0.00145824094778353
15917,0.0014541123570138
15916,0.00144998518596983
15915,0.00144585951917157
15914,0.00144173544061801
15913,0.00143761303378597
15912,0.00143349238162894
15911,0.0014293735665761
15910,0.00142525667053114
15909,0.00142019448658101
15908,0.00141512862558224
15907,0.00141005925542526
15906,0.0014049865435612
15905,0.00139991065699319
15904,0.00139483176226778
15903,0.00138975002546643
15902,0.00138466561219701
15901,0.00137957868758544
15900,0.00137448941626737
15899,0.00137038019142723
15898,0.00136627401596744
15897,0.00136217096483584
15896,0.00135807111243749
15895,0.00135397453263413
15894,0.00134988129874399
15893,0.00134579148354145
15892,0.00134170515925679
15891,0.00133762239757605
15890,0.00133354326964077
15889,0.00132745336468792
15888,0.00132136230887988
15887,0.00131527037388708
15886,0.00130917783018807
15885,0.00130308494705141
15884,0.0012969919925177
15883,0.00129089923338186
15882,0.00128480693517562
15881,0.00127871536215016
15880,0.00127262477725916
15879,0.00126653544214188
15878,0.00126044761710656
15877,0.00125436156111403
15876,0.00124827753176146
15875,0.00124219578526653
15874,0.00123611657645166
15873,0.00123004015872852
15872,0.00122396678408278
15871,0.00121789670305903
15870,0.00121183016474609
15869,0.00120571689856416
15868,0.00119960144125631
15867,0.00119348410921928
15866,0.00118736521803642
15865,0.00118124508244477
15864,0.00117512401630217
15863,0.00116900233255467
15862,0.00116288034320406
15861,0.00115675835927562
15860,0.00115063669078612
15859,0.00114459654332318
15858,0.00113856301194699
15857,0.00113253632700277
15856,0.00112651671716751
15855,0.00112050440943882
15854,0.00111449962912382
15853,0.00110850259982836
15852,0.00110251354344654
15851,0.0010965326801503
15850,0.00109056022837947
15849,0.00108459640483194
15848,0.00107864142445408
15847,0.00107269550043146
15846,0.00106675884417968
15845,0.00106083166533567
15844,0.00105491417174904
15843,0.00104900656947373
15842,0.00104310906275997
15841,0.00103722185404633
15840,0.00103134514395221
15839,0.00102463608467035
15838,0.00101794748683592
15837,0.00101127958117125
15836,0.00100463259432306
15835,0.000998006748874173
15834,0.000991402263356084
15833,0.000984819352261911
15832,0.00097825822605986
15831,0.000971719091207391
15830,0.000965202150165644
15829,0.000957597619159205
15828,0.000950015983827887
15827,0.000942457651384986
15826,0.000934923023098734
15825,0.000927412494277444
15824,0.000919926454255676
15823,0.000912465286381838
15822,0.000905029368007048
15821,0.00089761907047509
15820,0.00089023475911386
15819,0.000882876793227797
15818,0.000875545526091725
15817,0.000868241304945896
15816,0.000860964470992097
15815,0.000853715359391197
15814,0.000846494299261645
15813,0.000839301613679316
15812,0.000832137619678528
15811,0.000825002628254062
15810,0.000817896944364583
15809,0.00081170374744286
15808,0.00080553341453126
15807,0.000799386138573312
15806,0.000793262108987426
15805,0.000787161511671146
15804,0.00078108452900614
15803,0.000775031339863506
15802,0.00076900211960957
15801,0.00076299704011231
15800,0.000757016269748015
15799,0.000749136134131706
15798,0.000741293325477361
15797,0.000733488350197987
15796,0.000725721704190538
15795,0.000717993872805406
15794,0.000710305330819351
15793,0.000702656542411578
15792,0.000695047961143071
15791,0.000687480029939205
15790,0.000679953181075427
15789,0.000672707827991338
15788,0.000665506679830842
15787,0.000658349973672548
15786,0.000651237937476382
15785,0.000644170790136588
15784,0.000637148741536547
15783,0.000630171992605141
15782,0.000623240735374721
15781,0.000616355153040698
15780,0.000609515420022528
15779,0.000602972675320976
15778,0.000596478038525869
15777,0.000590031528964513
15776,0.000583633158568338
15775,0.000577282931977172
15774,0.00057098084664394
15773,0.000564726892939544
15772,0.000558521054257951
15771,0.000552363307121532
15770,0.000546253621286401
15769,0.000540191959847993
15768,0.000534178279346641
15767,0.000528212529873198
15766,0.000522294655174707
15765,0.000516424592759926
15764,0.000510602274004906
15763,0.00050482762425841
15762,0.000499100562947202
15761,0.00049342100368124
15760,0.000487788854358552
15759,0.000482585684971099
15758,0.000477419516489464
15757,0.000472290351042564
15756,0.000467198186458006
15755,0.000462143016308724
15754,0.000457124829959764
15753,0.000452143612615486
15752,0.000447199345367059
15751,0.000442292005240115
15750,0.000437421565242837
15749,0.00043285293071817
15748,0.000428320951470326
15747,0.000423825510675128
15746,0.000419366488844311
15745,0.000414943763882793
15744,0.00041055721114546
15743,0.000406206703493686
15742,0.000401892111351523
15741,0.000397613302761393
15740,0.000393370143439586
15739,0.000388897668155815
15738,0.00038446122843233
15737,0.000380060753130036
15736,0.000375696167789088
15735,0.000371367394678386
15734,0.000367074352844987
15733,0.000362816958163659
15732,0.000358595123386474
15731,0.000354408758192325
15730,0.000350257769236604
15729,0.000345883897843833
15728,0.000341547104841996
15727,0.000337247354311602
15726,0.000332984605723164
15725,0.000328758813990357
15724,0.000324569929523629
15723,0.000320417898284465
15722,0.000316302661840201
15721,0.000312224157419271
15720,0.000308182317967098
15719,0.000304645026268138
15718,0.000301136004723913
15717,0.000297655205897392
15716,0.00029420257978405
15715,0.000290778073842363
15714,0.000287381633024664
15713,0.000284013199808132
15712,0.000280672714225983
15711,0.000277360113898954
15710,0.000274075334066843
15709,0.000270156232679563
15708,0.000266276271946092
15707,0.000262435381679318
15706,0.000258633485676304
15705,0.000254870501800985
15704,0.000251146342067953
15703,0.000247460912727469
15702,0.000243814114351578
15701,0.000240205841921208
15700,0.000236635984914393
15699,0.00023352956367071
15698,0.00023045484462746
15697,0.000227411650993075
15696,0.000224399804606682
15695,0.000221419125984121
15694,0.000218469434363514
15693,0.000215550547750546
15692,0.000212662282963382
15691,0.000209804455677149
15690,0.000206976880468157
15689,0.00020432673153232
15688,0.000201702111721466
15687,0.000199102906950048
15686,0.000196529001630927
15685,0.000193980278708631
15684,0.000191456619692659
15683,0.000188957904690657
15682,0.000186484012441537
15681,0.000184034820348582
15680,0.000181610204512378
15679,0.000178895559414069
15678,0.00017621216406351
15677,0.000173559827280106
15676,0.000170938356117609
15675,0.000168347555923333
15674,0.000165787230396977
15673,0.000163257181649182
15672,0.000160757210259748
15671,0.00015828711533546
15670,0.000155846694567618
15669,0.000153603742556465
15668,0.000151387046102239
15667,0.000149196401469874
15666,0.000147031604780532
15665,0.000144892452045947
15664,0.000142778739202212
15663,0.000140690262143144
15662,0.000138626816753167
15661,0.000136588198939673
15660,0.000134574204664973
15659,0.000132584629977696
15658,0.000130619271043761
15657,0.000128677924176859
15656,0.00012676038586842
15655,0.000124866452817158
15654,0.000122995921958075
15653,0.000121148590491029
15652,0.000119324255908815
15651,0.000117522716024737
15650,0.000115743768999753
15649,0.000113845238901977
15648,0.000111971829837838
15647,0.000110123326093542
15646,0.000108299511670861
15645,0.000106500170332643
15644,0.0001047250856477
15643,0.000102974041035142
15642,0.000101246819808147
15641,9.9543205217095e-05
15640,9.78629804921658e-05
15639,9.60780383626522e-05
15638,9.43217983277653e-05
15637,9.25938899315903e-05
15636,9.08939454001437e-05
15635,8.92215996727554e-05
15634,8.75764904318883e-05
15633,8.59582581314171e-05
15632,8.43665460233921e-05
15631,8.2801000183317e-05
15630,8.1261269533963e-05
15629,7.97945463950952e-05
15628,7.8350350230114e-05
15627,7.69284174929254e-05
15626,7.55284860802543e-05
15625,7.41502953577697e-05
15624,7.27935861853952e-05
15623,7.14581009417734e-05
15622,7.01435835479024e-05
15621,6.88497794899695e-05
15620,6.75764358413469e-05
15619,6.6424474018039e-05
15618,6.52902442539799e-05
15617,6.41735163247668e-05
15616,6.30740620651896e-05
15615,6.19916553713661e-05
15614,6.0926072202333e-05
15613,5.98770905810672e-05
15612,5.88444905949624e-05
15611,5.7828054395785e-05
15610,5.6827566199086e-05
15609,5.59347157459499e-05
15608,5.50557852652871e-05
15607,5.41905720989161e-05
15606,5.33388760463478e-05
15605,5.25004993491904e-05
15604,5.16752466752493e-05
15603,5.08629251023055e-05
15602,5.0063344101599e-05
15601,4.92763155210417e-05
15600,4.85016535681449e-05
15599,4.76539419098955e-05
15598,4.68198007263656e-05
15597,4.59990413979013e-05
15596,4.51914772895482e-05
15595,4.43969237443369e-05
15594,4.36151980762482e-05
15593,4.28461195628424e-05
15592,4.20895094375697e-05
15591,4.13451908817819e-05
15590,4.06129890164284e-05
15589,3.99691448055614e-05
15588,3.93355948031943e-05
15587,3.87121814883486e-05
15586,3.80987494623797e-05
15585,3.74951454291803e-05
15584,3.69012181753221e-05
15583,3.63168185501241e-05
15582,3.57417994456625e-05
15581,3.51760157767406e-05
15580,3.46193244608042e-05
15579,3.40715843978418e-05
15578,3.35326564502547e-05
15577,3.30024034227139e-05
15576,3.2480690042017e-05
15575,3.19673829369344e-05
15574,3.1462350618077e-05
15573,3.09654634577735e-05
15572,3.0476593669972e-05
15571,2.99956152901767e-05
15570,2.95224041554088e-05
15569,2.89283756360666e-05
15568,2.83449331477608e-05
15567,2.7771918874447e-05
15566,2.72091766937335e-05
15565,2.66565521724379e-05
15564,2.61138925618417e-05
15563,2.55810467926336e-05
15562,2.50578654695551e-05
15561,2.45442008657608e-05
15560,2.40399069168856e-05
15559,2.35993955731419e-05
15558,2.3166073752819e-05
15557,2.27398421543444e-05
15556,2.23206024985375e-05
15555,2.19082575246433e-05
15554,2.15027109862319e-05
15553,2.11038676469926e-05
15552,2.07116332764145e-05
15551,2.03259146453481e-05
15550,1.99466195214743e-05
15549,1.95736566646565e-05
15548,1.92069358222002e-05
15547,1.88463677240151e-05
15546,1.84918640776744e-05
15545,1.8143337563394e-05
15544,1.78007018289106e-05
15543,1.74638714842823e-05
15542,1.71327620966046e-05
15541,1.6807290184639e-05
15540,1.64873732133749e-05
15539,1.62510317954749e-05
15538,1.60177350385947e-05
15537,1.57874491601213e-05
15536,1.55601406706217e-05
15535,1.53357763724817e-05
15534,1.5114323358526e-05
15533,1.48957490106318e-05
15532,1.46800209983301e-05
15531,1.44671072773944e-05
15530,1.42569760884257e-05
15529,1.39784118531005e-05
15528,1.37046465991871e-05
15527,1.34356116689523e-05
15526,1.31712391031314e-05
15525,1.29114616392594e-05
15524,1.26562127099037e-05
15523,1.24054264407813e-05
15522,1.21590376487725e-05
15521,1.19169818398354e-05
15520,1.16791952068127e-05
15519,1.15054386235376e-05
15518,1.13340228238924e-05
15517,1.11649202667938e-05
15516,1.09981036733298e-05
15515,1.08335460251842e-05
15514,1.06712205630536e-05
15513,1.05111007850613e-05
15512,1.03531604451685e-05
15511,1.01973735515791e-05
15510,1.00437143651457e-05
15509,0
15508,0
15507,0
15506,0
15505,0
15504,0
15503,0
15502,0
15501,0
15500,0
15499,0
15498,0
15497,0
15496,0
15495,0
15494,0
15493,0
15492,0
15491,0
15490,0
15489,0
15488,0
15487,0
15486,0
15485,0
15484,0
15483,0
15482,0
15481,0
15480,0
15479,0
15478,0
15477,0
15476,0
15475,0
15474,0
15473,0
15472,0
15471,0
15470,0
15469,0
15468,0
15467,0
15466,0
15465,0
15464,0
15463,0
15462,0
15461,0
15460,0
15459,0
15458,0
15457,0
15456,0
15455,0
15454,0
15453,0
15452,0
15451,0
15450,0
15449,0
15448,0
15447,0
15446,0
15445,0
15444,0
15443,0
15442,0
15441,0
15440,0
15439,0
15438,0
15437,0
15436,0
15435,0
15434,0
15433,0
15432,0
15431,0
15430,0
15429,0
15428,0
15427,0
15426,0
15425,0
15424,0
15423,0
15422,0
15421,0
15420,0
15419,0
15418,0
15417,0
15416,0
15415,0
15414,0
15413,0
15412,0
15411,0
15410,0
15409,0
15408,0
15407,0
15406,0
15405,0
15404,0
15403,0
15402,0
15401,0
15400,0
15399,0
15398,0
15397,0
15396,0
15395,0
15394,0
15393,0
15392,0
15391,0
15390,0
15389,0
15388,0
15387,0
15386,0
15385,0
15384,0
15383,0
15382,0
15381,0
15380,0
15379,0
15378,0
15377,0
15376,0
15375,0
15374,0
15373,0
15372,0
15371,0
15370,0
15369,0
15368,0
15367,0
15366,0
15365,0
15364,0
15363,0
15362,0
15361,0
15360,0
15359,0
15358,0
15357,0
15356,0
15355,0
15354,0
15353,0
15352,0
15351,0
15350,0
15349,0
15348,0
15347,0
15346,0
15345,0
15344,0
15343,0
15342,0
15341,0
15340,0
15339,0
15338,0
15337,0
15336,0
15335,0
15334,0
15333,0
15332,0
15331,0
15330,0
15329,0
15328,0
15327,0
15326,0
15325,0
15324,0
15323,0
15322,0
15321,0
15320,0
15319,0
15318,0
15317,0
15316,0
15315,0
15314,0
15313,0
15312,0
15311,0
15310,0
15309,0
15308,0
15307,0
15306,0
15305,0
15304,0
15303,0
15302,0
15301,0
15300,0
15299,0
15298,0
15297,0
15296,0
15295,0
15294,0
15293,0
15292,0
15291,0
15290,0
15289,0
15288,0
15287,0
15286,0
15285,0
15284,0
15283,0
15282,0
15281,0
15280,0
15279,0
15278,0
15277,0
15276,0
15275,0
15274,0
15273,0
15272,0
15271,0
15270,0
15269,0
15268,0
15267,0
15266,0
15265,0
15264,0
15263,0
15262,0
15261,0
15260,0
15259,0
15258,0
15257,0
15256,0
15255,0
15254,0
15253,0
15252,0
15251,0
15250,0
15249,0
15248,0
15247,0
15246,0
15245,0
15244,0
15243,0
15242,0
15241,0
15240,0
15239,0
15238,0
15237,0
15236,0
15235,0
15234,0
15233,0
15232,0
15231,0
15230,0
15229,0
15228,0
15227,0
15226,0
15225,0
15224,0
15223,0
15222,0
15221,0
15220,0
15219,0
15218,0
15217,0
15216,0
15215,0
15214,0
15213,0
15212,0
15211,0
15210,0
15209,0
15208,0
15207,0
15206,0
15205,0
15204,0
15203,0
15202,0
15201,0
15200,0
15199,0
15198,0
15197,0
15196,0
15195,0
15194,0
15193,0
15192,0
15191,0
15190,0
15189,0
15188,0
15187,0
15186,0
15185,0
15184,0
15183,0
15182,0
15181,0
15180,0
15179,0
15178,0
15177,0
15176,0
15175,0
15174,0
15173,0
15172,0
15171,0
15170,0
15169,0
15168,0
15167,0
15166,0
15165,0
15164,0
15163,0
15162,0
15161,0
15160,0
15159,0
15158,0
15157,0
15156,0
15155,0
15154,0
15153,0
15152,0
15151,0
15150,0
15149,0
15148,0
15147,0
15146,0
15145,0
15144,0
15143,0
15142,0
15141,0
15140,0
15139,0
15138,0
15137,0
15136,0
15135,0
15134,0
15133,0
15132,0
15131,0
15130,0
15129,0
15128,0
15127,0
15126,0
15125,0
15124,0
15123,0
15122,0
15121,0
15120,0
15119,0
15118,0
15117,0
15116,0
15115,0
15114,0
15113,0
15112,0
15111,0
15110,0
15109,0
15108,0
15107,0
15106,0
15105,0
15104,0
15103,0
15102,0
15101,0
15100,0
15099,0
15098,0
15097,0
15096,0
15095,0
15094,0
15093,0
15092,0
15091,0
15090,0
15089,0
15088,0
15087,0
15086,0
15085,0
15084,0
15083,0
15082,0
15081,0
15080,0
15079,0
15078,0
15077,0
15076,0
15075,0
15074,0
15073,0
15072,0
15071,0
15070,0
15069,0
15068,0
15067,0
15066,0
15065,0
15064,0
15063,0
15062,0
15061,0
15060,0
15059,0
15058,0
15057,0
15056,0
15055,0
15054,0
15053,0
15052,0
15051,0
15050,0
15049,0
15048,0
15047,0
15046,0
15045,0
15044,0
15043,0
15042,0
15041,0
15040,0
15039,0
15038,0
15037,0
15036,0
15035,0
15034,0
15033,0
15032,0
15031,0
15030,0
15029,0
15028,0
15027,0
15026,0
15025,0
15024,0
15023,0
15022,0
15021,0
15020,0
15019,0
15018,0
15017,0
15016,0
15015,0
15014,0
15013,0
15012,0
15011,0
15010,0
15009,0
15008,0
15007,0
15006,0
15005,0
15004,0
15003,0
15002,0
15001,0
15000,0
14999,0
14998,0
14997,0
14996,0
14995,0
14994,0
14993,0
14992,0
14991,0
14990,0
14989,0
14988,0
14987,0
14986,0
14985,0
14984,0
14983,0
14982,0
14981,0
14980,0
14979,0
14978,0
14977,0
14976,0
14975,0
14974,0
14973,0
14972,0
14971,0
14970,0
14969,0
14968,0
14967,0
14966,0
14965,0
14964,0
14963,0
14962,0
14961,0
14960,0
14959,0
14958,0
14957,0
14956,0
14955,0
14954,0
14953,0
14952,0
14951,0
14950,0
14949,0
14948,0
14947,0
14946,0
14945,0
14944,0
14943,0
14942,0
14941,0
14940,0
14939,0
14938,0
14937,0
14936,0
14935,0
14934,0
14933,0
14932,0
14931,0
14930,0
14929,0
14928,0
14927,0
14926,0
14925,0
14924,0
14923,0
14922,0
14921,0
14920,0
14919,0
14918,0
14917,0
14916,0
14915,0
14914,0
14913,0
14912,0
14911,0
14910,0
14909,0
14908,0
14907,0
14906,0
14905,0
14904,0
14903,0
14902,0
14901,0
14900,0
14899,0
14898,0
14897,0
14896,0
14895,0
14894,0
14893,0
14892,0
14891,0
14890,0
14889,0
14888,0
14887,0
14886,0
14885,0
14884,0
14883,0
14882,0
14881,0
14880,0
14879,0
14878,0
14877,0
14876,0
14875,0
14874,0
14873,0
14872,0
14871,0
14870,0
14869,0
14868,0
14867,0
14866,0
14865,0
14864,0
14863,0
14862,0
14861,0
14860,0
14859,0
14858,0
14857,0
14856,0
14855,0
14854,0
14853,0
14852,0
14851,0
14850,0
14849,0
14848,0
14847,0
14846,0
14845,0
14844,0
14843,0
14842,0
14841,0
14840,0
14839,0
14838,0
14837,0
14836,0
14835,0
14834,0
14833,0
14832,0
14831,0
14830,0
14829,0
14828,0
14827,0
14826,0
14825,0
14824,0
14823,0
14822,0
14821,0
14820,0
14819,0
14818,0
14817,0
14816,0
14815,0
14814,0
14813,0
14812,0
14811,0
14810,0
14809,0
14808,0
14807,0
14806,0
14805,0
14804,0
14803,0
14802,0
14801,0
14800,0
14799,0
14798,0
14797,0
14796,0
14795,0
14794,0
14793,0
14792,0
14791,0
14790,0
14789,0
14788,0
14787,0
14786,0
14785,0
14784,0
14783,0
14782,0
14781,0
14780,0
14779,0
14778,0
14777,0
14776,0
14775,0
14774,0
14773,0
14772,0
14771,0
14770,0
14769,0
14768,0
14767,0
14766,0
14765,0
14764,0
14763,0
14762,0
14761,0
14760,0
14759,0
14758,0
14757,0
14756,0
14755,0
14754,0
14753,0
14752,0
14751,0
14750,0
14749,0
14748,0
14747,0
14746,0
14745,0
14744,0
14743,0
14742,0
14741,0
14740,0
14739,0
14738,0
14737,0
14736,0
14735,0
14734,0
14733,0
14732,0
14731,0
14730,0
14729,0
14728,0
14727,0
14726,0
14725,0
14724,0
14723,0
14722,0
14721,0
14720,0
14719,0
14718,0
14717,0
14716,0
14715,0
14714,0
14713,0
14712,0
14711,0
14710,0
14709,0
14708,0
14707,0
14706,0
14705,0
14704,0
14703,0
14702,0
14701,0
14700,0
14699,0
14698,0
14697,0
14696,0
14695,0
14694,0
14693,0
14692,0
14691,0
14690,0
14689,0
14688,0
14687,0
14686,0
14685,0
14684,0
14683,0
14682,0
14681,0
14680,0
14679,0
14678,0
14677,0
14676,0
14675,0
14674,0
14673,0
14672,0
14671,0
14670,0
14669,0
14668,0
14667,0
14666,0
14665,0
14664,0
14663,0
14662,0
14661,0
14660,0
14659,0
14658,0
14657,0
14656,0
14655,0
14654,0
14653,0
14652,0
14651,0
14650,0
14649,0
14648,0
14647,0
14646,0
14645,0
14644,0
14643,0
14642,0
14641,0
14640,0
14639,0
14638,0
14637,0
14636,0
14635,0
14634,0
14633,0
14632,0
14631,0
14630,0
14629,0
14628,0
14627,0
14626,0
14625,0
14624,0
14623,0
14622,0
14621,0
14620,0
14619,0
14618,0
14617,0
14616,0
14615,0
14614,0
14613,0
14612,0
14611,0
14610,0
14609,0
14608,0
14607,0
14606,0
14605,0
14604,0
14603,0
14602,0
14601,0
14600,0
14599,0
14598,0
14597,0
14596,0
14595,0
14594,0
14593,0
14592,0
14591,0
14590,0
14589,0
14588,0
14587,0
14586,0
14585,0
14584,0
14583,0
14582,0
14581,0
14580,0
14579,0
14578,0
14577,0
14576,0
14575,0
14574,0
14573,0
14572,0
14571,0
14570,0
14569,0
14568,0
14567,0
14566,0
14565,0
14564,0
14563,0
14562,0
14561,0
14560,0
14559,0
14558,0
14557,0
14556,0
14555,0
14554,0
14553,0
14552,0
14551,0
14550,0
14549,0
14548,0
14547,0
14546,0
14545,0
14544,0
14543,0
14542,0
14541,0
14540,0
14539,0
14538,0
14537,0
14536,0
14535,0
14534,0
14533,0
14532,0
14531,0
14530,0
14529,0
14528,0
14527,0
14526,0
14525,0
14524,0
14523,0
14522,0
14521,0
14520,0
14519,0
14518,0
14517,0
14516,0
14515,0
14514,0
14513,0
14512,0
14511,0
14510,0
14509,0
14508,0
14507,0
14506,0
14505,0
14504,0
14503,0
14502,0
14501,0
14500,0
14499,0
14498,0
14497,0
14496,0
14495,0
14494,0
14493,0
14492,0
14491,0
14490,0
14489,0
14488,0
14487,0
14486,0
14485,0
14484,0
14483,0
14482,0
14481,0
14480,0
14479,0
14478,0
14477,0
14476,0
14475,0
14474,0
14473,0
14472,0
14471,0
14470,0
14469,0
14468,0
14467,0
14466,0
14465,0
14464,0
14463,0
14462,0
14461,0
14460,0
14459,0
14458,0
14457,0
14456,0
14455,0
14454,0
14453,0
14452,0
14451,0
14450,0
14449,0
14448,0
14447,0
14446,0
14445,0
14444,0
14443,0
14442,0
14441,0
14440,0
14439,0
14438,0
14437,0
14436,0
14435,0
14434,0
14433,0
14432,0
14431,0
14430,0
14429,0
14428,0
14427,0
14426,0
14425,0
14424,0
14423,0
14422,0
14421,0
14420,0
14419,0
14418,0
14417,0
14416,0
14415,0
14414,0
14413,0
14412,0
14411,0
14410,0
14409,0
14408,0
14407,0
14406,0
14405,0
14404,0
14403,0
14402,0
14401,0
14400,0
14399,0
14398,0
14397,0
14396,0
14395,0
14394,0
14393,0
14392,0
14391,0
14390,0
14389,0
14388,0
14387,0
14386,0
14385,0
14384,0
14383,0
14382,0
14381,0
14380,0
14379,0
14378,0
14377,0
14376,0
14375,0
14374,0
14373,0
14372,0
14371,0
14370,0
14369,0
14368,0
14367,0
14366,0
14365,0
14364,0
14363,0
14362,0
14361,0
14360,0
14359,0
14358,0
14357,0
14356,0
14355,0
14354,0
14353,0
14352,0
14351,0
14350,0
14349,0
14348,0
14347,0
14346,0
14345,0
14344,0
14343,0
14342,0
14341,0
14340,0
14339,0
14338,0
14337,0
14336,0
14335,0
14334,0
14333,0
14332,0
14331,0
14330,0
14329,0
14328,0
14327,0
14326,0
14325,0
14324,0
14323,0
14322,0
14321,0
14320,0
14319,0
14318,0
14317,0
14316,0
14315,0
14314,0
14313,0
14312,0
14311,0
14310,0
14309,0
14308,0
14307,0
14306,0
14305,0
14304,0
14303,0
14302,0
14301,0
14300,0
14299,0
14298,0
14297,0
14296,0
14295,0
14294,0
14293,0
14292,0
14291,0
14290,0
14289,0
14288,0
14287,0
14286,0
14285,0
14284,0
14283,0
14282,0
14281,0
14280,0
14279,0
14278,0
14277,0
14276,0
14275,0
14274,0
14273,0
14272,0
14271,0
14270,0
14269,0
14268,0
14267,0
14266,0
14265,0
14264,0
14263,0
14262,0
14261,0
14260,0
14259,0
14258,0
14257,0
14256,0
14255,0
14254,0
14253,0
14252,0
14251,0
14250,0
14249,0
14248,0
14247,0
14246,0
14245,0
14244,0
14243,0
14242,0
14241,0
14240,0
14239,0
14238,0
14237,0
14236,0
14235,0
14234,0
14233,0
14232,0
14231,0
14230,0
14229,0
14228,0
14227,0
14226,0
14225,0
14224,0
14223,0
14222,0
14221,0
14220,0
14219,0
14218,0
14217,0
14216,0
14215,0
14214,0
14213,0
14212,0
14211,0
14210,0
14209,0
14208,0
14207,0
14206,0
14205,0
14204,0
14203,0
14202,0
14201,0
14200,0
14199,0
14198,0
14197,0
14196,0
14195,0
14194,0
14193,0
14192,0
14191,0
14190,0
14189,0
14188,0
14187,0
14186,0
14185,0
14184,0
14183,0
14182,0
14181,0
14180,0
14179,0
14178,0
14177,0
14176,0
14175,0
14174,0
14173,0
14172,0
14171,0
14170,0
14169,0
14168,0
14167,0
14166,0
14165,0
14164,0
14163,0
14162,0
14161,0
14160,0
14159,0
14158,0
14157,0
14156,0
14155,0
14154,0
14153,0
14152,0
14151,0
14150,0
14149,0
14148,0
14147,0
14146,0
14145,0
14144,0
14143,0
14142,0
14141,0
14140,0
14139,0
14138,0
14137,0
14136,0
14135,0
14134,0
14133,0
14132,0
14131,0
14130,0
14129,0
14128,0
14127,0
14126,0
14125,0
14124,0
14123,0
14122,0
14121,0
14120,0
14119,0
14118,0
14117,0
14116,0
14115,0
14114,0
14113,0
14112,0
14111,0
14110,0
14109,0
14108,0
14107,0
14106,0
14105,0
14104,0
14103,0
14102,0
14101,0
14100,0
14099,0
14098,0
14097,0
14096,0
14095,0
14094,0
14093,0
14092,0
14091,0
14090,0
14089,0
14088,0
14087,0
14086,0
14085,0
14084,0
14083,0
14082,0
14081,0
14080,0
14079,0
14078,0
14077,0
14076,0
14075,0
14074,0
14073,0
14072,0
14071,0
14070,0
14069,0
14068,0
14067,0
14066,0
14065,0
14064,0
14063,0
14062,0
14061,0
14060,0
14059,0
14058,0
14057,0
14056,0
14055,0
14054,0
14053,0
14052,0
14051,0
14050,0
14049,0
14048,0
14047,0
14046,0
14045,0
14044,0
14043,0
14042,0
14041,0
14040,0
14039,0
14038,0
14037,0
14036,0
14035,0
14034,0
14033,0
14032,0
14031,0
14030,0
14029,0
14028,0
14027,0
14026,0
14025,0
14024,0
14023,0
14022,0
14021,0
14020,0
14019,0
14018,0
14017,0
14016,0
14015,0
14014,0
14013,0
14012,0
14011,0
14010,0
14009,0
14008,0
14007,0
14006,0
14005,0
14004,0
14003,0
14002,0
14001,0
14000,0
13999,0
13998,0
13997,0
13996,0
13995,0
13994,0
13993,0
13992,0
13991,0
13990,0
13989,0
13988,0
13987,0
13986,0
13985,0
13984,0
13983,0
13982,0
13981,0
13980,0
13979,0
13978,0
13977,0
13976,0
13975,0
13974,0
13973,0
13972,0
13971,0
13970,0
13969,0
13968,0
13967,0
13966,0
13965,0
13964,0
13963,0
13962,0
13961,0
13960,0
13959,0
13958,0
13957,0
13956,0
13955,0
13954,0
13953,0
13952,0
13951,0
13950,0
13949,0
13948,0
13947,0
13946,0
13945,0
13944,0
13943,0
13942,0
13941,0
13940,0
13939,0
13938,0
13937,0
13936,0
13935,0
13934,0
13933,0
13932,0
13931,0
13930,0
13929,0
13928,0
13927,0
13926,0
13925,0
13924,0
13923,0
13922,0
13921,0
13920,0
13919,0
13918,0
13917,0
13916,0
13915,0
13914,0
13913,0
13912,0
13911,0
13910,0
13909,0
13908,0
13907,0
13906,0
13905,0
13904,0
13903,0
13902,0
13901,0
13900,0
13899,0
13898,0
13897,0
13896,0
13895,0
13894,0
13893,0
13892,0
13891,0
13890,0
13889,0
13888,0
13887,0
13886,0
13885,0
13884,0
13883,0
13882,0
13881,0
13880,0
13879,0
13878,0
13877,0
13876,0
13875,0
13874,0
13873,0
13872,0
13871,0
13870,0
13869,0
13868,0
13867,0
13866,0
13865,0
13864,0
13863,0
13862,0
13861,0
13860,0
13859,0
13858,0
13857,0
13856,0
13855,0
13854,0
13853,0
13852,0
13851,0
13850,0
13849,0
13848,0
13847,0
13846,0
13845,0
13844,0
13843,0
13842,0
13841,0
13840,0
13839,0
13838,0
13837,0
13836,0
13835,0
13834,0
13833,0
13832,0
13831,0
13830,0
13829,0
13828,0
13827,0
13826,0
13825,0
13824,0
13823,0
13822,0
13821,0
13820,0
13819,0
13818,0
13817,0
13816,0
13815,0
13814,0
13813,0
13812,0
13811,0
13810,0
13809,0
13808,0
13807,0
13806,0
13805,0
13804,0
13803,0
13802,0
13801,0
13800,0
13799,0
13798,0
13797,0
13796,0
13795,0
13794,0
13793,0
13792,0
13791,0
13790,0
13789,0
13788,0
13787,0
13786,0
13785,0
13784,0
13783,0
13782,0
13781,0
13780,0
13779,0
13778,0
13777,0
13776,0
13775,0
13774,0
13773,0
13772,0
13771,0
13770,0
13769,0
13768,0
13767,0
13766,0
13765,0
13764,0
13763,0
13762,0
13761,0
13760,0
13759,0
13758,0
13757,0
13756,0
13755,0
13754,0
13753,0
13752,0
13751,0
13750,0
13749,0
13748,0
13747,0
13746,0
13745,0
13744,0
13743,0
13742,0
13741,0
13740,0
13739,0
13738,0
13737,0
13736,0
13735,0
13734,0
13733,0
13732,0
13731,0
13730,0
13729,0
13728,0
13727,0
13726,0
13725,0
13724,0
13723,0
13722,0
13721,0
13720,0
13719,0
13718,0
13717,0
13716,0
13715,0
13714,0
13713,0
13712,0
13711,0
13710,0
13709,0
13708,0
13707,0
13706,0
13705,0
13704,0
13703,0
13702,0
13701,0
13700,0
13699,0
13698,0
13697,0
13696,0
13695,0
13694,0
13693,0
13692,0
13691,0
13690,0
13689,0
13688,0
13687,0
13686,0
13685,0
13684,0
13683,0
13682,0
13681,0
13680,0
13679,0
13678,0
13677,0
13676,0
13675,0
13674,0
13673,0
13672,0
13671,0
13670,0
13669,0
13668,0
13667,0
13666,0
13665,0
13664,0
13663,0
13662,0
13661,0
13660,0
13659,0
13658,0
13657,0
13656,0
13655,0
13654,0
13653,0
13652,0
13651,0
13650,0
13649,0
13648,0
13647,0
13646,0
13645,0
13644,0
13643,0
13642,0
13641,0
13640,0
13639,0
13638,0
13637,0
13636,0
13635,0
13634,0
13633,0
13632,0
13631,0
13630,0
13629,0
13628,0
13627,0
13626,0
13625,0
13624,0
13623,0
13622,0
13621,0
13620,0
13619,0
13618,0
13617,0
13616,0
13615,0
13614,0
13613,0
13612,0
13611,0
13610,0
13609,0
13608,0
13607,0
13606,0
13605,0
13604,0
13603,0
13602,0
13601,0
13600,0
13599,0
13598,0
13597,0
13596,0
13595,0
13594,0
13593,0
13592,0
13591,0
13590,0
13589,0
13588,0
13587,0
13586,0
13585,0
13584,0
13583,0
13582,0
13581,0
13580,0
13579,0
13578,0
13577,0
13576,0
13575,0
13574,0
13573,0
13572,0
13571,0
13570,0
13569,0
13568,0
13567,0
13566,0
13565,0
13564,0
13563,0
13562,0
13561,0
13560,0
13559,0
13558,0
13557,0
13556,0
13555,0
13554,0
13553,0
13552,0
13551,0
13550,0
13549,0
13548,0
13547,0
13546,0
13545,0
13544,0
13543,0
13542,0
13541,0
13540,0
13539,0
13538,0
13537,0
13536,0
13535,0
13534,0
13533,0
13532,0
13531,0
13530,0
13529,0
13528,0
13527,0
13526,0
13525,0
13524,0
13523,0
13522,0
13521,0
13520,0
13519,0
13518,0
13517,0
13516,0
13515,0
13514,0
13513,0
13512,0
13511,0
13510,0
13509,0
13508,0
13507,0
13506,0
13505,0
13504,0
13503,0
13502,0
13501,0
13500,0
13499,0
13498,0
13497,0
13496,0
13495,0
13494,0
13493,0
13492,0
13491,0
13490,0
13489,0
13488,0
13487,0
13486,0
13485,0
13484,0
13483,0
13482,0
13481,0
13480,0
13479,0
13478,0
13477,0
13476,0
13475,0
13474,0
13473,0
13472,0
13471,0
13470,0
13469,0
13468,0
13467,0
13466,0
13465,0
13464,0
13463,0
13462,0
13461,0
13460,0
13459,0
13458,0
13457,0
13456,0
13455,0
13454,0
13453,0
13452,0
13451,0
13450,0
13449,0
13448,0
13447,0
13446,0
13445,0
13444,0
13443,0
13442,0
13441,0
13440,0
13439,0
13438,0
13437,0
13436,0
13435,0
13434,0
13433,0
13432,0
13431,0
13430,0
13429,0
13428,0
13427,0
13426,0
13425,0
13424,0
13423,0
13422,0
13421,0
13420,0
13419,0
13418,0
13417,0
13416,0
13415,0
13414,0
13413,0
13412,0
13411,0
13410,0
13409,0
13408,0
13407,0
13406,0
13405,0
13404,0
13403,0
13402,0
13401,0
13400,0
13399,0
13398,0
13397,0
13396,0
13395,0
13394,0
13393,0
13392,0
13391,0
13390,0
13389,0
13388,0
13387,0
13386,0
13385,0
13384,0
13383,0
13382,0
13381,0
13380,0
13379,0
13378,0
13377,0
13376,0
13375,0
13374,0
13373,0
13372,0
13371,0
13370,0
13369,0
13368,0
13367,0
13366,0
13365,0
13364,0
13363,0
13362,0
13361,0
13360,0
13359,0
13358,0
13357,0
13356,0
13355,0
13354,0
13353,0
13352,0
13351,0
13350,0
13349,0
13348,0
13347,0
13346,0
13345,0
13344,0
13343,0
13342,0
13341,0
13340,0
13339,0
13338,0
13337,0
13336,0
13335,0
13334,0
13333,0
13332,0
13331,0
13330,0
13329,0
13328,0
13327,0
13326,0
13325,0
13324,0
13323,0
13322,0
13321,0
13320,0
13319,0
13318,0
13317,0
13316,0
13315,0
13314,0
13313,0
13312,0
13311,0
13310,0
13309,0
13308,0
13307,0
13306,0
13305,0
13304,0
13303,0
13302,0
13301,0
13300,0
13299,0
13298,0
13297,0
13296,0
13295,0
13294,0
13293,0
13292,0
13291,0
13290,0
13289,0
13288,0
13287,0
13286,0
13285,0
13284,0
13283,0
13282,0
13281,0
13280,0
13279,0
13278,0
13277,0
13276,0
13275,0
13274,0
13273,0
13272,0
13271,0
13270,0
13269,0
13268,0
13267,0
13266,0
13265,0
13264,0
13263,0
13262,0
13261,0
13260,0
13259,0
13258,0
13257,0
13256,0
13255,0
13254,0
13253,0
13252,0
13251,0
13250,0
13249,0
13248,0
13247,0
13246,0
13245,0
13244,0
13243,0
13242,0
13241,0
13240,0
13239,0
13238,0
13237,0
13236,0
13235,0
13234,0
13233,0
13232,0
13231,0
13230,0
13229,0
13228,0
13227,0
13226,0
13225,0
13224,0
13223,0
13222,0
13221,0
13220,0
13219,0
13218,0
13217,0
13216,0
13215,0
13214,0
13213,0
13212,0
13211,0
13210,0
13209,0
13208,0
13207,0
13206,0
13205,0
13204,0
13203,0
13202,0
13201,0
13200,0
13199,0
13198,0
13197,0
13196,0
13195,0
13194,0
13193,0
13192,0
13191,0
13190,0
13189,0
13188,0
13187,0
13186,0
13185,0
13184,0
13183,0
13182,0
13181,0
13180,0
13179,0
13178,0
13177,0
13176,0
13175,0
13174,0
13173,0
13172,0
13171,0
13170,0
13169,0
13168,0
13167,0
13166,0
13165,0
13164,0
13163,0
13162,0
13161,0
13160,0
13159,0
13158,0
13157,0
13156,0
13155,0
13154,0
13153,0
13152,0
13151,0
13150,0
13149,0
13148,0
13147,0
13146,0
13145,0
13144,0
13143,0
13142,0
13141,0
13140,0
13139,0
13138,0
13137,0
13136,0
13135,0
13134,0
13133,0
13132,0
13131,0
13130,0
13129,0
13128,0
13127,0
13126,0
13125,0
13124,0
13123,0
13122,0
13121,0
13120,0
13119,0
13118,0
13117,0
13116,0
13115,0
13114,0
13113,0
13112,0
13111,0
13110,0
13109,0
13108,0
13107,0
13106,0
13105,0
13104,0
13103,0
13102,0
13101,0
13100,0
13099,0
13098,0
13097,0
13096,0
13095,0
13094,0
13093,0
13092,0
13091,0
13090,0
13089,0
13088,0
13087,0
13086,0
13085,0
13084,0
13083,0
13082,0
13081,0
13080,0
13079,0
13078,0
13077,0
13076,0
13075,0
13074,0
13073,0
13072,0
13071,0
13070,0
13069,0
13068,0
13067,0
13066,0
13065,0
13064,0
13063,0
13062,0
13061,0
13060,0
13059,0
13058,0
13057,0
13056,0
13055,0
13054,0
13053,0
13052,0
13051,0
13050,0
13049,0
13048,0
13047,0
13046,0
13045,0
13044,0
13043,0
13042,0
13041,0
13040,0
13039,0
13038,0
13037,0
13036,0
13035,0
13034,0
13033,0
13032,0
13031,0
13030,0
13029,0
13028,0
13027,0
13026,0
13025,0
13024,0
13023,0
13022,0
13021,0
13020,0
13019,0
13018,0
13017,0
13016,0
13015,0
13014,0
13013,0
13012,0
13011,0
13010,0
13009,0
13008,0
13007,0
13006,0
13005,0
13004,0
13003,0
13002,0
13001,0
13000,0
12999,0
12998,0
12997,0
12996,0
12995,0
12994,0
12993,0
12992,0
12991,0
12990,0
12989,0
12988,0
12987,0
12986,0
12985,0
12984,0
12983,0
12982,0
12981,0
12980,0
12979,0
12978,0
12977,0
12976,0
12975,0
12974,0
12973,0
12972,0
12971,0
12970,0
12969,0
12968,0
12967,0
12966,0
12965,0
12964,0
12963,0
12962,0
12961,0
12960,0
12959,0
12958,0
12957,0
12956,0
12955,0
12954,0
12953,0
12952,0
12951,0
12950,0
12949,0
12948,0
12947,0
12946,0
12945,0
12944,0
12943,0
12942,0
12941,0
12940,0
12939,0
12938,0
12937,0
12936,0
12935,0
12934,0
12933,0
12932,0
12931,0
12930,0
12929,0
12928,0
12927,0
12926,0
12925,0
12924,0
12923,0
12922,0
12921,0
12920,0
12919,0
12918,0
12917,0
12916,0
12915,0
12914,0
12913,0
12912,0
12911,0
12910,0
12909,0
12908,0
12907,0
12906,0
12905,0
12904,0
12903,0
12902,0
12901,0
12900,0
12899,0
12898,0
12897,0
12896,0
12895,0
12894,0
12893,0
12892,0
12891,0
12890,0
12889,0
12888,0
12887,0
12886,0
12885,0
12884,0
12883,0
12882,0
12881,0
12880,0
12879,0
12878,0
12877,0
12876,0
12875,0
12874,0
12873,0
12872,0
12871,0
12870,0
12869,0
12868,0
12867,0
12866,0
12865,0
12864,0
12863,0
12862,0
12861,0
12860,0
12859,0
12858,0
12857,0
12856,0
12855,0
12854,0
12853,0
12852,0
12851,0
12850,0
12849,0
12848,0
12847,0
12846,0
12845,0
12844,0
12843,0
12842,0
12841,0
12840,0
12839,0
12838,0
12837,0
12836,0
12835,0
12834,0
12833,0
12832,0
12831,0
12830,0
12829,0
12828,0
12827,0
12826,0
12825,0
12824,0
12823,0
12822,0
12821,0
12820,0
12819,0
12818,0
12817,0
12816,0
12815,0
12814,0
12813,0
12812,0
12811,0
12810,0
12809,0
12808,0
12807,0
12806,0
12805,0
12804,0
12803,0
12802,0
12801,0
12800,0
12799,0
12798,0
12797,0
12796,0
12795,0
12794,0
12793,0
12792,0
12791,0
12790,0
12789,0
12788,0
12787,0
12786,0
12785,0
12784,0
12783,0
12782,0
12781,0
12780,0
12779,0
12778,0
12777,0
12776,0
12775,0
12774,0
12773,0
12772,0
12771,0
12770,0
12769,0
12768,0
12767,0
12766,0
12765,0
12764,0
12763,0
12762,0
12761,0
12760,0
12759,0
12758,0
12757,0
12756,0
12755,0
12754,0
12753,0
12752,0
12751,0
12750,0
12749,0
12748,0
12747,0
12746,0
12745,0
12744,0
12743,0
12742,0
12741,0
12740,0
12739,0
12738,0
12737,0
12736,0
12735,0
12734,0
12733,0
12732,0
12731,0
12730,0
12729,0
12728,0
12727,0
12726,0
12725,0
12724,0
12723,0
12722,0
12721,0
12720,0
12719,0
12718,0
12717,0
12716,0
12715,0
12714,0
12713,0
12712,0
12711,0
12710,0
12709,0
12708,0
12707,0
12706,0
12705,0
12704,0
12703,0
12702,0
12701,0
12700,0
12699,0
12698,0
12697,0
12696,0
12695,0
12694,0
12693,0
12692,0
12691,0
12690,0
12689,0
12688,0
12687,0
12686,0
12685,0
12684,0
12683,0
12682,0
12681,0
12680,0
12679,0
12678,0
12677,0
12676,0
12675,0
12674,0
12673,0
12672,0
12671,0
12670,0
12669,0
12668,0
12667,0
12666,0
12665,0
12664,0
12663,0
12662,0
12661,0
12660,0
12659,0
12658,0
12657,0
12656,0
12655,0
12654,0
12653,0
12652,0
12651,0
12650,0
12649,0
12648,0
12647,0
12646,0
12645,0
12644,0
12643,0
12642,0
12641,0
12640,0
12639,0
12638,0
12637,0
12636,0
12635,0
12634,0
12633,0
12632,0
12631,0
12630,0
12629,0
12628,0
12627,0
12626,0
12625,0
12624,0
12623,0
12622,0
12621,0
12620,0
12619,0
12618,0
12617,0
12616,0
12615,0
12614,0
12613,0
12612,0
12611,0
12610,0
12609,0
12608,0
12607,0
12606,0
12605,0
12604,0
12603,0
12602,0
12601,0
12600,0
12599,0
12598,0
12597,0
12596,0
12595,0
12594,0
12593,0
12592,0
12591,0
12590,0
12589,0
12588,0
12587,0
12586,0
12585,0
12584,0
12583,0
12582,0
12581,0
12580,0
12579,0
12578,0
12577,0
12576,0
12575,0
12574,0
12573,0
12572,0
12571,0
12570,0
12569,0
12568,0
12567,0
12566,0
12565,0
12564,0
12563,0
12562,0
12561,0
12560,0
12559,0
12558,0
12557,0
12556,0
12555,0
12554,0
12553,0
12552,0
12551,0
12550,0
12549,0
12548,0
12547,0
12546,0
12545,0
12544,0
12543,0
12542,0
12541,0
12540,0
12539,0
12538,0
12537,0
12536,0
12535,0
12534,0
12533,0
12532,0
12531,0
12530,0
12529,0
12528,0
12527,0
12526,0
12525,0
12524,0
12523,0
12522,0
12521,0
12520,0
12519,0
12518,0
12517,0
12516,0
12515,0
12514,0
12513,0
12512,0
12511,0
12510,0
12509,0
12508,0
12507,0
12506,0
12505,0
12504,0
12503,0
12502,0
12501,0
12500,0
12499,0
12498,0
12497,0
12496,0
12495,0
12494,0
12493,0
12492,0
12491,0
12490,0
12489,0
12488,0
12487,0
12486,0
12485,0
12484,0
12483,0
12482,0
12481,0
12480,0
12479,0
12478,0
12477,0
12476,0
12475,0
12474,0
12473,0
12472,0
12471,0
12470,0
12469,0
12468,0
12467,0
12466,0
12465,0
12464,0
12463,0
12462,0
12461,0
12460,0
12459,0
12458,0
12457,0
12456,0
12455,0
12454,0
12453,0
12452,0
12451,0
12450,0
12449,0
12448,0
12447,0
12446,0
12445,0
12444,0
12443,0
12442,0
12441,0
12440,0
12439,0
12438,0
12437,0
12436,0
12435,0
12434,0
12433,0
12432,0
12431,0
12430,0
12429,0
12428,0
12427,0
12426,0
12425,0
12424,0
12423,0
12422,0
12421,0
12420,0
12419,0
12418,0
12417,0
12416,0
12415,0
12414,0
12413,0
12412,0
12411,0
12410,0
12409,0
12408,0
12407,0
12406,0
12405,0
12404,0
12403,0
12402,0
12401,0
12400,0
12399,0
12398,0
12397,0
12396,0
12395,0
12394,0
12393,0
12392,0
12391,0
12390,0
12389,0
12388,0
12387,0
12386,0
12385,0
12384,0
12383,0
12382,0
12381,0
12380,0
12379,0
12378,0
12377,0
12376,0
12375,0
12374,0
12373,0
12372,0
12371,0
12370,0
12369,0
12368,0
12367,0
12366,0
12365,0
12364,0
12363,0
12362,0
12361,0
12360,0
12359,0
12358,0
12357,0
12356,0
12355,0
12354,0
12353,0
12352,0
12351,0
12350,0
12349,0
12348,0
12347,0
12346,0
12345,0
12344,0
12343,0
12342,0
12341,0
12340,0
12339,0
12338,0
12337,0
12336,0
12335,0
12334,0
12333,0
12332,0
12331,0
12330,0
12329,0
12328,0
12327,0
12326,0
12325,0
12324,0
12323,0
12322,0
12321,0
12320,0
12319,0
12318,0
12317,0
12316,0
12315,0
12314,0
12313,0
12312,0
12311,0
12310,0
12309,0
12308,0
12307,0
12306,0
12305,0
12304,0
12303,0
12302,0
12301,0
12300,0
12299,0
12298,0
12297,0
12296,0
12295,0
12294,0
12293,0
12292,0
12291,0
12290,0
12289,0
12288,0
12287,0
12286,0
12285,0
12284,0
12283,0
12282,0
12281,0
12280,0
12279,0
12278,0
12277,0
12276,0
12275,0
12274,0
12273,0
12272,0
12271,0
12270,0
12269,0
12268,0
12267,0
12266,0
12265,0
12264,0
12263,0
12262,0
12261,0
12260,0
12259,0
12258,0
12257,0
12256,0
12255,0
12254,0
12253,0
12252,0
12251,0
12250,0
12249,0
12248,0
12247,0
12246,0
12245,0
12244,0
12243,0
12242,0
12241,0
12240,0
12239,0
12238,0
12237,0
12236,0
12235,0
12234,0
12233,0
12232,0
12231,0
12230,0
12229,0
12228,0
12227,0
12226,0
12225,0
12224,0
12223,0
12222,0
12221,0
12220,0
12219,0
12218,0
12217,0
12216,0
12215,0
12214,0
12213,0
12212,0
12211,0
12210,0
12209,0
12208,0
12207,0
12206,0
12205,0
12204,0
12203,0
12202,0
12201,0
12200,0
12199,0
12198,0
12197,0
12196,0
12195,0
12194,0
12193,0
12192,0
12191,0
12190,0
12189,0
12188,0
12187,0
12186,0
12185,0
12184,0
12183,0
12182,0
12181,0
12180,0
12179,0
12178,0
12177,0
12176,0
12175,0
12174,0
12173,0
12172,0
12171,0
12170,0
12169,0
12168,0
12167,0
12166,0
12165,0
12164,0
12163,0
12162,0
12161,0
12160,0
12159,0
12158,0
12157,0
12156,0
12155,0
12154,0
12153,0
12152,0
12151,0
12150,0
12149,0
12148,0
12147,0
12146,0
12145,0
12144,0
12143,0
12142,0
12141,0
12140,0
12139,0
12138,0
12137,0
12136,0
12135,0
12134,0
12133,0
12132,0
12131,0
12130,0
12129,0
12128,0
12127,0
12126,0
12125,0
12124,0
12123,0
12122,0
12121,0
12120,0
12119,0
12118,0
12117,0
12116,0
12115,0
12114,0
12113,0
12112,0
12111,0
12110,0
12109,0
12108,0
12107,0
12106,0
12105,0
12104,0
12103,0
12102,0
12101,0
12100,0
12099,0
12098,0
12097,0
12096,0
12095,0
12094,0
12093,0
12092,0
12091,0
12090,0
12089,0
12088,0
12087,0
12086,0
12085,0
12084,0
12083,0
12082,0
12081,0
12080,0
12079,0
12078,0
12077,0
12076,0
12075,0
12074,0
12073,0
12072,0
12071,0
12070,0
12069,0
12068,0
12067,0
12066,0
12065,0
12064,0
12063,0
12062,0
12061,0
12060,0
12059,0
12058,0
12057,0
12056,0
12055,0
12054,0
12053,0
12052,0
12051,0
12050,0
12049,0
12048,0
12047,0
12046,0
12045,0
12044,0
12043,0
12042,0
12041,0
12040,0
12039,0
12038,0
12037,0
12036,0
12035,0
12034,0
12033,0
12032,0
12031,0
12030,0
12029,0
12028,0
12027,0
12026,0
12025,0
12024,0
12023,0
12022,0
12021,0
12020,0
12019,0
12018,0
12017,0
12016,0
12015,0
12014,0
12013,0
12012,0
12011,0
12010,0
12009,0
12008,0
12007,0
12006,0
12005,0
12004,0
12003,0
12002,0
12001,0
12000,0
11999,0
11998,0
11997,0
11996,0
11995,0
11994,0
11993,0
11992,0
11991,0
11990,0
11989,0
11988,0
11987,0
11986,0
11985,0
11984,0
11983,0
11982,0
11981,0
11980,0
11979,0
11978,0
11977,0
11976,0
11975,0
11974,0
11973,0
11972,0
11971,0
11970,0
11969,0
11968,0
11967,0
11966,0
11965,0
11964,0
11963,0
11962,0
11961,0
11960,0
11959,0
11958,0
11957,0
11956,0
11955,0
11954,0
11953,0
11952,0
11951,0
11950,0
11949,0
11948,0
11947,0
11946,0
11945,0
11944,0
11943,0
11942,0
11941,0
11940,0
11939,0
11938,0
11937,0
11936,0
11935,0
11934,0
11933,0
11932,0
11931,0
11930,0
11929,0
11928,0
11927,0
11926,0
11925,0
11924,0
11923,0
11922,0
11921,0
11920,0
11919,0
11918,0
11917,0
11916,0
11915,0
11914,0
11913,0
11912,0
11911,0
11910,0
11909,0
11908,0
11907,0
11906,0
11905,0
11904,0
11903,0
11902,0
11901,0
11900,0
11899,0
11898,0
11897,0
11896,0
11895,0
11894,0
11893,0
11892,0
11891,0
11890,0
11889,0
11888,0
11887,0
11886,0
11885,0
11884,0
11883,0
11882,0
11881,0
11880,0
11879,0
11878,0
11877,0
11876,0
11875,0
11874,0
11873,0
11872,0
11871,0
11870,0
11869,0
11868,0
11867,0
11866,0
11865,0
11864,0
11863,0
11862,0
11861,0
11860,0
11859,0
11858,0
11857,0
11856,0
11855,0
11854,0
11853,0
11852,0
11851,0
11850,0
11849,0
11848,0
11847,0
11846,0
11845,0
11844,0
11843,0
11842,0
11841,0
11840,0
11839,0
11838,0
11837,0
11836,0
11835,0
11834,0
11833,1.42567338789591e-05
11832,1.58650934845923e-05
11831,1.76440091065929e-05
11830,1.96100016033975e-05
11829,2.01402485268461e-05
11828,2.06848902047688e-05
11827,2.1244302696397e-05
11826,2.18188709928917e-05
11825,2.24089891886507e-05
11824,2.18188709928917e-05
11823,2.1244302696397e-05
11822,2.06848902047688e-05
11821,2.01402485268461e-05
11820,1.96100016033975e-05
11819,1.88943166004479e-05
11818,1.82025430698282e-05
11817,1.75339702884405e-05
11816,1.68879053090613e-05
11815,1.62636726374418e-05
11814,1.63149594259908e-05
11813,1.63671948661121e-05
11812,1.64203839494074e-05
11811,1.6474531750576e-05
11810,1.65296434274748e-05
11809,1.62826728147571e-05
11808,1.60390818587994e-05
11807,1.57988293555491e-05
11806,1.55618745254298e-05
11805,1.53281770101092e-05
11804,1.45264224431358e-05
11803,1.37671648683484e-05
11802,0
11801,0
11800,0
11799,0
11798,0
11797,0
11796,0
11795,0
11794,0
11793,0
11792,0
11791,0
11790,0
11789,0
11788,0
11787,0
11786,0
11785,0
11784,0
11783,0
11782,0
11781,0
11780,0
11779,0
11778,0
11777,1.32187257295577e-05
11776,1.40121152736999e-05
11775,1.48502379004719e-05
11774,1.52376897849975e-05
11773,1.56349515040233e-05
11772,1.60422517609193e-05
11771,1.64598237686871e-05
11770,1.68879053090613e-05
11769,1.76440091065929e-05
11768,1.84335546365835e-05
11767,1.92579048311678e-05
11766,2.01184687211221e-05
11765,2.10167023641657e-05
11764,2.4044449086077e-05
11763,2.74664319007342e-05
11762,3.13267979910583e-05
11761,3.56735018866501e-05
11760,4.05584665666225e-05
11759,4.55417020143296e-05
11758,5.1085207129679e-05
11757,5.72441947552358e-05
11756,6.40782153296974e-05
11755,7.16513473343762e-05
11754,7.26572517050167e-05
11753,7.36878781243553e-05
11752,7.47438047533411e-05
11751,7.58256228564287e-05
11750,7.69339370105473e-05
11749,7.2105237159909e-05
11748,6.7546924293631e-05
11747,6.32461748199827e-05
11746,5.91906169429187e-05
11745,5.5368325060412e-05
11744,5.2333498924656e-05
11743,4.94482302523268e-05
11742,4.67062260275279e-05
11741,4.41013923252889e-05
11740,4.16278318997665e-05
11739,4.15215144861515e-05
11738,4.14171225300238e-05
11737,4.131464904916e-05
11736,4.12140871748206e-05
11735,4.11154301520833e-05
11734,4.17888615808149e-05
11733,4.24735662405916e-05
11732,4.31697155456131e-05
11731,4.38774829033278e-05
11730,4.45970437202821e-05
11729,4.52131994279763e-05
11728,4.58369783685084e-05
11727,4.64684613355175e-05
11726,4.71077297848542e-05
11725,4.77548658373538e-05
11724,5.0334801134615e-05
11723,5.30434960071941e-05
11722,5.58864629598038e-05
11721,5.88693834328491e-05
11720,6.19981084283842e-05
11719,6.92370312557456e-05
11718,7.72139899440717e-05
11717,8.59900401684413e-05
11716,9.56295488087519e-05
11715,0.000106200170033604
11714,0.00011931780046716
11713,0.000133824232573405
11712,0.000149835175250176
11711,0.000167472033855123
11710,0.000186861704045066
11709,0.000201479014902893
11708,0.000217107876681172
11707,0.000233804415561308
11706,0.000251626489376691
11705,0.000270633601245769
11704,0.000275067655262775
11703,0.000279562225007471
11702,0.00028411790604221
11701,0.000288735295627366
11700,0.000293414992644405
11699,0.000285091728470698
11698,0.000277005053160357
11697,0.000269149097031574
11696,0.000261518078542848
11695,0.00025410630636104
11694,0.00024861009520246
11693,0.000243214135859477
11692,0.000237917069985581
11691,0.00023271754629246
11690,0.000227614220805825
11689,0.000231915154443131
11688,0.00023628637448228
11687,0.000240728690231906
11686,0.00024524291126279
11685,0.00024982984714814
11684,0.000255335930040697
11683,0.000260943455086196
11682,0.000266653785130036
11681,0.000272468289108903
11680,0.000278388341761676
11679,0.000276335540796044
11678,0.000274299836880658
11677,0.000272281140518049
11676,0.000270279361848467
11675,0.000268294410666295
11674,0.000257407217539557
11673,0.000246908181189968
11672,0.000236786337254179
11671,0.000227030881247252
11670,0.000217631174483644
11669,0.000204618490265579
11668,0.000192272902218707
11667,0.000180567973061664
11666,0.000169477792971312
11665,0.000158977005409232
11664,0.00014691881938319
11663,0.000135652564575193
11662,0.000125137106143389
11661,0.000115332526873032
11660,0.000106200170033604
11659,9.95474010466829e-05
11658,9.32606667412066e-05
11657,8.73235269719868e-05
11656,8.17200237806403e-05
11655,7.64346848329026e-05
11654,7.57363868366388e-05
11653,7.5045868452686e-05
11652,7.43630564731903e-05
11651,7.36878781243553e-05
11650,7.30202610698854e-05
11649,7.75036877190324e-05
11648,8.22433403230515e-05
11647,8.72513914213568e-05
11646,9.25403616470564e-05
11645,9.81231101746396e-05
11644,0.000107614681729474
11643,0.000117893870912213
11642,0.000129011453124799
11641,0.00014101997168082
11640,0.000153973647630711
11639,0.000168948374660184
11638,0.00018515524927328
11637,0.000202671383146841
11636,0.000221576258635413
11635,0.000241951550618097
11634,0.00026105185467866
11633,0.00028139912143717
11632,0.000303051384270945
11631,0.000326067405517999
11630,0.000350506506635
11629,0.000375684602391072
11628,0.000402355696626751
11627,0.000430580753628015
11626,0.000460420909659431
11625,0.000491937249792389
11624,0.00051938514394009
11623,0.000548126995602688
11622,0.000578204062250526
11621,0.000609657339861996
11620,0.000642527413005781
11619,0.000676854295510598
11618,0.000712677261834112
11617,0.00075003466931082
11616,0.000788963771531735
11615,0.000829500523186341
11614,0.000870389489316348
11613,0.000912713953196636
11612,0.000956488582365312
11611,0.0010017259507741
11610,0.00104843641185684
11609,0.00109481004084741
11608,0.00114265223755009
11607,0.00119197459958278
11606,0.00124278659125025
11605,0.00129509541588284
11604,0.00132885480869659
11603,0.00136323076459782
11602,0.00139822421926766
11601,0.00143383566222901
11600,0.00147006512221737
11599,0.00146473783427517
11598,0.00145942279185047
11597,0.00145412000183625
11596,0.00144882947092318
11595,0.00144355120559984
11594,0.00139822421926766
11593,0.00135394942373076
11592,0.00131072356952694
11591,0.00126854211134332
11590,0.00122739927506204
11589,0.00116709942220581
11588,0.00110886121512958
11587,0.00105267396084503
11586,0.000998522636744899
11585,0.000946388157450737
11584,0.000910593095092147
11583,0.00087577344297977
11582,0.000841921593372843
11581,0.000809029000255149
11580,0.000777086228119955
11579,0.000763537409086592
11578,0.000750166944982966
11577,0.000736973757402535
11576,0.000723956746197922
11575,0.000711114790199968
11574,0.000704759101965775
11573,0.00069844674793171
11572,0.000692177582356416
11571,0.00068595145831778
11570,0.000679768227734635
11569,0.000682058786358547
11568,0.000684442025391774
11567,0.000686917506306236
11566,0.000689484770006454
11565,0.000692143336569304
11564,0.000699549730887264
11563,0.000708121962062678
11562,0.000717825155465175
11561,0.000728621277893689
11560,0.000740469115489173
11559,0.000747017982378854
11558,0.000754513665834521
11557,0.000762902913104731
11556,0.000772131380119581
11555,0.000782143777750191
11554,0.000780567929443639
11553,0.000779260360927762
11552,0.000778210011591502
11551,0.000777406042735593
11550,0.000776837840069329
11549,0.000758080229668242
11548,0.00073960250736594
11547,0.000721406406513358
11546,0.000703493453116966
11545,0.000685864966941732
11544,0.00065266400963656
11543,0.000620741287128757
11542,0.000590155689311524
11541,0.000560955145262885
11540,0.000533176534030258
11539,0.000498626159466581
11538,0.00046627104036502
11537,0.0004361011069186
11536,0.000408087692160733
11535,0.00038218562507905
11534,0.000366263135101749
11533,0.000351047755707047
11532,0.000336522671106178
11531,0.000322670152512364
11530,0.000309471700761628
11529,0.000308970415147919
11528,0.000308476412118066
11527,0.000307989689340548
11526,0.000307510244467789
11525,0.000307038075138231
11524,0.00032866128850126
11523,0.000351540441330276
11522,0.000375722096655991
11521,0.00040125215932404
11520,0.000428175631243667
11519,0.0004740091394012
11518,0.000523620509484093
11517,0.000577179904056384
11516,0.000634848421801006
11515,0.000696775805684577
11514,0.000750215554497473
11513,0.000806756684207783
11512,0.000866483573543298
11511,0.000929473730556153
11510,0.000995796796253332
11509,0.00103698472844914
11508,0.00107936148867587
11507,0.00112293443119595
11506,0.00116770946384347
11505,0.00121369097815292
11504,0.00123713510667269
11503,0.00126088178037065
11502,0.00128493109119076
11501,0.00130928302358525
11500,0.001333937452472
11499,0.00134286197703975
11498,0.00135184660723544
11497,0.00136089150642829
11496,0.00136999683328158
11495,0.00137916274165014
11494,0.00136396669537036
11493,0.00134887996908182
11492,0.00133390264634496
11491,0.00131903479573268
11490,0.00130427647098524
11489,0.00127411984591147
11488,0.00124441314003365
11487,0.00121515782484113
11486,0.00118635506500825
11485,0.00115800572400207
11484,0.00113996461225551
11483,0.00112211830314404
11482,0.00110446646935861
11481,0.00108700874422927
11480,0.00106974472245647
11479,0.00104934510879628
11478,0.00102925147206961
11477,0.00100946189421228
11476,0.000989974381202606
11475,0.00097078686619828
11474,0.000947964561364944
11473,0.000925564790180332
11472,0.000903583889521441
11471,0.000882018071464492
11470,0.000860863430029481
11469,0.000842739597167584
11468,0.000824898990050887
11467,0.000807339820915841
11466,0.000790060240382235
11465,0.000773058339637049
11464,0.000772126097117247
11463,0.00077120426924975
11462,0.00077029287862286
11461,0.00076939194752756
11460,0.000768501497958107
11459,0.000784584336680967
11458,0.000800944044996249
11457,0.000817583317054071
11456,0.000834504803314304
11455,0.000851711107750876
11454,0.00085450221328903
11453,0.000857313668368855
11452,0.000860145564417793
11451,0.000862997992583617
11450,0.000865871043720903
11449,0.000831125048452857
11448,0.000797523363577578
11447,0.00076504494447351
11446,0.000733668029388834
11445,0.000703370227774931
11444,0.000662509834011902
11443,0.000623470890370377
11442,0.000586212983351199
11441,0.000550693564065429
11440,0.000516868212795123
11439,0.000494897216029718
11438,0.000473675775443425
11437,0.000453187910700515
11436,0.000433417491888211
11435,0.000414348270541883
11434,0.000417072983362626
11433,0.000419818000719514
11432,0.000422583398159029
11431,0.000425369250385837
11430,0.000428175631243667
11429,0.000450631081219203
11428,0.0004740091394012
11427,0.000498331770288838
11426,0.000523620509484093
11425,0.000549896396216962
11424,0.000573650878376397
11423,0.000598200427525559
11422,0.000623559703696706
11421,0.000649743033466377
11420,0.000676764373228853
11419,0.000692143336569304
11418,0.000707787399410291
11417,0.000723698782036633
11416,0.00073987965811674
11415,0.000756332152606754
11414,0.00077550300966574
11413,0.000795066112404872
11412,0.000815025884872975
11411,0.000835386663142882
11410,0.000856152689010663
11409,0.000890376158662646
11408,0.000925564790180332
11407,0.000961725401585007
11406,0.000998863798701507
11405,0.00103698472844914
11404,0.00106125858495528
11403,0.00108596613661899
11402,0.00111111023887825
11401,0.00113669358123194
11400,0.00116271868006788
11399,0.00114564555455068
11398,0.00112877423905062
11397,0.0011121037853287
11396,0.00109563320858459
11395,0.00107936148867587
11394,0.00104116877484847
11393,0.00100393967625625
11392,0.000967667974543087
11391,0.000932346585842522
11390,0.000897967602786184
11389,0.000875567579552047
11388,0.000853579798007344
11387,0.000832001358821242
11386,0.000810829227604944
11385,0.000790060240382235
11384,0.000788544157594225
11383,0.00078707531280722
11382,0.000785653324774892
11381,0.000784277810946499
11380,0.000782948387565952
11379,0.000787070869034661
11378,0.00079215972758729
11377,0.000798179607096937
11376,0.000805093493412747
11375,0.00081286279669696
11374,0.00079048025402315
11373,0.000768950563199581
11372,0.000748244849164534
11371,0.00072833464434736
11370,0.000709191949674453
11369,0.000697631361616671
11368,0.000686285696882398
11367,0.00067515140386206
11366,0.000664224957905913
11365,0.000653502862802741
11364,0.000660675576034803
11363,0.000667901530773964
11362,0.000675180675056352
11361,0.000682512949410556
11360,0.000689898286817901
11359,0.000710214689864603
11358,0.000730978056832601
11357,0.000752192734447495
11356,0.000773862911763476
11355,0.00079599261206989
11354,0.000830183675306908
11353,0.000865373684468344
11352,0.000901567335941697
11351,0.000938768040313184
11350,0.000976977872719563
11349,0.00101432077612239
11348,0.00105264976259744
11347,0.00109196936568337
11346,0.0011322830207498
11345,0.00117359301811906
11344,0.00120546654106425
11343,0.00123798674251726
11342,0.00127115750798358
11341,0.00130498232457785
11340,0.00133946426197523
11339,0.00135881578437615
11338,0.0013784577106824
11337,0.00139839279854142
11336,0.00141862375130115
11335,0.00143915321381344
11334,0.00145861848880144
11333,0.00147824558199844
11332,0.0014980339586676
11331,0.00151798304346663
11330,0.00153809222006284
11329,0.0015685547069607
11328,0.00159937351463538
11327,0.00163054603297513
11326,0.00166206943534525
11325,0.00169394067613132
11324,0.00173697106712933
11323,0.00178060564098211
11322,0.00182483531974187
11321,0.00186965030256565
11320,0.00191504005865357
11319,0.00196250299971401
11318,0.00201045020075464
11317,0.00205886198552265
11316,0.0021077178762103
11315,0.00215699660710924
11314,0.00219455347779034
11313,0.00223230961116851
11312,0.00227025403498239
11311,0.00230837554626764
11310,0.00234666271803418
11309,0.00236410617890269
11308,0.00238164701785237
11307,0.00239928491943361
11306,0.00241701954751097
11305,0.00243485054496683
11304,0.00244009378473266
11303,0.00244535717298564
11302,0.00245064074007475
11301,0.00245594451539621
11300,0.00246126852737817
11299,0.00246021552442692
11298,0.00245916312508264
11297,0.00245811140014425
11296,0.00245706042055774
11295,0.00245601025741019
11294,0.00245601025741019
11293,0.00245601025741019
11292,0.00245601025741019
11291,0.00245601025741019
11290,0.00245601025741019
11289,0.00245496098192385
11288,0.00245391266545005
11287,0.00245286537946315
11286,0.00245181919555443
11285,0.00245077418542585
11284,0.00246914133276105
11283,0.00248760533500463
11282,0.00250616568578974
11281,0.0025248218547467
11280,0.00254357328721266
11279,0.00258976874267521
11278,0.00263623681112961
11277,0.00268296224274772
11276,0.00272992934844418
11275,0.00277712200568991
11274,0.00286472822407396
11273,0.00295316061492838
11272,0.00304231619071164
11271,0.00313208646162787
11270,0.00322235755313077
11269,0.0033269746146234
11268,0.00343157800423646
11267,0.00353595633183812
11266,0.00363989235144833
11265,0.00374316365871979
11264,0.00383195256148271
11263,0.00391992199548039
11262,0.00400692043118812
11261,0.00409279511563436
11260,0.00417739250588325
11259,0.00422875088884087
11258,0.00427953142565267
11257,0.00432969831510155
11256,0.00437921585431696
11255,0.00442804848050314
11254,0.00447842142224976
11253,0.00452740957118261
11252,0.00457496576690842
11251,0.00462104482927716
11250,0.00466560364047125
11249,0.00475250243539965
11248,0.00483467343981641
11247,0.00491184322816659
11246,0.00498375502413992
11245,0.00505017016028985
11244,0.00512826291572368
11243,0.00519875098214537
11242,0.00526124875198459
11241,0.00531540533184419
11240,0.00536090776027001
11239,0.00539461416981604
11238,0.00542092818797002
11237,0.00543970655170109
11236,0.00545083706774808
11235,0.00545423963807551
11234,0.0054463407256922
11233,0.00543557027255022
11232,0.00542195771517659
11231,0.00540553691562478
11230,0.00538634603794753
11229,0.00537678818049445
11228,0.00536640625244273
11227,0.00535520509546231
11226,0.00534318992621601
11225,0.00533036633231054
11224,0.00531540533184419
11223,0.00529992660495757
11222,0.00528393764895013
11221,0.00526744608790859
11220,0.00525045966708283
11219,0.00523731546600569
11218,0.00522332405783586
11217,0.00520848901668031
11216,0.00519281438808909
11215,0.00517630468842342
11214,0.00515190808146158
11213,0.00512609949906838
11212,0.00509889559397855
11211,0.00507031431713993
11210,0.00504037489848369
11209,0.00498578940722467
11208,0.00492881985459512
11207,0.00486957563822496
11206,0.00480816852910628
11205,0.00474471233391544
11204,0.00466252530198572
11203,0.00457639682026742
11202,0.00448657926839937
11201,0.00439333444058657
11200,0.00429693222474472
11199,0.0041848793715848
11198,0.00406963416573671
11197,0.00395160368231195
11196,0.00383119798485865
11195,0.00370882766533642
11194,0.00360530978740955
11193,0.00350120186006441
11192,0.00339672464864121
11191,0.00329209352227407
11190,0.00318751777264111
11189,0.00311793170609555
11188,0.00304851868621304
11187,0.00297933545006914
11186,0.00291043715871956
11185,0.00284187733669854
11184,0.00277439069744762
11183,0.00270749500681934
11182,0.0026412311158835
11181,0.00257563777978441
11180,0.00251075165815448
11179,0.00241321864389804
11178,0.00231718758745145
11177,0.00222278431109369
11176,0.00213012485517813
11175,0.00203931542839096
11174,0.0019577586789461
11173,0.00187807636312889
11172,0.00180031497245496
11171,0.00172451400441801
11170,0.00165070618151248
11169,0.00160848693604451
11168,0.00156691091730696
11167,0.00152598436231553
11166,0.00148571281039636
11165,0.00144610111531717
11164,0.00141855003389429
11163,0.00139139230292264
11162,0.00136462669854253
11161,0.00133825183911445
11160,0.00131226619078601
11159,0.00129957159751386
11158,0.00128694044026995
11157,0.00127437422850577
11156,0.00126187444149057
11155,0.00124944252772929
11154,0.00123431164768358
11153,0.00121928361029568
11152,0.00120435921076553
11151,0.00118953921583985
11150,0.00117482436380143
11149,0.00115758835095153
11148,0.00114052464924501
11147,0.00112363311133824
11146,0.0011069135558551
11145,0.00109036576794224
11144,0.00107565225999503
11143,0.00106111167920949
11142,0.00104674284775635
11141,0.00103254457128741
11140,0.00101851563976209
11139,0.00101240793495361
11138,0.00100634571507294
11137,0.00100032870435464
11136,0.00099435662692023
11135,0.000988429206822586
11134,0.000993957571931648
11133,0.000999505811245447
11132,0.00100507379794343
11131,0.00101066140311509
11130,0.0010162684957692
11129,0.00102401872845776
11128,0.00103181022959751
11127,0.00103964304279822
11126,0.0010475172098505
11125,0.00105543277070931
11124,0.00105764793834906
11123,0.00105987895616981
11122,0.00106212591431318
11121,0.00106438890307991
11120,0.00106666801292428
11119,0.00106494242878914
11118,0.00106322411583243
11117,0.00106151313031312
11116,0.00105980952825609
11115,0.00105811336544919
11114,0.00103818261179217
11113,0.00101851563976209
11112,0.000999111722345328
11111,0.000979970060675734
11110,0.000961089785750308
11109,0.000931422665479151
11108,0.000902418081263002
11107,0.000874071422139435
11106,0.000846377676343923
11105,0.000819331449433626
11104,0.000792926982367375
11103,0.000767158169513773
11102,0.000742018576559714
11101,0.000717501458292754
11100,0.000693599776232412
11099,0.00067168503064748
11098,0.000650272699771734
11097,0.000629358856357117
11096,0.000608939298675381
11095,0.000589009562161696
11094,0.000582600452752936
11093,0.000576263851676817
11092,0.000569999053217347
11091,0.000563805354711322
11090,0.000557682056645099
11089,0.000555192607499008
11088,0.000552711847942189
11087,0.000550239760849886
11086,0.000547776329060188
11085,0.000545321535374307
11084,0.000535588396432984
11083,0.000525992082005426
11082,0.000516531474714802
11081,0.000507205448943605
11080,0.000498012871294987
11079,0.000474317248843629
11078,0.000451496242037754
11077,0.000429532260118824
11076,0.000408407233759276
11075,0.000388102670990258
11074,0.000349223454676282
11073,0.00031354193905713
11072,0.000280879894261283
11071,0.000251059000245374
11070,0.000223902248532383
11069,0.000194618392026195
11068,0.000168657046748754
11067,0.00014572037799645
11066,0.000125525301509604
11065,0.000107804637522593
11064,9.67317468111751e-05
11063,8.66851948770053e-05
11062,7.75833691510933e-05
11061,6.93495506245008e-05
11060,6.19118086631609e-05
11059,5.91911739954119e-05
11058,5.65830889022583e-05
11057,5.40833167066647e-05
11056,5.16877560958481e-05
11055,4.93924381559211e-05
11054,4.97376869720229e-05
11053,5.00872437648926e-05
11052,5.04411648683844e-05
11051,5.07995073922697e-05
11050,5.11623292323477e-05
11049,5.28291955036059e-05
11048,5.45443481840516e-05
11047,5.63089702369023e-05
11046,5.81242663212899e-05
11045,5.9991462953831e-05
11044,6.15234269223752e-05
11043,6.30900553256966e-05
11042,6.46920067374471e-05
11041,6.6329948897725e-05
11040,6.80045587547589e-05
11039,7.14665356273355e-05
11038,7.50835385457967e-05
11037,7.88613183109695e-05
11036,8.28057762443521e-05
11035,8.69229649265743e-05
11034,9.28775594357955e-05
11033,9.91870734523693e-05
11032,0.000105868650322157
11031,0.000112939976980109
11030,0.000120419281527999
11029,0.000128898921089685
11028,0.000137880234381701
11027,0.000147385475053926
11026,0.000157437351393158
11025,0.000168058997622647
11024,0.000174665887760238
11023,0.000181493521774833
11022,0.000188547538064593
11021,0.000195833646090146
11020,0.000203357624136489
11019,0.00020525360073122
11018,0.00020716576478121
11017,0.000209094191465321
11016,0.000211038955311861
11015,0.000213000130182408
11014,0.000206303881947223
11013,0.000199786837926066
11012,0.000193445347281895
11011,0.00018727579356716
11010,0.000181274595862716
11009,0.000169763128839954
11008,0.000158883048736638
11007,0.000148607088939344
11006,0.000138908639395702
11005,0.000129761768668079
11004,0.000118499619077937
11003,0.000108083605548372
11002,9.84632483101428e-05
11001,8.95898428805415e-05
11000,8.14165147718849e-05
10999,7.47494552350004e-05
10998,6.85694047248282e-05
10997,6.28462761384381e-05
10996,5.75513535454874e-05
10995,5.26572722357461e-05
10994,4.87616102133677e-05
10993,4.51256580505901e-05
10992,4.17344684704181e-05
10991,3.85737671280548e-05
10990,3.56299367078316e-05
10989,3.44642406607331e-05
10988,3.33330288748508e-05
10987,3.22354133624751e-05
10986,3.11705244651108e-05
10985,3.01375106248598e-05
10984,3.09613986263661e-05
10983,3.1805578699952e-05
10982,3.26704840806701e-05
10981,3.35565553799221e-05
10980,3.44642406607331e-05
10979,3.70878809499805e-05
10978,3.98957109099959e-05
10977,4.28992540497481e-05
10976,4.61106325241382e-05
10975,4.95425879346941e-05
10974,5.45040229663583e-05
10973,5.98970073556243e-05
10972,6.57520428358043e-05
10971,7.21010888207067e-05
10970,7.89775665665487e-05
10969,8.59742357883796e-05
10968,9.35103586771457e-05
10967,0.000101619708388621
10966,0.000110337461638632
10965,0.000119700194392719
10964,0.000126077286376464
10963,0.00013274697354747
10962,0.000139719873309834
10961,0.000147006831318683
10960,0.000154618917665779
10959,0.000160091834720009
10958,0.000165743139954618
10957,0.000171577845886374
10956,0.000177601066264089
10955,0.000183818016167647
10954,0.000189940491626324
10953,0.000196235701183933
10952,0.000202707335875692
10951,0.000209359123272177
10950,0.000216194826276072
10949,0.000229217241685906
10948,0.00024289427904299
10947,0.000257249955341856
10946,0.000272308594514245
10945,0.000288094792096005
10944,0.000297549871875008
10943,0.00030728194553181
10942,0.000317297521534835
10941,0.000327603187072739
10940,0.000338205605409958
10939,0.000338205605409958
10938,0.000338205605409958
10937,0.000338205605409958
10936,0.000338205605409958
10935,0.000338205605409958
10934,0.00034197540709937
10933,0.000345791665677591
10932,0.000349654504544758
10931,0.000353564037886525
10930,0.000357520370489923
10929,0.000370414643211878
10928,0.000383664679829602
10927,0.000397274976416049
10926,0.000411249848346936
10925,0.000425593419822362
10924,0.000441050383115428
10923,0.000456931594218922
10922,0.000473242816782838
10921,0.000489989653621559
10920,0.000507177536028789
10919,0.00051870099515617
10918,0.000530429390475507
10917,0.000542364812041723
10916,0.000554509329704529
10915,0.000566864991756046
10914,0.000570372679332097
10913,0.000573910786267511
10912,0.000577479566220441
10911,0.000581079274280019
10910,0.000584710166956326
10909,0.000587279271062675
10908,0.000589857114233205
10907,0.000592443712498543
10906,0.000595039081845794
10905,0.000597643238218269
10904,0.000592443712498543
10903,0.000587279271062675
10902,0.000582149785840649
10901,0.000577055128075189
10900,0.000571995168336491
10899,0.000561563388200087
10898,0.000551272558225787
10897,0.000541122618828518
10896,0.000531113452584207
10895,0.000521244885131384
10894,0.000511851709799625
10893,0.000502592550232669
10892,0.000493466269315151
10891,0.000484471722833416
10890,0.000475607759922681
10889,0.000467762981556791
10888,0.000460015469126458
10887,0.000452364759772014
10886,0.000444810376473577
10885,0.000437351828385372
10884,0.000426296442173062
10883,0.00041549100101481
10882,0.000404931071121797
10881,0.000394612249469888
10880,0.000384530165640222
10879,0.000365698495977435
10878,0.000347660641932655
10877,0.000330391390795079
10876,0.000313865806682272
10875,0.000298059264707908
10874,0.000276272132441052
10873,0.000255826878688314
10872,0.000236662747695824
10871,0.000218719886024943
10870,0.000201939500410416
10869,0.000188292264870554
10868,0.000175438209853237
10867,0.000163341447918401
10866,0.000151966940755866
10865,0.000141280540104751
10864,0.000136721829696179
10863,0.000132286892078665
10862,0.00012797326670554
10861,0.000123778509589861
10860,0.000119700194392719
10859,0.000121794027045288
10858,0.000123919596148261
10857,0.000126077286376464
10856,0.000128267485275253
10855,0.000130490583248768
10854,0.000135974284197934
10853,0.000141668713397968
10852,0.000147580834420209
10851,0.000153717778483671
10850,0.000160086845067593
10849,0.000167377236407328
10848,0.000174950198247955
10847,0.00018281414009822
10846,0.000190977598575349
10845,0.000199449233257409
10844,0.000207910899550537
10843,0.000216665154016049
10842,0.0002257188754977
10841,0.000235078958473749
10840,0.000244752305950741
10839,0.000249514022276604
10838,0.000254350067380681
10837,0.000259261123027825
10836,0.000264247865889861
10835,0.000269310967246975
10834,0.000269310967246975
10833,0.000269310967246975
10832,0.000269310967246975
10831,0.000269310967246975
10830,0.000269310967246975
10829,0.000267534005811422
10828,0.000265774742138064
10827,0.000264032996071356
10826,0.000262308589110761
10825,0.000260601344402245
10824,0.00025891108672975
10823,0.000257237642506454
10822,0.000255580839765895
10821,0.000253940508153027
10820,0.000252316478915031
10819,0.000246231487438302
10818,0.000240264221486055
10817,0.00023441327786959
10816,0.000228677245529113
10815,0.000223054706328725
10814,0.000217544235840934
10813,0.000212144404120504
10812,0.000206853776467146
10811,0.000201670914176527
10810,0.000196594375279493
10809,0.000191622715268844
10808,0.000186754487813554
10807,0.000181988245460022
10806,0.00017732254031996
10805,0.000172755924744851
10804,0.000168058997622647
10803,0.000163471853947404
10802,0.000158992488931915
10801,0.000154618917665779
10800,0.000150349175428916
10799,0.000146823490729005
10798,0.000143378153759293
10797,0.000140011484042622
10796,0.000136721829696179
10795,0.000133507567204925
10794,0.000128289133732927
10793,0.000123248382576463
10792,0.000118380440120205
10791,0.000113680516359331
10790,0.000109143905602274
10789,0.000104248968589152
10788,9.95420843788389e-05
10787,9.50176589973715e-05
10786,9.06701858642114e-05
10785,8.64942482410329e-05
10784,8.24105254747622e-05
10783,7.84975829687122e-05
10782,7.47494552350004e-05
10781,7.11603254323762e-05
10780,6.77245246391378e-05
10779,6.51989132781208e-05
10778,6.27628511695197e-05
10777,6.04134237413099e-05
10776,5.81477975964187e-05
10775,5.59632189490112e-05
10774,5.3857012054306e-05
10773,5.18265776343319e-05
10772,4.98693913019848e-05
10771,4.79830019856033e-05
10770,4.61650303561008e-05
10769,4.41324130772455e-05
10768,4.2180357832068e-05
10767,4.03061095623344e-05
10766,3.85069870253069e-05
10765,3.67803817339004e-05
10764,3.55927609923806e-05
10763,3.44427825258314e-05
10762,3.33293071776251e-05
10761,3.2251227278372e-05
10760,3.12074659240451e-05
10759,3.01854424926187e-05
10758,2.91937587724312e-05
10757,2.82316272000913e-05
10756,2.72982767767e-05
10755,2.63929528471754e-05
10754,2.57160823733489e-05
10753,2.5060681576999e-05
10752,2.44260154766335e-05
10751,2.38113748737344e-05
10750,2.32160754779248e-05
10749,2.27935182752999e-05
10748,2.23825005504021e-05
10747,2.19826754724411e-05
10746,2.15937073095903e-05
10745,2.12152710726901e-05
10744,2.06763779794864e-05
10743,2.01515866948495e-05
10742,1.96405282597108e-05
10741,1.91428430477348e-05
10740,1.86581805487257e-05
10739,1.8186199156126e-05
10738,1.77265659585766e-05
10737,1.7278956535498e-05
10736,1.68430547566561e-05
10735,1.64185525856722e-05
10734,1.60833111237994e-05
10733,1.57543349087685e-05
10732,1.54315197565603e-05
10731,1.51147629427529e-05
10730,1.48039631875877e-05
10729,1.41699136547269e-05
10728,1.35602255969154e-05
10727,0
10726,0
10725,0
10724,0
10723,0
10722,0
10721,0
10720,0
10719,0
10718,0
10717,0
10716,0
10715,0
10714,0
10713,0
10712,0
10711,0
10710,0
10709,0
10708,1.02130531468591e-05
10707,1.05831409500706e-05
10706,1.09665323393235e-05
10705,1.13636907141787e-05
10704,1.19451460548702e-05
10703,1.25551503326983e-05
10702,1.31950191748784e-05
10701,1.38661230400914e-05
10700,1.456988913004e-05
10699,1.56327592607977e-05
10698,1.67657626085497e-05
10697,1.7972945808483e-05
10696,1.92585460681874e-05
10695,2.06269971415852e-05
10694,2.2082935282475e-05
10693,2.36312051599106e-05
10692,2.52768657164955e-05
10691,2.70251959495136e-05
10690,2.88817005936499e-05
10689,3.04325321766131e-05
10688,3.20563298363162e-05
10687,3.37559130459495e-05
10686,3.55341765087456e-05
10685,3.73940904208846e-05
10684,3.83658636235611e-05
10683,3.936012963337e-05
10682,4.03773300726185e-05
10681,4.14179131041745e-05
10680,4.2482333473118e-05
10679,4.29974607608427e-05
10678,4.35186706159449e-05
10677,4.40460188724533e-05
10676,4.45795615506137e-05
10675,4.51193548512474e-05
10674,4.45795615506137e-05
10673,4.40460188724533e-05
10672,4.35186706159449e-05
10671,4.29974607608427e-05
10670,4.2482333473118e-05
10669,4.22139685130057e-05
10668,4.19471149416729e-05
10667,4.16817655373376e-05
10666,4.14179131041745e-05
10665,4.1155550472258e-05
10664,4.2482333473118e-05
10663,4.38470836886301e-05
10662,4.52507168755832e-05
10661,4.66941651690292e-05
10660,4.81783771914402e-05
10659,5.09557750413363e-05
10658,5.38741504356948e-05
10657,5.69394458919579e-05
10656,6.01577822157271e-05
10655,6.3535459706804e-05
10654,6.9604202976231e-05
10653,7.61886036843971e-05
10652,8.33253733936447e-05
10651,9.10530873360627e-05
10650,9.94122013790698e-05
10649,0.000108763134444631
10648,0.000118849647173025
10647,0.000129714756163416
10646,0.000141402583468814
10645,0.000153958250870929
10644,0.000160694458802716
10643,0.000167678345643867
10642,0.000174916672022182
10641,0.000182416272635881
10640,0.000190184051617298
10639,0.000186560283064667
10638,0.000182992479383306
10637,0.000179480116398702
10636,0.000176022666719991
10635,0.00017261959995985
10634,0.000165169477475752
10633,0.000158007335723064
10632,0.000151123969690893
10631,0.000144510360536775
10630,0.000138157678107615
10629,0.000130250529652277
10628,0.000122724803084846
10627,0.000115566829884463
10626,0.000108763134444631
10625,0.000102300450786763
10624,9.64705492574357e-05
10623,9.09416162632967e-05
10622,8.57003477655511e-05
10621,8.0733872483343e-05
10620,7.60297487086266e-05
10619,7.12890446070132e-05
10618,6.68045581472524e-05
10617,6.25652436863766e-05
10616,5.85603442597553e-05
10615,5.4779396428987e-05
10614,5.31095784792405e-05
10613,5.14849785523893e-05
10612,4.99045665355913e-05
10611,4.83673294770704e-05
10610,4.68722714995839e-05
10609,4.83264219217983e-05
10608,4.98196805147228e-05
10607,5.13528736679033e-05
10606,5.29268374973782e-05
10605,5.45424177057151e-05
10604,5.72430160123415e-05
10603,6.00582155942819e-05
10602,6.29918214942299e-05
10601,6.60477111942787e-05
10600,6.92298333525936e-05
10599,7.10205132338263e-05
10598,7.28654402019548e-05
10597,7.47663079983294e-05
10596,7.67248601283416e-05
10595,7.87428910040418e-05
10594,8.15814012763019e-05
10593,8.45088022340739e-05
10592,8.75273364782086e-05
10591,9.06392826748164e-05
10590,9.38469553693662e-05
10589,0.000100427091846835
10588,0.0001073943151502
10587,0.000114765636642341
10586,0.000122558403709156
10585,0.000130790277051307
10584,0.000141972232022164
10583,0.000153958250870929
10582,0.000166791584502571
10581,0.000180516501594447
10580,0.000195178191690661
10579,0.000215909837972466
10578,0.000238404046006283
10577,0.000262758703026653
10576,0.000289071431620655
10575,0.000317438881064848
10574,0.000342166248585091
10573,0.000368409015729692
10572,0.000396222709812409
10571,0.000425661636752009
10570,0.000456778538013966
10569,0.000477101368974083
10568,0.000498111519542949
10567,0.0005198205670165
10566,0.00054223966352742
10565,0.000565379497686289
10564,0.000584417159068889
10563,0.000603927589394581
10562,0.000623915520884529
10561,0.00064438543743294
10560,0.000665341561311024
10559,0.000682810944830696
10558,0.000700648348408719
10557,0.000718857837424298
10556,0.00073744336892805
10555,0.00075640878403303
10554,0.000771099126714865
10553,0.000785988623120696
10552,0.000801077823658925
10551,0.000816367223045788
10550,0.000831857259017284
10549,0.00083314658742442
10548,0.000834441474556193
10547,0.000835741876740276
10546,0.000837047750130278
10545,0.000838359050708157
10544,0.000824632248043478
10543,0.000811042219324164
10542,0.000797589624717577
10541,0.000784275073971158
10540,0.000771099126714865
10539,0.000747689922835983
10538,0.000724787992329507
10537,0.00070239045027304
10536,0.000680494082567274
10535,0.000659095359657954
10534,0.000640776696617248
10533,0.000622833365781801
10532,0.000605262457272192
10531,0.00058806090640165
10530,0.00057122550063858
10529,0.000566482169968877
10528,0.000561768375520529
10527,0.000557084036152095
10526,0.000552429069854982
10525,0.000547803393766277
10524,0.000554752886528698
10523,0.000561768375520529
10522,0.00056885013823894
10521,0.000575998447790853
10520,0.0005832135727941
10519,0.000601516310455844
10518,0.000620213712147673
10517,0.000639307304226265
10516,0.00065879834296323
10515,0.000678687806674601
10514,0.000707448939081233
10513,0.000737134445794551
10512,0.000767756781285187
10511,0.000799327514713147
10510,0.000831857259017284
10509,0.000876299747637946
10508,0.00092232373591702
10507,0.000969931149069898
10506,0.00101911982750772
10505,0.00106988332366213
10504,0.00112221070729397
10503,0.00117608638074303
10502,0.00123148990558938
10501,0.00128839584219902
10500,0.00134677360361729
10499,0.00140545015726488
10498,0.00146560065888215
10497,0.00152719111709103
10496,0.00159018207188802
10495,0.00165452845341094
10494,0.00172764829781519
10493,0.00180180556832223
10492,0.00187687096110901
10491,0.00195270797811683
10490,0.00202917337879187
10489,0.00210000367831422
10488,0.00217145291810037
10487,0.0022434182152769
10486,0.00231579189039334
10485,0.00238846168180335
10484,0.00245089748405664
10483,0.00251338941719047
10482,0.00257585959403081
10481,0.00263822820822115
10480,0.0027004136890147
10479,0.00273141182129683
10478,0.00276233286545698
10477,0.0027931662035066
10476,0.00282390113956227
10475,0.00285452690571775
10474,0.00283922834452201
10473,0.00282390113956227
10472,0.00280854664315945
10471,0.0027931662035066
10470,0.00277776116448086
10469,0.00271107348008737
10468,0.00264384681618062
10467,0.00257619473360678
10466,0.00250822957984103
10465,0.00244006215946531
10464,0.00234606124605368
10463,0.00225273705804158
10462,0.0021603156774701
10461,0.00206900888184033
10460,0.00197901368255937
10459,0.00190873469877577
10458,0.00183918894150593
10457,0.00177047491691787
10456,0.00170268583462028
10455,0.00163590942974217
10454,0.00159420419742381
10453,0.00155301059841412
10452,0.00151234428550503
10451,0.00147221995007763
10450,0.00143265132668634
10449,0.0014337760966099
10448,0.00143490414750714
10447,0.00143603542144389
10446,0.00143716986045084
10445,0.00143830740652814
10444,0.00147774742766205
10443,0.00151773369850783
10442,0.00155825242557721
10441,0.00159928887403284
10440,0.00164082736361216
10439,0.0016950967206539
10438,0.00174978720834288
10437,0.00180482964560398
10436,0.00186015280170978
10435,0.00191568361596884
10434,0.00196440933968316
10433,0.00201351704708428
10432,0.00206297396207933
10431,0.0021127460450757
10430,0.00216279802060532
10429,0.0021871053216061
10428,0.00221159878384325
10427,0.0022362755010233
10426,0.00226113239013702
10425,0.00228616618832742
10424,0.00230621497946168
10423,0.00232639279405563
10422,0.00234669772171993
10421,0.00236712775150875
10420,0.00238768077036269
10419,0.00240862372924501
10418,0.00242957995610787
10417,0.00245054661376796
10416,0.00247152083825365
10415,0.0024924997393804
10414,0.00253445988331021
10413,0.00257640342259838
10412,0.0026183063540919
10411,0.00266014431530822
10410,0.00270189260614969
10409,0.00274281861387264
10408,0.00278333133825628
10407,0.00282339859051743
10406,0.00286298855993851
10405,0.00290206986782375
10404,0.00292141009901092
10403,0.00294061162035302
10402,0.00295967065435116
10401,0.00297858346018717
10400,0.00299734633525784
10399,0.0029990480933188
10398,0.00300072803387031
10397,0.00300238616385193
10396,0.00300402249314656
10395,0.00300563703454849
10394,0.00299489623371577
10393,0.00298416495463446
10392,0.0029734437210336
10391,0.00296273304995255
10390,0.00295203345174003
10389,0.00295277407765257
10388,0.00295350952097877
10387,0.00295423978657403
10386,0.00295496487947702
10385,0.00295568480490839
10384,0.00297145847008448
10383,0.00298723689514471
10382,0.00300301855643356
10381,0.00301880191077276
10380,0.00303458539558183
10379,0.00306442512126038
10378,0.00309406990561469
10377,0.00312350846088617
10376,0.00315272948912686
10375,0.00318172168926828
10374,0.00321411257474934
10373,0.00324603488793732
10372,0.00327747070399571
10371,0.00330840238266364
10370,0.00333881258669961
10369,0.00336123348643853
10368,0.00338343672256934
10367,0.00340541600900974
10366,0.00342716509184808
10365,0.00344867775228323
10364,0.00345133807267852
10363,0.00345396444983638
10362,0.00345655683097024
10361,0.00345911516587241
10360,0.0034616394069098
10359,0.00344220992358644
10358,0.00342244890085821
10357,0.00340236196223863
10356,0.00338195486287498
10355,0.00336123348643853
10354,0.0033311592524148
10353,0.00330055136327059
10352,0.00326942697719973
10351,0.00323780356788534
10350,0.00320569890625898
10349,0.0031902457464667
10348,0.00317477547553445
10347,0.00315928980083303
10346,0.00314379041236402
10345,0.00312827898256091
10344,0.00316196490513989
10343,0.00319533193212006
10342,0.00322836239046337
10341,0.0032610386390138
10340,0.0032933430839537
10339,0.00335370714234062
10338,0.00341282418060112
10337,0.00347057823126203
10336,0.00352685363931438
10335,0.0035815354257679
10334,0.00360928504566629
10333,0.00363646840570834
10332,0.00366306951942884
10331,0.00368907265827143
10330,0.00371446236703762
10329,0.00369639012448242
10328,0.00367800267506206
10327,0.00365930560707474
10326,0.00364030458225697
10325,0.00362100533293466
10324,0.00357573307706524
10323,0.00352927001908222
10322,0.00348168602918758
10321,0.00343305140776627
10320,0.00338343672256934
10319,0.00333741402297385
10318,0.00329070690594976
10317,0.00324336859845829
10316,0.00319545205373576
10315,0.00314700986233179
10314,0.00313854489993299
10313,0.00313001409547181
10312,0.0031214179982022
10311,0.00311275716609901
10310,0.00310403216577755
10309,0.0031254409969876
10308,0.00314686313625154
10307,0.00316829384140812
10306,0.00318972826750603
10305,0.00321116146760265
10304,0.00325539798170656
10303,0.00329917328434223
10302,0.0033424470225552
10301,0.00338517861083631
10300,0.00342732728882854
10299,0.00346738511717641
10298,0.00350664851166506
10297,0.00354508005183259
10296,0.00358264280353888
10295,0.00361930037775617
10294,0.00364929075462909
10293,0.00367838933273272
10292,0.00370657467277447
10291,0.00373382614577431
10290,0.00376012395969615
10289,0.00377655291614771
10288,0.00379229420551348
10287,0.00380734279401886
10286,0.00382169420157446
10285,0.00383534450164171
10284,0.00384667485522947
10283,0.00385790120288227
10282,0.00386902161953843
10281,0.00388003418120089
10280,0.00389093696546668
10279,0.0038989455341971
10278,0.00390690535837503
10277,0.00391481565460353
10276,0.00392267563873195
10275,0.00393048452598736
10274,0.00393316620348567
10273,0.00393583233576588
10272,0.00393848288874323
10271,0.00394111782851624
10270,0.0039437371213676
10269,0.00394616197039101
10268,0.00394857552339204
10267,0.00395097770773564
10266,0.00395336845088779
10265,0.0039557476804207
10264,0.00395837692838846
10263,0.00396099031948538
10262,0.00396358782000475
10261,0.00396616939642955
10260,0.00396873501543332
10259,0.00398379178151083
10258,0.00399826589690319
10257,0.00401215060493444
10256,0.00402543940831464
10255,0.00403812607420572
10254,0.00406896891790483
10253,0.0040953850465502
10252,0.00411728544929375
10251,0.00413459603750888
10250,0.00414725806235574
10249,0.00415781472697129
10248,0.00415589333669745
10247,0.0041415111832663
10246,0.00411479753095769
10245,0.00407599168219305
10244,0.00402759583214416
10243,0.00396873501543332
10242,0.00389988633567781
10241,0.00382160170879633
10240,0.00373450049991728
10239,0.00364929075462909
10238,0.00355858808193416
10237,0.00346293398497105
10236,0.00336288412271631
10235,0.00325900311048899
10234,0.00316650380652645
10233,0.00307197799896623
10232,0.00297578868004693
10231,0.00287829328018617
10230,0.00277984165021982
10229,0.00269173447609919
10228,0.00260287184533245
10227,0.00251350457186473
10226,0.00242387842897441
10225,0.0023342329971284
10224,0.00227129152854583
10223,0.00220864278471701
10222,0.00214635721853344
10221,0.002084502635479
10220,0.00202314409838292
10219,0.00201297031425966
10218,0.00200281232487876
10217,0.00199267040836884
10216,0.00198254484060341
10215,0.0019724358951926
10214,0.00196870905547052
10213,0.0019650104065128
10212,0.00196133976278204
10211,0.00195769693435105
10210,0.00195408172708111
10209,0.00192925390470915
10208,0.00190453426155987
10207,0.00187992675703524
10206,0.00185543526322151
10205,0.00183106356434285
10204,0.00178183280477363
10203,0.00173303697364399
10202,0.00168471104731917
10201,0.00163688856036555
10200,0.00158960157041551
10199,0.0015314116347608
10198,0.00147442189376545
10197,0.00141866335898008
10196,0.00136416302023295
10195,0.00131094395508747
10194,0.00125778508840055
10193,0.00120589436008115
10192,0.00115529419797314
10191,0.00110600330950373
10190,0.00105803678390078
10189,0.00101140620310242
10188,0.000966119760510264
10187,0.000922182386733579
10186,0.000879595881474054
10185,0.000838359050708157
10184,0.000794150825966187
10183,0.00075152053634199
10182,0.000710464545263705
10181,0.000670975170626634
10180,0.000633040904686023
10179,0.000596646641275604
10178,0.000561773908762486
10177,0.000528401107180159
10176,0.000496503748023951
10175,0.000466054695246116
10174,0.000447909924277483
10173,0.000430317679391651
10172,0.000413268591276859
10171,0.000396753089217393
10170,0.000380761422484847
10169,0.00037479742054335
10168,0.000368922679772695
10167,0.000363136094432855
10166,0.000357436564836285
10165,0.000351822997567377
10164,0.000345985934352687
10163,0.000340221928276481
10162,0.000334530617631585
10161,0.000328911630302086
10160,0.000323364584017076
10159,0.000313660088130256
10158,0.000304211957746856
10157,0.000295014976693658
10156,0.000286063966987497
10155,0.000277353791843464
10154,0.00026153884687107
10153,0.000246470037109253
10152,0.000232122845278313
10151,0.000218472847532885
10150,0.000205495767858413
10149,0.000195178191690661
10148,0.000185297389664187
10147,0.000175839692723398
10146,0.000166791584502571
10145,0.000158139716618426
10144,0.000156687171481851
10143,0.000155246913304372
10142,0.000153818884393834
10141,0.000152403026593039
10140,0.000150999281292
10139,0.000151236699012928
10138,0.000151478098006205
10137,0.000151723507002662
10136,0.000151972954974036
10135,0.000152226471134939
10134,0.000151972954974036
10133,0.000151723507002662
10132,0.000151478098006205
10131,0.000151236699012928
10130,0.000150999281292
10129,0.000147536165675087
10128,0.000144149259767653
10127,0.000140837060304836
10126,0.000137598086550738
10125,0.000134430880236067
10124,0.000128646644390689
10123,0.000123076752673237
10122,0.000117714982323519
10121,0.000112555209495655
10120,0.000107591411670019
10119,0.000100500248970556
10118,9.38172067687669e-05
10117,8.75233008695821e-05
10116,8.16001030510744e-05
10115,7.60297487086266e-05
10114,7.03733263218552e-05
10113,6.50894846856576e-05
10112,6.01577822157271e-05
10111,5.55585663923138e-05
10110,5.12729699650138e-05
10109,4.84801958890562e-05
10108,4.58232656277813e-05
10107,4.32965692938988e-05
10106,4.089467049754e-05
10105,3.86123042858519e-05
10104,3.79201147423566e-05
10103,3.72417774617388e-05
10102,3.65770793567833e-05
10101,3.59258086647807e-05
10100,3.5287755014818e-05
10099,3.62484902232252e-05
10098,3.7235265734273e-05
10097,3.82487568297449e-05
10096,3.92896545429291e-05
10095,4.03586659438993e-05
10094,4.16327057494606e-05
10093,4.29419576737586e-05
10092,4.42872018302082e-05
10091,4.5669228797662e-05
10090,4.7088839531772e-05
10089,4.73399242296055e-05
10088,4.75933045111413e-05
10087,4.78489914276292e-05
10086,4.81069960518754e-05
10085,4.83673294770704e-05
10084,4.86300028156074e-05
10083,4.8895027197891e-05
10082,4.91624137711375e-05
10081,4.94321736981652e-05
10080,4.97043181561765e-05
10079,4.97411901093797e-05
10078,4.97796409117979e-05
10077,4.98196805147228e-05
10076,4.98613189908146e-05
10075,4.99045665355913e-05
10074,5.24071809855345e-05
10073,5.50178527177888e-05
10072,5.77402690036347e-05
10071,6.05781923847835e-05
10070,6.3535459706804e-05
10069,6.83636037010026e-05
10068,7.35213238949454e-05
10067,7.90277358116195e-05
10066,8.49027704531058e-05
10065,9.11671840871886e-05
10064,0.000101717062709618
10063,0.000113307059712511
10062,0.000126016675698793
10061,0.000139928750901809
10060,0.000155129283098895
10059,0.000167205951758725
10058,0.000180066907991338
10057,0.000193749375005425
10056,0.000208291209318398
10055,0.000223730813015806
10054,0.000224128642645143
10053,0.00022453187157134
10052,0.000224940538591589
10051,0.00022535468278026
10050,0.00022577434349049
10049,0.000215232106565455
10048,0.000205121746274558
10047,0.000195429264094714
10046,0.0001861408933319
10045,0.000177243109552165
10044,0.000165169477475752
10043,0.000153818884393834
10042,0.000143156448030948
10041,0.000133148272518072
10040,0.000123761480825908
10039,0.000118374032255755
10038,0.000113189341194002
10037,0.000108201372331761
10036,0.000103404193596087
10035,9.87919781095769e-05
10034,9.86762232530114e-05
10033,9.85631872268794e-05
10032,9.84528513519874e-05
10031,9.83451971281214e-05
10030,9.82402062321834e-05
10029,0.000101762633582356
10028,0.00010540228234804
10027,0.000109162568059308
10026,0.000113046981364206
10025,0.000117059088472641
10024,0.000122558403709156
10023,0.000128290131407913
10022,0.000134262495840967
10021,0.00014048391751814
10020,0.000146963012199658
10019,0.000147762845667621
10018,0.000148566376308718
10017,0.000149373617114413
10016,0.00015018458109749
10015,0.000150999281292
10014,0.00014048391751814
10013,0.000130617188869253
10012,0.000121366275516972
10011,0.000112699415371402
10010,0.00010458592217782
10009,9.81134357061202e-05
10008,9.2002646410911e-05
10007,8.62363244015994e-05
10006,8.07978376794018e-05
10005,7.56711482065635e-05
10004,7.35979668806721e-05
10003,7.15759602475816e-05
10002,6.9604202976231e-05
10001,6.76817725346698e-05
10000,6.58077497582703e-05
9999,6.7416775595151e-05
9998,6.90602646949767e-05
9997,7.07388222159831e-05
9996,7.24530605261742e-05
9995,7.42035992034289e-05
9994,8.00572338548206e-05
9993,8.63024352711358e-05
9992,9.29593273437754e-05
9991,0.000100048584993566
9990,0.000107591411670019
9989,0.000117869058052715
9988,0.000129000760746907
9987,0.000141043200534496
9986,0.000154055299163436
9985,0.00016809814497064
9984,0.000182274736216434
9983,0.000197471063368288
9982,0.000213742745900989
9981,0.000231146727083945
9980,0.00024974113195667
9979,0.000261189163510861
9978,0.000273063647549097
9977,0.000285375229546405
9976,0.000298134554336291
9975,0.00031135225041442
9974,0.000301031834112715
9973,0.000290990131335995
9972,0.000281222145169685
9971,0.000271722870104371
9970,0.000262487296610272
9969,0.000239914518503438
9968,0.000218967362054379
9967,0.000199561545399064
9966,0.000181613842229863
9965,0.000165042445619134
9964,0.000151151242464548
9963,0.000138287883976746
9962,0.000126390864351054
9961,0.000115400898806414
9960,0.000105260995710542
9959,0.000100298108232803
9958,9.55631512442259e-05
9957,9.10464491188048e-05
9956,8.67386677567787e-05
9955,8.26308080215849e-05
9954,8.11218383895129e-05
9953,7.96414101044329e-05
9952,7.81889979197695e-05
9951,7.67640852193623e-05
9950,7.53661639172235e-05
9949,7.62566263326446e-05
9948,7.71562759522516e-05
9947,7.80651898775052e-05
9946,7.89834456355402e-05
9945,7.99111211788123e-05
9944,8.2207023219077e-05
9943,8.4558390977472e-05
9942,8.69662018244613e-05
9941,8.94314389259307e-05
9940,9.19550909164746e-05
9939,9.40744391414161e-05
9938,9.62360281844887e-05
9937,9.84405285212625e-05
9936,0.000100688617073367
9935,0.000102980977168163
9934,0.000103650209671048
9933,0.000104326752790814
9932,0.000105010690340793
9931,0.00010570210709009
9930,0.000106401088772692
9929,0.000105910171111683
9928,0.000105422862126049
9927,0.00010493915312201
9926,0.000104459035345057
9925,0.000103982499981672
9924,0.000102230105302778
9923,0.000100503305831017
9922,9.88018033873061e-05
9921,9.71253018869432e-05
9920,9.54735073501865e-05
9919,9.12801716676675e-05
9918,8.72435564973613e-05
9917,8.33592029573323e-05
9916,7.96227123811003e-05
9915,7.60297487086266e-05
9914,7.12890446070132e-05
9913,6.68045581472524e-05
9912,6.25652436863766e-05
9911,5.85603442597553e-05
9910,5.4779396428987e-05
9909,5.05314940054486e-05
9908,4.65782349532018e-05
9907,4.29022341120102e-05
9906,3.94868765754791e-05
9905,3.6316304489378e-05
9904,3.31387627613317e-05
9903,3.02180283832531e-05
9902,2.75355313300623e-05
9901,2.50738261320907e-05
9900,2.28165451927843e-05
9899,2.03314549484093e-05
9898,1.80915669874566e-05
9897,1.6075772547973e-05
9896,1.42644252615416e-05
9895,1.26392789865553e-05
9894,1.13479803235351e-05
9893,1.01784928831506e-05
9892,0
9891,0
9890,0
9889,0
9888,0
9887,0
9886,0
9885,0
9884,0
9883,0
9882,0
9881,0
9880,0
9879,0
9878,0
9877,0
9876,0
9875,0
9874,0
9873,0
9872,0
9871,0
9870,0
9869,0
9868,0
9867,0
9866,0
9865,0
9864,0
9863,0
9862,0
9861,0
9860,0
9859,0
9858,0
9857,0
9856,0
9855,0
9854,0
9853,0
9852,0
9851,0
9850,0
9849,0
9848,0
9847,0
9846,0
9845,0
9844,0
9843,0
9842,0
9841,0
9840,0
9839,0
9838,0
9837,0
9836,0
9835,0
9834,0
9833,0
9832,0
9831,0
9830,0
9829,0
9828,0
9827,0
9826,0
9825,0
9824,0
9823,0
9822,0
9821,0
9820,0
9819,0
9818,0
9817,0
9816,0
9815,0
9814,0
9813,0
9812,0
9811,0
9810,0
9809,0
9808,0
9807,0
9806,0
9805,0
9804,0
9803,0
9802,0
9801,0
9800,0
9799,0
9798,0
9797,0
9796,0
9795,0
9794,0
9793,0
9792,0
9791,0
9790,0
9789,0
9788,0
9787,0
9786,0
9785,0
9784,0
9783,0
9782,0
9781,0
9780,0
9779,0
9778,0
9777,0
9776,0
9775,0
9774,0
9773,0
9772,0
9771,0
9770,0
9769,0
9768,0
9767,0
9766,0
9765,0
9764,0
9763,0
9762,0
9761,0
9760,0
9759,0
9758,0
9757,0
9756,0
9755,0
9754,0
9753,0
9752,0
9751,0
9750,0
9749,0
9748,0
9747,0
9746,0
9745,0
9744,0
9743,0
9742,0
9741,0
9740,0
9739,0
9738,0
9737,0
9736,0
9735,0
9734,0
9733,0
9732,0
9731,0
9730,0
9729,0
9728,0
9727,0
9726,0
9725,0
9724,0
9723,0
9722,0
9721,0
9720,0
9719,0
9718,0
9717,0
9716,0
9715,0
9714,0
9713,0
9712,0
9711,0
9710,0
9709,0
9708,0
9707,0
9706,0
9705,0
9704,0
9703,0
9702,0
9701,0
9700,0
9699,0
9698,0
9697,0
9696,0
9695,0
9694,0
9693,0
9692,0
9691,0
9690,0
9689,0
9688,0
9687,0
9686,0
9685,0
9684,0
9683,0
9682,0
9681,0
9680,0
9679,0
9678,0
9677,0
9676,0
9675,0
9674,0
9673,0
9672,0
9671,0
9670,0
9669,0
9668,0
9667,0
9666,0
9665,0
9664,0
9663,0
9662,0
9661,0
9660,0
9659,0
9658,0
9657,0
9656,0
9655,0
9654,0
9653,0
9652,0
9651,0
9650,0
9649,0
9648,0
9647,0
9646,0
9645,0
9644,0
9643,0
9642,0
9641,0
9640,0
9639,0
9638,0
9637,0
9636,0
9635,0
9634,0
9633,0
9632,0
9631,0
9630,0
9629,0
9628,0
9627,0
9626,0
9625,0
9624,0
9623,0
9622,0
9621,0
9620,0
9619,0
9618,0
9617,0
9616,0
9615,0
9614,0
9613,0
9612,0
9611,0
9610,0
9609,0
9608,0
9607,0
9606,0
9605,0
9604,0
9603,0
9602,0
9601,0
9600,0
9599,0
9598,0
9597,0
9596,0
9595,0
9594,0
9593,0
9592,0
9591,0
9590,0
9589,0
9588,0
9587,0
9586,0
9585,0
9584,0
9583,0
9582,0
9581,0
9580,0
9579,0
9578,0
9577,0
9576,0
9575,0
9574,0
9573,0
9572,0
9571,0
9570,0
9569,0
9568,0
9567,0
9566,0
9565,0
9564,0
9563,0
9562,0
9561,0
9560,0
9559,0
9558,0
9557,0
9556,0
9555,0
9554,0
9553,0
9552,0
9551,0
9550,0
9549,0
9548,0
9547,0
9546,0
9545,0
9544,0
9543,0
9542,0
9541,0
9540,0
9539,0
9538,0
9537,0
9536,0
9535,0
9534,0
9533,0
9532,0
9531,0
9530,0
9529,0
9528,0
9527,0
9526,0
9525,0
9524,0
9523,0
9522,0
9521,0
9520,0
9519,0
9518,0
9517,0
9516,0
9515,0
9514,0
9513,0
9512,0
9511,0
9510,0
9509,0
9508,0
9507,0
9506,0
9505,0
9504,0
9503,0
9502,0
9501,0
9500,0
9499,0
9498,0
9497,0
9496,0
9495,0
9494,0
9493,0
9492,0
9491,0
9490,0
9489,0
9488,0
9487,0
9486,0
9485,0
9484,0
9483,0
9482,0
9481,0
9480,0
9479,0
9478,0
9477,0
9476,0
9475,0
9474,0
9473,0
9472,0
9471,0
9470,0
9469,0
9468,0
9467,0
9466,0
9465,0
9464,0
9463,0
9462,0
9461,0
9460,0
9459,0
9458,0
9457,0
9456,0
9455,0
9454,0
9453,0
9452,0
9451,0
9450,0
9449,0
9448,0
9447,0
9446,0
9445,0
9444,0
9443,0
9442,0
9441,0
9440,0
9439,0
9438,0
9437,0
9436,0
9435,0
9434,0
9433,0
9432,0
9431,0
9430,0
9429,0
9428,0
9427,0
9426,0
9425,0
9424,0
9423,0
9422,0
9421,0
9420,0
9419,0
9418,0
9417,0
9416,0
9415,0
9414,0
9413,0
9412,0
9411,0
9410,0
9409,0
9408,0
9407,0
9406,0
9405,0
9404,0
9403,0
9402,0
9401,0
9400,0
9399,0
9398,0
9397,0
9396,0
9395,0
9394,0
9393,0
9392,0
9391,0
9390,0
9389,0
9388,0
9387,0
9386,0
9385,0
9384,0
9383,0
9382,0
9381,0
9380,0
9379,0
9378,0
9377,0
9376,0
9375,0
9374,0
9373,0
9372,0
9371,0
9370,0
9369,0
9368,0
9367,0
9366,0
9365,0
9364,0
9363,0
9362,0
9361,0
9360,0
9359,0
9358,0
9357,0
9356,0
9355,0
9354,0
9353,0
9352,0
9351,0
9350,0
9349,0
9348,0
9347,0
9346,0
9345,0
9344,0
9343,0
9342,0
9341,0
9340,0
9339,0
9338,0
9337,0
9336,0
9335,0
9334,0
9333,0
9332,0
9331,0
9330,0
9329,0
9328,0
9327,0
9326,0
9325,0
9324,0
9323,0
9322,0
9321,0
9320,0
9319,0
9318,0
9317,0
9316,0
9315,0
9314,0
9313,0
9312,0
9311,0
9310,0
9309,0
9308,0
9307,0
9306,0
9305,0
9304,0
9303,0
9302,0
9301,0
9300,0
9299,0
9298,0
9297,0
9296,0
9295,0
9294,0
9293,0
9292,0
9291,0
9290,0
9289,0
9288,0
9287,0
9286,0
9285,0
9284,0
9283,0
9282,0
9281,0
9280,0
9279,0
9278,0
9277,0
9276,0
9275,0
9274,0
9273,0
9272,0
9271,0
9270,0
9269,0
9268,0
9267,0
9266,0
9265,0
9264,0
9263,0
9262,0
9261,0
9260,0
9259,0
9258,0
9257,0
9256,0
9255,0
9254,0
9253,0
9252,0
9251,0
9250,0
9249,0
9248,0
9247,0
9246,0
9245,0
9244,0
9243,0
9242,0
9241,0
9240,0
9239,0
9238,0
9237,0
9236,0
9235,0
9234,0
9233,0
9232,0
9231,0
9230,0
9229,0
9228,0
9227,0
9226,0
9225,0
9224,0
9223,0
9222,0
9221,0
9220,0
9219,0
9218,0
9217,0
9216,0
9215,0
9214,0
9213,0
9212,0
9211,0
9210,0
9209,0
9208,0
9207,0
9206,0
9205,0
9204,0
9203,0
9202,0
9201,0
9200,0
9199,0
9198,0
9197,0
9196,0
9195,0
9194,0
9193,0
9192,0
9191,0
9190,0
9189,0
9188,0
9187,0
9186,0
9185,0
9184,0
9183,0
9182,0
9181,0
9180,0
9179,0
9178,0
9177,0
9176,0
9175,0
9174,0
9173,0
9172,0
9171,0
9170,0
9169,0
9168,0
9167,0
9166,0
9165,0
9164,0
9163,0
9162,0
9161,0
9160,0
9159,0
9158,0
9157,0
9156,0
9155,0
9154,0
9153,0
9152,0
9151,0
9150,0
9149,0
9148,0
9147,0
9146,0
9145,0
9144,0
9143,0
9142,0
9141,0
9140,0
9139,0
9138,0
9137,0
9136,0
9135,0
9134,0
9133,0
9132,0
9131,0
9130,0
9129,0
9128,0
9127,0
9126,0
9125,0
9124,0
9123,0
9122,0
9121,0
9120,0
9119,0
9118,0
9117,0
9116,0
9115,0
9114,0
9113,0
9112,0
9111,0
9110,0
9109,0
9108,0
9107,0
9106,0
9105,0
9104,0
9103,0
9102,0
9101,0
9100,0
9099,0
9098,0
9097,0
9096,0
9095,0
9094,0
9093,0
9092,0
9091,0
9090,0
9089,0
9088,0
9087,0
9086,0
9085,0
9084,0
9083,0
9082,0
9081,0
9080,0
9079,0
9078,0
9077,0
9076,0
9075,0
9074,0
9073,0
9072,0
9071,0
9070,0
9069,0
9068,0
9067,0
9066,0
9065,0
9064,0
9063,0
9062,0
9061,0
9060,0
9059,0
9058,0
9057,0
9056,0
9055,0
9054,0
9053,0
9052,0
9051,0
9050,0
9049,0
9048,0
9047,0
9046,0
9045,0
9044,0
9043,0
9042,0
9041,0
9040,0
9039,0
9038,0
9037,0
9036,0
9035,0
9034,0
9033,0
9032,0
9031,0
9030,0
9029,0
9028,0
9027,0
9026,0
9025,0
9024,0
9023,0
9022,0
9021,0
9020,0
9019,0
9018,0
9017,0
9016,0
9015,0
9014,0
9013,0
9012,0
9011,0
9010,0
9009,0
9008,0
9007,0
9006,0
9005,0
9004,0
9003,0
9002,0
9001,0
9000,0
8999,0
8998,0
8997,0
8996,0
8995,0
8994,0
8993,0
8992,0
8991,0
8990,0
8989,0
8988,0
8987,0
8986,0
8985,0
8984,0
8983,0
8982,0
8981,0
8980,0
8979,0
8978,0
8977,0
8976,0
8975,0
8974,0
8973,0
8972,0
8971,0
8970,0
8969,0
8968,0
8967,0
8966,0
8965,0
8964,0
8963,0
8962,0
8961,0
8960,0
8959,0
8958,0
8957,0
8956,0
8955,0
8954,0
8953,0
8952,0
8951,0
8950,0
8949,0
8948,0
8947,0
8946,0
8945,0
8944,0
8943,0
8942,0
8941,0
8940,0
8939,0
8938,0
8937,0
8936,0
8935,0
8934,0
8933,0
8932,0
8931,0
8930,0
8929,0
8928,0
8927,0
8926,0
8925,0
8924,0
8923,0
8922,0
8921,0
8920,0
8919,0
8918,0
8917,0
8916,0
8915,0
8914,0
8913,0
8912,0
8911,0
8910,0
8909,0
8908,0
8907,0
8906,0
8905,0
8904,0
8903,0
8902,0
8901,0
8900,0
8899,0
8898,0
8897,0
8896,0
8895,0
8894,0
8893,0
8892,0
8891,0
8890,0
8889,0
8888,0
8887,0
8886,0
8885,0
8884,0
8883,0
8882,0
8881,0
8880,0
8879,0
8878,0
8877,0
8876,0
8875,0
8874,0
8873,0
8872,0
8871,0
8870,0
8869,0
8868,0
8867,0
8866,0
8865,0
8864,0
8863,0
8862,0
8861,0
8860,0
8859,0
8858,0
8857,0
8856,0
8855,0
8854,0
8853,0
8852,0
8851,0
8850,0
8849,0
8848,0
8847,0
8846,0
8845,0
8844,0
8843,0
8842,0
8841,0
8840,0
8839,0
8838,0
8837,0
8836,0
8835,0
8834,0
8833,0
8832,0
8831,0
8830,0
8829,0
8828,0
8827,0
8826,0
8825,0
8824,0
8823,0
8822,0
8821,0
8820,0
8819,0
8818,0
8817,0
8816,0
8815,0
8814,0
8813,0
8812,0
8811,0
8810,0
8809,0
8808,0
8807,0
8806,0
8805,0
8804,0
8803,0
8802,0
8801,0
8800,0
8799,0
8798,0
8797,0
8796,0
8795,0
8794,0
8793,0
8792,0
8791,0
8790,0
8789,0
8788,0
8787,0
8786,0
8785,0
8784,0
8783,0
8782,0
8781,0
8780,0
8779,0
8778,0
8777,0
8776,0
8775,0
8774,0
8773,0
8772,0
8771,0
8770,0
8769,0
8768,0
8767,0
8766,0
8765,0
8764,0
8763,0
8762,0
8761,0
8760,0
8759,0
8758,0
8757,0
8756,0
8755,0
8754,0
8753,0
8752,0
8751,0
8750,0
8749,0
8748,0
8747,0
8746,0
8745,0
8744,0
8743,0
8742,0
8741,0
8740,0
8739,0
8738,0
8737,0
8736,0
8735,0
8734,0
8733,0
8732,0
8731,0
8730,0
8729,0
8728,0
8727,0
8726,0
8725,0
8724,0
8723,0
8722,0
8721,0
8720,0
8719,0
8718,0
8717,0
8716,0
8715,0
8714,0
8713,0
8712,0
8711,0
8710,0
8709,0
8708,0
8707,0
8706,0
8705,0
8704,0
8703,0
8702,0
8701,0
8700,0
8699,0
8698,0
8697,0
8696,0
8695,0
8694,0
8693,0
8692,0
8691,0
8690,0
8689,0
8688,0
8687,0
8686,0
8685,0
8684,0
8683,0
8682,0
8681,0
8680,0
8679,0
8678,0
8677,0
8676,0
8675,0
8674,0
8673,0
8672,0
8671,0
8670,0
8669,0
8668,0
8667,0
8666,0
8665,0
8664,0
8663,0
8662,0
8661,0
8660,0
8659,0
8658,0
8657,0
8656,0
8655,0
8654,0
8653,0
8652,0
8651,0
8650,0
8649,0
8648,0
8647,0
8646,0
8645,0
8644,0
8643,0
8642,0
8641,0
8640,0
8639,0
8638,0
8637,0
8636,0
8635,0
8634,0
8633,0
8632,0
8631,0
8630,0
8629,0
8628,0
8627,0
8626,0
8625,0
8624,0
8623,0
8622,0
8621,0
8620,0
8619,0
8618,0
8617,0
8616,0
8615,0
8614,0
8613,0
8612,0
8611,0
8610,0
8609,0
8608,0
8607,0
8606,0
8605,0
8604,0
8603,0
8602,0
8601,0
8600,0
8599,0
8598,0
8597,0
8596,0
8595,0
8594,0
8593,0
8592,0
8591,0
8590,0
8589,0
8588,0
8587,0
8586,0
8585,0
8584,0
8583,0
8582,0
8581,0
8580,0
8579,0
8578,0
8577,0
8576,0
8575,0
8574,0
8573,0
8572,0
8571,0
8570,0
8569,0
8568,0
8567,0
8566,0
8565,0
8564,0
8563,0
8562,0
8561,0
8560,0
8559,0
8558,0
8557,0
8556,0
8555,0
8554,0
8553,0
8552,0
8551,0
8550,0
8549,0
8548,0
8547,0
8546,0
8545,0
8544,0
8543,0
8542,0
8541,0
8540,0
8539,0
8538,0
8537,0
8536,0
8535,0
8534,0
8533,0
8532,0
8531,0
8530,0
8529,0
8528,0
8527,0
8526,0
8525,0
8524,0
8523,0
8522,0
8521,0
8520,0
8519,0
8518,0
8517,0
8516,0
8515,0
8514,0
8513,0
8512,0
8511,0
8510,0
8509,0
8508,0
8507,0
8506,0
8505,0
8504,0
8503,0
8502,0
8501,0
8500,0
8499,0
8498,0
8497,0
8496,0
8495,0
8494,0
8493,0
8492,0
8491,0
8490,0
8489,0
8488,0
8487,0
8486,0
8485,0
8484,0
8483,0
8482,0
8481,0
8480,0
8479,0
8478,0
8477,0
8476,0
8475,0
8474,0
8473,0
8472,0
8471,0
8470,0
8469,0
8468,0
8467,0
8466,0
8465,0
8464,0
8463,0
8462,0
8461,0
8460,0
8459,0
8458,0
8457,0
8456,0
8455,0
8454,0
8453,0
8452,0
8451,0
8450,0
8449,0
8448,0
8447,0
8446,0
8445,0
8444,0
8443,0
8442,0
8441,0
8440,0
8439,0
8438,0
8437,0
8436,0
8435,0
8434,0
8433,0
8432,0
8431,0
8430,0
8429,0
8428,0
8427,0
8426,0
8425,0
8424,0
8423,0
8422,0
8421,0
8420,0
8419,0
8418,0
8417,0
8416,0
8415,0
8414,0
8413,0
8412,0
8411,0
8410,0
8409,0
8408,0
8407,0
8406,0
8405,0
8404,0
8403,0
8402,0
8401,0
8400,0
8399,0
8398,0
8397,0
8396,0
8395,0
8394,0
8393,0
8392,0
8391,0
8390,0
8389,0
8388,0
8387,0
8386,0
8385,0
8384,0
8383,0
8382,0
8381,0
8380,0
8379,0
8378,0
8377,0
8376,0
8375,0
8374,0
8373,0
8372,0
8371,0
8370,0
8369,0
8368,0
8367,0
8366,0
8365,0
8364,0
8363,0
8362,0
8361,0
8360,0
8359,0
8358,0
8357,0
8356,0
8355,0
8354,0
8353,0
8352,0
8351,0
8350,0
8349,0
8348,0
8347,0
8346,0
8345,0
8344,0
8343,0
8342,0
8341,0
8340,0
8339,0
8338,0
8337,0
8336,0
8335,0
8334,0
8333,0
8332,0
8331,0
8330,0
8329,0
8328,0
8327,0
8326,0
8325,0
8324,0
8323,0
8322,0
8321,0
8320,0
8319,0
8318,0
8317,0
8316,0
8315,0
8314,0
8313,0
8312,0
8311,0
8310,0
8309,0
8308,0
8307,0
8306,0
8305,0
8304,0
8303,0
8302,0
8301,0
8300,0
8299,0
8298,0
8297,0
8296,0
8295,0
8294,0
8293,0
8292,0
8291,0
8290,0
8289,0
8288,0
8287,0
8286,0
8285,0
8284,0
8283,0
8282,0
8281,0
8280,0
8279,0
8278,0
8277,0
8276,0
8275,0
8274,0
8273,0
8272,0
8271,0
8270,0
8269,0
8268,0
8267,0
8266,0
8265,0
8264,0
8263,0
8262,0
8261,0
8260,0
8259,0
8258,0
8257,0
8256,0
8255,0
8254,0
8253,0
8252,0
8251,0
8250,0
8249,0
8248,0
8247,0
8246,0
8245,0
8244,0
8243,0
8242,0
8241,0
8240,0
8239,0
8238,0
8237,0
8236,0
8235,0
8234,0
8233,0
8232,0
8231,0
8230,0
8229,0
8228,0
8227,0
8226,0
8225,0
8224,0
8223,0
8222,0
8221,0
8220,0
8219,0
8218,0
8217,0
8216,0
8215,0
8214,0
8213,0
8212,0
8211,0
8210,0
8209,0
8208,0
8207,0
8206,0
8205,0
8204,0
8203,0
8202,0
8201,0
8200,0
8199,0
8198,0
8197,0
8196,0
8195,0
8194,0
8193,0
8192,0
8191,0
8190,0
8189,0
8188,0
8187,0
8186,0
8185,0
8184,0
8183,0
8182,0
8181,0
8180,0
8179,0
8178,0
8177,0
8176,0
8175,0
8174,0
8173,0
8172,0
8171,0
8170,0
8169,0
8168,0
8167,0
8166,0
8165,0
8164,0
8163,0
8162,0
8161,0
8160,0
8159,0
8158,0
8157,0
8156,0
8155,0
8154,0
8153,0
8152,0
8151,0
8150,0
8149,0
8148,0
8147,0
8146,0
8145,0
8144,0
8143,0
8142,0
8141,0
8140,0
8139,0
8138,0
8137,0
8136,0
8135,0
8134,0
8133,0
8132,0
8131,0
8130,0
8129,0
8128,0
8127,0
8126,0
8125,0
8124,0
8123,0
8122,0
8121,0
8120,0
8119,0
8118,0
8117,0
8116,0
8115,0
8114,0
8113,0
8112,0
8111,0
8110,0
8109,0
8108,0
8107,0
8106,0
8105,0
8104,0
8103,0
8102,0
8101,0
8100,0
8099,0
8098,0
8097,0
8096,0
8095,0
8094,0
8093,0
8092,0
8091,0
8090,0
8089,0
8088,0
8087,0
8086,0
8085,0
8084,0
8083,0
8082,0
8081,0
8080,0
8079,0
8078,0
8077,0
8076,0
8075,0
8074,0
8073,0
8072,0
8071,0
8070,0
8069,0
8068,0
8067,0
8066,0
8065,0
8064,0
8063,0
8062,0
8061,0
8060,0
8059,0
8058,0
8057,0
8056,0
8055,0
8054,0
8053,0
8052,0
8051,0
8050,0
8049,0
8048,0
8047,0
8046,0
8045,0
8044,0
8043,0
8042,0
8041,0
8040,0
8039,0
8038,0
8037,0
8036,0
8035,0
8034,0
8033,0
8032,0
8031,0
8030,0
8029,0
8028,0
8027,0
8026,0
8025,0
8024,0
8023,0
8022,0
8021,0
8020,0
8019,0
8018,0
8017,0
8016,0
8015,0
8014,0
8013,0
8012,0
8011,0
8010,0
8009,0
8008,0
8007,0
8006,0
8005,0
8004,0
8003,0
8002,0
8001,0
8000,0
7999,0
7998,0
7997,0
7996,0
7995,0
7994,0
7993,0
7992,0
7991,0
7990,0
7989,0
7988,0
7987,0
7986,0
7985,0
7984,0
7983,0
7982,0
7981,0
7980,0
7979,0
7978,0
7977,0
7976,0
7975,0
7974,0
7973,0
7972,0
7971,0
7970,0
7969,0
7968,0
7967,0
7966,0
7965,0
7964,0
7963,0
7962,0
7961,0
7960,0
7959,0
7958,0
7957,0
7956,0
7955,0
7954,0
7953,0
7952,0
7951,0
7950,0
7949,0
7948,0
7947,0
7946,0
7945,0
7944,0
7943,0
7942,0
7941,0
7940,0
7939,0
7938,0
7937,0
7936,0
7935,0
7934,0
7933,0
7932,0
7931,0
7930,0
7929,0
7928,0
7927,0
7926,0
7925,0
7924,0
7923,0
7922,0
7921,0
7920,0
7919,0
7918,0
7917,0
7916,0
7915,0
7914,0
7913,0
7912,0
7911,0
7910,0
7909,0
7908,0
7907,0
7906,0
7905,0
7904,0
7903,0
7902,0
7901,0
7900,0
7899,0
7898,0
7897,0
7896,0
7895,0
7894,0
7893,0
7892,0
7891,0
7890,0
7889,0
7888,0
7887,0
7886,0
7885,0
7884,0
7883,0
7882,0
7881,0
7880,0
7879,0
7878,0
7877,0
7876,0
7875,0
7874,0
7873,0
7872,0
7871,0
7870,0
7869,0
7868,0
7867,0
7866,0
7865,0
7864,0
7863,0
7862,0
7861,0
7860,0
7859,0
7858,0
7857,0
7856,0
7855,0
7854,0
7853,0
7852,0
7851,0
7850,0
7849,0
7848,0
7847,0
7846,0
7845,0
7844,0
7843,0
7842,0
7841,0
7840,0
7839,0
7838,0
7837,0
7836,0
7835,0
7834,0
7833,0
7832,0
7831,0
7830,0
7829,0
7828,0
7827,0
7826,0
7825,0
7824,0
7823,0
7822,0
7821,0
7820,0
7819,0
7818,0
7817,0
7816,0
7815,0
7814,0
7813,0
7812,0
7811,0
7810,0
7809,0
7808,0
7807,0
7806,0
7805,0
7804,0
7803,0
7802,0
7801,0
7800,0
7799,0
7798,0
7797,0
7796,0
7795,0
7794,0
7793,0
7792,0
7791,0
7790,0
7789,0
7788,0
7787,0
7786,0
7785,0
7784,0
7783,0
7782,0
7781,0
7780,0
7779,0
7778,0
7777,0
7776,0
7775,0
7774,0
7773,0
7772,0
7771,0
7770,0
7769,0
7768,0
7767,0
7766,0
7765,0
7764,0
7763,0
7762,0
7761,0
7760,0
7759,0
7758,0
7757,0
7756,0
7755,0
7754,0
7753,0
7752,0
7751,0
7750,0
7749,0
7748,0
7747,0
7746,0
7745,0
7744,0
7743,0
7742,0
7741,0
7740,0
7739,0
7738,0
7737,0
7736,0
7735,0
7734,0
7733,0
7732,0
7731,0
7730,0
7729,0
7728,0
7727,0
7726,0
7725,0
7724,0
7723,0
7722,0
7721,0
7720,0
7719,0
7718,0
7717,0
7716,0
7715,0
7714,0
7713,0
7712,0
7711,0
7710,0
7709,0
7708,0
7707,0
7706,0
7705,0
7704,0
7703,0
7702,0
7701,0
7700,0
7699,0
7698,0
7697,0
7696,0
7695,0
7694,0
7693,0
7692,0
7691,0
7690,0
7689,0
7688,0
7687,0
7686,0
7685,0
7684,0
7683,0
7682,0
7681,0
7680,0
7679,0
7678,0
7677,0
7676,0
7675,0
7674,0
7673,0
7672,0
7671,0
7670,0
7669,0
7668,0
7667,0
7666,0
7665,0
7664,0
7663,0
7662,0
7661,0
7660,0
7659,0
7658,0
7657,0
7656,0
7655,0
7654,0
7653,0
7652,0
7651,0
7650,0
7649,0
7648,0
7647,0
7646,0
7645,0
7644,0
7643,0
7642,0
7641,0
7640,0
7639,0
7638,0
7637,0
7636,0
7635,0
7634,0
7633,0
7632,0
7631,0
7630,0
7629,0
7628,0
7627,0
7626,0
7625,0
7624,0
7623,0
7622,0
7621,0
7620,0
7619,0
7618,0
7617,0
7616,0
7615,0
7614,0
7613,0
7612,0
7611,0
7610,0
7609,0
7608,0
7607,0
7606,0
7605,0
7604,0
7603,0
7602,0
7601,0
7600,0
7599,0
7598,0
7597,0
7596,0
7595,0
7594,0
7593,0
7592,0
7591,0
7590,0
7589,0
7588,0
7587,0
7586,0
7585,0
7584,0
7583,0
7582,0
7581,0
7580,0
7579,0
7578,0
7577,0
7576,0
7575,0
7574,0
7573,0
7572,0
7571,0
7570,0
7569,0
7568,0
7567,0
7566,0
7565,0
7564,0
7563,0
7562,0
7561,0
7560,0
7559,0
7558,0
7557,0
7556,0
7555,0
7554,0
7553,0
7552,0
7551,0
7550,0
7549,0
7548,0
7547,0
7546,0
7545,0
7544,0
7543,0
7542,0
7541,0
7540,0
7539,0
7538,0
7537,0
7536,0
7535,0
7534,0
7533,0
7532,0
7531,0
7530,0
7529,0
7528,0
7527,0
7526,0
7525,0
7524,0
7523,0
7522,0
7521,0
7520,0
7519,0
7518,0
7517,0
7516,0
7515,0
7514,0
7513,0
7512,0
7511,0
7510,0
7509,0
7508,0
7507,0
7506,0
7505,0
7504,0
7503,0
7502,0
7501,0
7500,0
7499,0
7498,0
7497,0
7496,0
7495,0
7494,0
7493,0
7492,0
7491,0
7490,0
7489,0
7488,0
7487,0
7486,0
7485,0
7484,0
7483,0
7482,0
7481,0
7480,0
7479,0
7478,0
7477,0
7476,0
7475,0
7474,0
7473,0
7472,0
7471,0
7470,0
7469,0
7468,0
7467,0
7466,0
7465,0
7464,0
7463,0
7462,0
7461,0
7460,0
7459,0
7458,0
7457,0
7456,0
7455,0
7454,0
7453,0
7452,0
7451,0
7450,0
7449,0
7448,0
7447,0
7446,0
7445,0
7444,0
7443,0
7442,0
7441,0
7440,0
7439,0
7438,0
7437,0
7436,0
7435,0
7434,0
7433,0
7432,0
7431,0
7430,0
7429,0
7428,0
7427,0
7426,0
7425,0
7424,0
7423,0
7422,0
7421,0
7420,0
7419,0
7418,0
7417,0
7416,0
7415,0
7414,0
7413,0
7412,0
7411,0
7410,0
7409,0
7408,0
7407,0
7406,0
7405,0
7404,0
7403,0
7402,0
7401,0
7400,0
7399,0
7398,0
7397,0
7396,0
7395,0
7394,0
7393,0
7392,0
7391,0
7390,0
7389,0
7388,0
7387,0
7386,0
7385,0
7384,0
7383,0
7382,0
7381,0
7380,0
7379,0
7378,0
7377,0
7376,0
7375,0
7374,0
7373,0
7372,0
7371,0
7370,0
7369,0
7368,0
7367,0
7366,0
7365,0
7364,0
7363,0
7362,0
7361,0
7360,0
7359,0
7358,0
7357,0
7356,0
7355,0
7354,0
7353,0
7352,0
7351,0
7350,0
7349,0
7348,0
7347,0
7346,0
7345,0
7344,0
7343,0
7342,0
7341,0
7340,0
7339,0
7338,0
7337,0
7336,0
7335,0
7334,0
7333,0
7332,0
7331,0
7330,0
7329,0
7328,0
7327,0
7326,0
7325,0
7324,0
7323,0
7322,0
7321,0
7320,0
7319,0
7318,0
7317,0
7316,0
7315,0
7314,0
7313,0
7312,0
7311,0
7310,0
7309,0
7308,0
7307,0
7306,0
7305,0
7304,0
7303,0
7302,0
7301,0
7300,0
7299,0
7298,0
7297,0
7296,0
7295,0
7294,0
7293,0
7292,0
7291,0
7290,0
7289,0
7288,0
7287,0
7286,0
7285,0
7284,0
7283,0
7282,0
7281,0
7280,0
7279,0
7278,0
7277,0
7276,0
7275,0
7274,0
7273,0
7272,0
7271,0
7270,0
7269,0
7268,0
7267,0
7266,0
7265,0
7264,0
7263,0
7262,0
7261,0
7260,0
7259,0
7258,0
7257,0
7256,0
7255,0
7254,0
7253,0
7252,0
7251,0
7250,0
7249,0
7248,0
7247,0
7246,0
7245,0
7244,0
7243,0
7242,0
7241,0
7240,0
7239,0
7238,0
7237,0
7236,0
7235,0
7234,0
7233,0
7232,0
7231,0
7230,0
7229,0
7228,0
7227,0
7226,0
7225,0
7224,0
7223,0
7222,0
7221,0
7220,0
7219,0
7218,0
7217,0
7216,0
7215,0
7214,0
7213,0
7212,0
7211,0
7210,0
7209,0
7208,0
7207,0
7206,0
7205,0
7204,0
7203,0
7202,0
7201,0
7200,0
7199,0
7198,0
7197,0
7196,0
7195,0
7194,0
7193,0
7192,0
7191,0
7190,0
7189,0
7188,0
7187,0
7186,0
7185,0
7184,0
7183,0
7182,0
7181,0
7180,0
7179,0
7178,0
7177,0
7176,0
7175,0
7174,0
7173,0
7172,0
7171,0
7170,0
7169,0
7168,0
7167,0
7166,0
7165,0
7164,0
7163,0
7162,0
7161,0
7160,0
7159,0
7158,0
7157,0
7156,0
7155,0
7154,0
7153,0
7152,0
7151,0
7150,0
7149,0
7148,0
7147,0
7146,0
7145,0
7144,0
7143,0
7142,0
7141,0
7140,0
7139,0
7138,0
7137,0
7136,0
7135,0
7134,0
7133,0
7132,0
7131,0
7130,0
7129,0
7128,0
7127,0
7126,0
7125,0
7124,0
7123,0
7122,0
7121,0
7120,0
7119,0
7118,0
7117,0
7116,0
7115,0
7114,0
7113,0
7112,0
7111,0
7110,0
7109,0
7108,0
7107,0
7106,0
7105,0
7104,0
7103,0
7102,0
7101,0
7100,0
7099,0
7098,0
7097,0
7096,0
7095,0
7094,0
7093,0
7092,0
7091,0
7090,0
7089,0
7088,0
7087,0
7086,0
7085,0
7084,0
7083,0
7082,0
7081,0
7080,0
7079,0
7078,0
7077,0
7076,0
7075,0
7074,0
7073,0
7072,0
7071,0
7070,0
7069,0
7068,0
7067,0
7066,0
7065,0
7064,0
7063,0
7062,0
7061,0
7060,0
7059,0
7058,0
7057,0
7056,0
7055,0
7054,0
7053,0
7052,0
7051,0
7050,0
7049,0
7048,0
7047,0
7046,0
7045,0
7044,0
7043,0
7042,0
7041,0
7040,0
7039,0
7038,0
7037,0
7036,0
7035,0
7034,0
7033,0
7032,0
7031,0
7030,0
7029,0
7028,0
7027,0
7026,0
7025,0
7024,0
7023,0
7022,0
7021,0
7020,0
7019,0
7018,0
7017,0
7016,0
7015,0
7014,0
7013,0
7012,0
7011,0
7010,0
7009,0
7008,0
7007,0
7006,0
7005,0
7004,0
7003,0
7002,0
7001,0
7000,0
6999,0
6998,0
6997,0
6996,0
6995,0
6994,0
6993,0
6992,0
6991,0
6990,0
6989,0
6988,0
6987,0
6986,0
6985,0
6984,0
6983,0
6982,0
6981,0
6980,0
6979,0
6978,0
6977,0
6976,0
6975,0
6974,0
6973,0
6972,0
6971,0
6970,0
6969,0
6968,0
6967,0
6966,0
6965,0
6964,0
6963,0
6962,0
6961,0
6960,0
6959,0
6958,0
6957,0
6956,0
6955,0
6954,0
6953,0
6952,0
6951,0
6950,0
6949,0
6948,0
6947,0
6946,0
6945,0
6944,0
6943,0
6942,0
6941,0
6940,0
6939,0
6938,0
6937,0
6936,0
6935,0
6934,0
6933,0
6932,0
6931,0
6930,0
6929,0
6928,0
6927,0
6926,0
6925,0
6924,0
6923,0
6922,0
6921,0
6920,0
6919,0
6918,0
6917,0
6916,0
6915,0
6914,0
6913,0
6912,0
6911,0
6910,0
6909,0
6908,0
6907,0
6906,0
6905,0
6904,0
6903,0
6902,0
6901,0
6900,0
6899,0
6898,0
6897,0
6896,0
6895,0
6894,0
6893,0
6892,0
6891,0
6890,0
6889,0
6888,0
6887,0
6886,0
6885,0
6884,0
6883,0
6882,0
6881,0
6880,0
6879,0
6878,0
6877,0
6876,0
6875,0
6874,0
6873,0
6872,0
6871,0
6870,0
6869,0
6868,0
6867,0
6866,0
6865,0
6864,0
6863,0
6862,0
6861,0
6860,0
6859,0
6858,0
6857,0
6856,0
6855,0
6854,0
6853,0
6852,0
6851,0
6850,0
6849,0
6848,0
6847,0
6846,0
6845,0
6844,0
6843,0
6842,0
6841,0
6840,0
6839,0
6838,0
6837,0
6836,0
6835,0
6834,0
6833,0
6832,0
6831,0
6830,0
6829,0
6828,0
6827,0
6826,0
6825,0
6824,0
6823,0
6822,0
6821,0
6820,0
6819,0
6818,0
6817,0
6816,0
6815,0
6814,0
6813,0
6812,0
6811,0
6810,0
6809,0
6808,0
6807,0
6806,0
6805,0
6804,0
6803,0
6802,0
6801,0
6800,0
6799,0
6798,0
6797,0
6796,0
6795,0
6794,0
6793,0
6792,0
6791,0
6790,0
6789,0
6788,0
6787,0
6786,0
6785,0
6784,0
6783,0
6782,0
6781,0
6780,0
6779,0
6778,0
6777,0
6776,0
6775,0
6774,0
6773,0
6772,0
6771,0
6770,0
6769,0
6768,0
6767,0
6766,0
6765,0
6764,0
6763,0
6762,0
6761,0
6760,0
6759,0
6758,0
6757,0
6756,0
6755,0
6754,0
6753,0
6752,0
6751,0
6750,0
6749,0
6748,0
6747,0
6746,0
6745,0
6744,0
6743,0
6742,0
6741,0
6740,0
6739,0
6738,0
6737,0
6736,0
6735,0
6734,0
6733,0
6732,0
6731,0
6730,0
6729,0
6728,0
6727,0
6726,0
6725,0
6724,0
6723,0
6722,0
6721,0
6720,0
6719,0
6718,0
6717,0
6716,0
6715,0
6714,0
6713,0
6712,0
6711,0
6710,0
6709,0
6708,0
6707,0
6706,0
6705,0
6704,0
6703,0
6702,0
6701,0
6700,0
6699,0
6698,0
6697,0
6696,0
6695,0
6694,0
6693,0
6692,0
6691,0
6690,0
6689,0
6688,0
6687,0
6686,0
6685,0
6684,0
6683,0
6682,0
6681,0
6680,0
6679,0
6678,0
6677,0
6676,0
6675,0
6674,0
6673,0
6672,0
6671,0
6670,0
6669,0
6668,0
6667,0
6666,0
6665,0
6664,0
6663,0
6662,0
6661,0
6660,0
6659,0
6658,0
6657,0
6656,0
6655,0
6654,0
6653,0
6652,0
6651,0
6650,0
6649,0
6648,0
6647,0
6646,0
6645,0
6644,0
6643,0
6642,0
6641,0
6640,0
6639,0
6638,0
6637,0
6636,0
6635,0
6634,0
6633,0
6632,0
6631,0
6630,0
6629,0
6628,0
6627,0
6626,0
6625,0
6624,0
6623,0
6622,0
6621,0
6620,0
6619,0
6618,0
6617,0
6616,0
6615,0
6614,0
6613,0
6612,0
6611,0
6610,0
6609,0
6608,0
6607,0
6606,0
6605,0
6604,0
6603,0
6602,0
6601,0
6600,0
6599,0
6598,0
6597,0
6596,0
6595,0
6594,0
6593,0
6592,0
6591,0
6590,0
6589,0
6588,0
6587,0
6586,0
6585,0
6584,0
6583,0
6582,0
6581,0
6580,0
6579,0
6578,0
6577,0
6576,0
6575,0
6574,0
6573,0
6572,0
6571,0
6570,0
6569,0
6568,0
6567,0
6566,0
6565,0
6564,0
6563,0
6562,0
6561,0
6560,0
6559,0
6558,0
6557,0
6556,0
6555,0
6554,0
6553,0
6552,0
6551,0
6550,0
6549,0
6548,0
6547,0
6546,0
6545,0
6544,0
6543,0
6542,0
6541,0
6540,0
6539,0
6538,0
6537,0
6536,0
6535,0
6534,0
6533,0
6532,0
6531,0
6530,0
6529,0
6528,0
6527,0
6526,0
6525,0
6524,0
6523,0
6522,0
6521,0
6520,0
6519,0
6518,0
6517,0
6516,0
6515,0
6514,0
6513,0
6512,0
6511,0
6510,0
6509,0
6508,0
6507,0
6506,0
6505,0
6504,0
6503,0
6502,0
6501,0
6500,0
6499,0
6498,0
6497,0
6496,0
6495,0
6494,0
6493,0
6492,0
6491,0
6490,0
6489,0
6488,0
6487,0
6486,0
6485,0
6484,0
6483,0
6482,0
6481,0
6480,0
6479,0
6478,0
6477,0
6476,0
6475,0
6474,0
6473,0
6472,0
6471,0
6470,0
6469,0
6468,0
6467,0
6466,0
6465,0
6464,0
6463,0
6462,0
6461,0
6460,0
6459,0
6458,0
6457,0
6456,0
6455,0
6454,0
6453,0
6452,0
6451,0
6450,0
6449,0
6448,0
6447,0
6446,0
6445,0
6444,0
6443,0
6442,0
6441,0
6440,0
6439,0
6438,0
6437,0
6436,0
6435,0
6434,0
6433,0
6432,0
6431,0
6430,0
6429,0
6428,0
6427,0
6426,0
6425,0
6424,0
6423,0
6422,0
6421,0
6420,0
6419,0
6418,0
6417,0
6416,0
6415,0
6414,0
6413,0
6412,0
6411,0
6410,0
6409,0
6408,0
6407,0
6406,0
6405,0
6404,0
6403,0
6402,0
6401,0
6400,0
6399,0
6398,0
6397,0
6396,0
6395,0
6394,0
6393,0
6392,0
6391,0
6390,0
6389,0
6388,0
6387,0
6386,0
6385,0
6384,0
6383,0
6382,0
6381,0
6380,0
6379,0
6378,0
6377,0
6376,0
6375,0
6374,0
6373,0
6372,0
6371,0
6370,0
6369,0
6368,0
6367,0
6366,0
6365,0
6364,0
6363,0
6362,0
6361,0
6360,0
6359,0
6358,0
6357,0
6356,0
6355,0
6354,0
6353,0
6352,0
6351,0
6350,0
6349,0
6348,0
6347,0
6346,0
6345,0
6344,0
6343,0
6342,0
6341,0
6340,0
6339,0
6338,0
6337,0
6336,0
6335,0
6334,0
6333,0
6332,0
6331,0
6330,0
6329,0
6328,0
6327,0
6326,0
6325,0
6324,0
6323,0
6322,0
6321,0
6320,0
6319,0
6318,0
6317,0
6316,0
6315,0
6314,0
6313,0
6312,0
6311,0
6310,0
6309,0
6308,0
6307,0
6306,0
6305,0
6304,0
6303,0
6302,0
6301,0
6300,0
6299,0
6298,0
6297,0
6296,0
6295,0
6294,0
6293,0
6292,0
6291,0
6290,0
6289,0
6288,0
6287,0
6286,0
6285,0
6284,0
6283,0
6282,0
6281,0
6280,0
6279,0
6278,0
6277,0
6276,0
6275,0
6274,0
6273,0
6272,0
6271,0
6270,0
6269,0
6268,0
6267,0
6266,0
6265,0
6264,0
6263,0
6262,0
6261,0
6260,0
6259,0
6258,0
6257,0
6256,0
6255,0
6254,0
6253,0
6252,0
6251,0
6250,0
6249,0
6248,0
6247,0
6246,0
6245,0
6244,0
6243,0
6242,0
6241,0
6240,0
6239,0
6238,0
6237,0
6236,0
6235,0
6234,0
6233,0
6232,0
6231,0
6230,0
6229,0
6228,0
6227,0
6226,0
6225,0
6224,0
6223,0
6222,0
6221,0
6220,0
6219,0
6218,0
6217,0
6216,0
6215,0
6214,0
6213,0
6212,0
6211,0
6210,0
6209,0
6208,0
6207,0
6206,0
6205,0
6204,0
6203,0
6202,0
6201,0
6200,0
6199,0
6198,0
6197,0
6196,0
6195,0
6194,0
6193,0
6192,0
6191,0
6190,0
6189,0
6188,0
6187,0
6186,0
6185,0
6184,0
6183,0
6182,0
6181,0
6180,0
6179,0
6178,0
6177,0
6176,0
6175,0
6174,0
6173,0
6172,0
6171,0
6170,0
6169,0
6168,0
6167,0
6166,0
6165,0
6164,0
6163,0
6162,0
6161,0
6160,0
6159,0
6158,0
6157,0
6156,0
6155,0
6154,0
6153,0
6152,0
6151,0
6150,0
6149,0
6148,0
6147,0
6146,0
6145,0
6144,0
6143,0
6142,0
6141,0
6140,0
6139,0
6138,0
6137,0
6136,0
6135,0
6134,0
6133,0
6132,0
6131,0
6130,0
6129,0
6128,0
6127,0
6126,0
6125,0
6124,0
6123,0
6122,0
6121,0
6120,0
6119,0
6118,0
6117,0
6116,0
6115,0
6114,0
6113,0
6112,0
6111,0
6110,0
6109,0
6108,0
6107,0
6106,0
6105,0
6104,0
6103,0
6102,0
6101,0
6100,0
6099,0
6098,0
6097,0
6096,0
6095,0
6094,0
6093,0
6092,0
6091,0
6090,0
6089,0
6088,0
6087,0
6086,0
6085,0
6084,0
6083,0
6082,0
6081,0
6080,0
6079,0
6078,0
6077,0
6076,0
6075,0
6074,0
6073,0
6072,0
6071,0
6070,0
6069,0
6068,0
6067,0
6066,0
6065,0
6064,0
6063,0
6062,0
6061,0
6060,0
6059,0
6058,0
6057,0
6056,0
6055,0
6054,0
6053,0
6052,0
6051,0
6050,0
6049,0
6048,0
6047,0
6046,0
6045,0
6044,0
6043,0
6042,0
6041,0
6040,0
6039,0
6038,0
6037,0
6036,0
6035,0
6034,0
6033,0
6032,0
6031,0
6030,0
6029,0
6028,0
6027,0
6026,0
6025,0
6024,0
6023,0
6022,0
6021,0
6020,0
6019,0
6018,0
6017,0
6016,0
6015,0
6014,0
6013,0
6012,0
6011,0
6010,0
6009,0
6008,0
6007,0
6006,0
6005,0
6004,0
6003,0
6002,0
6001,0
6000,0
5999,0
5998,0
5997,0
5996,0
5995,0
5994,0
5993,0
5992,0
5991,0
5990,0
5989,0
5988,0
5987,0
5986,0
5985,0
5984,0
5983,0
5982,0
5981,0
5980,0
5979,0
5978,0
5977,0
5976,0
5975,0
5974,0
5973,0
5972,0
5971,0
5970,0
5969,0
5968,0
5967,0
5966,0
5965,0
5964,0
5963,0
5962,0
5961,0
5960,0
5959,0
5958,0
5957,0
5956,0
5955,0
5954,0
5953,0
5952,0
5951,0
5950,0
5949,0
5948,0
5947,0
5946,0
5945,0
5944,0
5943,0
5942,0
5941,0
5940,0
5939,0
5938,0
5937,0
5936,0
5935,0
5934,0
5933,0
5932,0
5931,0
5930,0
5929,0
5928,0
5927,0
5926,0
5925,0
5924,0
5923,0
5922,0
5921,0
5920,0
5919,0
5918,0
5917,0
5916,0
5915,0
5914,0
5913,0
5912,0
5911,0
5910,0
5909,0
5908,0
5907,0
5906,0
5905,0
5904,0
5903,0
5902,0
5901,0
5900,0
5899,0
5898,0
5897,0
5896,0
5895,0
5894,0
5893,0
5892,0
5891,0
5890,0
5889,0
5888,0
5887,0
5886,0
5885,0
5884,0
5883,0
5882,0
5881,0
5880,0
5879,0
5878,0
5877,0
5876,0
5875,0
5874,0
5873,0
5872,0
5871,0
5870,0
5869,0
5868,0
5867,0
5866,0
5865,0
5864,0
5863,0
5862,0
5861,0
5860,0
5859,0
5858,0
5857,0
5856,0
5855,0
5854,0
5853,0
5852,0
5851,0
5850,0
5849,0
5848,0
5847,0
5846,0
5845,0
5844,0
5843,0
5842,0
5841,0
5840,0
5839,0
5838,0
5837,0
5836,0
5835,0
5834,0
5833,0
5832,0
5831,0
5830,0
5829,0
5828,0
5827,0
5826,0
5825,0
5824,0
5823,0
5822,0
5821,0
5820,0
5819,0
5818,0
5817,0
5816,0
5815,0
5814,0
5813,0
5812,0
5811,0
5810,0
5809,0
5808,0
5807,0
5806,0
5805,0
5804,0
5803,0
5802,0
5801,0
5800,0
5799,0
5798,0
5797,0
5796,0
5795,0
5794,0
5793,0
5792,0
5791,0
5790,0
5789,0
5788,0
5787,0
5786,0
5785,0
5784,0
5783,0
5782,0
5781,0
5780,0
5779,0
5778,0
5777,0
5776,0
5775,0
5774,0
5773,0
5772,0
5771,0
5770,0
5769,0
5768,0
5767,0
5766,0
5765,0
5764,0
5763,0
5762,0
5761,0
5760,0
5759,0
5758,0
5757,0
5756,0
5755,0
5754,0
5753,0
5752,0
5751,0
5750,0
5749,0
5748,0
5747,0
5746,0
5745,0
5744,0
5743,0
5742,0
5741,0
5740,0
5739,0
5738,0
5737,0
5736,0
5735,0
5734,0
5733,0
5732,0
5731,0
5730,0
5729,0
5728,0
5727,0
5726,0
5725,0
5724,0
5723,0
5722,0
5721,0
5720,0
5719,0
5718,0
5717,0
5716,0
5715,0
5714,0
5713,0
5712,0
5711,0
5710,0
5709,0
5708,0
5707,0
5706,0
5705,0
5704,0
5703,0
5702,0
5701,0
5700,0
5699,0
5698,0
5697,0
5696,0
5695,0
5694,0
5693,0
5692,0
5691,0
5690,0
5689,0
5688,0
5687,0
5686,0
5685,0
5684,0
5683,0
5682,0
5681,0
5680,0
5679,0
5678,0
5677,0
5676,0
5675,0
5674,0
5673,0
5672,0
5671,0
5670,0
5669,0
5668,0
5667,0
5666,0
5665,0
5664,0
5663,0
5662,0
5661,0
5660,0
5659,0
5658,0
5657,0
5656,0
5655,0
5654,0
5653,0
5652,0
5651,0
5650,0
5649,0
5648,0
5647,0
5646,0
5645,0
5644,0
5643,0
5642,0
5641,0
5640,0
5639,0
5638,0
5637,0
5636,0
5635,0
5634,0
5633,0
5632,0
5631,0
5630,0
5629,0
5628,0
5627,0
5626,0
5625,0
5624,0
5623,0
5622,0
5621,0
5620,0
5619,0
5618,0
5617,0
5616,0
5615,0
5614,0
5613,0
5612,0
5611,0
5610,0
5609,0
5608,0
5607,0
5606,0
5605,0
5604,0
5603,0
5602,0
5601,0
5600,0
5599,0
5598,0
5597,0
5596,0
5595,0
5594,0
5593,0
5592,0
5591,0
5590,0
5589,0
5588,0
5587,0
5586,0
5585,0
5584,0
5583,0
5582,0
5581,0
5580,0
5579,0
5578,0
5577,0
5576,0
5575,0
5574,0
5573,0
5572,0
5571,0
5570,0
5569,0
5568,0
5567,0
5566,0
5565,0
5564,0
5563,0
5562,0
5561,0
5560,0
5559,0
5558,0
5557,0
5556,0
5555,0
5554,0
5553,0
5552,0
5551,0
5550,0
5549,0
5548,0
5547,0
5546,0
5545,0
5544,0
5543,0
5542,0
5541,0
5540,0
5539,0
5538,0
5537,0
5536,0
5535,0
5534,0
5533,0
5532,0
5531,0
5530,0
5529,0
5528,0
5527,0
5526,0
5525,0
5524,0
5523,0
5522,0
5521,0
5520,0
5519,0
5518,0
5517,0
5516,0
5515,0
5514,0
5513,0
5512,0
5511,0
5510,0
5509,0
5508,0
5507,0
5506,0
5505,0
5504,0
5503,0
5502,0
5501,0
5500,0
5499,0
5498,0
5497,0
5496,0
5495,0
5494,0
5493,0
5492,0
5491,0
5490,0
5489,0
5488,0
5487,0
5486,0
5485,0
5484,0
5483,0
5482,0
5481,0
5480,0
5479,0
5478,0
5477,0
5476,0
5475,0
5474,0
5473,0
5472,0
5471,0
5470,0
5469,0
5468,0
5467,0
5466,0
5465,0
5464,0
5463,0
5462,0
5461,0
5460,0
5459,0
5458,0
5457,0
5456,0
5455,0
5454,0
5453,0
5452,0
5451,0
5450,0
5449,0
5448,0
5447,0
5446,0
5445,0
5444,0
5443,0
5442,0
5441,0
5440,0
5439,0
5438,0
5437,0
5436,0
5435,0
5434,0
5433,0
5432,0
5431,0
5430,0
5429,0
5428,0
5427,0
5426,0
5425,0
5424,0
5423,0
5422,0
5421,0
5420,0
5419,0
5418,0
5417,0
5416,0
5415,0
5414,0
5413,0
5412,0
5411,0
5410,0
5409,0
5408,0
5407,0
5406,0
5405,0
5404,0
5403,0
5402,0
5401,0
5400,0
5399,0
5398,0
5397,0
5396,0
5395,0
5394,0
5393,0
5392,0
5391,0
5390,0
5389,0
5388,0
5387,0
5386,0
5385,0
5384,0
5383,0
5382,0
5381,0
5380,0
5379,0
5378,0
5377,0
5376,0
5375,0
5374,0
5373,0
5372,0
5371,0
5370,0
5369,0
5368,0
5367,0
5366,0
5365,0
5364,0
5363,0
5362,0
5361,0
5360,0
5359,0
5358,0
5357,0
5356,0
5355,0
5354,0
5353,0
5352,0
5351,0
5350,0
5349,0
5348,0
5347,0
5346,0
5345,0
5344,0
5343,0
5342,0
5341,0
5340,0
5339,0
5338,0
5337,0
5336,0
5335,0
5334,0
5333,0
5332,0
5331,0
5330,0
5329,0
5328,0
5327,0
5326,0
5325,0
5324,0
5323,0
5322,0
5321,0
5320,0
5319,0
5318,0
5317,0
5316,0
5315,0
5314,0
5313,0
5312,0
5311,0
5310,0
5309,0
5308,0
5307,0
5306,0
5305,0
5304,0
5303,0
5302,0
5301,0
5300,0
5299,0
5298,0
5297,0
5296,0
5295,0
5294,0
5293,0
5292,0
5291,0
5290,0
5289,0
5288,0
5287,0
5286,0
5285,0
5284,0
5283,0
5282,0
5281,0
5280,0
5279,0
5278,0
5277,0
5276,0
5275,0
5274,0
5273,0
5272,0
5271,0
5270,0
5269,0
5268,0
5267,0
5266,0
5265,0
5264,0
5263,0
5262,0
5261,0
5260,0
5259,0
5258,0
5257,0
5256,0
5255,0
5254,0
5253,0
5252,0
5251,0
5250,0
5249,0
5248,0
5247,0
5246,0
5245,0
5244,0
5243,0
5242,0
5241,0
5240,0
5239,0
5238,0
5237,0
5236,0
5235,0
5234,0
5233,0
5232,0
5231,0
5230,0
5229,0
5228,0
5227,0
5226,0
5225,0
5224,0
5223,0
5222,0
5221,0
5220,0
5219,0
5218,0
5217,0
5216,0
5215,0
5214,0
5213,0
5212,0
5211,0
5210,0
5209,0
5208,0
5207,0
5206,0
5205,0
5204,0
5203,0
5202,0
5201,0
5200,0
5199,0
5198,0
5197,0
5196,0
5195,0
5194,0
5193,0
5192,0
5191,0
5190,0
5189,0
5188,0
5187,0
5186,0
5185,0
5184,0
5183,0
5182,0
5181,0
5180,0
5179,0
5178,0
5177,0
5176,0
5175,0
5174,0
5173,0
5172,0
5171,0
5170,0
5169,0
5168,0
5167,0
5166,0
5165,0
5164,0
5163,0
5162,0
5161,0
5160,0
5159,0
5158,0
5157,0
5156,0
5155,0
5154,0
5153,0
5152,0
5151,0
5150,0
5149,0
5148,0
5147,0
5146,0
5145,0
5144,0
5143,0
5142,0
5141,0
5140,0
5139,0
5138,0
5137,0
5136,0
5135,0
5134,0
5133,0
5132,0
5131,0
5130,0
5129,0
5128,0
5127,0
5126,0
5125,0
5124,0
5123,0
5122,0
5121,0
5120,0
5119,0
5118,0
5117,0
5116,0
5115,0
5114,0
5113,0
5112,0
5111,0
5110,0
5109,0
5108,0
5107,0
5106,0
5105,0
5104,0
5103,0
5102,0
5101,0
5100,0
5099,0
5098,0
5097,0
5096,0
5095,0
5094,0
5093,0
5092,0
5091,0
5090,0
5089,0
5088,0
5087,0
5086,0
5085,0
5084,0
5083,0
5082,0
5081,0
5080,0
5079,0
5078,0
5077,0
5076,0
5075,0
5074,0
5073,0
5072,0
5071,0
5070,0
5069,0
5068,0
5067,0
5066,0
5065,0
5064,0
5063,0
5062,0
5061,0
5060,0
5059,0
5058,0
5057,0
5056,0
5055,0
5054,0
5053,0
5052,0
5051,0
5050,0
5049,0
5048,0
5047,0
5046,0
5045,0
5044,0
5043,0
5042,0
5041,0
5040,0
5039,0
5038,0
5037,0
5036,0
5035,0
5034,0
5033,0
5032,0
5031,0
5030,0
5029,0
5028,0
5027,0
5026,0
5025,0
5024,0
5023,0
5022,0
5021,0
5020,0
5019,0
5018,0
5017,0
5016,0
5015,0
5014,0
5013,0
5012,0
5011,0
5010,0
5009,0
5008,0
5007,0
5006,0
5005,0
5004,0
5003,0
5002,0
5001,0
5000,0
4999,0
4998,0
4997,0
4996,0
4995,0
4994,0
4993,0
4992,0
4991,0
4990,0
4989,0
4988,0
4987,0
4986,0
4985,0
4984,0
4983,0
4982,0
4981,0
4980,0
4979,0
4978,0
4977,0
4976,0
4975,0
4974,0
4973,0
4972,0
4971,0
4970,0
4969,0
4968,0
4967,0
4966,0
4965,0
4964,0
4963,0
4962,0
4961,0
4960,0
4959,0
4958,0
4957,0
4956,0
4955,0
4954,0
4953,0
4952,0
4951,0
4950,0
4949,0
4948,0
4947,0
4946,0
4945,0
4944,0
4943,0
4942,0
4941,0
4940,0
4939,0
4938,0
4937,0
4936,0
4935,0
4934,0
4933,0
4932,0
4931,0
4930,0
4929,0
4928,0
4927,0
4926,0
4925,0
4924,0
4923,0
4922,0
4921,0
4920,0
4919,0
4918,0
4917,0
4916,0
4915,0
4914,0
4913,0
4912,0
4911,0
4910,0
4909,0
4908,0
4907,0
4906,0
4905,0
4904,0
4903,0
4902,0
4901,0
4900,0
4899,0
4898,0
4897,0
4896,0
4895,0
4894,0
4893,0
4892,0
4891,0
4890,0
4889,0
4888,0
4887,0
4886,0
4885,0
4884,0
4883,0
4882,0
4881,0
4880,0
4879,0
4878,0
4877,0
4876,0
4875,0
4874,0
4873,0
4872,0
4871,0
4870,0
4869,0
4868,0
4867,0
4866,0
4865,0
4864,0
4863,0
4862,0
4861,0
4860,0
4859,0
4858,0
4857,0
4856,0
4855,0
4854,0
4853,0
4852,0
4851,0
4850,0
4849,0
4848,0
4847,0
4846,0
4845,0
4844,0
4843,0
4842,0
4841,0
4840,0
4839,0
4838,0
4837,0
4836,0
4835,0
4834,0
4833,0
4832,0
4831,0
4830,0
4829,0
4828,0
4827,0
4826,0
4825,0
4824,0
4823,0
4822,0
4821,0
4820,0
4819,0
4818,0
4817,0
4816,0
4815,0
4814,0
4813,0
4812,0
4811,0
4810,0
4809,0
4808,0
4807,0
4806,0
4805,0
4804,0
4803,0
4802,0
4801,0
4800,0
4799,0
4798,0
4797,0
4796,0
4795,0
4794,0
4793,0
4792,0
4791,0
4790,0
4789,0
4788,0
4787,0
4786,0
4785,0
4784,0
4783,0
4782,0
4781,0
4780,0
4779,0
4778,0
4777,0
4776,0
4775,0
4774,0
4773,0
4772,0
4771,0
4770,0
4769,0
4768,0
4767,0
4766,0
4765,0
4764,0
4763,0
4762,0
4761,0
4760,0
4759,0
4758,0
4757,0
4756,0
4755,0
4754,0
4753,0
4752,0
4751,0
4750,0
4749,0
4748,0
4747,0
4746,0
4745,0
4744,0
4743,0
4742,0
4741,0
4740,0
4739,0
4738,0
4737,0
4736,0
4735,0
4734,0
4733,0
4732,0
4731,0
4730,0
4729,0
4728,0
4727,0
4726,0
4725,0
4724,0
4723,0
4722,0
4721,0
4720,0
4719,0
4718,0
4717,0
4716,0
4715,0
4714,0
4713,0
4712,0
4711,0
4710,0
4709,0
4708,0
4707,0
4706,0
4705,0
4704,0
4703,0
4702,0
4701,0
4700,0
4699,0
4698,0
4697,0
4696,0
4695,0
4694,0
4693,0
4692,0
4691,0
4690,0
4689,0
4688,0
4687,0
4686,0
4685,0
4684,0
4683,0
4682,0
4681,0
4680,0
4679,0
4678,0
4677,0
4676,0
4675,0
4674,0
4673,0
4672,0
4671,0
4670,0
4669,0
4668,0
4667,0
4666,0
4665,0
4664,0
4663,0
4662,0
4661,0
4660,0
4659,0
4658,0
4657,0
4656,0
4655,0
4654,0
4653,0
4652,0
4651,0
4650,0
4649,0
4648,0
4647,0
4646,0
4645,0
4644,0
4643,0
4642,0
4641,0
4640,0
4639,0
4638,0
4637,0
4636,0
4635,0
4634,0
4633,0
4632,0
4631,0
4630,0
4629,0
4628,0
4627,0
4626,0
4625,0
4624,0
4623,0
4622,0
4621,0
4620,0
4619,0
4618,0
4617,0
4616,0
4615,0
4614,0
4613,0
4612,0
4611,0
4610,0
4609,0
4608,0
4607,0
4606,0
4605,0
4604,0
4603,0
4602,0
4601,0
4600,0
4599,0
4598,0
4597,0
4596,0
4595,0
4594,0
4593,0
4592,0
4591,0
4590,0
4589,0
4588,0
4587,0
4586,0
4585,0
4584,0
4583,0
4582,0
4581,0
4580,0
4579,0
4578,0
4577,0
4576,0
4575,0
4574,0
4573,0
4572,0
4571,0
4570,0
4569,0
4568,0
4567,0
4566,0
4565,0
4564,0
4563,0
4562,0
4561,0
4560,0
4559,0
4558,0
4557,0
4556,0
4555,0
4554,0
4553,0
4552,0
4551,0
4550,0
4549,0
4548,0
4547,0
4546,0
4545,0
4544,0
4543,0
4542,0
4541,0
4540,0
4539,0
4538,0
4537,0
4536,0
4535,0
4534,0
4533,0
4532,0
4531,0
4530,0
4529,0
4528,0
4527,0
4526,0
4525,0
4524,0
4523,0
4522,0
4521,0
4520,0
4519,0
4518,0
4517,0
4516,0
4515,0
4514,0
4513,0
4512,0
4511,0
4510,0
4509,0
4508,0
4507,0
4506,0
4505,0
4504,0
4503,0
4502,0
4501,0
4500,0
4499,0
4498,0
4497,0
4496,0
4495,0
4494,0
4493,0
4492,0
4491,0
4490,0
4489,0
4488,0
4487,0
4486,0
4485,0
4484,0
4483,0
4482,0
4481,0
4480,0
4479,0
4478,0
4477,0
4476,0
4475,0
4474,0
4473,0
4472,0
4471,0
4470,0
4469,0
4468,0
4467,0
4466,0
4465,0
4464,0
4463,0
4462,0
4461,0
4460,0
4459,0
4458,0
4457,0
4456,0
4455,0
4454,0
4453,0
4452,0
4451,0
4450,0
4449,0
4448,0
4447,0
4446,0
4445,0
4444,0
4443,0
4442,0
4441,0
4440,0
4439,0
4438,0
4437,0
4436,0
4435,0
4434,0
4433,0
4432,0
4431,0
4430,0
4429,0
4428,0
4427,0
4426,0
4425,0
4424,0
4423,0
4422,0
4421,0
4420,0
4419,0
4418,0
4417,0
4416,0
4415,0
4414,0
4413,0
4412,0
4411,0
4410,0
4409,0
4408,0
4407,0
4406,0
4405,0
4404,0
4403,0
4402,0
4401,0
4400,0
4399,0
4398,0
4397,0
4396,0
4395,0
4394,0
4393,0
4392,0
4391,0
4390,0
4389,0
4388,0
4387,0
4386,0
4385,0
4384,0
4383,0
4382,0
4381,0
4380,0
4379,0
4378,0
4377,0
4376,0
4375,0
4374,0
4373,0
4372,0
4371,0
4370,0
4369,0
4368,0
4367,0
4366,0
4365,0
4364,0
4363,0
4362,0
4361,0
4360,0
4359,0
4358,0
4357,0
4356,0
4355,0
4354,0
4353,0
4352,0
4351,0
4350,0
4349,0
4348,0
4347,0
4346,0
4345,0
4344,0
4343,0
4342,0
4341,0
4340,0
4339,0
4338,0
4337,0
4336,0
4335,0
4334,0
4333,0
4332,0
4331,0
4330,0
4329,0
4328,0
4327,0
4326,0
4325,0
4324,0
4323,0
4322,0
4321,0
4320,0
4319,0
4318,0
4317,0
4316,0
4315,0
4314,0
4313,0
4312,0
4311,0
4310,0
4309,0
4308,0
4307,0
4306,0
4305,0
4304,0
4303,0
4302,0
4301,0
4300,0
4299,0
4298,0
4297,0
4296,0
4295,0
4294,0
4293,0
4292,0
4291,0
4290,0
4289,0
4288,0
4287,0
4286,0
4285,0
4284,0
4283,0
4282,0
4281,0
4280,0
4279,0
4278,0
4277,0
4276,0
4275,0
4274,0
4273,0
4272,0
4271,0
4270,0
4269,0
4268,0
4267,0
4266,0
4265,0
4264,0
4263,0
4262,0
4261,0
4260,0
4259,0
4258,0
4257,0
4256,0
4255,0
4254,0
4253,0
4252,0
4251,0
4250,0
4249,0
4248,0
4247,0
4246,0
4245,0
4244,0
4243,0
4242,0
4241,0
4240,0
4239,0
4238,0
4237,0
4236,0
4235,0
4234,0
4233,0
4232,0
4231,0
4230,0
4229,0
4228,0
4227,0
4226,0
4225,0
4224,0
4223,0
4222,0
4221,0
4220,0
4219,0
4218,0
4217,0
4216,0
4215,0
4214,0
4213,0
4212,0
4211,0
4210,0
4209,0
4208,0
4207,0
4206,0
4205,0
4204,0
4203,0
4202,0
4201,0
4200,0
4199,0
4198,0
4197,0
4196,0
4195,0
4194,0
4193,0
4192,0
4191,0
4190,0
4189,0
4188,0
4187,0
4186,0
4185,0
4184,0
4183,0
4182,0
4181,0
4180,0
4179,0
4178,0
4177,0
4176,0
4175,0
4174,0
4173,0
4172,0
4171,0
4170,0
4169,0
4168,0
4167,0
4166,0
4165,0
4164,0
4163,0
4162,0
4161,0
4160,0
4159,0
4158,0
4157,0
4156,0
4155,0
4154,0
4153,0
4152,0
4151,0
4150,0
4149,0
4148,0
4147,0
4146,0
4145,0
4144,0
4143,0
4142,0
4141,0
4140,0
4139,0
4138,0
4137,0
4136,0
4135,0
4134,0
4133,0
4132,0
4131,0
4130,0
4129,0
4128,0
4127,0
4126,0
4125,0
4124,0
4123,0
4122,0
4121,0
4120,0
4119,0
4118,0
4117,0
4116,0
4115,0
4114,0
4113,0
4112,0
4111,0
4110,0
4109,0
4108,0
4107,0
4106,0
4105,0
4104,0
4103,0
4102,0
4101,0
4100,0
4099,0
4098,0
4097,0
4096,0
4095,0
4094,0
4093,0
4092,0
4091,0
4090,0
4089,0
4088,0
4087,0
4086,0
4085,0
4084,0
4083,0
4082,0
4081,0
4080,0
4079,0
4078,0
4077,0
4076,0
4075,0
4074,0
4073,0
4072,0
4071,0
4070,0
4069,0
4068,0
4067,0
4066,0
4065,0
4064,0
4063,0
4062,0
4061,0
4060,0
4059,0
4058,0
4057,0
4056,0
4055,0
4054,0
4053,0
4052,0
4051,0
4050,0
4049,0
4048,0
4047,0
4046,0
4045,0
4044,0
4043,0
4042,0
4041,0
4040,0
4039,0
4038,0
4037,0
4036,0
4035,0
4034,0
4033,0
4032,0
4031,0
4030,0
4029,0
4028,0
4027,0
4026,0
4025,0
4024,0
4023,0
4022,0
4021,0
4020,0
4019,0
4018,0
4017,0
4016,0
4015,0
4014,0
4013,0
4012,0
4011,0
4010,0
4009,0
4008,0
4007,0
4006,0
4005,0
4004,0
4003,0
4002,0
4001,0
4000,0
3999,0
3998,0
3997,0
3996,0
3995,0
3994,0
3993,0
3992,0
3991,0
3990,0
3989,0
3988,0
3987,0
3986,0
3985,0
3984,0
3983,0
3982,0
3981,0
3980,0
3979,0
3978,0
3977,0
3976,0
3975,0
3974,0
3973,0
3972,0
3971,0
3970,0
3969,0
3968,0
3967,0
3966,0
3965,0
3964,0
3963,0
3962,0
3961,0
3960,0
3959,0
3958,0
3957,0
3956,0
3955,0
3954,0
3953,0
3952,0
3951,0
3950,0
3949,0
3948,0
3947,0
3946,0
3945,0
3944,0
3943,0
3942,0
3941,0
3940,0
3939,0
3938,0
3937,0
3936,0
3935,0
3934,0
3933,0
3932,0
3931,0
3930,0
3929,0
3928,0
3927,0
3926,0
3925,0
3924,0
3923,0
3922,0
3921,0
3920,0
3919,0
3918,0
3917,0
3916,0
3915,0
3914,0
3913,0
3912,0
3911,0
3910,0
3909,0
3908,0
3907,0
3906,0
3905,0
3904,0
3903,0
3902,0
3901,0
3900,0
3899,0
3898,0
3897,0
3896,0
3895,0
3894,0
3893,0
3892,0
3891,0
3890,0
3889,0
3888,0
3887,0
3886,0
3885,0
3884,0
3883,0
3882,0
3881,0
3880,0
3879,0
3878,0
3877,0
3876,0
3875,0
3874,0
3873,0
3872,0
3871,0
3870,0
3869,0
3868,0
3867,0
3866,0
3865,0
3864,0
3863,0
3862,0
3861,0
3860,0
3859,0
3858,0
3857,0
3856,0
3855,0
3854,0
3853,0
3852,0
3851,0
3850,0
3849,0
3848,0
3847,0
3846,0
3845,0
3844,0
3843,0
3842,0
3841,0
3840,0
3839,0
3838,0
3837,0
3836,0
3835,0
3834,0
3833,0
3832,0
3831,0
3830,0
3829,0
3828,0
3827,0
3826,0
3825,0
3824,0
3823,0
3822,0
3821,0
3820,0
3819,0
3818,0
3817,0
3816,0
3815,0
3814,0
3813,0
3812,0
3811,0
3810,0
3809,0
3808,0
3807,0
3806,0
3805,0
3804,0
3803,0
3802,0
3801,0
3800,0
3799,0
3798,0
3797,0
3796,0
3795,0
3794,0
3793,0
3792,0
3791,0
3790,0
3789,0
3788,0
3787,0
3786,0
3785,0
3784,0
3783,0
3782,0
3781,0
3780,0
3779,0
3778,0
3777,0
3776,0
3775,0
3774,0
3773,0
3772,0
3771,0
3770,0
3769,0
3768,0
3767,0
3766,0
3765,0
3764,0
3763,0
3762,0
3761,0
3760,0
3759,0
3758,0
3757,0
3756,0
3755,0
3754,0
3753,0
3752,0
3751,0
3750,0
3749,0
3748,0
3747,0
3746,0
3745,0
3744,0
3743,0
3742,0
3741,0
3740,0
3739,0
3738,0
3737,0
3736,0
3735,0
3734,0
3733,0
3732,0
3731,0
3730,0
3729,0
3728,0
3727,0
3726,0
3725,0
3724,0
3723,0
3722,0
3721,0
3720,0
3719,0
3718,0
3717,0
3716,0
3715,0
3714,0
3713,0
3712,0
3711,0
3710,0
3709,0
3708,0
3707,0
3706,0
3705,0
3704,0
3703,0
3702,0
3701,0
3700,0
3699,0
3698,0
3697,0
3696,0
3695,0
3694,0
3693,0
3692,0
3691,0
3690,0
3689,0
3688,0
3687,0
3686,0
3685,0
3684,0
3683,0
3682,0
3681,0
3680,0
3679,0
3678,0
3677,0
3676,0
3675,0
3674,0
3673,0
3672,0
3671,0
3670,0
3669,0
3668,0
3667,0
3666,0
3665,0
3664,0
3663,0
3662,0
3661,0
3660,0
3659,0
3658,0
3657,0
3656,0
3655,0
3654,0
3653,0
3652,0
3651,0
3650,0
3649,0
3648,0
3647,0
3646,0
3645,0
3644,0
3643,0
3642,0
3641,0
3640,0
3639,0
3638,0
3637,0
3636,0
3635,0
3634,0
3633,0
3632,0
3631,0
3630,0
3629,0
3628,0
3627,0
3626,0
3625,0
3624,0
3623,0
3622,0
3621,0
3620,0
3619,0
3618,0
3617,0
3616,0
3615,0
3614,0
3613,0
3612,0
3611,0
3610,0
3609,0
3608,0
3607,0
3606,0
3605,0
3604,0
3603,0
3602,0
3601,0
3600,0
3599,0
3598,0
3597,0
3596,0
3595,0
3594,0
3593,0
3592,0
3591,0
3590,0
3589,0
3588,0
3587,0
3586,0
3585,0
3584,0
3583,0
3582,0
3581,0
3580,0
3579,0
3578,0
3577,0
3576,0
3575,0
3574,0
3573,0
3572,0
3571,0
3570,0
3569,0
3568,0
3567,0
3566,0
3565,0
3564,0
3563,0
3562,0
3561,0
3560,0
3559,0
3558,0
3557,0
3556,0
3555,0
3554,0
3553,0
3552,0
3551,0
3550,0
3549,0
3548,0
3547,0
3546,0
3545,0
3544,0
3543,0
3542,0
3541,0
3540,0
3539,0
3538,0
3537,0
3536,0
3535,0
3534,0
3533,0
3532,0
3531,0
3530,0
3529,0
3528,0
3527,0
3526,0
3525,0
3524,0
3523,0
3522,0
3521,0
3520,0
3519,0
3518,0
3517,0
3516,0
3515,0
3514,0
3513,0
3512,0
3511,0
3510,0
3509,0
3508,0
3507,0
3506,0
3505,0
3504,0
3503,0
3502,0
3501,0
3500,0
3499,0
3498,0
3497,0
3496,0
3495,0
3494,0
3493,0
3492,0
3491,0
3490,0
3489,0
3488,0
3487,0
3486,0
3485,0
3484,0
3483,0
3482,0
3481,0
3480,0
3479,0
3478,0
3477,0
3476,0
3475,0
3474,0
3473,0
3472,0
3471,0
3470,0
3469,0
3468,0
3467,0
3466,0
3465,0
3464,0
3463,0
3462,0
3461,0
3460,0
3459,0
3458,0
3457,0
3456,0
3455,0
3454,0
3453,0
3452,0
3451,0
3450,0
3449,0
3448,0
3447,0
3446,0
3445,0
3444,0
3443,0
3442,0
3441,0
3440,0
3439,0
3438,0
3437,0
3436,0
3435,0
3434,0
3433,0
3432,0
3431,0
3430,0
3429,0
3428,0
3427,0
3426,0
3425,0
3424,0
3423,0
3422,0
3421,0
3420,0
3419,0
3418,0
3417,0
3416,0
3415,0
3414,0
3413,0
3412,0
3411,0
3410,0
3409,0
3408,0
3407,0
3406,0
3405,0
3404,0
3403,0
3402,0
3401,0
3400,0
3399,0
3398,0
3397,0
3396,0
3395,0
3394,0
3393,0
3392,0
3391,0
3390,0
3389,0
3388,0
3387,0
3386,0
3385,0
3384,0
3383,0
3382,0
3381,0
3380,0
3379,0
3378,0
3377,0
3376,0
3375,0
3374,0
3373,0
3372,0
3371,0
3370,0
3369,0
3368,0
3367,0
3366,0
3365,0
3364,0
3363,0
3362,0
3361,0
3360,0
3359,0
3358,0
3357,0
3356,0
3355,0
3354,0
3353,0
3352,0
3351,0
3350,0
3349,0
3348,0
3347,0
3346,0
3345,0
3344,0
3343,0
3342,0
3341,0
3340,0
3339,0
3338,0
3337,0
3336,0
3335,0
3334,0
3333,0
3332,0
3331,0
3330,0
3329,0
3328,0
3327,0
3326,0
3325,0
3324,0
3323,0
3322,0
3321,0
3320,0
3319,0
3318,0
3317,0
3316,0
3315,0
3314,0
3313,0
3312,0
3311,0
3310,0
3309,0
3308,0
3307,0
3306,0
3305,0
3304,0
3303,0
3302,0
3301,0
3300,0
3299,0
3298,0
3297,0
3296,0
3295,0
3294,0
3293,0
3292,0
3291,0
3290,0
3289,0
3288,0
3287,0
3286,0
3285,0
3284,0
3283,0
3282,0
3281,0
3280,0
3279,0
3278,0
3277,0
3276,0
3275,0
3274,0
3273,0
3272,0
3271,0
3270,0
3269,0
3268,0
3267,0
3266,0
3265,0
3264,0
3263,0
3262,0
3261,0
3260,0
3259,0
3258,0
3257,0
3256,0
3255,0
3254,0
3253,0
3252,0
3251,0
3250,0
3249,0
3248,0
3247,0
3246,0
3245,0
3244,0
3243,0
3242,0
3241,0
3240,0
3239,0
3238,0
3237,0
3236,0
3235,0
3234,0
3233,0
3232,0
3231,0
3230,0
3229,0
3228,0
3227,1.1106935388944e-05
3226,1.16984764094492e-05
3225,1.2318784328183e-05
3224,1.2318784328183e-05
3223,1.2318784328183e-05
3222,1.2318784328183e-05
3221,1.29691015303807e-05
3220,1.29691015303807e-05
3219,1.36507156010599e-05
3218,1.43649605366936e-05
3217,1.51132179677971e-05
3216,1.58969183913305e-05
3215,1.75766219894102e-05
3214,2.04007103846469e-05
3213,2.25062251717456e-05
3212,2.48069852936233e-05
3211,2.86587444188475e-05
3210,3.30424118953667e-05
3209,3.80204920396204e-05
3208,4.36611465610489e-05
3207,4.73970711592e-05
3206,5.72326922858685e-05
3205,6.25252029725482e-05
3204,6.82464404807122e-05
3203,7.12767169086976e-05
3202,7.44250028535337e-05
3201,7.44250028535337e-05
3200,7.44250028535337e-05
3199,7.12767169086976e-05
3198,6.82464404807122e-05
3197,6.5330474497231e-05
3196,5.98270926023352e-05
3195,5.72326922858685e-05
3194,5.23416250849227e-05
3193,4.78260142687381e-05
3192,4.57012330335307e-05
3191,4.1702860476909e-05
3190,3.98235566133756e-05
3189,3.80204920396204e-05
3188,3.80204920396204e-05
3187,3.80204920396204e-05
3186,3.80204920396204e-05
3185,3.80204920396204e-05
3184,3.76071287795021e-05
3183,3.94059704268573e-05
3182,4.12815585018573e-05
3181,4.57012330335307e-05
3180,4.78260142687381e-05
3179,5.00384617762382e-05
3178,5.23416250849227e-05
3177,5.47386325794815e-05
3176,5.72326922858685e-05
3175,5.98270926023352e-05
3174,6.25252029725482e-05
3173,6.82464404807122e-05
3172,7.12767169086976e-05
3171,7.76950808031687e-05
3170,8.82751474277698e-05
3169,9.60106009476763e-05
3168,0.000108721758603713
3167,0.0001179864424084
3166,0.000133162438223715
3165,0.000149990164661124
3164,0.000168606858358053
3163,0.000196230589229052
3162,0.000211417636961726
3161,0.000227580393626062
3160,0.000244764031363193
3159,0.000253752976715796
3158,0.00026301436831777
3157,0.000272554015040824
3156,0.000282377750786983
3155,0.000292491430188678
3154,0.000292491430188678
3153,0.000301814402065981
3152,0.000312406808029166
3151,0.000323301036929697
3150,0.00033450282023919
3149,0.000346017885684138
3148,0.000357851952076853
3147,0.000370010723977703
3146,0.000395325098088299
3145,0.000410868463292224
3144,0.000424559016586255
3143,0.000453025796998303
3142,0.000482977524234334
3141,0.000514458127051921
3140,0.000530785144297379
3139,0.000547510266411753
3138,0.000582175098489508
3137,0.000600124663880813
3136,0.000618492029161445
3135,0.000650654224359498
3134,0.000650654224359498
3133,0.000670002865299156
3132,0.000683769335777755
3131,0.000664292930682932
3130,0.000645233668723397
3129,0.000626587593500646
3128,0.000595124054168855
3127,0.000560156520179692
3126,0.000526787667759986
3125,0.00051069054662102
3124,0.000467813269717754
3123,0.000438609577216002
3122,0.000410868463292224
3121,0.000384544521531125
3120,0.000371899599074481
3119,0.000357851952076853
3118,0.000346017885684138
3117,0.000346017885684138
3116,0.000346017885684138
3115,0.000335963146753709
3114,0.000347614765960435
3113,0.000359591628625709
3112,0.000371899599074481
3111,0.000397532214219746
3110,0.000413555590863659
3109,0.000441672970738563
3108,0.000471282928871096
3107,0.000518596061492565
3106,0.000552134648648791
3105,0.000587319945335748
3104,0.000624192373616487
3103,0.000649726743751161
3102,0.000669554574680158
3101,0.000689832145079113
3100,0.000710563806159682
3099,0.000710563806159682
3098,0.000689832145079113
3097,0.000649726743751161
3096,0.000592895666594034
3095,0.0005399402216857
3094,0.000490719093583774
3093,0.000430639208938419
3092,0.000376555945264346
3091,0.000339695385409599
3090,0.00031679193204532
3089,0.000295166733910208
3088,0.000274770142338919
3087,0.000265017110868765
3086,0.000265017110868765
3085,0.000265017110868765
3084,0.000274770142338919
3083,0.000284817959188009
3082,0.000315069089097004
3081,0.000337688974675061
3080,0.000374075860313669
3079,0.000413555590863659
3078,0.000456288497115337
3077,0.000502431148135536
3076,0.000569518886274707
3075,0.000624192373616487
3074,0.000703149636263709
3073,0.000767063603545195
3072,0.000835115236422829
3071,0.00090738761932905
3070,0.00098394472630542
3069,0.00103738521714731
3068,0.00109275642338493
3067,0.00115006037849786
3066,0.00120929393713121
3065,0.00127044851506745
3064,0.00130174195503615
3063,0.00136574946002864
3062,0.00139845771829819
3061,0.00146526580996629
3060,0.00153390143000443
3059,0.0015688925677262
3058,0.00164019386306929
3057,0.00167649169464508
3056,0.00171321204869532
3055,0.00176257786919756
3054,0.00179987249545917
3053,0.00179987249545917
3052,0.00183755331578383
3051,0.00183755331578383
3050,0.00183755331578383
3049,0.00179987249545917
3048,0.00179987249545917
3047,0.00176257786919756
3046,0.00175034768271396
3045,0.00171321204869532
3044,0.00167649169464508
3043,0.00164019386306929
3042,0.00160432536186131
3041,0.00161741851884141
3040,0.00158216906234758
3039,0.00158216906234758
3038,0.00154734852663253
3037,0.00154734852663253
3036,0.00158216906234758
3035,0.00158216906234758
3034,0.00158216906234758
3033,0.00161741851884141
3032,0.00165309082475592
3031,0.00168917949299117
3030,0.00168917949299117
3029,0.00172567761728758
3028,0.00176257786919756
3027,0.00179987249545917
3026,0.00183755331578383
3025,0.00184923723701278
3024,0.00184923723701278
3023,0.00188701051364019
3022,0.00188701051364019
3021,0.00184923723701278
3020,0.00183755331578383
3019,0.00179987249545917
3018,0.00176257786919756
3017,0.00172567761728758
3016,0.00168917949299117
3015,0.00165309082475592
3014,0.00161741851884141
3013,0.00158216906234758
3012,0.00154734852663253
3011,0.00154734852663253
3010,0.00154734852663253
3009,0.00154734852663253
3008,0.00154734852663253
3007,0.00158216906234758
3006,0.00163053502612773
3005,0.00168917949299117
3004,0.00176257786919756
3003,0.00183755331578383
3002,0.00194197079847877
3001,0.00206136832883916
3000,0.00218373489678877
2999,0.00230874325937438
2998,0.00243603081497725
2997,0.00256520055913207
2996,0.00265214832326894
2995,0.00278348386767685
2994,0.00287144229122984
2993,0.00295954833232099
2992,0.00304626491213132
2991,0.00313296625860313
2990,0.00317619321506718
2989,0.00321931068167652
2988,0.00321931068167652
2987,0.00321931068167652
2986,0.00317943444320795
2985,0.00313558087511241
2984,0.00309164506558261
2983,0.00304764755505249
2982,0.00300360863474653
2981,0.00291548639800174
2980,0.00287144229122984
2979,0.00278348386767685
2978,0.00273960690297041
2977,0.00269582244695629
2976,0.00265214832326894
2975,0.00260860199580018
2974,0.00256520055913207
2973,0.00256520055913207
2972,0.00256520055913207
2971,0.00260860199580018
2970,0.00265214832326894
2969,0.00269582244695629
2968,0.00278348386767685
2967,0.00287144229122984
2966,0.0030041157675446
2965,0.0030933540561347
2964,0.00322675238530127
2963,0.00335908907315685
2962,0.00348977375520951
2961,0.00366040539044963
2960,0.00378487294566107
2959,0.00390564976543957
2958,0.00402212124455394
2957,0.00411572269823226
2956,0.00421991271438314
2955,0.00431809548043814
2954,0.00437994718571958
2953,0.00443873754630066
2952,0.00449432030003147
2951,0.00452086493540182
2950,0.00454655589233334
2949,0.00457137687020839
2948,0.00459531205912798
2947,0.00459531205912798
2946,0.00459531205912798
2945,0.00459531205912798
2944,0.00459531205912798
2943,0.00459531205912798
2942,0.00459531205912798
2941,0.00459531205912798
2940,0.00456806876131708
2939,0.00459065930764947
2938,0.00461834615667982
2937,0.00461834615667982
2936,0.00464046438423065
2935,0.00466165250271881
2934,0.00466165250271881
2933,0.00471038363167121
2932,0.0047300467378722
2931,0.0047487225144168
2930,0.00478306340946885
2929,0.0047987057794095
2928,0.00481331534767012
2927,0.00482688238122734
2926,0.00483939782372228
2925,0.00486124115311123
2924,0.00483897699117224
2923,0.00484704867736091
2922,0.00485405502881941
2921,0.00485999138978067
2920,0.00486485381197635
2919,0.00486863905901314
2918,0.00487134460996271
2917,0.00490522403608259
2916,0.00490577633288278
2915,0.00490577633288278
2914,0.00490522403608259
2913,0.00487296866215969
2912,0.00487296866215969
2911,0.00487296866215969
2910,0.00487296866215969
2909,0.00487296866215969
2908,0.00487351013320332
2907,0.00484027999121387
2906,0.00483868840466893
2905,0.00486863905901314
2904,0.00485999138978067
2903,0.00485405502881941
2902,0.00483897699117224
2901,0.00482984532836331
2900,0.00480842698071078
2899,0.00482688238122734
2898,0.00478285030191661
2897,0.00475318273928372
2896,0.0047368388294077
2895,0.00471950222356732
2894,0.00470118424518623
2893,0.00470118424518623
2892,0.00470118424518623
2891,0.00467188984206584
2890,0.00467188984206584
2889,0.00468984974579311
2888,0.00470684660181622
2887,0.00472286945406345
2886,0.00476852325233053
2885,0.00479615446665166
2884,0.0048196597434593
2883,0.00483897699117224
2882,0.00485999138978067
2881,0.00486863905901314
2880,0.00487296866215969
2879,0.00487134460996271
2878,0.00486485381197635
2877,0.00481487731191117
2876,0.00479801630115915
2875,0.00476499354160069
2874,0.00473790794965815
2873,0.0046764600111834
2872,0.00464220038467216
2871,0.00460420714196357
2870,0.00456257627511929
2869,0.00456806876131708
2868,0.00454459287065663
2867,0.00449504481563591
2866,0.00446900374803152
2865,0.00444213949711532
2864,0.00443873754630066
2863,0.00440973432569978
2862,0.00437994718571958
2861,0.00434939461417618
2860,0.00431809548043814
2859,0.00428606901605374
2858,0.00423249421340911
2857,0.00416620461047224
2856,0.00409735827759337
2855,0.00402611717092442
2854,0.00395264674496955
2853,0.00383862995193439
2852,0.00372055321580582
2851,0.00360878084628005
2850,0.00343965095474767
2849,0.00331029287140162
2848,0.00317943444320795
2847,0.00300360863474653
2846,0.00287144229122984
2845,0.00269582244695629
2844,0.00256520055913207
2843,0.0024422312188849
2842,0.00235804297967914
2841,0.00223349497823982
2840,0.00219249677541979
2839,0.00211135505230746
2838,0.00207123605452945
2837,0.00203143393844336
2836,0.00203143393844336
2835,0.00203143393844336
2834,0.00203143393844336
2833,0.00207123605452945
2832,0.00211135505230746
2831,0.00215177930902308
2830,0.00219249677541979
2829,0.00228257743098414
2828,0.00232366795476379
2827,0.00240651959979323
2826,0.00244825239244556
2825,0.00253225822846193
2824,0.00257450067500603
2823,0.00261688180276698
2822,0.00270199496953375
2821,0.002744693588806
2820,0.00278559683574149
2819,0.0028289886794122
2818,0.00287242659815682
2817,0.00291589210776737
2816,0.00295936642400809
2815,0.00295936642400809
2814,0.00300283047467113
2813,0.00300283047467113
2812,0.00304626491213132
2811,0.00304626491213132
2810,0.00304626491213132
2809,0.00304764755505249
2808,0.00304764755505249
2807,0.00304875161836904
2806,0.00304875161836904
2805,0.00304875161836904
2804,0.00304958797610251
2803,0.00304958797610251
2802,0.00304958797610251
2801,0.00304958797610251
2800,0.00304958797610251
2799,0.00304958797610251
2798,0.00304958797610251
2797,0.00300436369934911
2796,0.00300436369934911
2795,0.00295913501994903
2794,0.00291392248005549
2793,0.00291392248005549
2792,0.00286874629932459
2791,0.00282362636153823
2790,0.00282362636153823
2789,0.00277858220181287
2788,0.00268879754110302
2787,0.00264409426026417
2786,0.00255515591050051
2785,0.00246695724415883
2784,0.00237963082547366
2783,0.00225054942411583
2782,0.00208260524246037
2781,0.00196022350320891
2780,0.00180239600411133
2779,0.00165123856582845
2778,0.00150724695230676
2777,0.00140418778468554
2776,0.0013707996633257
2775,0.00133790021634504
2774,0.00130549254254036
2773,0.00127357933358998
2772,0.001228302900121
2771,0.0011973465918954
2770,0.00116690087463083
2769,0.00112149693093939
2768,0.00106417604680579
2767,0.00100886397677513
2766,0.000941748707359623
2765,0.000890547478580789
2764,0.000865700399569052
2763,0.000817499942544616
2762,0.000784539983001595
2761,0.000740039361879743
2760,0.000664122170789545
2759,0.000586780022511049
2758,0.000511413177009874
2757,0.000419933992031698
2756,0.000341998231601706
2755,0.000276248802134803
2754,0.00022131490309492
2753,0.000175854962903902
2752,0.000150176739761598
2751,0.000127780828020265
2750,0.000108328744011946
2749,9.54799203967545e-05
2748,8.76722779745683e-05
2747,8.04296686389382e-05
2746,6.72674412914379e-05
2745,5.87850575979683e-05
2744,5.12656051939085e-05
2743,4.25762198331986e-05
2742,3.52292142304336e-05
2741,2.90424773640741e-05
2740,2.26955018486697e-05
2739,1.85549119096182e-05
2738,1.59145676389237e-05
2737,1.29272137920053e-05
2736,1.10340288249563e-05
2735,1.04618831299522e-05
2734,0
2733,0
2732,0
2731,1.04618831299522e-05
2730,1.04618831299522e-05
2729,1.06540650610262e-05
2728,0
2727,0
2726,0
2725,0
2724,0
2723,0
2722,0
2721,0
2720,0
2719,0
2718,0
2717,0
2716,0
2715,0
2714,0
2713,0
2712,0
2711,0
2710,0
2709,0
2708,0
2707,0
2706,0
2705,0
2704,0
2703,0
2702,0
2701,0
2700,0
2699,0
2698,0
2697,0
2696,0
2695,0
2694,0
2693,0
2692,0
2691,0
2690,0
2689,0
2688,0
2687,0
2686,0
2685,0
2684,0
2683,0
2682,0
2681,0
2680,0
2679,0
2678,0
2677,0
2676,0
2675,0
2674,0
2673,0
2672,0
2671,0
2670,0
2669,0
2668,0
2667,0
2666,0
2665,0
2664,0
2663,0
2662,0
2661,0
2660,0
2659,0
2658,0
2657,0
2656,0
2655,0
2654,0
2653,0
2652,0
2651,0
2650,0
2649,0
2648,0
2647,0
2646,0
2645,0
2644,0
2643,0
2642,0
2641,0
2640,0
2639,0
2638,0
2637,0
2636,0
2635,0
2634,0
2633,0
2632,0
2631,0
2630,0
2629,0
2628,0
2627,0
2626,0
2625,0
2624,0
2623,0
2622,0
2621,0
2620,0
2619,0
2618,0
2617,0
2616,0
2615,0
2614,0
2613,0
2612,0
2611,0
2610,0
2609,0
2608,0
2607,0
2606,0
2605,0
2604,0
2603,0
2602,0
2601,0
2600,0
2599,0
2598,0
2597,0
2596,0
2595,0
2594,0
2593,0
2592,0
2591,0
2590,0
2589,0
2588,0
2587,0
2586,0
2585,0
2584,0
2583,0
2582,0
2581,0
2580,0
2579,0
2578,0
2577,0
2576,0
2575,0
2574,0
2573,0
2572,0
2571,0
2570,0
2569,0
2568,0
2567,0
2566,0
2565,0
2564,0
2563,0
2562,0
2561,0
2560,0
2559,0
2558,0
2557,0
2556,0
2555,0
2554,0
2553,0
2552,0
2551,0
2550,0
2549,0
2548,0
2547,0
2546,0
2545,0
2544,0
2543,0
2542,0
2541,0
2540,0
2539,0
2538,0
2537,0
2536,0
2535,0
2534,0
2533,0
2532,0
2531,0
2530,0
2529,0
2528,0
2527,0
2526,0
2525,0
2524,0
2523,0
2522,0
2521,0
2520,0
2519,0
2518,0
2517,0
2516,0
2515,0
2514,0
2513,0
2512,0
2511,0
2510,0
2509,0
2508,0
2507,0
2506,0
2505,0
2504,0
2503,0
2502,0
2501,0
2500,0
2499,0
2498,0
2497,0
2496,0
2495,0
2494,0
2493,0
2492,0
2491,0
2490,0
2489,0
2488,0
2487,0
2486,0
2485,0
2484,0
2483,0
2482,0
2481,0
2480,0
2479,0
2478,0
2477,0
2476,0
2475,0
2474,0
2473,0
2472,0
2471,0
2470,0
2469,0
2468,0
2467,0
2466,0
2465,0
2464,0
2463,0
2462,0
2461,0
2460,0
2459,0
2458,0
2457,0
2456,0
2455,0
2454,0
2453,0
2452,0
2451,0
2450,0
2449,0
2448,0
2447,0
2446,0
2445,0
2444,0
2443,0
2442,0
2441,0
2440,0
2439,0
2438,0
2437,0
2436,0
2435,0
2434,0
2433,0
2432,0
2431,0
2430,0
2429,0
2428,0
2427,0
2426,0
2425,0
2424,0
2423,0
2422,0
2421,0
2420,0
2419,0
2418,0
2417,0
2416,0
2415,0
2414,0
2413,0
2412,0
2411,0
2410,0
2409,0
2408,0
2407,0
2406,0
2405,0
2404,0
2403,0
2402,0
2401,0
2400,0
2399,0
2398,0
2397,0
2396,0
2395,0
2394,0
2393,0
2392,0
2391,0
2390,0
2389,0
2388,0
2387,0
2386,0
2385,0
2384,0
2383,0
2382,0
2381,0
2380,0
2379,0
2378,0
2377,0
2376,0
2375,0
2374,0
2373,0
2372,0
2371,0
2370,0
2369,0
2368,0
2367,0
2366,0
2365,0
2364,0
2363,0
2362,0
2361,0
2360,0
2359,0
2358,0
2357,0
2356,0
2355,0
2354,0
2353,0
2352,0
2351,0
2350,0
2349,0
2348,0
2347,0
2346,0
2345,0
2344,0
2343,0
2342,0
2341,0
2340,0
2339,0
2338,0
2337,0
2336,0
2335,0
2334,0
2333,0
2332,0
2331,0
2330,0
2329,0
2328,0
2327,0
2326,0
2325,0
2324,0
2323,0
2322,0
2321,0
2320,0
2319,0
2318,0
2317,0
2316,0
2315,0
2314,0
2313,0
2312,0
2311,0
2310,0
2309,0
2308,0
2307,0
2306,0
2305,0
2304,0
2303,0
2302,0
2301,0
2300,0
2299,0
2298,0
2297,0
2296,0
2295,0
2294,0
2293,0
2292,0
2291,0
2290,0
2289,0
2288,0
2287,0
2286,0
2285,0
2284,0
2283,0
2282,0
2281,0
2280,0
2279,0
2278,0
2277,0
2276,0
2275,0
2274,0
2273,0
2272,0
2271,0
2270,0
2269,0
2268,0
2267,0
2266,0
2265,0
2264,0
2263,0
2262,0
2261,0
2260,0
2259,0
2258,0
2257,0
2256,0
2255,0
2254,0
2253,0
2252,0
2251,0
2250,0
2249,0
2248,0
2247,0
2246,0
2245,0
2244,0
2243,0
2242,0
2241,0
2240,0
2239,0
2238,0
2237,0
2236,0
2235,0
2234,0
2233,0
2232,0
2231,0
2230,0
2229,0
2228,0
2227,0
2226,0
2225,0
2224,0
2223,0
2222,0
2221,0
2220,0
2219,0
2218,0
2217,0
2216,0
2215,0
2214,0
2213,0
2212,0
2211,0
2210,0
2209,0
2208,0
2207,0
2206,0
2205,0
2204,0
2203,0
2202,0
2201,0
2200,0
2199,0
2198,0
2197,0
2196,0
2195,0
2194,0
2193,0
2192,0
2191,0
2190,0
2189,0
2188,0
2187,0
2186,0
2185,0
2184,0
2183,0
2182,0
2181,0
2180,0
2179,0
2178,0
2177,0
2176,0
2175,0
2174,0
2173,0
2172,0
2171,0
2170,0
2169,0
2168,0
2167,0
2166,0
2165,0
2164,0
2163,0
2162,0
2161,0
2160,0
2159,0
2158,0
2157,0
2156,0
2155,0
2154,0
2153,0
2152,0
2151,0
2150,0
2149,0
2148,0
2147,0
2146,0
2145,0
2144,0
2143,0
2142,0
2141,0
2140,0
2139,0
2138,0
2137,0
2136,0
2135,0
2134,0
2133,0
2132,0
2131,0
2130,0
2129,0
2128,0
2127,0
2126,0
2125,0
2124,0
2123,0
2122,0
2121,0
2120,0
2119,0
2118,0
2117,0
2116,0
2115,0
2114,0
2113,0
2112,0
2111,0
2110,0
2109,0
2108,0
2107,0
2106,0
2105,0
2104,0
2103,0
2102,0
2101,0
2100,0
2099,0
2098,0
2097,0
2096,0
2095,0
2094,0
2093,0
2092,0
2091,0
2090,0
2089,0
2088,0
2087,0
2086,0
2085,0
2084,0
2083,0
2082,0
2081,0
2080,0
2079,0
2078,0
2077,0
2076,0
2075,0
2074,0
2073,0
2072,0
2071,0
2070,0
2069,0
2068,0
2067,0
2066,0
2065,0
2064,0
2063,0
2062,0
2061,0
2060,0
2059,0
2058,0
2057,0
2056,0
2055,0
2054,0
2053,0
2052,0
2051,0
2050,0
2049,0
2048,0
2047,0
2046,0
2045,0
2044,0
2043,0
2042,0
2041,0
2040,0
2039,0
2038,0
2037,0
2036,0
2035,0
2034,0
2033,0
2032,0
2031,0
2030,0
2029,0
2028,0
2027,0
2026,0
2025,0
2024,0
2023,0
2022,0
2021,0
2020,0
2019,0
2018,0
2017,0
2016,0
2015,0
2014,0
2013,0
2012,0
2011,0
2010,0
2009,0
2008,0
2007,0
2006,0
2005,0
2004,0
2003,0
2002,0
2001,0
2000,0
1999,0
1998,0
1997,0
1996,0
1995,0
1994,0
1993,0
1992,0
1991,0
1990,0
1989,0
1988,0
1987,0
1986,0
1985,0
1984,0
1983,0
1982,0
1981,0
1980,0
1979,0
1978,0
1977,0
1976,0
1975,0
1974,0
1973,0
1972,0
1971,0
1970,0
1969,0
1968,0
1967,0
1966,0
1965,0
1964,0
1963,0
1962,0
1961,0
1960,0
1959,0
1958,0
1957,0
1956,0
1955,0
1954,0
1953,0
1952,0
1951,0
1950,0
1949,0
1948,0
1947,0
1946,0
1945,0
1944,0
1943,0
1942,0
1941,0
1940,0
1939,0
1938,0
1937,0
1936,0
1935,0
1934,0
1933,0
1932,0
1931,0
1930,0
1929,0
1928,0
1927,0
1926,0
1925,0
1924,0
1923,0
1922,0
1921,0
1920,0
1919,0
1918,0
1917,0
1916,0
1915,0
1914,0
1913,0
1912,0
1911,0
1910,0
1909,0
1908,0
1907,0
1906,0
1905,0
1904,0
1903,0
1902,0
1901,0
1900,0
1899,0
1898,0
1897,0
1896,0
1895,0
1894,0
1893,0
1892,0
1891,0
1890,0
1889,0
1888,0
1887,0
1886,0
1885,0
1884,0
1883,0
1882,0
1881,0
1880,0
1879,0
1878,0
1877,0
1876,0
1875,0
1874,0
1873,0
1872,0
1871,0
1870,0
1869,0
1868,0
1867,0
1866,0
1865,0
1864,0
1863,0
1862,0
1861,0
1860,0
1859,0
1858,0
1857,0
1856,0
1855,0
1854,0
1853,0
1852,0
1851,0
1850,0
1849,0
1848,0
1847,0
1846,0
1845,0
1844,0
1843,0
1842,0
1841,0
1840,0
1839,0
1838,0
1837,0
1836,0
1835,0
1834,0
1833,0
1832,0
1831,0
1830,0
1829,0
1828,0
1827,0
1826,0
1825,0
1824,0
1823,0
1822,0
1821,0
1820,0
1819,0
1818,0
1817,0
1816,0
1815,0
1814,0
1813,0
1812,0
1811,0
1810,0
1809,0
1808,0
1807,0
1806,0
1805,0
1804,0
1803,0
1802,0
1801,0
1800,0
1799,0
1798,0
1797,0
1796,0
1795,0
1794,0
1793,0
1792,0
1791,0
1790,0
1789,0
1788,0
1787,0
1786,0
1785,0
1784,0
1783,0
1782,0
1781,0
1780,0
1779,0
1778,0
1777,0
1776,0
1775,0
1774,0
1773,0
1772,0
1771,0
1770,0
1769,0
1768,0
1767,0
1766,0
1765,0
1764,0
1763,0
1762,0
1761,0
1760,0
1759,0
1758,0
1757,0
1756,0
1755,0
1754,0
1753,0
1752,0
1751,0
1750,0
1749,0
1748,0
1747,0
1746,0
1745,0
1744,0
1743,0
1742,0
1741,0
1740,0
1739,0
1738,0
1737,0
1736,0
1735,0
1734,0
1733,0
1732,0
1731,0
1730,0
1729,0
1728,0
1727,0
1726,0
1725,0
1724,0
1723,0
1722,0
1721,0
1720,0
1719,0
1718,0
1717,0
1716,0
1715,0
1714,0
1713,0
1712,0
1711,0
1710,0
1709,0
1708,0
1707,0
1706,0
1705,0
1704,0
1703,0
1702,0
1701,0
1700,0
1699,0
1698,0
1697,0
1696,0
1695,0
1694,0
1693,0
1692,0
1691,0
1690,0
1689,0
1688,0
1687,0
1686,0
1685,0
1684,0
1683,0
1682,0
1681,0
1680,0
1679,0
1678,0
1677,0
1676,0
1675,0
1674,0
1673,0
1672,0
1671,0
1670,0
1669,0
1668,0
1667,0
1666,0
1665,0
1664,0
1663,0
1662,0
1661,0
1660,0
1659,0
1658,0
1657,0
1656,0
1655,0
1654,0
1653,0
1652,0
1651,0
1650,0
1649,0
1648,0
1647,0
1646,0
1645,0
1644,0
1643,0
1642,0
1641,0
1640,0
1639,0
1638,0
1637,0
1636,0
1635,0
1634,0
1633,0
1632,0
1631,0
1630,0
1629,0
1628,0
1627,0
1626,0
1625,0
1624,0
1623,0
1622,0
1621,0
1620,0
1619,0
1618,0
1617,0
1616,0
1615,0
1614,0
1613,0
1612,0
1611,0
1610,0
1609,0
1608,0
1607,0
1606,0
1605,0
1604,0
1603,0
1602,0
1601,0
1600,0
1599,0
1598,0
1597,0
1596,0
1595,0
1594,0
1593,0
1592,0
1591,0
1590,0
1589,0
1588,0
1587,0
1586,0
1585,0
1584,0
1583,0
1582,0
1581,0
1580,0
1579,0
1578,0
1577,0
1576,0
1575,0
1574,0
1573,0
1572,0
1571,0
1570,0
1569,0
1568,0
1567,0
1566,0
1565,0
1564,0
1563,0
1562,0
1561,0
1560,0
1559,0
1558,0
1557,0
1556,0
1555,0
1554,0
1553,0
1552,0
1551,0
1550,0
1549,0
1548,0
1547,0
1546,0
1545,0
1544,0
1543,0
1542,0
1541,0
1540,0
1539,0
1538,0
1537,0
1536,0
1535,0
1534,0
1533,0
1532,0
1531,0
1530,0
1529,0
1528,0
1527,0
1526,0
1525,0
1524,0
1523,0
1522,0
1521,0
1520,0
1519,0
1518,0
1517,0
1516,0
1515,0
1514,0
1513,0
1512,0
1511,0
1510,0
1509,0
1508,0
1507,0
1506,0
1505,0
1504,0
1503,0
1502,0
1501,0
1500,0
1499,0
1498,0
1497,0
1496,0
1495,0
1494,0
1493,0
1492,0
1491,0
1490,0
1489,0
1488,0
1487,0
1486,0
1485,0
1484,0
1483,0
1482,0
1481,0
1480,0
1479,0
1478,0
1477,0
1476,0
1475,0
1474,0
1473,0
1472,0
1471,0
1470,0
1469,0
1468,0
1467,0
1466,0
1465,0
1464,0
1463,0
1462,0
1461,0
1460,0
1459,0
1458,0
1457,0
1456,0
1455,0
1454,0
1453,0
1452,0
1451,0
1450,0
1449,0
1448,0
1447,0
1446,0
1445,0
1444,0
1443,0
1442,0
1441,0
1440,0
1439,0
1438,0
1437,0
1436,0
1435,0
1434,0
1433,0
1432,0
1431,0
1430,0
1429,0
1428,0
1427,0
1426,0
1425,0
1424,0
1423,0
1422,0
1421,0
1420,0
1419,0
1418,0
1417,0
1416,0
1415,0
1414,0
1413,0
1412,0
1411,0
1410,0
1409,0
1408,0
1407,0
1406,0
1405,0
1404,0
1403,0
1402,0
1401,0
1400,0
1399,0
1398,0
1397,0
1396,0
1395,0
1394,0
1393,0
1392,0
1391,0
1390,0
1389,0
1388,0
1387,0
1386,0
1385,0
1384,0
1383,0
1382,0
1381,0
1380,0
1379,0
1378,0
1377,0
1376,0
1375,0
1374,0
1373,0
1372,0
1371,0
1370,0
1369,0
1368,0
1367,0
1366,0
1365,0
1364,0
1363,0
1362,0
1361,0
1360,0
1359,0
1358,0
1357,0
1356,0
1355,0
1354,0
1353,0
1352,0
1351,0
1350,0
1349,0
1348,0
1347,0
1346,0
1345,0
1344,0
1343,0
1342,0
1341,0
1340,0
1339,0
1338,0
1337,0
1336,0
1335,0
1334,0
1333,0
1332,0
1331,0
1330,0
1329,0
1328,0
1327,0
1326,0
1325,0
1324,0
1323,0
1322,0
1321,0
1320,0
1319,0
1318,0
1317,0
1316,0
1315,0
1314,0
1313,0
1312,0
1311,0
1310,0
1309,0
1308,0
1307,0
1306,0
1305,0
1304,0
1303,0
1302,0
1301,0
1300,0
1299,0
1298,0
1297,0
1296,0
1295,0
1294,0
1293,0
1292,0
1291,0
1290,0
1289,0
1288,0
1287,0
1286,0
1285,0
1284,0
1283,0
1282,0
1281,0
1280,0
1279,0
1278,0
1277,0
1276,0
1275,0
1274,0
1273,0
1272,0
1271,0
1270,0
1269,0
1268,0
1267,0
1266,0
1265,0
1264,0
1263,0
1262,0
1261,0
1260,0
1259,0
1258,0
1257,0
1256,0
1255,0
1254,0
1253,0
1252,0
1251,0
1250,0
1249,0
1248,0
1247,0
1246,0
1245,0
1244,0
1243,0
1242,0
1241,0
1240,0
1239,0
1238,0
1237,0
1236,0
1235,0
1234,0
1233,0
1232,0
1231,0
1230,0
1229,0
1228,0
1227,0
1226,0
1225,0
1224,0
1223,0
1222,0
1221,0
1220,0
1219,0
1218,0
1217,0
1216,0
1215,0
1214,0
1213,0
1212,0
1211,0
1210,0
1209,0
1208,0
1207,0
1206,0
1205,0
1204,0
1203,0
1202,0
1201,0
1200,0
1199,0
1198,0
1197,0
1196,0
1195,0
1194,0
1193,0
1192,0
1191,0
1190,0
1189,0
1188,0
1187,0
1186,0
1185,0
1184,0
1183,0
1182,0
1181,0
1180,0
1179,0
1178,0
1177,0
1176,0
1175,0
1174,0
1173,0
1172,0
1171,0
1170,0
1169,0
1168,0
1167,0
1166,0
1165,0
1164,0
1163,0
1162,0
1161,0
1160,0
1159,0
1158,0
1157,0
1156,0
1155,0
1154,0
1153,0
1152,0
1151,0
1150,0
1149,0
1148,0
1147,0
1146,0
1145,0
1144,0
1143,0
1142,0
1141,0
1140,0
1139,0
1138,0
1137,0
1136,0
1135,0
1134,0
1133,0
1132,0
1131,0
1130,0
1129,0
1128,0
1127,0
1126,0
1125,0
1124,0
1123,0
1122,0
1121,0
1120,0
1119,0
1118,0
1117,0
1116,0
1115,0
1114,0
1113,0
1112,0
1111,0
1110,0
1109,0
1108,0
1107,0
1106,0
1105,0
1104,0
1103,0
1102,0
1101,0
1100,0
1099,0
1098,0
1097,0
1096,0
1095,0
1094,0
1093,0
1092,0
1091,0
1090,0
1089,0
1088,0
1087,0
1086,0
1085,0
1084,0
1083,0
1082,0
1081,0
1080,0
1079,0
1078,0
1077,0
1076,0
1075,0
1074,0
1073,0
1072,0
1071,0
1070,0
1069,0
1068,0
1067,0
1066,0
1065,0
1064,0
1063,0
1062,0
1061,0
1060,0
1059,0
1058,0
1057,0
1056,0
1055,0
1054,0
1053,0
1052,0
1051,0
1050,0
1049,0
1048,0
1047,0
1046,0
1045,0
1044,0
1043,0
1042,0
1041,0
1040,0
1039,0
1038,0
1037,0
1036,0
1035,0
1034,0
1033,0
1032,0
1031,0
1030,0
1029,0
1028,0
1027,0
1026,0
1025,0
1024,0
1023,0
1022,0
1021,0
1020,0
1019,0
1018,0
1017,0
1016,0
1015,0
1014,0
1013,0
1012,0
1011,0
1010,0
1009,0
1008,0
1007,0
1006,0
1005,0
1004,0
1003,0
1002,0
1001,0
1000,0
999,0
998,0
997,0
996,0
995,0
994,0
993,0
992,0
991,0
990,0
989,0
988,0
987,0
986,0
985,0
984,0
983,0
982,0
981,0
980,0
979,0
978,0
977,0
976,0
975,0
974,0
973,0
972,0
971,0
970,0
969,0
968,0
967,0
966,0
965,0
964,0
963,0
962,0
961,0
960,0
959,0
958,0
957,0
956,0
955,0
954,0
953,0
952,0
951,0
950,0
949,0
948,0
947,0
946,0
945,0
944,0
943,0
942,0
941,0
940,0
939,0
938,0
937,0
936,0
935,0
934,0
933,0
932,0
931,0
930,0
929,0
928,0
927,0
926,0
925,0
924,0
923,0
922,0
921,0
920,0
919,0
918,0
917,0
916,0
915,0
914,0
913,0
912,0
911,0
910,0
909,0
908,0
907,0
906,0
905,0
904,0
903,0
902,0
901,0
900,0
899,0
898,0
897,0
896,0
895,0
894,0
893,0
892,0
891,0
890,0
889,0
888,0
887,0
886,0
885,0
884,0
883,0
882,0
881,0
880,0
879,0
878,0
877,0
876,0
875,0
874,0
873,0
872,0
871,0
870,0
869,0
868,0
867,0
866,0
865,0
864,0
863,0
862,0
861,0
860,0
859,0
858,0
857,0
856,0
855,0
854,0
853,0
852,0
851,0
850,0
849,0
848,0
847,0
846,0
845,0
844,0
843,0
842,0
841,0
840,0
839,0
838,0
837,0
836,0
835,0
834,0
833,0
832,0
831,0
830,0
829,0
828,0
827,0
826,0
825,0
824,0
823,0
822,0
821,0
820,0
819,0
818,0
817,0
816,0
815,0
814,0
813,0
812,0
811,0
810,0
809,0
808,0
807,0
806,0
805,0
804,0
803,0
802,0
801,0
800,0
799,0
798,0
797,0
796,0
795,0
794,0
793,0
792,0
791,0
790,0
789,0
788,0
787,0
786,0
785,0
784,0
783,0
782,0
781,0
780,0
779,0
778,0
777,0
776,0
775,0
774,0
773,0
772,0
771,0
770,0
769,0
768,0
767,0
766,0
765,0
764,0
763,0
762,0
761,0
760,0
759,0
758,0
757,0
756,0
755,0
754,0
753,0
752,0
751,0
750,0
749,0
748,0
747,0
746,0
745,0
744,0
743,0
742,0
741,0
740,0
739,0
738,0
737,0
736,0
735,0
734,0
733,0
732,0
731,0
730,0
729,0
728,0
727,0
726,0
725,0
724,0
723,0
722,0
721,0
720,0
719,0
718,0
717,0
716,0
715,0
714,0
713,0
712,0
711,0
710,0
709,0
708,0
707,0
706,0
705,0
704,0
703,0
702,0
701,0
700,0
699,0
698,0
697,0
696,0
695,0
694,0
693,0
692,0
691,0
690,0
689,0
688,0
687,0
686,0
685,0
684,0
683,0
682,0
681,0
680,0
679,0
678,0
677,0
676,0
675,0
674,0
673,0
672,0
671,0
670,0
669,0
668,0
667,0
666,0
665,0
664,0
663,0
662,0
661,0
660,0
659,0
658,0
657,0
656,0
655,0
654,0
653,0
652,0
651,0
650,0
649,0
648,0
647,0
646,0
645,0
644,0
643,0
642,0
641,0
640,0
639,0
638,0
637,0
636,0
635,0
634,0
633,0
632,0
631,0
630,0
629,0
628,0
627,0
626,0
625,0
624,0
623,0
622,0
621,0
620,0
619,0
618,0
617,0
616,0
615,0
614,0
613,0
612,0
611,0
610,0
609,0
608,0
607,0
606,0
605,0
604,0
603,0
602,0
601,0
600,0
599,0
598,0
597,0
596,0
595,0
594,0
593,0
592,0
591,0
590,0
589,0
588,0
587,0
586,0
585,0
584,0
583,0
582,0
581,0
580,0
579,0
578,0
577,0
576,0
575,0
574,0
573,0
572,0
571,0
570,0
569,0
568,0
567,0
566,0
565,0
564,0
563,0
562,0
561,0
560,0
559,0
558,0
557,0
556,0
555,0
554,0
553,0
552,0
551,0
550,0
549,0
548,0
547,0
546,0
545,0
544,0
543,0
542,0
541,0
540,0
539,0
538,0
537,0
536,0
535,0
534,0
533,0
532,0
531,0
530,0
529,0
528,0
527,0
526,0
525,0
524,0
523,0
522,0
521,0
520,0
519,0
518,0
517,0
516,0
515,0
514,0
513,0
512,0
511,0
510,0
509,0
508,0
507,0
506,0
505,0
504,0
503,0
502,0
501,0
500,0
499,0
498,0
497,0
496,0
495,0
494,0
493,0
492,0
491,0
490,0
489,0
488,0
487,0
486,0
485,0
484,0
483,0
482,0
481,0
480,0
479,0
478,0
477,0
476,0
475,0
474,0
473,0
472,0
471,0
470,0
469,0
468,0
467,0
466,0
465,0
464,0
463,0
462,0
461,0
460,0
459,0
458,0
457,0
456,0
455,0
454,0
453,0
452,0
451,0
450,0
449,0
448,0
447,0
446,0
445,0
444,0
443,0
442,0
441,0
440,0
439,0
438,0
437,0
436,0
435,0
434,0
433,0
432,0
431,0
430,0
429,0
428,0
427,0
426,0
425,0
424,0
423,0
422,0
421,0
420,0
419,0
418,0
417,0
416,0
415,0
414,0
413,0
412,0
411,0
410,0
409,0
408,0
407,0
406,0
405,0
404,0
403,0
402,0
401,0
400,0
399,0
398,0
397,0
396,0
395,0
394,0
393,0
392,0
391,0
390,0
389,0
388,0
387,0
386,0
385,0
384,0
383,0
382,0
381,0
380,0
379,0
378,0
377,0
376,0
375,0
374,0
373,0
372,0
371,0
370,0
369,0
368,0
367,0
366,0
365,0
364,0
363,0
362,0
361,0
360,0
359,0
358,0
357,0
356,0
355,0
354,0
353,0
352,0
351,0
350,0
349,0
348,0
347,0
346,0
345,0
344,0
343,0
342,0
341,0
340,0
339,0
338,0
337,0
336,0
335,0
334,0
333,0
332,0
331,0
330,0
329,0
328,0
327,0
326,0
325,0
324,0
323,0
322,0
321,0
320,0
319,0
318,0
317,0
316,0
315,0
314,0
313,0
312,0
311,0
310,0
309,0
308,0
307,0
306,0
305,0
304,0
303,0
302,0
301,0
300,0
299,0
298,0
297,0
296,0
295,0
294,0
293,0
292,0
291,0
290,0
289,0
288,0
287,0
286,0
285,0
284,0
283,0
282,0
281,0
280,0
279,0
278,0
277,0
276,0
275,0
274,0
273,0
272,0
271,0
270,0
269,0
268,0
267,0
266,0
265,0
264,0
263,0
262,0
261,0
260,0
259,0
258,0
257,0
256,0
255,0
254,0
253,0
252,0
251,0
250,0
249,0
248,0
247,0
246,0
245,0
244,0
243,0
242,0
241,0
240,0
239,0
238,0
237,0
236,0
235,0
234,0
233,0
232,0
231,0
230,0
229,0
228,0
227,0
226,0
225,0
224,0
223,0
222,0
221,0
220,0
219,0
218,0
217,0
216,0
215,0
214,0
213,0
212,0
211,0
210,0
209,0
208,0
207,0
206,0
205,0
204,0
203,0
202,0
201,0
200,0
199,0
198,0
197,0
196,0
195,0
194,0
193,0
192,0
191,0
190,0
189,0
188,0
187,0
186,0
185,0
184,0
183,0
182,0
181,0
180,0
179,0
178,0
177,0
176,0
175,0
174,0
173,0
172,0
171,0
170,0
169,0
168,0
167,0
166,0
165,0
164,0
163,0
162,0
161,0
160,0
159,0
158,0
157,0
156,0
155,0
154,0
153,0
152,0
151,0
150,0
149,0
148,0
147,0
146,0
145,0
144,0
143,0
142,0
141,0
140,0
139,0
138,0
137,0
136,0
135,0
134,0
133,0
132,0
131,0
130,0
129,0
128,0
127,0
126,0
125,0
124,0
123,0
122,0
121,0
120,0
119,0
118,0
117,0
116,0
115,0
114,0
113,0
112,0
111,0
110,0
109,0
108,0
107,0
106,0
105,0
104,0
103,0
102,0
101,0
100,0
99,0
98,0
97,0
96,0
95,0
94,0
93,0
92,0
91,0
90,0
89,0
88,0
87,0
86,0
85,0
84,0
83,0
82,0
81,0
80,0
79,0
78,0
77,0
76,0
75,0
74,0
73,0
72,0
71,0
70,0
69,0
68,0
67,0
66,0
65,0
64,0
63,0
62,0
61,0
60,0
59,0
58,0
57,0
56,0
55,0
54,0
53,0
52,0
51,0
50,0
49,0
48,0
47,0
46,0
45,0
44,0
43,0
42,0
41,0
40,0
39,0
38,0
37,0
36,0
35,0
34,0
33,0
32,0
31,0
30,0
29,0
28,0
27,0
26,0
25,0
24,0
23,0
22,0
21,0
20,0
19,0
18,0
17,0
16,0
15,0
14,0
13,0
12,0
11,0
10,0
9,0
8,0
7,0
6,0
5,0
4,0
3,0
2,0
1,0
0,0
